# Blender 5.0.1
# www.blender.org
mtllib Auto.mtl
g Body_Mesh
v -0.474864 0.067611 -1.327914
v -0.503313 0.194531 -0.454081
v 0.000000 0.063477 -1.453998
v 0.000000 0.225692 -0.625031
v -0.164044 0.058842 -1.449296
v -0.322080 0.064457 -1.397971
v -0.365668 0.209975 -0.562601
v -0.219404 0.218855 -0.605010
v -0.492198 0.126284 -1.120117
v -0.499668 0.156712 -0.900762
v -0.501627 0.178855 -0.684996
v -0.483667 0.098895 -1.243459
v -0.255799 0.216921 -0.595019
v -0.499304 0.058639 -1.306393
v -0.526742 0.186472 -0.454081
v -0.519023 0.120907 -1.107780
v -0.526036 0.150162 -0.889881
v -0.527743 0.172131 -0.671981
v -0.509512 0.090538 -1.223148
v -0.586038 0.105428 -0.465108
v -0.609830 0.015706 -1.078044
v -0.621922 0.079527 -0.888191
v -0.612212 0.102069 -0.668341
v -0.583351 0.006015 -1.153558
v -0.586359 -0.015492 -0.470085
v -0.605911 -0.015492 -0.657431
v -0.574091 -0.088845 -0.466281
v -0.591518 -0.089300 -0.603852
v -0.550433 -0.208564 -0.446653
v -0.526377 0.197378 0.004988
v -0.582638 0.124278 0.004988
v -0.583425 -0.015492 0.004988
v -0.573484 -0.088829 0.004988
v -0.549907 -0.208480 0.004988
v -0.522395 0.207904 0.411593
v -0.578657 0.136347 0.433252
v -0.579444 -0.015492 0.433041
v -0.573484 -0.088829 0.429427
v -0.549907 -0.208480 0.352632
v -0.518615 0.217838 0.765444
v -0.592747 0.060794 0.623089
v -0.597770 -0.015492 0.696437
v -0.581814 -0.088829 0.636963
v -0.549907 -0.208480 0.580724
v -0.511426 0.226016 1.027232
v -0.609549 0.111957 1.045812
v -0.495505 0.228484 1.315692
v -0.579782 0.113974 1.306325
v -0.585618 -0.015841 1.289722
v -0.572199 -0.071166 1.282286
v -0.598380 -0.016575 1.190707
v -0.596018 0.113158 1.201010
v -0.590019 -0.078596 1.179751
v -0.501925 0.227489 1.199377
v -0.578624 0.158908 1.037453
v -0.564929 0.161436 1.200258
v -0.588815 0.151849 0.777853
v -0.553658 0.162391 1.312923
v -0.482703 0.223539 1.427386
v -0.556124 0.114190 1.440413
v -0.560475 -0.015492 1.417845
v -0.547599 -0.067635 1.410999
v -0.536259 0.161089 1.447001
v -0.573484 -0.088829 -0.415860
v -0.586072 -0.015492 -0.423613
v -0.585285 0.107326 -0.415860
v -0.529024 0.187539 -0.409175
v -0.549907 -0.208480 -0.397387
v -0.455426 0.306518 -0.288279
v -0.471052 0.306518 -0.277782
v -0.479097 0.306518 -0.248104
v -0.363461 0.453415 -0.063283
v -0.383112 0.447258 -0.051575
v -0.387681 0.444514 -0.003445
v -0.351043 0.465619 -0.017866
v -0.370829 0.462512 -0.006947
v -0.384444 0.448751 0.018601
v -0.350264 0.454472 -0.067141
v -0.342380 0.463913 -0.020953
v -0.135049 0.466612 -0.119921
v -0.135049 0.476054 -0.073732
v 0.000000 0.469390 -0.131444
v 0.000000 0.478831 -0.085255
v -0.249155 0.470292 -0.049455
v -0.254990 0.460851 -0.095643
v -0.337211 0.479497 0.118671
v -0.356997 0.475412 0.129498
v -0.377397 0.459414 0.153708
v -0.328548 0.474673 0.115369
v -0.121217 0.491501 0.063892
v 0.000000 0.495302 0.052664
v -0.241157 0.483584 0.087554
v -0.332393 0.483094 0.312043
v -0.352179 0.479010 0.322869
v -0.372765 0.462958 0.352914
v -0.323730 0.478271 0.308741
v -0.116399 0.495099 0.257263
v 0.000000 0.498899 0.246036
v -0.236340 0.487182 0.280926
v -0.325400 0.481700 0.466105
v -0.354000 0.477616 0.476932
v -0.377475 0.461617 0.501142
v -0.316737 0.476876 0.462803
v -0.114712 0.493704 0.411326
v 0.000000 0.497505 0.400099
v -0.234653 0.485787 0.434989
v -0.320644 0.457640 0.650038
v -0.356537 0.449247 0.650791
v -0.376675 0.441804 0.654046
v -0.313022 0.458562 0.651593
v -0.135049 0.473891 0.674586
v 0.000000 0.477692 0.678559
v -0.254990 0.465974 0.660924
v -0.377075 0.457949 0.577594
v -0.355735 0.470024 0.565902
v -0.124880 0.490036 0.542956
v 0.000000 0.493837 0.539329
v -0.323022 0.477570 0.558072
v -0.315401 0.473208 0.557198
v -0.244821 0.482119 0.547956
v -0.471243 0.238314 0.980563
v -0.513968 0.224872 0.934648
v -0.491465 0.232347 0.930373
v -0.464229 0.334063 0.649403
v -0.445111 0.338713 0.752795
v -0.421493 0.352536 0.794751
v -0.472017 0.244322 1.071429
v -0.471750 0.242693 1.200471
v -0.469765 0.237182 1.310235
v -0.466683 0.225440 1.434545
v -0.462256 0.104391 1.464798
v -0.389272 0.251635 1.094717
v -0.389272 0.250848 1.134447
v -0.389272 0.249219 1.221394
v -0.189937 0.257399 1.138845
v -0.189937 0.256613 1.178575
v -0.189937 0.254984 1.252517
v 0.000000 0.259151 1.146875
v 0.000000 0.258365 1.186605
v 0.000000 0.256736 1.260547
v -0.389272 0.245961 1.312492
v -0.189937 0.251726 1.343614
v 0.000000 0.253478 1.351644
v -0.387975 0.229215 1.448964
v -0.387975 0.166427 1.487203
v -0.285553 0.233249 1.461948
v -0.286385 0.105032 1.493054
v -0.187816 0.236307 1.469012
v -0.187816 0.170724 1.505186
v 0.000000 0.237218 1.469946
v 0.000000 0.170724 1.506120
v -0.187816 0.102246 1.520465
v 0.000000 0.102246 1.521399
v -0.187816 0.039641 1.521809
v 0.000000 0.039641 1.522743
v -0.285568 0.039641 1.512199
v -0.187816 0.023134 1.560491
v 0.000000 0.023134 1.564833
v -0.284136 0.023134 1.552993
v -0.187816 -0.020641 1.563728
v 0.000000 -0.020641 1.568070
v -0.280925 -0.020641 1.556612
v -0.187816 -0.061827 1.550215
v -0.280925 -0.061827 1.543099
v -0.187816 -0.116326 1.513502
v 0.000000 -0.116326 1.517844
v -0.280925 -0.116326 1.506722
v -0.187816 -0.139468 1.542713
v 0.000000 -0.139468 1.547055
v -0.280925 -0.139468 1.535932
v -0.187816 -0.170415 1.510589
v 0.000000 -0.170415 1.514931
v -0.280925 -0.170415 1.503809
v -0.459689 0.039641 1.491489
v -0.459689 0.023134 1.532112
v -0.459689 -0.020641 1.535349
v -0.459689 -0.061827 1.521836
v -0.459689 -0.116326 1.485459
v -0.459689 -0.139468 1.514669
v -0.459689 -0.170415 1.482546
v -0.535060 0.039641 1.455777
v -0.530647 0.023134 1.488608
v -0.536242 -0.020641 1.489139
v -0.529225 -0.061827 1.475626
v -0.505532 -0.118795 1.447864
v -0.524484 -0.136476 1.468459
v -0.504181 -0.173057 1.439189
v -0.560130 0.037998 1.429434
v -0.531330 -0.123829 1.402116
v -0.546164 -0.139958 1.396335
v -0.525861 -0.179682 1.384893
v -0.551854 -0.151290 1.205425
v -0.535539 -0.201244 1.216071
v -0.382714 0.039641 1.500644
v -0.535732 0.112326 1.457146
v -0.554951 -0.007709 -1.226347
v -0.586299 -0.028174 -1.215712
v -0.618184 0.048833 -1.008322
v -0.613887 -0.018755 -1.084429
v -0.598766 -0.023860 -1.149100
v -0.523677 -0.013114 -1.330585
v -0.549708 -0.036663 -1.336211
v -0.548797 -0.008979 -1.285999
v -0.567613 -0.032418 -1.286750
v -0.500797 -0.013195 -1.350179
v -0.526198 -0.036663 -1.372265
v -0.476596 -0.013141 -1.363261
v -0.478570 -0.036663 -1.403369
v -0.327654 -0.012995 -1.433266
v -0.344817 -0.036663 -1.463450
v -0.213503 -0.013023 -1.467230
v -0.221980 -0.036663 -1.502740
v -0.162019 -0.012845 -1.472248
v -0.162070 -0.036663 -1.509942
v 0.000000 -0.017569 -1.475455
v 0.000000 -0.036663 -1.515545
v -0.539033 -0.105223 -1.349264
v -0.518496 -0.105223 -1.383376
v -0.478570 -0.105223 -1.416422
v -0.344817 -0.105223 -1.476503
v -0.223991 -0.105223 -1.515150
v -0.162070 -0.105223 -1.522995
v 0.000000 -0.105223 -1.528598
v -0.586682 -0.107998 -1.224841
v -0.606923 -0.110051 -1.131726
v -0.600234 -0.109976 -1.161074
v -0.567613 -0.106048 -1.297775
v -0.530934 -0.125564 -1.320083
v -0.510397 -0.125564 -1.354196
v -0.478570 -0.125564 -1.387242
v -0.344817 -0.125564 -1.447323
v -0.223991 -0.125564 -1.485969
v -0.162070 -0.125564 -1.493814
v 0.000000 -0.125564 -1.499417
v -0.576151 -0.124769 -1.224841
v -0.604236 -0.125112 -1.133197
v -0.597370 -0.124792 -1.161074
v -0.553570 -0.124750 -1.283569
v -0.514536 -0.234519 -1.293748
v -0.486109 -0.234519 -1.327274
v -0.454282 -0.234519 -1.356306
v -0.320529 -0.234519 -1.407284
v -0.213270 -0.234519 -1.445930
v -0.151349 -0.234519 -1.453775
v 0.000000 -0.234519 -1.459378
v -0.586013 -0.234519 -1.137483
v -0.563549 -0.234519 -1.214295
v -0.581495 -0.234519 -1.161074
v -0.536795 -0.234519 -1.260170
v -0.524048 -0.277290 -1.304927
v -0.486109 -0.277290 -1.355123
v -0.454282 -0.277290 -1.384155
v -0.320529 -0.277290 -1.435133
v -0.213270 -0.277290 -1.473779
v -0.151349 -0.277290 -1.481624
v 0.000000 -0.277290 -1.487227
v -0.520258 -0.294140 -1.299791
v -0.486109 -0.294140 -1.343846
v -0.454282 -0.294140 -1.372878
v -0.320529 -0.294140 -1.423856
v -0.213270 -0.294140 -1.462502
v -0.151349 -0.294140 -1.470347
v 0.000000 -0.294140 -1.475950
v -0.588451 -0.277290 -1.139883
v -0.586106 -0.294140 -1.139365
v -0.585979 -0.277290 -1.161074
v -0.573055 -0.277290 -1.210221
v -0.549587 -0.277290 -1.260170
v -0.544420 -0.294140 -1.260170
v -0.568947 -0.294140 -1.210221
v -0.582742 -0.294140 -1.161074
v -0.257627 0.062251 -1.419119
v -0.619443 0.051548 -0.748120
v -0.522025 0.208877 0.446244
v -0.463380 0.331923 0.373940
v -0.463035 0.332829 0.404416
v -0.373198 0.462562 0.324207
v -0.615306 0.042249 1.047114
v -0.607493 -0.016131 1.132357
v -0.614134 0.049174 0.805315
v -0.614281 0.070098 0.910707
v -0.619668 0.058077 -0.887961
v -0.614276 -0.026441 -0.683593
v -0.610374 -0.092599 -0.642208
v -0.564521 -0.206939 -0.581365
v -0.616291 0.028586 -0.994701
v -0.612582 -0.031872 -1.065326
v -0.606029 -0.110351 -1.105407
v -0.603866 -0.124934 -1.111612
v -0.587070 -0.234519 -1.114930
v -0.589303 -0.277290 -1.116008
v -0.587155 -0.294140 -1.116298
v -0.618124 0.034689 -0.762446
v -0.573728 -0.248481 0.385934
v -0.567560 -0.248481 0.004988
v -0.566686 -0.241387 0.004988
v -0.572854 -0.241387 0.385934
v -0.599308 -0.219555 0.625578
v -0.572854 -0.241387 -0.397387
v -0.598287 -0.218432 -0.586472
v -0.594074 -0.273073 0.640230
v -0.573728 -0.248481 -0.397387
v -0.593053 -0.271951 -0.574646
v -0.558282 -0.272045 0.385934
v -0.545838 -0.272045 0.004988
v -0.558282 -0.272045 -0.397387
v -0.615052 -0.025043 0.717652
v -0.612578 -0.090176 0.672271
v -0.600325 -0.208047 0.643352
v -0.589926 -0.082455 1.142273
v -0.554138 -0.148946 1.166767
v -0.538839 -0.206261 1.180590
v -0.613638 0.028420 1.039260
v -0.606311 -0.025836 1.107045
v -0.614134 0.033512 0.811168
v -0.614281 0.055023 0.910789
v -0.604907 -0.206939 -0.619673
v -0.598995 -0.261167 -0.611278
v -0.614668 0.058077 -0.887961
v -0.609276 -0.026441 -0.683593
v -0.605374 -0.092599 -0.642208
v -0.611291 0.028586 -0.994701
v -0.607582 -0.031872 -1.065326
v -0.601029 -0.110351 -1.105407
v -0.598866 -0.124934 -1.111612
v -0.582070 -0.234852 -1.114930
v -0.584303 -0.275974 -1.116008
v -0.582155 -0.294690 -1.116298
v -0.615483 0.034689 -0.762446
v -0.599907 -0.206939 -0.619673
v -0.593995 -0.261167 -0.611278
v -0.566419 0.079617 -0.885257
v -0.560369 -0.015220 -0.655936
v -0.555991 -0.089455 -0.609499
v -0.562630 0.046526 -1.005029
v -0.558251 -0.021314 -1.084277
v -0.551114 -0.109375 -1.129252
v -0.548687 -0.125738 -1.136214
v -0.530708 -0.249077 -1.139937
v -0.530708 -0.280716 -1.141147
v -0.530708 -0.293740 -1.141472
v -0.567334 0.053373 -0.744417
v -0.549856 -0.217756 -0.584212
v -0.543222 -0.270628 -0.574792
v -0.589074 -0.273073 0.640230
v -0.610052 -0.025043 0.717652
v -0.607578 -0.090176 0.672271
v -0.595325 -0.208047 0.643352
v -0.584926 -0.082455 1.142273
v -0.549138 -0.148946 1.166767
v -0.533839 -0.206261 1.180590
v -0.608638 0.028420 1.039260
v -0.601311 -0.025836 1.107045
v -0.608946 0.033512 0.811168
v -0.608453 0.055023 0.910789
v -0.538733 -0.272179 0.582038
v -0.564205 -0.012048 0.676042
v -0.561201 -0.091131 0.620941
v -0.546324 -0.234246 0.585829
v -0.533697 -0.081757 1.191601
v -0.490245 -0.162488 1.221340
v -0.471669 -0.197195 1.238124
v -0.562488 0.052863 1.066526
v -0.553592 -0.013012 1.148829
v -0.562862 0.059046 0.789585
v -0.562263 0.085164 0.910542
v -0.355896 0.079617 -0.885257
v -0.355896 -0.015220 -0.655936
v -0.355896 -0.089455 -0.609499
v -0.355896 0.046526 -1.005029
v -0.355896 -0.021314 -1.084277
v -0.355896 -0.109375 -1.129252
v -0.355896 -0.125738 -1.136214
v -0.355896 -0.249077 -1.139937
v -0.355896 -0.280716 -1.141147
v -0.355896 -0.293740 -1.141472
v -0.355896 0.053373 -0.744417
v -0.355896 -0.217756 -0.584212
v -0.355896 -0.270628 -0.574792
v -0.355896 -0.272179 0.582038
v -0.355896 -0.012048 0.676042
v -0.355896 -0.091131 0.620941
v -0.355896 -0.234246 0.585829
v -0.355896 -0.081757 1.191601
v -0.355896 -0.162488 1.221340
v -0.355896 -0.197195 1.238124
v -0.355896 0.052863 1.066526
v -0.355896 -0.013012 1.148829
v -0.355896 0.059046 0.789585
v -0.355896 0.085164 0.910542
v 0.000000 -0.293740 -1.141472
v 0.000000 -0.270628 -0.574792
v 0.000000 -0.272179 0.582038
v 0.000000 -0.197195 1.238124
v -0.509023 0.223588 0.748258
v -0.373383 0.454097 0.362446
v -0.377763 0.452849 0.502457
v -0.458444 0.334224 0.640340
v -0.512195 0.215254 0.449244
v -0.457334 0.333077 0.410343
v -0.515976 0.203008 0.009510
v -0.512273 0.212797 0.399440
v -0.518438 0.193858 -0.378086
v -0.472006 0.308757 -0.228290
v -0.386988 0.437093 0.001668
v -0.383978 0.441033 0.022170
v -0.377425 0.450950 0.147820
v -0.457389 0.332383 0.364422
v -0.373520 0.453878 0.318171
v -0.461958 0.323546 0.063312
v 0.000000 0.223424 -0.625031
v -0.365668 0.203538 -0.562601
v -0.219404 0.212862 -0.605010
v -0.255799 0.211921 -0.595019
v -0.501023 0.190371 -0.451182
v -0.443696 0.308659 -0.282001
v -0.358169 0.442880 -0.068354
v -0.345896 0.444854 -0.071942
v -0.136179 0.456314 -0.121731
v 0.000000 0.458728 -0.131744
v -0.257290 0.450786 -0.098449
v 0.000000 0.188497 -0.634654
v -0.365668 0.188497 -0.572224
v -0.219404 0.188497 -0.614633
v -0.255799 0.188497 -0.604641
v 0.000000 0.188497 -0.578019
v -0.361126 0.188497 -0.533757
v -0.215419 0.188497 -0.566063
v 0.000000 0.311990 -0.383035
v -0.319326 0.311990 -0.341571
v -0.186238 0.311990 -0.371079
v -0.316146 0.446412 0.652840
v -0.351946 0.439213 0.653624
v -0.368256 0.433185 0.663091
v -0.309132 0.448165 0.654286
v -0.134368 0.463252 0.675906
v 0.000000 0.466561 0.679364
v -0.255088 0.455663 0.662964
v -0.454982 0.236624 0.982209
v -0.409936 0.350166 0.793947
v -0.380011 0.247013 1.082740
v -0.194625 0.252290 1.123778
v 0.000000 0.254041 1.131248
v -0.319874 0.367160 0.849545
v -0.162535 0.372436 0.889898
v 0.000000 0.374188 0.896447
v -0.246593 0.217324 -0.597546
v -0.246593 0.212159 -0.597546
v -0.246593 0.188497 -0.607169
v -0.321232 0.069026 -1.396124
v -0.474003 0.072026 -1.325680
v -0.245602 0.061493 -1.422161
v -0.498848 0.062670 -1.303429
v -0.562892 -0.009079 -1.216733
v -0.551248 -0.013324 -1.286519
v -0.525598 -0.017569 -1.331927
v -0.502173 -0.017569 -1.352193
v -0.477018 -0.017569 -1.365682
v -0.328366 -0.017569 -1.435162
v -0.202066 -0.012760 -1.470607
v -0.163647 0.063582 -1.447708
v 0.000000 0.058702 -1.455280
v -0.205045 -0.017569 -1.471923
v -0.162070 -0.017569 -1.473905
v -0.254451 0.066719 -1.417984
v 0.000000 -0.012791 -1.473933
v -0.162019 -0.012845 -1.436565
v -0.164044 0.058842 -1.413613
v 0.000000 0.058702 -1.419597
v 0.000000 -0.012791 -1.438250
v -0.202066 -0.012760 -1.434924
v -0.245602 0.061493 -1.386478
v -0.469190 0.048662 1.485188
v -0.408752 0.103358 1.493045
v -0.348646 0.101859 1.500496
v -0.386638 0.130257 1.493091
v -0.371544 0.102528 1.498513
v -0.400669 0.103291 1.494603
v -0.395366 0.125316 1.492270
v -0.371853 0.085738 1.500076
v -0.371152 0.125322 1.496070
v -0.396066 0.085943 1.496267
v -0.250403 0.152493 1.507196
v -0.231029 0.102246 1.513518
v -0.293652 0.166338 1.500762
v -0.244234 0.068434 1.516027
v -0.460428 0.163427 1.472373
v -0.501349 0.148520 1.464163
v -0.520865 0.108731 1.464516
v -0.428268 0.063569 1.493398
v -0.422073 0.144720 1.484336
v -0.507544 0.067369 1.473225
v -0.334346 0.145365 1.497987
v -0.328176 0.061305 1.506819
v -0.284927 0.047460 1.513252
v -0.400190 0.130257 1.490605
v -0.395755 0.103291 1.495526
v -0.366572 0.102493 1.499045
v -0.366957 0.080698 1.500915
v -0.384610 0.080849 1.498605
v -0.366082 0.130257 1.495952
v -0.401065 0.080990 1.495534
v -0.461083 0.243537 1.203177
v -0.460726 0.238168 1.310488
v -0.461212 0.245174 1.079658
v -0.453931 0.163696 1.473703
v -0.458511 0.225832 1.436042
v -0.460492 0.240061 0.995535
v -0.450043 0.160178 1.475231
v -0.552683 0.114006 1.443474
v -0.481670 0.159145 1.467707
v -0.534916 0.156770 1.448681
v -0.301569 0.162258 1.500223
v -0.387788 0.161366 1.488027
v -0.187816 0.107670 1.519288
v -0.227350 0.107670 1.512683
v 0.000000 0.107670 1.519945
v -0.383098 0.048002 1.500230
v -0.458405 0.052591 1.487352
v -0.310480 0.052274 1.509803
v -0.383308 0.052567 1.500005
v -0.535312 0.050086 1.456590
v -0.556355 0.049136 1.434988
v -0.535452 0.055872 1.457040
v -0.556344 0.055029 1.435858
v -0.479811 0.053842 1.481876
v -0.560059 0.049111 1.431208
v -0.560020 0.055156 1.432173
v -0.565866 -0.201079 -0.581683
v -0.552278 -0.202168 0.584327
v -0.551329 -0.201262 -0.398502
v -0.551582 -0.201217 -0.447620
v -0.551186 -0.201987 0.355715
v -0.551256 -0.201634 0.004988
v -0.554673 0.150769 -0.443514
v -0.585957 0.105633 -0.459798
v -0.551549 -0.201223 -0.441369
v -0.528973 0.187730 -0.401131
v -0.574012 -0.088843 -0.459768
v -0.550362 -0.208553 -0.439983
v -0.534027 0.180407 -0.409770
v -0.586328 -0.015492 -0.464975
v -0.556347 0.148238 -0.438592
v -0.551188 -0.201978 0.346624
v -0.522464 0.207722 0.404588
v -0.573484 -0.088829 0.421572
v -0.549907 -0.208480 0.342969
v -0.579512 -0.015492 0.425717
v -0.578719 0.136157 0.426512
v -0.187816 -0.018622 1.534575
v 0.000000 -0.018082 1.538884
v -0.187816 -0.061169 1.529436
v 0.000000 -0.060629 1.533744
v -0.505994 -0.145309 -1.349315
v -0.456627 -0.223970 -1.359293
v -0.322969 -0.223548 -1.411305
v -0.480836 -0.205530 -1.345131
v -0.464128 -0.125564 -1.356548
v -0.442185 -0.223970 -1.328600
v -0.491552 -0.145309 -1.318622
v -0.466394 -0.205530 -1.314438
v -0.223066 -0.134962 -1.482514
v -0.214316 -0.223865 -1.449835
v -0.152392 -0.223888 -1.457672
v -0.161158 -0.134827 -1.490409
v 0.000000 -0.134474 -1.496142
v 0.000000 -0.223946 -1.463253
v -0.248019 -0.135017 -1.474134
v -0.215349 -0.138615 -1.458512
v -0.196830 -0.218980 -1.428971
v -0.151462 -0.219001 -1.436055
v -0.159386 -0.138493 -1.465649
v 0.000000 -0.138174 -1.470830
v 0.000000 -0.219053 -1.441100
v -0.227296 -0.138664 -1.450937
v -0.478663 0.070271 -1.321507
v -0.497272 0.125267 -1.117784
v -0.507544 0.193076 -0.454081
v -0.505183 0.155342 -0.898486
v -0.488544 0.097318 -1.239626
v -0.507063 0.177455 -0.682287
v -0.514030 0.129914 1.463482
v -0.516880 0.085781 1.468506
v -0.490937 0.055604 1.478855
v -0.446691 0.053419 1.490105
v -0.415654 0.082074 1.494076
v -0.412372 0.125154 1.489296
v -0.439274 0.156782 1.478521
v -0.315010 0.159585 1.498907
v -0.344756 0.125812 1.498694
v -0.341116 0.078557 1.503687
v -0.261739 0.055287 1.515218
v -0.233672 0.085190 1.515178
v -0.235729 0.132141 1.510069
v -0.269096 0.162441 1.504000
v -0.241465 0.132495 1.510334
v -0.235412 0.112419 1.512983
v -0.273245 0.158382 1.504113
v -0.254750 0.148635 1.507220
v -0.237512 0.091463 1.514762
v -0.247445 0.072819 1.515402
v -0.481558 0.154125 1.468603
v -0.498519 0.143350 1.465802
v -0.510353 0.126888 1.465013
v -0.515258 0.107246 1.466356
v -0.448119 0.057876 1.489430
v -0.431158 0.068652 1.492231
v -0.419324 0.085114 1.493020
v -0.414419 0.104755 1.491677
v -0.417191 0.124587 1.488407
v -0.427216 0.141588 1.483707
v -0.442969 0.153172 1.478293
v -0.462051 0.157574 1.472990
v -0.512487 0.087415 1.469626
v -0.502461 0.070413 1.474326
v -0.486708 0.058830 1.479740
v -0.467626 0.054427 1.485044
v -0.314235 0.153961 1.499743
v -0.330490 0.140466 1.499145
v -0.340423 0.121821 1.499784
v -0.342523 0.100866 1.501563
v -0.336470 0.080790 1.504212
v -0.323185 0.064650 1.507327
v -0.263700 0.059324 1.514803
v -0.304690 0.054903 1.510433
v -0.294133 0.160252 1.501488
v -0.283802 0.053032 1.513059
v -0.394150 -0.223800 -1.361924
v -0.415884 -0.125564 -1.393254
v -0.535962 0.193173 -0.288944
v -0.552701 0.279650 -0.288944
v -0.540352 0.198173 -0.247058
v -0.555660 0.274650 -0.241540
v -0.642325 0.193173 -0.232711
v -0.642325 0.279650 -0.232711
v -0.637432 0.198173 -0.214294
v -0.637505 0.274650 -0.214287
v -0.566204 0.201345 -0.298146
v -0.582943 0.271466 -0.298146
v -0.634328 0.271471 -0.248580
v -0.634328 0.201351 -0.248580
v -0.531503 0.237885 -0.288944
v -0.536509 0.236873 -0.248071
v -0.647862 0.237839 -0.210859
v -0.654361 0.237885 -0.232711
v -0.566562 0.237607 -0.311728
v -0.644593 0.237885 -0.248580
v -0.517786 0.195744 -0.213589
v -0.512434 0.188677 -0.303771
v -0.492065 0.261017 -0.225440
v -0.513179 0.193571 -0.399465
v -0.496011 0.250367 -0.303771
v -0.505640 0.229834 -0.335492
v -0.524198 0.190925 -0.296358
v -0.524313 0.190925 -0.255920
v -0.519880 0.235638 -0.257111
v -0.519739 0.235638 -0.296358
v -0.533962 0.197458 -0.312792
v -0.534321 0.233721 -0.315705
v -0.475024 0.305724 -0.230390
v -0.531644 0.237885 -0.249698
v -0.536077 0.193173 -0.248506
v -0.641043 0.193173 -0.213095
v -0.552817 0.279650 -0.242478
v -0.641043 0.279650 -0.213095
v -0.652794 0.237885 -0.209209
v -0.538096 0.236885 -0.252813
v -0.649449 0.237850 -0.215601
v -0.541939 0.198185 -0.251799
v -0.639019 0.198185 -0.219035
v -0.557247 0.274662 -0.246282
v -0.639092 0.274662 -0.219029
v -0.578078 0.119318 0.246094
v -0.571465 0.141646 0.245653
v -0.577619 0.121794 0.378319
v -0.571006 0.144122 0.377878
v -0.586876 0.122140 0.253779
v -0.580265 0.144467 0.253316
v -0.585348 0.123904 0.371937
v -0.578736 0.146232 0.371478
v -0.588910 0.119394 0.350067
v -0.589173 0.117979 0.274494
v -0.578465 0.149807 0.273860
v -0.578203 0.151223 0.349434
v -0.598248 0.120349 0.274481
v -0.597986 0.121765 0.350054
v -0.587278 0.153593 0.349421
v -0.587541 0.152178 0.273847
v -0.574772 0.130482 0.245873
v -0.574313 0.132958 0.378098
v -0.584060 0.135666 0.371711
v -0.586007 0.134025 0.253551
v -0.595071 0.138316 0.349734
v -0.595334 0.136901 0.274161
v -0.583819 0.133893 0.274177
v -0.583556 0.135309 0.349750
v -0.589119 0.116108 0.312329
v -0.578267 0.152751 0.311605
v -0.598185 0.118793 0.312310
v -0.587333 0.155435 0.311586
v -0.583693 0.134430 0.311967
v -0.595196 0.137836 0.311943
v -0.470741 0.128812 1.459513
v -0.479348 0.123344 1.458092
v -0.485354 0.114990 1.457692
v -0.487843 0.105023 1.458373
v -0.453772 0.079969 1.470082
v -0.445164 0.085437 1.471504
v -0.439159 0.093791 1.471904
v -0.436670 0.103759 1.471223
v -0.438076 0.113822 1.469563
v -0.443164 0.122450 1.467178
v -0.451158 0.128329 1.464431
v -0.460842 0.130563 1.461739
v -0.486436 0.094959 1.460032
v -0.481349 0.086331 1.462418
v -0.473355 0.080453 1.465165
v -0.463671 0.078219 1.467856
v -0.261342 0.118661 1.494668
v -0.258151 0.108078 1.496064
v -0.278096 0.132309 1.491388
v -0.268346 0.127170 1.493026
v -0.259258 0.097030 1.497002
v -0.264495 0.087201 1.497339
v -0.299706 0.129978 1.489084
v -0.308275 0.122864 1.488769
v -0.313512 0.113035 1.489106
v -0.314619 0.101987 1.490044
v -0.311428 0.091403 1.491441
v -0.304424 0.082894 1.493083
v -0.273065 0.080086 1.497024
v -0.294674 0.077756 1.494720
v -0.289108 0.133295 1.490004
v -0.283662 0.076770 1.496104
v -0.603569 0.107698 0.789645
v -0.582548 0.156190 0.937504
v -0.607869 0.109977 0.926709
v -0.602206 0.048292 1.195859
v -0.587706 0.049066 1.298023
v 0.474864 0.067611 -1.327914
v 0.503313 0.194531 -0.454081
v 0.164044 0.058842 -1.449296
v 0.322080 0.064457 -1.397971
v 0.365668 0.209975 -0.562601
v 0.219404 0.218855 -0.605010
v 0.492198 0.126284 -1.120117
v 0.499668 0.156712 -0.900762
v 0.501627 0.178855 -0.684996
v 0.483667 0.098895 -1.243459
v 0.255799 0.216921 -0.595019
v 0.499304 0.058639 -1.306393
v 0.526742 0.186472 -0.454081
v 0.519023 0.120907 -1.107780
v 0.526036 0.150162 -0.889881
v 0.527743 0.172131 -0.671981
v 0.509512 0.090538 -1.223148
v 0.586038 0.105428 -0.465108
v 0.609830 0.015706 -1.078044
v 0.621922 0.079527 -0.888191
v 0.612212 0.102069 -0.668341
v 0.583351 0.006015 -1.153558
v 0.586359 -0.015492 -0.470085
v 0.605911 -0.015492 -0.657431
v 0.574091 -0.088845 -0.466281
v 0.591518 -0.089300 -0.603852
v 0.550433 -0.208564 -0.446653
v 0.526377 0.197378 0.004988
v 0.582638 0.124278 0.004988
v 0.583425 -0.015492 0.004988
v 0.573484 -0.088829 0.004988
v 0.549907 -0.208480 0.004988
v 0.522395 0.207904 0.411593
v 0.578657 0.136347 0.433252
v 0.579444 -0.015492 0.433041
v 0.573484 -0.088829 0.429427
v 0.549907 -0.208480 0.352632
v 0.518615 0.217838 0.765444
v 0.592747 0.060794 0.623089
v 0.597770 -0.015492 0.696437
v 0.581814 -0.088829 0.636963
v 0.549907 -0.208480 0.580724
v 0.511426 0.226016 1.027232
v 0.609549 0.111957 1.045812
v 0.495505 0.228484 1.315692
v 0.579782 0.113974 1.306325
v 0.585618 -0.015841 1.289722
v 0.572199 -0.071166 1.282286
v 0.598380 -0.016575 1.190707
v 0.596018 0.113158 1.201010
v 0.590019 -0.078596 1.179751
v 0.501925 0.227489 1.199377
v 0.578624 0.158908 1.037453
v 0.564929 0.161436 1.200258
v 0.588815 0.151849 0.777853
v 0.553658 0.162391 1.312923
v 0.482703 0.223539 1.427386
v 0.556124 0.114190 1.440413
v 0.560475 -0.015492 1.417845
v 0.547599 -0.067635 1.410999
v 0.536259 0.161089 1.447001
v 0.573484 -0.088829 -0.415860
v 0.586072 -0.015492 -0.423613
v 0.585285 0.107326 -0.415860
v 0.529024 0.187539 -0.409175
v 0.549907 -0.208480 -0.397387
v 0.455426 0.306518 -0.288279
v 0.471052 0.306518 -0.277782
v 0.479097 0.306518 -0.248104
v 0.363461 0.453415 -0.063283
v 0.383112 0.447258 -0.051575
v 0.387681 0.444514 -0.003445
v 0.351043 0.465619 -0.017866
v 0.370829 0.462512 -0.006947
v 0.384444 0.448751 0.018601
v 0.350264 0.454472 -0.067141
v 0.342380 0.463913 -0.020953
v 0.135049 0.466612 -0.119921
v 0.135049 0.476054 -0.073732
v 0.249155 0.470292 -0.049455
v 0.254990 0.460851 -0.095643
v 0.337211 0.479497 0.118671
v 0.356997 0.475412 0.129498
v 0.377397 0.459414 0.153708
v 0.328548 0.474673 0.115369
v 0.121217 0.491501 0.063892
v 0.241157 0.483584 0.087554
v 0.332393 0.483094 0.312043
v 0.352179 0.479010 0.322869
v 0.372765 0.462958 0.352914
v 0.323730 0.478271 0.308741
v 0.116399 0.495099 0.257263
v 0.236340 0.487182 0.280926
v 0.325400 0.481700 0.466105
v 0.354000 0.477616 0.476932
v 0.377475 0.461617 0.501142
v 0.316737 0.476876 0.462803
v 0.114712 0.493704 0.411326
v 0.234653 0.485787 0.434989
v 0.320644 0.457640 0.650038
v 0.356537 0.449247 0.650791
v 0.376675 0.441804 0.654046
v 0.313022 0.458562 0.651593
v 0.135049 0.473891 0.674586
v 0.254990 0.465974 0.660924
v 0.377075 0.457949 0.577594
v 0.355735 0.470024 0.565902
v 0.124880 0.490036 0.542956
v 0.323022 0.477570 0.558072
v 0.315401 0.473208 0.557198
v 0.244821 0.482119 0.547956
v 0.471243 0.238314 0.980563
v 0.513968 0.224872 0.934648
v 0.491465 0.232347 0.930373
v 0.464229 0.334063 0.649403
v 0.445111 0.338713 0.752795
v 0.421493 0.352536 0.794751
v 0.472017 0.244322 1.071429
v 0.471750 0.242693 1.200471
v 0.469765 0.237182 1.310235
v 0.466683 0.225440 1.434545
v 0.462256 0.104391 1.464798
v 0.389272 0.251635 1.094717
v 0.389272 0.250848 1.134447
v 0.389272 0.249219 1.221394
v 0.189937 0.257399 1.138845
v 0.189937 0.256613 1.178575
v 0.189937 0.254984 1.252517
v 0.389272 0.245961 1.312492
v 0.189937 0.251726 1.343614
v 0.387975 0.229215 1.448964
v 0.387975 0.166427 1.487203
v 0.285553 0.233249 1.461948
v 0.286385 0.105032 1.493054
v 0.187816 0.236307 1.469012
v 0.187816 0.170724 1.505186
v 0.187816 0.102246 1.520465
v 0.187816 0.039641 1.521809
v 0.285568 0.039641 1.512199
v 0.187816 0.023134 1.560491
v 0.284136 0.023134 1.552993
v 0.187816 -0.020641 1.563728
v 0.280925 -0.020641 1.556612
v 0.187816 -0.061827 1.550215
v 0.280925 -0.061827 1.543099
v 0.187816 -0.116326 1.513502
v 0.280925 -0.116326 1.506722
v 0.187816 -0.139468 1.542713
v 0.280925 -0.139468 1.535932
v 0.187816 -0.170415 1.510589
v 0.280925 -0.170415 1.503809
v 0.459689 0.039641 1.491489
v 0.459689 0.023134 1.532112
v 0.459689 -0.020641 1.535349
v 0.459689 -0.061827 1.521836
v 0.459689 -0.116326 1.485459
v 0.459689 -0.139468 1.514669
v 0.459689 -0.170415 1.482546
v 0.535060 0.039641 1.455777
v 0.530647 0.023134 1.488608
v 0.536242 -0.020641 1.489139
v 0.529225 -0.061827 1.475626
v 0.505532 -0.118795 1.447864
v 0.524484 -0.136476 1.468459
v 0.504181 -0.173057 1.439189
v 0.560130 0.037998 1.429434
v 0.531330 -0.123829 1.402116
v 0.546164 -0.139958 1.396335
v 0.525861 -0.179682 1.384893
v 0.551854 -0.151290 1.205425
v 0.535539 -0.201244 1.216071
v 0.382714 0.039641 1.500644
v 0.535732 0.112326 1.457146
v 0.554951 -0.007709 -1.226347
v 0.586299 -0.028174 -1.215712
v 0.618184 0.048833 -1.008322
v 0.613887 -0.018755 -1.084429
v 0.598766 -0.023860 -1.149100
v 0.523677 -0.013114 -1.330585
v 0.549708 -0.036663 -1.336211
v 0.548797 -0.008979 -1.285999
v 0.567613 -0.032418 -1.286750
v 0.500797 -0.013195 -1.350179
v 0.526198 -0.036663 -1.372265
v 0.476596 -0.013141 -1.363261
v 0.478570 -0.036663 -1.403369
v 0.327654 -0.012995 -1.433266
v 0.344817 -0.036663 -1.463450
v 0.213503 -0.013023 -1.467230
v 0.221980 -0.036663 -1.502740
v 0.162019 -0.012845 -1.472248
v 0.162070 -0.036663 -1.509942
v 0.539033 -0.105223 -1.349264
v 0.518496 -0.105223 -1.383376
v 0.478570 -0.105223 -1.416422
v 0.344817 -0.105223 -1.476503
v 0.223991 -0.105223 -1.515150
v 0.162070 -0.105223 -1.522995
v 0.586682 -0.107998 -1.224841
v 0.606923 -0.110051 -1.131726
v 0.600234 -0.109976 -1.161074
v 0.567613 -0.106048 -1.297775
v 0.530934 -0.125564 -1.320083
v 0.510397 -0.125564 -1.354196
v 0.478570 -0.125564 -1.387242
v 0.344817 -0.125564 -1.447323
v 0.223991 -0.125564 -1.485969
v 0.162070 -0.125564 -1.493814
v 0.576151 -0.124769 -1.224841
v 0.604236 -0.125112 -1.133197
v 0.597370 -0.124792 -1.161074
v 0.553570 -0.124750 -1.283569
v 0.514536 -0.234519 -1.293748
v 0.486109 -0.234519 -1.327274
v 0.454282 -0.234519 -1.356306
v 0.320529 -0.234519 -1.407284
v 0.213270 -0.234519 -1.445930
v 0.151349 -0.234519 -1.453775
v 0.586013 -0.234519 -1.137483
v 0.563549 -0.234519 -1.214295
v 0.581495 -0.234519 -1.161074
v 0.536795 -0.234519 -1.260170
v 0.524048 -0.277290 -1.304927
v 0.486109 -0.277290 -1.355123
v 0.454282 -0.277290 -1.384155
v 0.320529 -0.277290 -1.435133
v 0.213270 -0.277290 -1.473779
v 0.151349 -0.277290 -1.481624
v 0.520258 -0.294140 -1.299791
v 0.486109 -0.294140 -1.343846
v 0.454282 -0.294140 -1.372878
v 0.320529 -0.294140 -1.423856
v 0.213270 -0.294140 -1.462502
v 0.151349 -0.294140 -1.470347
v 0.588451 -0.277290 -1.139883
v 0.586106 -0.294140 -1.139365
v 0.585979 -0.277290 -1.161074
v 0.573055 -0.277290 -1.210221
v 0.549587 -0.277290 -1.260170
v 0.544420 -0.294140 -1.260170
v 0.568947 -0.294140 -1.210221
v 0.582742 -0.294140 -1.161074
v 0.257627 0.062251 -1.419119
v 0.619443 0.051548 -0.748120
v 0.522025 0.208877 0.446244
v 0.463380 0.331923 0.373940
v 0.463035 0.332829 0.404416
v 0.373198 0.462562 0.324207
v 0.615306 0.042249 1.047114
v 0.607493 -0.016131 1.132357
v 0.614134 0.049174 0.805315
v 0.614281 0.070098 0.910707
v 0.619668 0.058077 -0.887961
v 0.614276 -0.026441 -0.683593
v 0.610374 -0.092599 -0.642208
v 0.564521 -0.206939 -0.581365
v 0.616291 0.028586 -0.994701
v 0.612582 -0.031872 -1.065326
v 0.606029 -0.110351 -1.105407
v 0.603866 -0.124934 -1.111612
v 0.587070 -0.234519 -1.114930
v 0.589303 -0.277290 -1.116008
v 0.587155 -0.294140 -1.116298
v 0.618124 0.034689 -0.762446
v 0.573728 -0.248481 0.385934
v 0.567560 -0.248481 0.004988
v 0.566686 -0.241387 0.004988
v 0.572854 -0.241387 0.385934
v 0.599308 -0.219555 0.625578
v 0.572854 -0.241387 -0.397387
v 0.598287 -0.218432 -0.586472
v 0.594074 -0.273073 0.640230
v 0.573728 -0.248481 -0.397387
v 0.593053 -0.271951 -0.574646
v 0.558282 -0.272045 0.385934
v 0.545838 -0.272045 0.004988
v 0.558282 -0.272045 -0.397387
v 0.615052 -0.025043 0.717652
v 0.612578 -0.090176 0.672271
v 0.600325 -0.208047 0.643352
v 0.589926 -0.082455 1.142273
v 0.554138 -0.148946 1.166767
v 0.538839 -0.206261 1.180590
v 0.613638 0.028420 1.039260
v 0.606311 -0.025836 1.107045
v 0.614134 0.033512 0.811168
v 0.614281 0.055023 0.910789
v 0.604907 -0.206939 -0.619673
v 0.598995 -0.261167 -0.611278
v 0.614668 0.058077 -0.887961
v 0.609276 -0.026441 -0.683593
v 0.605374 -0.092599 -0.642208
v 0.611291 0.028586 -0.994701
v 0.607582 -0.031872 -1.065326
v 0.601029 -0.110351 -1.105407
v 0.598866 -0.124934 -1.111612
v 0.582070 -0.234852 -1.114930
v 0.584303 -0.275974 -1.116008
v 0.582155 -0.294690 -1.116298
v 0.615483 0.034689 -0.762446
v 0.599907 -0.206939 -0.619673
v 0.593995 -0.261167 -0.611278
v 0.566419 0.079617 -0.885257
v 0.560369 -0.015220 -0.655936
v 0.555991 -0.089455 -0.609499
v 0.562630 0.046526 -1.005029
v 0.558251 -0.021314 -1.084277
v 0.551114 -0.109375 -1.129252
v 0.548687 -0.125738 -1.136214
v 0.530708 -0.249077 -1.139937
v 0.530708 -0.280716 -1.141147
v 0.530708 -0.293740 -1.141472
v 0.567334 0.053373 -0.744417
v 0.549856 -0.217756 -0.584212
v 0.543222 -0.270628 -0.574792
v 0.589074 -0.273073 0.640230
v 0.610052 -0.025043 0.717652
v 0.607578 -0.090176 0.672271
v 0.595325 -0.208047 0.643352
v 0.584926 -0.082455 1.142273
v 0.549138 -0.148946 1.166767
v 0.533839 -0.206261 1.180590
v 0.608638 0.028420 1.039260
v 0.601311 -0.025836 1.107045
v 0.608946 0.033512 0.811168
v 0.608453 0.055023 0.910789
v 0.538733 -0.272179 0.582038
v 0.564205 -0.012048 0.676042
v 0.561201 -0.091131 0.620941
v 0.546324 -0.234246 0.585829
v 0.533697 -0.081757 1.191601
v 0.490245 -0.162488 1.221340
v 0.471669 -0.197195 1.238124
v 0.562488 0.052863 1.066526
v 0.553592 -0.013012 1.148829
v 0.562862 0.059046 0.789585
v 0.562263 0.085164 0.910542
v 0.355896 0.079617 -0.885257
v 0.355896 -0.015220 -0.655936
v 0.355896 -0.089455 -0.609499
v 0.355896 0.046526 -1.005029
v 0.355896 -0.021314 -1.084277
v 0.355896 -0.109375 -1.129252
v 0.355896 -0.125738 -1.136214
v 0.355896 -0.249077 -1.139937
v 0.355896 -0.280716 -1.141147
v 0.355896 -0.293740 -1.141472
v 0.355896 0.053373 -0.744417
v 0.355896 -0.217756 -0.584212
v 0.355896 -0.270628 -0.574792
v 0.355896 -0.272179 0.582038
v 0.355896 -0.012048 0.676042
v 0.355896 -0.091131 0.620941
v 0.355896 -0.234246 0.585829
v 0.355896 -0.081757 1.191601
v 0.355896 -0.162488 1.221340
v 0.355896 -0.197195 1.238124
v 0.355896 0.052863 1.066526
v 0.355896 -0.013012 1.148829
v 0.355896 0.059046 0.789585
v 0.355896 0.085164 0.910542
v 0.509023 0.223588 0.748258
v 0.373383 0.454097 0.362446
v 0.377763 0.452849 0.502457
v 0.458444 0.334224 0.640340
v 0.512195 0.215254 0.449244
v 0.457334 0.333077 0.410343
v 0.515976 0.203008 0.009510
v 0.512273 0.212797 0.399440
v 0.518438 0.193858 -0.378086
v 0.472006 0.308757 -0.228290
v 0.386988 0.437093 0.001668
v 0.383978 0.441033 0.022170
v 0.377425 0.450950 0.147820
v 0.457389 0.332383 0.364422
v 0.373520 0.453878 0.318171
v 0.461958 0.323546 0.063312
v 0.365668 0.203538 -0.562601
v 0.219404 0.212862 -0.605010
v 0.255799 0.211921 -0.595019
v 0.501023 0.190371 -0.451182
v 0.443696 0.308659 -0.282001
v 0.358169 0.442880 -0.068354
v 0.345896 0.444854 -0.071942
v 0.136179 0.456314 -0.121731
v 0.257290 0.450786 -0.098449
v 0.365668 0.188497 -0.572224
v 0.219404 0.188497 -0.614633
v 0.255799 0.188497 -0.604641
v 0.361126 0.188497 -0.533757
v 0.215419 0.188497 -0.566063
v 0.319326 0.311990 -0.341571
v 0.186238 0.311990 -0.371079
v 0.316146 0.446412 0.652840
v 0.351946 0.439213 0.653624
v 0.368256 0.433185 0.663091
v 0.309132 0.448165 0.654286
v 0.134368 0.463252 0.675906
v 0.255088 0.455663 0.662964
v 0.454982 0.236624 0.982209
v 0.409936 0.350166 0.793947
v 0.380011 0.247013 1.082740
v 0.194625 0.252290 1.123778
v 0.319874 0.367160 0.849545
v 0.162535 0.372436 0.889898
v 0.246593 0.217324 -0.597546
v 0.246593 0.212159 -0.597546
v 0.246593 0.188497 -0.607169
v 0.321232 0.069026 -1.396124
v 0.474003 0.072026 -1.325680
v 0.245602 0.061493 -1.422161
v 0.498848 0.062670 -1.303429
v 0.562892 -0.009079 -1.216733
v 0.551248 -0.013324 -1.286519
v 0.525598 -0.017569 -1.331927
v 0.502173 -0.017569 -1.352193
v 0.477018 -0.017569 -1.365682
v 0.328366 -0.017569 -1.435162
v 0.202066 -0.012760 -1.470607
v 0.163647 0.063582 -1.447708
v 0.205045 -0.017569 -1.471923
v 0.162070 -0.017569 -1.473905
v 0.254451 0.066719 -1.417984
v 0.162019 -0.012845 -1.436565
v 0.164044 0.058842 -1.413613
v 0.202066 -0.012760 -1.434924
v 0.245602 0.061493 -1.386478
v 0.469190 0.048662 1.485188
v 0.408752 0.103358 1.493045
v 0.348646 0.101859 1.500496
v 0.386638 0.130257 1.493091
v 0.371544 0.102528 1.498513
v 0.400669 0.103291 1.494603
v 0.395366 0.125316 1.492270
v 0.371853 0.085738 1.500076
v 0.371152 0.125322 1.496070
v 0.396066 0.085943 1.496267
v 0.250403 0.152493 1.507196
v 0.231029 0.102246 1.513518
v 0.293652 0.166338 1.500762
v 0.244234 0.068434 1.516027
v 0.460428 0.163427 1.472373
v 0.501349 0.148520 1.464163
v 0.520865 0.108731 1.464516
v 0.428268 0.063569 1.493398
v 0.422073 0.144720 1.484336
v 0.507544 0.067369 1.473225
v 0.334346 0.145365 1.497987
v 0.328176 0.061305 1.506819
v 0.284927 0.047460 1.513252
v 0.400190 0.130257 1.490605
v 0.395755 0.103291 1.495526
v 0.366572 0.102493 1.499045
v 0.366957 0.080698 1.500915
v 0.384610 0.080849 1.498605
v 0.366082 0.130257 1.495952
v 0.401065 0.080990 1.495534
v 0.461083 0.243537 1.203177
v 0.460726 0.238168 1.310488
v 0.461212 0.245174 1.079658
v 0.453931 0.163696 1.473703
v 0.458511 0.225832 1.436042
v 0.460492 0.240061 0.995535
v 0.450043 0.160178 1.475231
v 0.552683 0.114006 1.443474
v 0.481670 0.159145 1.467707
v 0.534916 0.156770 1.448681
v 0.301569 0.162258 1.500223
v 0.387788 0.161366 1.488027
v 0.187816 0.107670 1.519288
v 0.227350 0.107670 1.512683
v 0.383098 0.048002 1.500230
v 0.458405 0.052591 1.487352
v 0.310480 0.052274 1.509803
v 0.383308 0.052567 1.500005
v 0.535312 0.050086 1.456590
v 0.556355 0.049136 1.434988
v 0.535452 0.055872 1.457040
v 0.556344 0.055029 1.435858
v 0.479811 0.053842 1.481876
v 0.560059 0.049111 1.431208
v 0.560020 0.055156 1.432173
v 0.565866 -0.201079 -0.581683
v 0.552278 -0.202168 0.584327
v 0.551329 -0.201262 -0.398502
v 0.551582 -0.201217 -0.447620
v 0.551186 -0.201987 0.355715
v 0.551256 -0.201634 0.004988
v 0.554673 0.150769 -0.443514
v 0.585957 0.105633 -0.459798
v 0.551549 -0.201223 -0.441369
v 0.528973 0.187730 -0.401131
v 0.574012 -0.088843 -0.459768
v 0.550362 -0.208553 -0.439983
v 0.534027 0.180407 -0.409770
v 0.586328 -0.015492 -0.464975
v 0.556347 0.148238 -0.438592
v 0.551188 -0.201978 0.346624
v 0.522464 0.207722 0.404588
v 0.573484 -0.088829 0.421572
v 0.549907 -0.208480 0.342969
v 0.579512 -0.015492 0.425717
v 0.578719 0.136157 0.426512
v 0.187816 -0.018622 1.534575
v 0.187816 -0.061169 1.529436
v 0.505994 -0.145309 -1.349315
v 0.456627 -0.223970 -1.359293
v 0.322969 -0.223548 -1.411305
v 0.480836 -0.205530 -1.345131
v 0.464128 -0.125564 -1.356548
v 0.442185 -0.223970 -1.328600
v 0.491552 -0.145309 -1.318622
v 0.466394 -0.205530 -1.314438
v 0.223066 -0.134962 -1.482514
v 0.214316 -0.223865 -1.449835
v 0.152392 -0.223888 -1.457672
v 0.161158 -0.134827 -1.490409
v 0.248019 -0.135017 -1.474134
v 0.215349 -0.138615 -1.458512
v 0.196830 -0.218980 -1.428971
v 0.151462 -0.219001 -1.436055
v 0.159386 -0.138493 -1.465649
v 0.227296 -0.138664 -1.450937
v 0.478663 0.070271 -1.321507
v 0.497272 0.125267 -1.117784
v 0.507544 0.193076 -0.454081
v 0.505183 0.155342 -0.898486
v 0.488544 0.097318 -1.239626
v 0.507063 0.177455 -0.682287
v 0.514030 0.129914 1.463482
v 0.516880 0.085781 1.468506
v 0.490937 0.055604 1.478855
v 0.446691 0.053419 1.490105
v 0.415654 0.082074 1.494076
v 0.412372 0.125154 1.489296
v 0.439274 0.156782 1.478521
v 0.315010 0.159585 1.498907
v 0.344756 0.125812 1.498694
v 0.341116 0.078557 1.503687
v 0.261739 0.055287 1.515218
v 0.233672 0.085190 1.515178
v 0.235729 0.132141 1.510069
v 0.269096 0.162441 1.504000
v 0.241465 0.132495 1.510334
v 0.235412 0.112419 1.512983
v 0.273245 0.158382 1.504113
v 0.254750 0.148635 1.507220
v 0.237512 0.091463 1.514762
v 0.247445 0.072819 1.515402
v 0.481558 0.154125 1.468603
v 0.498519 0.143350 1.465802
v 0.510353 0.126888 1.465013
v 0.515258 0.107246 1.466356
v 0.448119 0.057876 1.489430
v 0.431158 0.068652 1.492231
v 0.419324 0.085114 1.493020
v 0.414419 0.104755 1.491677
v 0.417191 0.124587 1.488407
v 0.427216 0.141588 1.483707
v 0.442969 0.153172 1.478293
v 0.462051 0.157574 1.472990
v 0.512487 0.087415 1.469626
v 0.502461 0.070413 1.474326
v 0.486708 0.058830 1.479740
v 0.467626 0.054427 1.485044
v 0.314235 0.153961 1.499743
v 0.330490 0.140466 1.499145
v 0.340423 0.121821 1.499784
v 0.342523 0.100866 1.501563
v 0.336470 0.080790 1.504212
v 0.323185 0.064650 1.507327
v 0.263700 0.059324 1.514803
v 0.304690 0.054903 1.510433
v 0.294133 0.160252 1.501488
v 0.283802 0.053032 1.513059
v 0.394150 -0.223800 -1.361924
v 0.415884 -0.125564 -1.393254
v 0.535962 0.193173 -0.288944
v 0.552701 0.279650 -0.288944
v 0.540352 0.198173 -0.247058
v 0.555660 0.274650 -0.241540
v 0.642325 0.193173 -0.232711
v 0.642325 0.279650 -0.232711
v 0.637432 0.198173 -0.214294
v 0.637505 0.274650 -0.214287
v 0.566204 0.201345 -0.298146
v 0.582943 0.271466 -0.298146
v 0.634328 0.271471 -0.248580
v 0.634328 0.201351 -0.248580
v 0.531503 0.237885 -0.288944
v 0.536509 0.236873 -0.248071
v 0.647862 0.237839 -0.210859
v 0.654361 0.237885 -0.232711
v 0.566562 0.237607 -0.311728
v 0.644593 0.237885 -0.248580
v 0.517786 0.195744 -0.213589
v 0.512434 0.188677 -0.303771
v 0.492065 0.261017 -0.225440
v 0.513179 0.193571 -0.399465
v 0.496011 0.250367 -0.303771
v 0.505640 0.229834 -0.335492
v 0.524198 0.190925 -0.296358
v 0.524313 0.190925 -0.255920
v 0.519880 0.235638 -0.257111
v 0.519739 0.235638 -0.296358
v 0.533962 0.197458 -0.312792
v 0.534321 0.233721 -0.315705
v 0.475024 0.305724 -0.230390
v 0.531644 0.237885 -0.249698
v 0.536077 0.193173 -0.248506
v 0.641043 0.193173 -0.213095
v 0.552817 0.279650 -0.242478
v 0.641043 0.279650 -0.213095
v 0.652794 0.237885 -0.209209
v 0.538096 0.236885 -0.252813
v 0.649449 0.237850 -0.215601
v 0.541939 0.198185 -0.251799
v 0.639019 0.198185 -0.219035
v 0.557247 0.274662 -0.246282
v 0.639092 0.274662 -0.219029
v 0.578078 0.119318 0.246094
v 0.571465 0.141646 0.245653
v 0.577619 0.121794 0.378319
v 0.571006 0.144122 0.377878
v 0.586876 0.122140 0.253779
v 0.580265 0.144467 0.253316
v 0.585348 0.123904 0.371937
v 0.578736 0.146232 0.371478
v 0.588910 0.119394 0.350067
v 0.589173 0.117979 0.274494
v 0.578465 0.149807 0.273860
v 0.578203 0.151223 0.349434
v 0.598248 0.120349 0.274481
v 0.597986 0.121765 0.350054
v 0.587278 0.153593 0.349421
v 0.587541 0.152178 0.273847
v 0.574772 0.130482 0.245873
v 0.574313 0.132958 0.378098
v 0.584060 0.135666 0.371711
v 0.586007 0.134025 0.253551
v 0.595071 0.138316 0.349734
v 0.595334 0.136901 0.274161
v 0.583819 0.133893 0.274177
v 0.583556 0.135309 0.349750
v 0.589119 0.116108 0.312329
v 0.578267 0.152751 0.311605
v 0.598185 0.118793 0.312310
v 0.587333 0.155435 0.311586
v 0.583693 0.134430 0.311967
v 0.595196 0.137836 0.311943
v 0.470741 0.128812 1.459513
v 0.479348 0.123344 1.458092
v 0.485354 0.114990 1.457692
v 0.487843 0.105023 1.458373
v 0.453772 0.079969 1.470082
v 0.445164 0.085437 1.471504
v 0.439159 0.093791 1.471904
v 0.436670 0.103759 1.471223
v 0.438076 0.113822 1.469563
v 0.443164 0.122450 1.467178
v 0.451158 0.128329 1.464431
v 0.460842 0.130563 1.461739
v 0.486436 0.094959 1.460032
v 0.481349 0.086331 1.462418
v 0.473355 0.080453 1.465165
v 0.463671 0.078219 1.467856
v 0.261342 0.118661 1.494668
v 0.258151 0.108078 1.496064
v 0.278096 0.132309 1.491388
v 0.268346 0.127170 1.493026
v 0.259258 0.097030 1.497002
v 0.264495 0.087201 1.497339
v 0.299706 0.129978 1.489084
v 0.308275 0.122864 1.488769
v 0.313512 0.113035 1.489106
v 0.314619 0.101987 1.490044
v 0.311428 0.091403 1.491441
v 0.304424 0.082894 1.493083
v 0.273065 0.080086 1.497024
v 0.294674 0.077756 1.494720
v 0.289108 0.133295 1.490004
v 0.283662 0.076770 1.496104
v 0.603569 0.107698 0.789645
v 0.582548 0.156190 0.937504
v 0.607869 0.109977 0.926709
v 0.602206 0.048292 1.195859
v 0.587706 0.049066 1.298023
vn -0.5366 0.8150 -0.2186
vn -0.2849 0.9511 -0.1192
vn -0.2846 0.9382 -0.1970
vn -0.6710 0.6731 -0.3110
vn -0.4897 0.8256 -0.2803
vn -0.5680 0.7598 -0.3164
vn -0.2943 0.9505 -0.0998
vn -0.2872 0.9497 -0.1251
vn -0.4870 0.8719 -0.0504
vn -0.3119 0.9091 -0.2760
vn -0.2900 0.9528 -0.0900
vn -0.4581 0.8812 -0.1166
vn -0.9033 0.4251 0.0575
vn -0.8201 0.4853 -0.3032
vn -0.8912 0.3547 -0.2828
vn -0.9453 0.3252 0.0249
vn -0.9807 0.0261 0.1936
vn -0.9951 -0.0776 0.0604
vn -0.9213 0.3643 -0.1362
vn -0.6364 0.7592 -0.1367
vn -0.9570 -0.0585 0.2841
vn -0.9820 -0.1763 0.0671
vn -0.9836 -0.1800 0.0071
vn -0.9979 -0.0640 0.0043
vn -0.9966 -0.0816 0.0072
vn -0.9526 0.3043 -0.0014
vn -0.9459 0.3245 -0.0010
vn -0.8214 0.5691 -0.0386
vn -0.8185 0.5744 -0.0062
vn -0.6622 0.7492 -0.0160
vn -0.9814 -0.1918 0.0039
vn -0.9865 -0.1639 -0.0000
vn -0.9902 -0.1394 0.0021
vn -0.9992 -0.0384 0.0091
vn -0.6357 0.7718 -0.0142
vn -0.6459 0.7633 -0.0136
vn -0.9811 -0.1933 -0.0000
vn -0.9446 0.3283 -0.0005
vn -0.9988 -0.0424 -0.0252
vn -0.9827 -0.1764 -0.0558
vn -0.9443 0.1683 -0.2829
vn -0.7153 0.6983 -0.0258
vn -0.8596 0.5099 -0.0330
vn -0.6639 0.7477 -0.0132
vn -0.9899 -0.1409 -0.0147
vn -0.9637 -0.2664 -0.0199
vn -0.9416 0.3354 -0.0293
vn -0.9970 0.0485 -0.0597
vn -0.7038 0.7104 0.0062
vn -0.9706 0.2280 -0.0770
vn -0.9404 0.3221 0.1093
vn -0.9851 0.0215 0.1704
vn -0.9462 0.2865 0.1503
vn -0.9810 -0.1231 0.1498
vn -0.9384 -0.3038 0.1644
vn -0.9747 -0.1551 0.1612
vn -0.7254 0.6865 0.0490
vn -0.8210 0.5622 0.0992
vn -0.7501 0.6568 0.0772
vn -0.7737 0.6327 0.0311
vn -0.7053 0.7086 0.0206
vn -0.9124 -0.3134 0.2633
vn -0.9536 -0.1416 0.2656
vn -0.7866 0.6130 0.0746
vn -0.9463 0.3213 0.0365
vn -0.7999 0.6002 -0.0029
vn -0.5781 0.6112 0.5406
vn -0.9212 -0.0637 0.3838
vn -0.8805 -0.0692 0.4690
vn -0.8710 0.1550 0.4662
vn -0.6824 0.4658 0.5634
vn -0.9843 -0.1680 0.0534
vn -0.9836 -0.1802 0.0114
vn -0.8103 0.5845 -0.0413
vn -0.9967 -0.0814 0.0063
vn -0.9533 0.3019 0.0028
vn -0.5525 0.7639 -0.3334
vn -0.7050 0.6848 -0.1845
vn -0.6018 0.7829 -0.1577
vn -0.4170 0.8741 -0.2491
vn -0.3049 0.8372 -0.4539
vn -0.7459 0.6654 -0.0298
vn -0.4817 0.8716 -0.0915
vn -0.2628 0.9513 -0.1609
vn -0.1035 0.9762 -0.1905
vn -0.0091 0.9871 -0.1597
vn -0.1253 0.9759 -0.1789
vn -0.1036 0.9767 -0.1879
vn -0.0592 0.9860 -0.1556
vn -0.0601 0.9780 -0.1999
vn -0.0000 0.9868 -0.1617
vn -0.0000 0.9797 -0.2003
vn -0.0962 0.9852 -0.1415
vn -0.2249 0.9732 -0.0484
vn -0.0553 0.9966 -0.0613
vn -0.0925 0.9944 -0.0506
vn -0.0000 0.9976 -0.0685
vn -0.7087 0.7055 -0.0052
vn -0.4330 0.9010 -0.0264
vn 0.1354 0.9745 -0.1787
vn 0.4519 0.8874 -0.0909
vn -0.1131 0.9929 -0.0371
vn -0.0846 0.9964 -0.0037
vn -0.0499 0.9987 -0.0043
vn -0.6224 0.7826 -0.0073
vn -0.6163 0.7875 -0.0005
vn -0.4139 0.9103 0.0033
vn -0.0000 1.0000 -0.0053
vn 0.4642 0.8828 -0.0718
vn 0.4798 0.8771 -0.0224
vn -0.2033 0.9791 -0.0021
vn -0.0465 0.9988 0.0169
vn -0.6123 0.7906 -0.0012
vn -0.3569 0.9339 0.0234
vn -0.0000 0.9999 0.0173
vn 0.4806 0.8767 -0.0198
vn 0.4873 0.8732 0.0027
vn -0.1352 0.9905 0.0238
vn -0.1026 0.9947 -0.0000
vn -0.0816 0.9965 0.0175
vn -0.6183 0.7776 0.1144
vn -0.2766 0.9368 0.2145
vn -0.3240 0.9366 0.1336
vn -0.0456 0.9964 0.0710
vn -0.0000 0.9931 0.1173
vn -0.0000 0.9976 0.0697
vn 0.1969 0.9753 0.1004
vn -0.1168 0.9805 0.1578
vn -0.1497 0.9765 0.1553
vn -0.2064 0.9519 0.2262
vn -0.1825 0.9742 0.1330
vn -0.1059 0.9845 0.1396
vn -0.0886 0.9930 0.0775
vn -0.0510 0.9912 0.1223
vn -0.1057 0.9941 0.0231
vn 0.4895 0.8719 0.0100
vn -0.5894 0.8069 0.0399
vn -0.3769 0.9259 0.0238
vn -0.3125 0.9499 -0.0107
vn -0.3628 0.9313 -0.0310
vn -0.8236 0.5587 0.0979
vn -0.5462 0.8332 0.0857
vn -0.7834 0.6025 0.1524
vn -0.8023 0.5861 0.1127
vn -0.7292 0.6555 0.1962
vn -0.6271 0.7608 0.1673
vn -0.2388 0.9708 -0.0221
vn -0.4395 0.8978 0.0286
vn -0.2156 0.9747 0.0586
vn -0.3110 0.9493 0.0459
vn -0.1762 0.9798 0.0946
vn -0.1038 0.9898 0.0980
vn -0.2398 0.3462 0.9070
vn -0.2738 0.9613 0.0317
vn -0.0771 0.9969 -0.0184
vn -0.0691 0.9955 -0.0651
vn -0.0628 0.9976 0.0302
vn -0.0215 0.9996 0.0207
vn -0.0610 0.9980 0.0180
vn -0.0226 0.9995 0.0198
vn -0.0693 0.9976 0.0043
vn -0.0220 0.9993 0.0291
vn -0.0000 0.9998 0.0209
vn -0.0000 0.9998 0.0198
vn -0.0000 0.9996 0.0291
vn -0.0262 0.9965 0.0798
vn -0.0000 0.9964 0.0847
vn -0.0725 0.9947 0.0725
vn -0.0882 0.9956 0.0330
vn -0.1796 0.4996 0.8474
vn -0.3083 0.4725 0.8256
vn -0.1678 0.3397 0.9254
vn -0.0933 0.5041 0.8586
vn -0.1575 0.5106 0.8453
vn -0.0337 0.3550 0.9342
vn -0.0425 0.4825 0.8748
vn -0.0000 0.4791 0.8778
vn -0.0000 0.3498 0.9368
vn -0.0686 0.2023 0.9769
vn -0.0000 0.2362 0.9717
vn -0.0749 0.1231 0.9896
vn -0.0675 0.1398 0.9879
vn -0.0297 0.1212 0.9922
vn -0.0924 0.0096 0.9957
vn -0.0953 -0.0463 0.9944
vn -0.0987 -0.1054 0.9895
vn -0.0000 0.1412 0.9900
vn -0.0522 0.0255 0.9983
vn -0.0000 0.0215 0.9998
vn -0.0175 0.9206 0.3902
vn -0.0397 0.9249 0.3782
vn -0.0163 0.9205 0.3904
vn -0.0000 0.9294 0.3690
vn -0.0000 0.9310 0.3651
vn -0.0498 0.0741 0.9960
vn -0.0960 -0.1199 0.9881
vn -0.0580 -0.0543 0.9968
vn -0.0000 0.0737 0.9973
vn -0.0686 -0.4358 0.8974
vn 1.0000 -0.0000 -0.0000
vn -0.0869 -0.4356 0.8959
vn -0.0622 -0.5563 0.8287
vn -0.0323 0.5090 0.8601
vn -0.0587 0.7825 0.6199
vn -0.0294 0.7835 0.6207
vn -0.0000 0.3085 0.9512
vn -0.0000 0.7838 0.6210
vn -0.0657 -0.7186 0.6923
vn -0.0336 -0.7198 0.6934
vn -0.0329 -0.7198 0.6934
vn -0.0000 -0.7202 0.6938
vn -0.0801 -0.5534 0.8291
vn -0.3038 -0.4169 0.8567
vn -0.3326 -0.5402 0.7731
vn -0.0447 0.9255 0.3761
vn -0.1483 0.9109 0.3852
vn -0.1151 0.9203 0.3740
vn -0.0601 0.7824 0.6199
vn -0.1947 0.7688 0.6091
vn -0.0986 0.0748 0.9923
vn -0.3165 -0.1121 0.9420
vn -0.0670 -0.7185 0.6922
vn -0.2462 -0.6980 0.6724
vn -0.3185 -0.6966 0.6429
vn -0.7379 -0.4063 0.5390
vn -0.7672 0.0597 0.6386
vn -0.3304 0.0696 0.9413
vn -0.2527 0.7771 0.5764
vn -0.4759 0.8063 0.3511
vn -0.7770 -0.1025 0.6211
vn -0.5993 -0.6644 0.4466
vn -0.2666 0.8569 0.4412
vn -0.6570 -0.6381 0.4014
vn -0.8260 -0.5225 0.2115
vn -0.8581 -0.4748 0.1953
vn -0.7231 0.6788 0.1279
vn -0.7454 0.6639 0.0605
vn -0.7326 0.6804 -0.0186
vn -0.9314 -0.3514 0.0945
vn -0.9515 -0.2875 0.1090
vn -0.4245 0.7847 0.4516
vn -0.5108 0.7386 0.4400
vn -0.2128 0.1933 0.9578
vn -0.1655 0.1556 0.9739
vn -0.1324 0.0363 0.9905
vn -0.1346 0.0480 0.9897
vn -0.2130 0.3842 0.8983
vn -0.1180 0.0437 0.9921
vn -0.5723 -0.0704 0.8170
vn -0.3126 0.1341 0.9404
vn -0.5667 -0.0805 0.8200
vn -0.2777 0.3541 0.8930
vn -0.4624 0.1939 0.8652
vn -0.7083 -0.0752 0.7019
vn -0.6498 0.0695 0.7569
vn -0.1077 0.9916 0.0718
vn -0.0468 0.9917 0.1201
vn -0.0250 0.9918 0.1250
vn -0.7041 -0.4776 0.5255
vn -0.8897 -0.3236 0.3219
vn -0.9990 0.0012 0.0443
vn -0.7294 0.6110 -0.3076
vn -0.6761 0.6836 -0.2748
vn -0.9921 0.0318 -0.1213
vn -0.8819 0.3894 -0.2658
vn -0.9465 0.2135 -0.2418
vn -0.7056 0.6599 -0.2583
vn -0.8048 0.3844 -0.4522
vn -0.8873 0.3651 -0.2818
vn -0.4869 0.7890 -0.3748
vn -0.6279 0.4596 -0.6281
vn -0.2456 0.8624 -0.4428
vn -0.4118 0.5519 -0.7252
vn -0.1777 0.8634 -0.4722
vn -0.2981 0.5631 -0.7707
vn -0.1771 0.5668 -0.8046
vn -0.0842 0.8733 -0.4799
vn -0.0557 0.5854 -0.8088
vn -0.0000 0.8999 -0.4360
vn -0.0000 0.6062 -0.7953
vn -0.7248 0.0602 -0.6863
vn -0.2105 0.1816 -0.9606
vn -0.5147 0.1604 -0.8423
vn -0.0784 0.1865 -0.9793
vn -0.8604 -0.0285 -0.5088
vn -0.3501 0.1752 -0.9202
vn -0.9722 0.0323 -0.2317
vn -0.9901 -0.0819 -0.1139
vn -0.9737 -0.0710 -0.2164
vn -0.9369 0.0148 -0.3492
vn -0.0449 -0.8195 -0.5713
vn -0.0000 -0.8204 -0.5718
vn -0.0471 -0.8195 -0.5712
vn -0.2078 -0.8025 -0.5594
vn -0.1321 -0.8132 -0.5668
vn -0.2208 -0.8001 -0.5577
vn -0.4878 -0.7618 -0.4263
vn -0.3695 -0.7760 -0.5112
vn -0.5359 -0.7551 -0.3776
vn -0.1199 -0.8144 -0.5677
vn -0.3123 -0.7793 -0.5432
vn -0.5857 -0.7321 -0.3478
vn -0.5915 -0.7278 -0.3470
vn -0.8153 -0.5100 -0.2743
vn -0.6714 -0.6868 -0.2786
vn -0.8098 -0.5085 -0.2928
vn -0.9806 -0.1614 -0.1117
vn -0.9510 -0.1805 -0.2510
vn -0.6417 -0.7089 -0.2927
vn -0.0000 -0.3451 -0.9386
vn -0.0734 -0.3504 -0.9337
vn -0.0768 -0.3507 -0.9333
vn -0.2888 -0.3781 -0.8796
vn -0.3718 -0.3827 -0.8458
vn -0.4265 -0.3943 -0.8140
vn -0.7518 -0.3113 -0.5813
vn -0.6836 -0.3152 -0.6583
vn -0.7678 -0.2909 -0.5708
vn -0.2075 -0.3555 -0.9114
vn -0.2071 -0.3591 -0.9100
vn 0.7607 -0.5415 -0.3579
vn 0.2412 -0.9638 -0.1135
vn 0.8893 -0.1845 -0.4184
vn -0.6848 -0.3158 -0.6567
vn -0.7843 -0.2671 -0.5599
vn -0.9143 0.0245 -0.4043
vn -0.9703 -0.0159 -0.2412
vn -0.9918 -0.0463 -0.1191
vn -0.8678 -0.2316 -0.4395
vn -0.8606 0.0337 -0.5082
vn -0.9198 -0.1681 -0.3546
vn -0.0694 0.5443 -0.8360
vn -0.1904 0.5357 -0.8227
vn -0.2054 0.5340 -0.8202
vn -0.2976 0.5209 -0.8000
vn -0.4326 0.4919 -0.7555
vn -0.4889 0.4760 -0.7311
vn -0.6896 0.3808 -0.6160
vn -0.7751 0.3149 -0.5477
vn -0.7597 0.3173 -0.5676
vn -0.0000 0.5456 -0.8380
vn -0.0673 0.5444 -0.8361
vn -0.2957 0.5212 -0.8005
vn -0.6593 0.4103 -0.6301
vn -0.1888 -0.5462 -0.8161
vn -0.0688 -0.5549 -0.8291
vn -0.2039 -0.5445 -0.8136
vn -0.4292 -0.5024 -0.7506
vn -0.2953 -0.5314 -0.7940
vn -0.4864 -0.4860 -0.7261
vn -0.7766 -0.3330 -0.5347
vn -0.6928 -0.3981 -0.6013
vn -0.7775 -0.3368 -0.5311
vn -0.0667 -0.5550 -0.8292
vn -0.0000 -0.5562 -0.8311
vn -0.2935 -0.5317 -0.7945
vn -0.6558 -0.4199 -0.6274
vn -0.8809 -0.0141 -0.4730
vn -0.9369 -0.0334 -0.3479
vn -0.9812 -0.0364 -0.1896
vn -0.9961 -0.0320 -0.0827
vn -0.8482 -0.2694 -0.4561
vn -0.9105 -0.2274 -0.3454
vn -0.9606 -0.1897 -0.2032
vn -0.9855 -0.1470 -0.0843
vn 0.0021 1.0000 -0.0000
vn 0.0009 1.0000 -0.0000
vn -0.0325 -0.9995 -0.0000
vn -0.0183 -0.9998 -0.0000
vn -0.7328 0.6804 -0.0107
vn -0.9080 0.3759 -0.1851
vn -0.7838 0.5465 0.2951
vn -0.8739 0.4111 -0.2592
vn -0.7850 0.6014 0.1486
vn -0.8399 0.4947 -0.2234
vn -0.9887 -0.1271 0.0795
vn -0.9426 -0.3142 0.1126
vn -0.9645 0.1145 0.2379
vn -0.9025 0.4223 -0.0845
vn -0.9970 -0.0774 -0.0024
vn -0.9975 -0.0563 -0.0428
vn -0.9869 -0.1597 0.0233
vn -0.9986 -0.0357 -0.0402
vn -0.9050 0.0944 0.4148
vn -0.9965 -0.0832 0.0113
vn -0.9959 -0.0901 0.0051
vn -0.9926 -0.1173 0.0305
vn -0.9945 -0.1046 -0.0049
vn -0.8288 0.5594 -0.0097
vn -0.9547 0.2975 -0.0003
vn -0.9268 0.3731 -0.0427
vn -0.9528 -0.3037 -0.0006
vn -0.9715 -0.2260 -0.0711
vn -0.3921 0.9083 -0.1459
vn -0.9212 0.3185 -0.2234
vn -0.9294 0.3651 0.0546
vn -0.8225 0.5687 0.0098
vn -0.8202 0.5720 0.0078
vn -0.8909 0.4542 -0.0000
vn -0.9864 -0.1460 -0.0749
vn -0.9869 -0.0915 0.1332
vn -0.9739 -0.2142 0.0748
vn -0.8310 -0.5498 0.0847
vn -0.7353 -0.6778 -0.0006
vn -0.8321 -0.5508 -0.0651
vn -0.9918 0.0959 -0.0848
vn -1.0000 -0.0000 0.0018
vn -0.9959 0.0900 -0.0063
vn -0.9581 -0.2700 0.0956
vn -0.9997 -0.0092 0.0243
vn -0.9840 -0.1767 0.0221
vn -0.9938 -0.1104 -0.0101
vn -0.9406 -0.3377 0.0356
vn -0.7466 0.2364 -0.6219
vn -0.8025 0.4076 -0.4359
vn -1.0000 0.0013 0.0034
vn -0.7770 0.0732 -0.6252
vn -0.7771 0.0655 -0.6260
vn -0.7719 0.0851 -0.6301
vn -0.9250 -0.3783 0.0348
vn -0.9223 0.2982 -0.2458
vn -0.3375 0.9315 0.1353
vn -0.8895 0.3468 0.2974
vn -0.8471 0.4765 0.2353
vn -0.7448 -0.0111 0.6672
vn -0.8907 -0.1487 0.4295
vn -0.9861 -0.0708 0.1501
vn -0.0000 -0.8852 0.4651
vn 0.2114 -0.9761 0.0509
vn -0.0000 -0.9991 0.0413
vn -0.0016 -0.0284 0.9996
vn 0.2266 -0.1824 0.9568
vn -0.0000 -0.2315 0.9728
vn -0.0000 -0.6247 0.7809
vn 0.2047 -0.8612 0.4653
vn -0.0000 -0.3732 -0.9277
vn 0.2662 -0.6423 -0.7188
vn 0.2904 -0.3465 -0.8919
vn 0.2099 -0.0151 0.9776
vn 0.2377 -0.0116 0.9713
vn -0.0000 -0.1530 -0.9882
vn 0.2882 -0.1471 -0.9462
vn 0.3370 -0.1106 -0.9350
vn -0.0000 -0.4256 0.9049
vn 0.2068 -0.5993 0.7734
vn -0.0000 -0.1742 -0.9847
vn -0.0007 -0.0158 0.9999
vn 0.0054 -0.0204 0.9998
vn 0.2059 -0.3971 0.8944
vn -0.0000 -0.6744 -0.7383
vn 0.2345 -0.8895 -0.3923
vn -0.0000 -0.9139 -0.4059
vn 0.3013 -0.1459 -0.9423
vn 0.2512 -0.1391 -0.9579
vn 0.2534 -0.6330 -0.7315
vn 0.2749 -0.3358 -0.9009
vn 0.2123 -0.0225 0.9769
vn 0.2015 -0.5948 0.7782
vn 0.2421 0.0083 0.9702
vn 0.2203 -0.0276 0.9750
vn 0.2132 -0.3910 0.8954
vn 0.2324 -0.8803 -0.4137
vn 0.2029 -0.9783 0.0410
vn 0.1951 -0.8625 0.4669
vn 0.2197 -0.1749 0.9598
vn -0.0000 -0.4614 -0.8872
vn 0.3445 -0.5933 -0.7276
vn 0.3580 -0.3038 -0.8829
vn -0.0000 -0.2344 -0.9721
vn 0.4015 -0.0970 -0.9107
vn 0.4244 -0.1029 -0.8996
vn -0.0000 -0.9263 0.3769
vn 0.3439 -0.6927 0.6340
vn 0.3054 -0.8867 0.3472
vn -0.0000 -0.0480 0.9988
vn 0.4227 -0.0975 0.9010
vn -0.0000 -0.1497 0.9887
vn -0.0000 -0.3025 -0.9531
vn -0.0000 -0.4192 0.9079
vn -0.0000 -0.7253 0.6884
vn -0.0000 -1.0000 0.0045
vn 0.2964 -0.9550 0.0034
vn -0.0000 -0.6779 -0.7352
vn 0.3145 -0.8616 -0.3984
vn 0.3930 -0.3715 0.8411
vn -0.0000 -0.9079 -0.4192
vn 0.3110 -0.8481 -0.4290
vn 0.3611 -0.5626 -0.7437
vn 0.3856 -0.3446 0.8559
vn 0.2748 -0.9615 0.0037
vn 0.3963 -0.2488 -0.8838
vn 0.3762 -0.1878 -0.9073
vn 0.2528 -0.3082 -0.9171
vn 0.4473 0.0079 0.8944
vn 0.4201 -0.0859 0.9034
vn 0.2888 -0.8848 0.3657
vn 0.3366 -0.6680 0.6637
vn -0.0000 -0.4234 0.9059
vn -0.0000 -0.6640 -0.7477
vn -0.0000 -0.4392 -0.8984
vn -0.0000 -0.2145 0.9767
vn -0.0000 -0.9991 0.0427
vn -0.0000 -0.7243 0.6895
vn -0.0000 -0.9264 0.3765
vn -0.0000 -0.0316 0.9995
vn -0.0000 -0.0342 0.9994
vn -0.0000 -0.6707 -0.7417
vn -0.0000 -0.3679 -0.9299
vn -0.0000 -1.0000 0.0042
vn 0.2261 -0.0243 0.9738
vn -0.0000 -0.1844 -0.9829
vn -0.0000 -0.9049 -0.4256
vn -0.0000 -0.4119 0.9112
vn -0.0000 -0.9123 -0.4094
vn 0.3638 -0.0203 0.9313
vn -0.0000 -0.1693 0.9856
vn -0.0000 -0.3910 -0.9204
vn -0.0000 -0.4354 -0.9003
vn -0.0000 -0.1754 -0.9845
vn -0.0000 -0.8829 0.4695
vn -0.0000 -0.6190 0.7854
vn -1.0000 -0.0000 -0.0000
vn -0.0015 -0.9999 -0.0117
vn 0.0071 -1.0000 0.0016
vn 0.0035 -1.0000 -0.0005
vn 0.0003 -0.9999 0.0147
vn -0.0000 -0.9998 0.0194
vn 0.0008 -0.9999 0.0114
vn -0.0038 -0.9941 0.1082
vn -0.0000 -0.9984 0.0565
vn -0.0000 -0.9944 0.1054
vn 0.0040 -0.9927 0.1208
vn 0.0093 -0.9923 0.1237
vn -0.8413 -0.0530 -0.5379
vn -0.8401 -0.0730 -0.5375
vn -0.8359 -0.1219 -0.5351
vn -0.9991 0.0285 -0.0310
vn -0.9989 0.0357 -0.0314
vn -0.9991 0.0282 -0.0310
vn -0.5813 0.6144 0.5335
vn -0.5309 0.4865 0.6939
vn -0.6086 0.5602 0.5620
vn -0.8505 -0.1146 -0.5134
vn -0.8508 -0.1141 -0.5130
vn -0.5375 0.8430 -0.0179
vn -0.5403 0.8413 -0.0177
vn -0.8911 0.4537 -0.0041
vn -0.9082 0.4185 -0.0050
vn -0.9102 0.4143 -0.0019
vn -0.8772 0.4802 0.0022
vn -0.8303 0.5573 0.0001
vn -0.8755 0.4833 0.0013
vn -0.4700 0.8825 -0.0178
vn -0.4731 0.8808 -0.0179
vn -0.8083 0.3214 -0.4933
vn -0.9941 -0.0099 0.1084
vn -0.9986 -0.0283 0.0455
vn -0.9993 -0.0186 0.0323
vn -0.9771 0.0510 0.2064
vn -0.9957 -0.0179 0.0912
vn -0.9382 -0.0555 0.3417
vn -0.9418 -0.0541 0.3319
vn -0.9421 0.0174 0.3348
vn -0.7923 0.2019 -0.5758
vn -0.9704 0.0680 0.2318
vn -0.9995 0.0194 0.0242
vn -0.9995 0.0202 0.0242
vn -0.4534 0.8911 -0.0186
vn -0.9097 0.4153 0.0007
vn -0.9154 0.4026 0.0042
vn -0.9103 0.4138 0.0001
vn -0.8346 0.5508 0.0025
vn -0.0000 0.8907 0.4547
vn -0.0764 0.9057 0.4169
vn -0.0747 0.8911 0.4475
vn 0.4512 -0.0000 0.8924
vn 0.2723 -0.1883 0.9436
vn 0.2736 -0.0000 0.9619
vn 0.2640 -0.1861 0.9464
vn 0.2647 -0.0000 0.9643
vn 0.1761 -0.0000 0.9844
vn -0.0000 -0.1350 0.9908
vn -0.0000 -0.0000 1.0000
vn -0.2978 0.3068 -0.9040
vn -0.3000 0.2993 -0.9058
vn -0.2898 0.2930 -0.9111
vn 0.1856 0.7780 -0.6003
vn 0.8821 0.2302 -0.4110
vn 0.8915 0.2117 -0.4005
vn 0.5605 0.5810 -0.5901
vn 0.1773 0.7865 -0.5916
vn -0.2367 0.3077 -0.9216
vn -0.2992 0.3139 -0.9011
vn -0.1442 0.1898 -0.9712
vn -0.2487 0.3124 -0.9168
vn -0.1353 0.1821 -0.9739
vn -0.0000 0.0356 -0.9994
vn 0.4424 0.6525 0.6153
vn 0.4806 -0.2508 0.8403
vn 0.4147 -0.4792 0.7736
vn 0.2554 -0.3661 0.8949
vn 0.2492 -0.3625 0.8980
vn 0.1714 -0.3566 0.9184
vn -0.0000 -0.2656 0.9641
vn 0.5979 -0.4320 0.6752
vn -0.0000 1.0000 -0.0000
vn 0.0044 1.0000 -0.0005
vn 0.0125 0.9999 -0.0015
vn 0.0072 1.0000 -0.0008
vn -0.0000 0.8459 -0.5333
vn -0.0733 0.8589 -0.5068
vn -0.0000 0.8557 -0.5175
vn -0.1810 0.8574 -0.4818
vn -0.2667 0.8339 -0.4832
vn -0.2421 0.8504 -0.4671
vn -0.0863 0.8675 -0.4898
vn -0.0000 0.8636 -0.5043
vn -0.1653 0.8684 -0.4674
vn 0.0733 0.8589 -0.5068
vn 0.1861 0.8445 -0.5022
vn 0.0727 0.8475 -0.5259
vn -0.1475 0.1905 0.9705
vn -0.2047 0.1735 0.9633
vn -0.1508 0.1932 0.9695
vn -0.2046 0.1675 0.9644
vn -0.1395 0.1920 0.9714
vn 0.1124 0.9531 -0.2811
vn 0.0306 0.9437 -0.3294
vn 0.1063 0.9531 -0.2834
vn 0.2001 0.8083 0.5537
vn 0.0964 0.9890 0.1124
vn 0.2038 0.8050 0.5571
vn -0.0753 0.1189 0.9900
vn -0.0770 0.1179 0.9900
vn -0.1085 0.2025 0.9733
vn 0.1490 0.3284 0.9327
vn 0.1310 0.7255 0.6756
vn 0.0059 0.7267 0.6869
vn -0.0000 0.0747 0.9972
vn -0.0000 0.0721 0.9974
vn 0.0193 0.9451 -0.3261
vn -0.0000 0.9503 -0.3114
vn 0.1287 0.9714 -0.1998
vn 0.0712 0.4056 0.9113
vn -0.2839 0.8783 0.3846
vn -0.2706 0.8862 0.3759
vn -0.4806 0.8182 0.3157
vn -0.3470 0.8593 0.3757
vn -0.0626 0.9210 0.3844
vn -0.0000 0.9060 0.4233
vn -0.0000 0.9202 0.3915
vn -0.1715 0.9028 0.3944
vn -0.1893 0.8831 0.4292
vn 0.1827 -0.1883 0.9650
vn -0.2651 0.4102 -0.8726
vn -0.3246 0.4072 -0.8537
vn -0.3286 0.4059 -0.8528
vn -0.7636 0.4293 -0.4823
vn -0.8179 0.5095 -0.2675
vn -0.7228 0.5441 -0.4261
vn -0.4047 0.4248 -0.8098
vn -0.5844 0.4080 -0.7014
vn -0.3233 0.4059 -0.8549
vn -0.2497 0.3970 -0.8832
vn -0.7904 0.4118 -0.4535
vn -0.6804 0.4423 -0.5843
vn -0.6766 0.4496 -0.5832
vn -0.8059 0.5172 -0.2881
vn -0.6587 0.5962 -0.4591
vn -0.4952 0.4843 -0.7212
vn -0.6731 0.4638 -0.5760
vn -0.5152 0.4449 -0.7326
vn -0.3951 0.4688 -0.7901
vn -0.2639 0.4088 -0.8736
vn -0.3247 0.4050 -0.8547
vn -0.1915 0.3719 -0.9083
vn -0.0000 0.2605 -0.9655
vn -0.1626 0.3236 -0.9321
vn -0.0000 0.2593 -0.9658
vn -0.1604 0.3531 -0.9218
vn -0.0237 0.3295 -0.9439
vn -0.0235 0.3309 -0.9434
vn -0.0000 0.3041 -0.9526
vn -0.2133 0.3656 -0.9060
vn -0.1635 0.3257 -0.9312
vn -0.1505 0.3546 -0.9228
vn -0.1281 0.3457 -0.9296
vn -0.0330 0.2968 -0.9544
vn -0.0000 0.2668 -0.9638
vn 0.8627 0.5058 -0.0000
vn -0.0147 -0.9999 -0.0000
vn -0.0000 -1.0000 -0.0000
vn -0.1388 0.1254 0.9823
vn -0.1353 0.1728 0.9756
vn -0.1705 0.0516 0.9840
vn -0.1175 0.0960 0.9884
vn -0.1563 0.0917 0.9834
vn -0.1565 0.1374 0.9781
vn -0.1759 0.1520 0.9726
vn -0.1724 0.1460 0.9742
vn 0.0445 0.1632 0.9856
vn -0.0534 0.1690 0.9842
vn -0.0991 0.1187 0.9880
vn -0.1049 0.1334 0.9855
vn -0.1076 0.3307 0.9376
vn -0.1230 0.1292 0.9840
vn 0.0227 0.0770 0.9968
vn 0.1030 0.1271 0.9865
vn -0.2533 0.1642 0.9534
vn -0.3113 0.2306 0.9219
vn -0.2670 0.1552 0.9511
vn -0.2775 0.1426 0.9501
vn -0.3596 0.1253 0.9246
vn -0.2798 0.1243 0.9520
vn -0.2249 0.0761 0.9714
vn -0.1735 0.0386 0.9841
vn -0.2130 0.1011 0.9718
vn -0.1958 0.1046 0.9750
vn -0.1843 0.1074 0.9770
vn -0.2027 0.1265 0.9710
vn -0.1966 0.1415 0.9702
vn -0.1963 0.1641 0.9667
vn -0.2112 0.1529 0.9654
vn -0.2247 0.1739 0.9588
vn -0.2092 0.2192 0.9530
vn -0.2826 0.1096 0.9529
vn -0.3810 -0.0308 0.9240
vn -0.2660 0.0963 0.9592
vn -0.2573 0.0723 0.9636
vn -0.3208 -0.3981 0.8594
vn -0.3209 -0.0868 0.9431
vn -0.1332 0.1284 0.9827
vn -0.1441 0.1182 0.9825
vn -0.1518 0.1036 0.9830
vn -0.1143 0.0923 0.9891
vn -0.1564 0.0902 0.9836
vn -0.1485 0.0769 0.9859
vn -0.1376 0.0676 0.9882
vn -0.1415 0.0619 0.9880
vn -0.0965 0.0564 0.9937
vn -0.0758 0.0699 0.9947
vn -0.0755 0.0792 0.9940
vn -0.1278 0.0467 0.9907
vn -0.1097 0.0564 0.9924
vn -0.1447 0.0559 0.9879
vn -0.1560 0.0653 0.9856
vn -0.1844 0.0941 0.9783
vn -0.1200 0.0751 0.9899
vn -0.0926 0.0966 0.9910
vn -0.1185 0.1320 0.9841
vn -0.1199 0.1346 0.9836
vn -0.1998 0.3514 0.9146
vn -0.0749 0.9913 0.1080
vn -0.5298 0.0956 0.8427
vn -0.5817 -0.0670 0.8107
vn -0.3394 0.1708 0.9250
vn -0.1824 0.1469 0.9722
vn -0.1343 0.1422 0.9807
vn -0.0753 0.2710 0.9596
vn -0.2039 -0.0018 0.9790
vn -0.1312 0.0777 0.9883
vn -0.1047 0.0574 0.9928
vn -0.1433 0.0430 0.9887
vn -0.4045 0.0500 0.9132
vn -0.8843 -0.0313 0.4658
vn -0.7119 -0.1012 0.6949
vn -0.9870 -0.1603 0.0078
vn -0.9813 -0.1926 0.0049
vn -0.9811 -0.1936 -0.0008
vn -0.9378 -0.3471 -0.0047
vn -0.8951 -0.1818 0.4072
vn -0.9875 -0.1493 0.0506
vn -0.8218 0.5697 0.0018
vn -0.9844 -0.1756 0.0061
vn -0.0224 -0.1199 0.9925
vn -0.0000 -0.1975 0.9803
vn -0.0000 -0.1199 0.9928
vn -0.0223 -0.1994 0.9797
vn 0.0042 -0.9975 -0.0709
vn -0.0000 -0.9963 -0.0856
vn -0.0000 -0.9962 -0.0873
vn -0.4919 -0.3384 -0.8022
vn -0.5262 -0.3317 -0.7830
vn 0.7221 0.6026 -0.3398
vn 0.2796 0.9511 -0.1316
vn 0.2584 0.9583 -0.1216
vn -0.6415 -0.3144 -0.6997
vn -0.6590 -0.3357 -0.6730
vn -0.6122 -0.3368 -0.7154
vn -0.5870 -0.3491 -0.7305
vn 0.1678 -0.9827 -0.0789
vn 0.7041 0.6280 -0.3313
vn -0.0027 1.0000 0.0013
vn -0.0796 -0.3557 -0.9312
vn -0.1657 -0.3638 -0.9166
vn -0.3201 -0.3910 -0.8629
vn -0.0189 0.9758 -0.2177
vn -0.0000 0.9764 -0.2161
vn -0.0000 0.9765 -0.2157
vn -0.0778 -0.3498 -0.9336
vn -0.2179 -0.3547 -0.9092
vn -0.2477 -0.3572 -0.9006
vn -0.0097 -0.9893 -0.1458
vn -0.0467 -0.9897 -0.1356
vn -0.0337 -0.9905 -0.1334
vn 0.5620 -0.5654 -0.6037
vn 0.4794 -0.6939 -0.5374
vn -0.0000 -0.3443 -0.9389
vn -0.0745 -0.3496 -0.9339
vn -0.4901 -0.3980 -0.7755
vn -0.0000 -0.3459 -0.9383
vn -0.0854 -0.3507 -0.9326
vn 0.5903 0.5208 -0.6167
vn 0.3436 0.8072 -0.4800
vn -0.0208 0.9754 -0.2196
vn -0.0000 -0.9895 -0.1448
vn -0.0097 -0.9893 -0.1457
vn -0.5513 -0.3635 -0.7510
vn -0.2825 0.9381 -0.2003
vn -0.4967 0.8166 -0.2941
vn -0.5684 0.7600 -0.3152
vn 0.0080 -1.0000 -0.0017
vn 0.0061 -0.9999 -0.0096
vn 0.0006 -1.0000 -0.0003
vn -0.2317 0.1691 0.9580
vn -0.2388 0.0845 0.9674
vn -0.1418 0.0734 0.9872
vn -0.1229 0.1020 0.9872
vn -0.0678 0.0710 0.9952
vn -0.5421 -0.1562 0.8257
vn -0.6001 0.0278 0.7994
vn -0.5407 -0.1586 0.8261
vn -0.2461 -0.3877 0.8883
vn -0.4141 -0.3048 0.8577
vn -0.2423 -0.3888 0.8889
vn -0.4881 0.3974 0.7771
vn -0.5813 0.2245 0.7821
vn -0.5813 0.2243 0.7821
vn -0.0438 -0.3542 0.9342
vn 0.1200 -0.2548 0.9595
vn 0.1217 -0.2532 0.9597
vn 0.2854 0.0955 0.9536
vn 0.2376 -0.0957 0.9666
vn 0.2855 0.0964 0.9535
vn -0.5203 0.4568 0.7215
vn -0.3660 0.5584 0.7445
vn -0.5218 0.4553 0.7214
vn -0.6292 0.3032 0.7157
vn -0.6747 0.1219 0.7280
vn -0.6747 0.1211 0.7281
vn -0.6503 -0.0634 0.7570
vn -0.5608 -0.2216 0.7977
vn -0.5588 -0.2240 0.7985
vn -0.4123 -0.3365 0.8466
vn -0.2355 -0.3827 0.8934
vn -0.2317 -0.3829 0.8943
vn 0.1568 0.4498 0.8793
vn 0.2558 0.2895 0.9223
vn 0.1545 0.4522 0.8784
vn -0.1796 0.5955 0.7830
vn -0.0004 0.5591 0.8291
vn -0.1834 0.5955 0.7821
vn 0.2665 -0.2172 0.9390
vn 0.1255 -0.3385 0.9326
vn 0.2675 -0.2159 0.9390
vn 0.3540 -0.0506 0.9339
vn 0.3735 0.1345 0.9178
vn 0.3734 0.1358 0.9177
vn 0.3216 0.3155 0.8928
vn 0.2078 0.4602 0.8632
vn 0.2052 0.4625 0.8626
vn -0.3359 0.5206 0.7849
vn -0.4869 0.3987 0.7771
vn 0.0438 0.5529 0.8321
vn 0.0400 0.5541 0.8315
vn -0.0470 -0.3553 0.9336
vn 0.2379 -0.0950 0.9666
vn 0.2566 0.2874 0.9228
vn 0.0031 0.5576 0.8301
vn -0.3630 0.5596 0.7450
vn -0.6295 0.3025 0.7157
vn -0.6510 -0.0615 0.7566
vn -0.4157 -0.3348 0.8456
vn 0.1230 -0.3399 0.9324
vn -0.0529 -0.3997 0.9151
vn 0.3541 -0.0505 0.9339
vn 0.3227 0.3132 0.8931
vn -0.1462 0.5755 0.8046
vn -0.1500 0.5752 0.8041
vn -0.3332 0.5220 0.7851
vn -0.6003 0.0292 0.7993
vn -0.4171 -0.3026 0.8570
vn -0.0565 -0.4002 0.9147
vn -0.3185 -0.3868 -0.8654
vn 0.4455 0.7820 -0.4359
vn 0.7609 0.5210 0.3869
vn 0.4453 0.8683 -0.2187
vn 0.5667 -0.8013 -0.1917
vn -0.4877 -0.8580 0.1610
vn -0.4880 -0.8579 0.1611
vn -0.6645 0.7460 0.0437
vn -0.9726 0.0088 -0.2322
vn -0.9977 0.0084 0.0665
vn -0.6174 0.4887 -0.6164
vn -0.6308 0.7452 -0.2165
vn 0.2026 -0.8861 0.4169
vn -0.6334 -0.7415 -0.2215
vn -0.1796 -0.9777 -0.1091
vn 0.4462 0.8949 0.0011
vn -0.7722 -0.0001 -0.6354
vn -0.3346 0.5899 -0.7348
vn -0.1866 0.0849 -0.9788
vn -0.3903 0.8449 0.3657
vn -0.6529 0.7430 -0.1475
vn -0.2056 0.9711 -0.1209
vn -0.5854 -0.4920 -0.6444
vn -0.3705 -0.6691 -0.6442
vn -0.6722 -0.7390 0.0442
vn -0.9304 -0.1940 0.3109
vn -0.9306 -0.1931 0.3110
vn -0.1236 -0.9366 0.3278
vn -0.2706 -0.9600 -0.0722
vn 0.1633 -0.9828 0.0867
vn -0.8693 0.4831 0.1044
vn -0.9345 0.3560 -0.0013
vn -0.9310 0.2456 0.2700
vn -0.5752 -0.6386 -0.5112
vn -0.2457 -0.9644 -0.0974
vn -0.6683 0.6151 -0.4184
vn -0.2310 0.6584 -0.7164
vn -0.9629 0.1295 -0.2367
vn 0.3172 -0.0035 0.9483
vn 0.3179 -0.0048 0.9481
vn 0.3181 -0.0048 0.9481
vn 0.3173 -0.0017 0.9483
vn 0.3171 -0.0035 0.9484
vn 0.3169 -0.0019 0.9485
vn 0.3169 -0.0023 0.9485
vn 0.3174 -0.0017 0.9483
vn 0.3172 0.0001 0.9484
vn 0.3168 -0.0022 0.9485
vn 0.3173 0.0002 0.9483
vn 0.3167 -0.0028 0.9485
vn 0.3166 -0.0000 0.9486
vn 0.3182 -0.0043 0.9480
vn 0.3175 -0.0003 0.9483
vn 0.3198 -0.0069 0.9475
vn -0.6352 0.7419 0.2145
vn -0.6345 0.7426 0.2143
vn 0.9483 -0.0094 -0.3174
vn 0.5668 -0.8013 -0.1917
vn 0.9483 -0.0086 -0.3174
vn 0.5750 0.7957 -0.1905
vn 0.5746 0.7960 -0.1903
vn 0.9361 -0.3137 -0.1592
vn 0.9053 -0.2856 -0.3144
vn 0.9071 -0.2750 -0.3186
vn -0.5479 0.1789 0.8172
vn -0.6854 0.3283 0.6500
vn -0.7159 0.2259 0.6606
vn -0.9267 0.2993 -0.2273
vn -0.6954 0.3259 -0.6404
vn -0.7402 0.2071 -0.6397
vn -0.5745 0.1537 -0.8039
vn -0.2721 -0.9522 -0.1388
vn -0.4373 -0.8711 -0.2235
vn -0.4693 -0.8542 -0.2236
vn 0.2342 0.9555 -0.1792
vn 0.1097 0.9596 -0.2590
vn 0.2526 0.9547 -0.1576
vn 0.1058 0.9693 0.2220
vn 0.2375 0.9615 0.1383
vn 0.2536 0.9603 0.1158
vn 0.2791 0.9601 -0.0189
vn 0.2839 0.9587 -0.0189
vn -0.4152 -0.8752 0.2481
vn -0.2660 -0.9496 0.1656
vn -0.4414 -0.8619 0.2496
vn -0.2792 -0.9601 0.0189
vn -0.2840 -0.9586 0.0189
vn -0.9223 0.3078 0.2339
vn -0.9560 0.2935 -0.0022
vn -0.8751 0.4326 -0.2168
vn 0.9075 -0.2738 0.3186
vn 0.9372 -0.3077 0.1643
vn 0.9094 -0.2630 0.3224
vn 0.9560 -0.2932 0.0022
vn 0.9390 -0.3125 -0.1436
vn 0.9381 -0.3124 -0.1498
vn 0.9588 -0.2839 0.0020
vn 0.9050 -0.2727 0.3266
vn 0.9391 -0.3067 0.1549
vn -0.9618 0.1620 -0.2208
vn -0.9879 0.1551 0.0005
vn -0.7399 0.1331 0.6595
vn -0.9581 0.1701 0.2306
vn -0.7606 0.0931 -0.6425
vn -0.6175 0.1676 -0.7685
vn -0.5934 0.1912 0.7819
vn 0.9027 -0.2849 -0.3224
vn 0.9400 -0.3071 0.1487
vn -0.8715 0.4397 0.2173
vn -0.2387 0.1254 0.9630
vn -0.2387 0.1255 0.9630
vn -0.2387 0.1254 0.9629
vn -0.2387 0.1255 0.9629
vn -0.1157 0.0956 0.9887
vn -0.1157 0.0955 0.9887
vn -0.9469 0.3210 -0.0171
vn -0.9928 0.0183 0.1188
vn -0.3105 0.9008 -0.3035
vn 0.5028 0.8587 0.0991
vn -0.0412 0.9257 0.3760
vn -0.4566 0.8379 0.2991
vn -0.0614 0.9906 0.1221
vn -0.0000 0.9907 0.1362
vn -0.2965 0.8436 -0.4477
vn -0.0132 0.8836 -0.4681
vn -0.0000 0.1870 -0.9824
vn -0.0000 -0.3450 -0.9386
vn -0.8200 -0.2568 -0.5115
vn -0.8274 0.4877 0.2785
vn -0.9911 -0.1256 -0.0451
vn -0.8203 0.5720 -0.0000
vn -0.6850 0.7165 0.1320
vn -0.7514 0.1685 -0.6379
vn -0.0000 -0.0249 0.9997
vn -0.0000 -0.0994 0.9950
vn 0.0015 -1.0000 0.0010
vn 0.0012 -1.0000 0.0012
vn 0.0008 -1.0000 0.0014
vn 0.0005 -1.0000 0.0015
vn 0.0002 -1.0000 0.0013
vn 0.0001 -1.0000 0.0012
vn -0.0000 -0.9998 0.0210
vn -0.0000 -1.0000 0.0012
vn -0.0541 -0.9984 -0.0145
vn -0.1093 -0.9940 -0.0050
vn 0.0018 -1.0000 0.0020
vn 0.0059 -1.0000 0.0025
vn -0.0001 -0.9993 0.0377
vn -0.0000 -0.9954 0.0963
vn -0.0030 -0.9951 0.0987
vn -0.0093 -0.9946 0.1029
vn -0.0225 -0.9948 0.0995
vn -0.0203 -0.9943 0.1044
vn 0.0155 -0.9907 0.1350
vn -0.0000 -0.9902 0.1400
vn 0.0051 -0.9901 0.1402
vn -0.9989 0.0359 -0.0314
vn -0.7957 0.3653 -0.4832
vn -0.9419 -0.0537 0.3316
vn -0.9258 0.3781 -0.0030
vn 0.5730 0.5709 -0.5880
vn -0.0000 0.0281 -0.9996
vn 0.4359 0.6636 0.6080
vn -0.2654 0.8607 -0.4345
vn -0.2276 0.8620 -0.4529
vn 0.0712 0.9576 0.2793
vn -0.0000 0.9505 -0.3108
vn -0.2411 0.9701 0.0261
vn -0.1507 0.8737 0.4626
vn -0.1831 0.9412 0.2839
vn 0.0764 0.9057 0.4169
vn 0.0747 0.8911 0.4475
vn -0.6867 0.4303 -0.5859
vn -0.0000 0.3035 -0.9528
vn -0.2766 0.4061 -0.8710
vn -0.0000 0.2525 -0.9676
vn -0.0075 0.1505 0.9886
vn -0.1841 -0.3257 0.9274
vn 0.0045 -0.9976 -0.0691
vn -0.6760 -0.3283 -0.6597
vn -0.0000 -0.3441 -0.9389
vn -0.0000 -0.9895 -0.1446
vn -0.5305 -0.3618 -0.7666
vn 0.0013 -1.0000 -0.0011
vn -0.0000 -0.9593 -0.2824
vn 0.0089 -0.9592 -0.2826
vn 0.0247 -0.9867 -0.1609
vn 0.0147 -0.9984 -0.0545
vn 0.0069 -1.0000 -0.0025
vn -0.0000 -0.9999 -0.0154
vn 0.3159 -0.0005 0.9488
vn -0.5944 0.1915 0.7810
vn -0.6164 0.1674 -0.7695
vn -0.2509 -0.9613 -0.1138
vn 0.0843 0.9626 -0.2576
vn 0.0815 0.9716 0.2220
vn -0.2504 -0.9576 0.1423
vn -0.9130 0.4078 -0.0045
vn 0.5366 0.8150 -0.2186
vn 0.2846 0.9382 -0.1970
vn 0.2849 0.9511 -0.1192
vn 0.6710 0.6731 -0.3110
vn 0.5680 0.7598 -0.3164
vn 0.4897 0.8256 -0.2803
vn 0.2872 0.9497 -0.1251
vn 0.2943 0.9505 -0.0998
vn 0.4870 0.8719 -0.0504
vn 0.2900 0.9528 -0.0900
vn 0.3119 0.9091 -0.2760
vn 0.4581 0.8812 -0.1166
vn 0.9033 0.4251 0.0575
vn 0.8912 0.3547 -0.2828
vn 0.8201 0.4853 -0.3032
vn 0.9453 0.3252 0.0249
vn 0.9951 -0.0776 0.0604
vn 0.9807 0.0261 0.1936
vn 0.9213 0.3643 -0.1362
vn 0.6364 0.7592 -0.1367
vn 0.9820 -0.1763 0.0671
vn 0.9570 -0.0585 0.2841
vn 0.9836 -0.1800 0.0071
vn 0.9966 -0.0816 0.0072
vn 0.9979 -0.0640 0.0043
vn 0.9526 0.3043 -0.0014
vn 0.9459 0.3245 -0.0010
vn 0.8214 0.5691 -0.0386
vn 0.6622 0.7492 -0.0160
vn 0.8185 0.5744 -0.0062
vn 0.9814 -0.1918 0.0039
vn 0.9865 -0.1639 -0.0000
vn 0.9992 -0.0384 0.0091
vn 0.9902 -0.1394 0.0021
vn 0.6459 0.7633 -0.0136
vn 0.6357 0.7718 -0.0142
vn 0.9811 -0.1933 -0.0000
vn 0.9446 0.3283 -0.0005
vn 0.9988 -0.0424 -0.0252
vn 0.9443 0.1683 -0.2829
vn 0.9827 -0.1764 -0.0558
vn 0.7153 0.6983 -0.0258
vn 0.6639 0.7477 -0.0132
vn 0.8596 0.5099 -0.0330
vn 0.9899 -0.1409 -0.0147
vn 0.9637 -0.2664 -0.0199
vn 0.9416 0.3354 -0.0293
vn 0.9970 0.0485 -0.0597
vn 0.7038 0.7104 0.0062
vn 0.9706 0.2280 -0.0770
vn 0.9404 0.3221 0.1093
vn 0.9462 0.2865 0.1503
vn 0.9851 0.0215 0.1704
vn 0.9810 -0.1231 0.1498
vn 0.9747 -0.1551 0.1612
vn 0.9384 -0.3038 0.1644
vn 0.7254 0.6865 0.0490
vn 0.7501 0.6568 0.0772
vn 0.8210 0.5622 0.0992
vn 0.7737 0.6327 0.0311
vn 0.7053 0.7086 0.0206
vn 0.9536 -0.1416 0.2656
vn 0.9124 -0.3134 0.2633
vn 0.7866 0.6130 0.0746
vn 0.9463 0.3213 0.0365
vn 0.7999 0.6002 -0.0029
vn 0.5781 0.6112 0.5406
vn 0.8805 -0.0692 0.4690
vn 0.9212 -0.0637 0.3838
vn 0.6824 0.4658 0.5634
vn 0.8710 0.1550 0.4662
vn 0.9843 -0.1680 0.0534
vn 0.9836 -0.1802 0.0114
vn 0.8103 0.5845 -0.0413
vn 0.9533 0.3019 0.0028
vn 0.9967 -0.0814 0.0063
vn 0.5525 0.7639 -0.3334
vn 0.7050 0.6848 -0.1845
vn 0.6018 0.7829 -0.1577
vn 0.3049 0.8372 -0.4539
vn 0.4170 0.8741 -0.2491
vn 0.7459 0.6654 -0.0298
vn 0.4817 0.8716 -0.0915
vn 0.2628 0.9513 -0.1609
vn 0.1035 0.9762 -0.1905
vn 0.1253 0.9759 -0.1789
vn 0.0091 0.9871 -0.1597
vn 0.1036 0.9767 -0.1879
vn 0.0601 0.9780 -0.1999
vn 0.0592 0.9860 -0.1556
vn 0.0962 0.9852 -0.1415
vn 0.2249 0.9732 -0.0484
vn 0.0553 0.9966 -0.0613
vn 0.0925 0.9944 -0.0506
vn 0.7087 0.7055 -0.0052
vn 0.4330 0.9010 -0.0264
vn -0.1354 0.9745 -0.1787
vn -0.4519 0.8874 -0.0909
vn 0.1131 0.9929 -0.0371
vn 0.0846 0.9964 -0.0037
vn 0.0499 0.9987 -0.0043
vn 0.6224 0.7826 -0.0073
vn 0.4139 0.9103 0.0033
vn 0.6163 0.7875 -0.0005
vn -0.4642 0.8828 -0.0718
vn -0.4798 0.8771 -0.0224
vn 0.2033 0.9791 -0.0021
vn 0.0465 0.9988 0.0169
vn 0.6123 0.7906 -0.0012
vn 0.3569 0.9339 0.0234
vn -0.4806 0.8767 -0.0198
vn -0.4873 0.8732 0.0027
vn 0.1352 0.9905 0.0238
vn 0.1026 0.9947 -0.0000
vn 0.0816 0.9965 0.0175
vn 0.6183 0.7776 0.1144
vn 0.3240 0.9366 0.1336
vn 0.2766 0.9368 0.2145
vn 0.0456 0.9964 0.0710
vn -0.1969 0.9753 0.1004
vn 0.1497 0.9765 0.1553
vn 0.1168 0.9805 0.1578
vn 0.1825 0.9742 0.1330
vn 0.2064 0.9519 0.2262
vn 0.0886 0.9930 0.0775
vn 0.1059 0.9845 0.1396
vn 0.0510 0.9912 0.1223
vn 0.1057 0.9941 0.0231
vn -0.4895 0.8719 0.0100
vn 0.5894 0.8069 0.0399
vn 0.3769 0.9259 0.0238
vn 0.3628 0.9313 -0.0310
vn 0.3125 0.9499 -0.0107
vn 0.8236 0.5587 0.0979
vn 0.5462 0.8332 0.0857
vn 0.8023 0.5861 0.1127
vn 0.7834 0.6025 0.1524
vn 0.7292 0.6555 0.1962
vn 0.6271 0.7608 0.1673
vn 0.2388 0.9708 -0.0221
vn 0.4395 0.8978 0.0286
vn 0.2156 0.9747 0.0586
vn 0.3110 0.9493 0.0459
vn 0.1038 0.9898 0.0980
vn 0.1762 0.9798 0.0946
vn 0.2398 0.3462 0.9070
vn 0.2738 0.9613 0.0317
vn 0.0771 0.9969 -0.0184
vn 0.0691 0.9955 -0.0651
vn 0.0628 0.9976 0.0302
vn 0.0610 0.9980 0.0180
vn 0.0215 0.9996 0.0207
vn 0.0693 0.9976 0.0043
vn 0.0226 0.9995 0.0198
vn 0.0220 0.9993 0.0291
vn 0.0262 0.9965 0.0798
vn 0.0725 0.9947 0.0725
vn 0.0882 0.9956 0.0330
vn 0.3083 0.4725 0.8256
vn 0.1796 0.4996 0.8474
vn 0.1678 0.3397 0.9254
vn 0.1575 0.5106 0.8453
vn 0.0933 0.5041 0.8586
vn 0.0425 0.4825 0.8748
vn 0.0337 0.3550 0.9342
vn 0.0686 0.2023 0.9769
vn 0.0749 0.1231 0.9896
vn 0.0297 0.1212 0.9922
vn 0.0675 0.1398 0.9879
vn 0.0924 0.0096 0.9957
vn 0.0987 -0.1054 0.9895
vn 0.0953 -0.0463 0.9944
vn 0.0522 0.0255 0.9983
vn 0.0175 0.9206 0.3902
vn 0.0163 0.9205 0.3904
vn 0.0397 0.9249 0.3782
vn 0.0498 0.0741 0.9960
vn 0.0580 -0.0543 0.9968
vn 0.0960 -0.1199 0.9881
vn 0.0686 -0.4358 0.8974
vn 0.0869 -0.4356 0.8959
vn 0.0622 -0.5563 0.8287
vn 0.0323 0.5090 0.8601
vn 0.0294 0.7835 0.6207
vn 0.0587 0.7825 0.6199
vn 0.0657 -0.7186 0.6923
vn 0.0329 -0.7198 0.6934
vn 0.0336 -0.7198 0.6934
vn 0.0801 -0.5534 0.8291
vn 0.3326 -0.5402 0.7731
vn 0.3038 -0.4169 0.8567
vn 0.0447 0.9255 0.3761
vn 0.1151 0.9203 0.3740
vn 0.1483 0.9109 0.3852
vn 0.0601 0.7824 0.6199
vn 0.1947 0.7688 0.6091
vn 0.0986 0.0748 0.9923
vn 0.3165 -0.1121 0.9420
vn 0.0670 -0.7185 0.6922
vn 0.3185 -0.6966 0.6429
vn 0.2462 -0.6980 0.6724
vn 0.7379 -0.4063 0.5390
vn 0.7672 0.0597 0.6386
vn 0.3304 0.0696 0.9413
vn 0.2527 0.7771 0.5764
vn 0.4759 0.8063 0.3511
vn 0.7770 -0.1025 0.6211
vn 0.5993 -0.6644 0.4466
vn 0.2666 0.8569 0.4412
vn 0.6570 -0.6381 0.4014
vn 0.8581 -0.4748 0.1953
vn 0.8260 -0.5225 0.2115
vn 0.7454 0.6639 0.0605
vn 0.7231 0.6788 0.1279
vn 0.7326 0.6804 -0.0186
vn 0.9515 -0.2875 0.1090
vn 0.9314 -0.3514 0.0945
vn 0.5108 0.7386 0.4400
vn 0.4245 0.7847 0.4516
vn 0.1655 0.1556 0.9739
vn 0.2128 0.1933 0.9578
vn 0.1324 0.0363 0.9905
vn 0.1346 0.0480 0.9897
vn 0.1180 0.0437 0.9921
vn 0.2130 0.3842 0.8983
vn 0.5723 -0.0704 0.8170
vn 0.5667 -0.0805 0.8200
vn 0.3126 0.1341 0.9404
vn 0.2777 0.3541 0.8930
vn 0.4624 0.1939 0.8652
vn 0.6498 0.0695 0.7569
vn 0.7083 -0.0752 0.7019
vn 0.1077 0.9916 0.0718
vn 0.0468 0.9917 0.1201
vn 0.0250 0.9918 0.1250
vn 0.7041 -0.4776 0.5255
vn 0.8897 -0.3236 0.3219
vn 0.9990 0.0012 0.0443
vn 0.7294 0.6110 -0.3076
vn 0.6761 0.6836 -0.2748
vn 0.9921 0.0318 -0.1213
vn 0.9465 0.2135 -0.2418
vn 0.8819 0.3894 -0.2658
vn 0.7056 0.6599 -0.2583
vn 0.8873 0.3651 -0.2818
vn 0.8048 0.3844 -0.4522
vn 0.4869 0.7890 -0.3748
vn 0.6279 0.4596 -0.6281
vn 0.4118 0.5519 -0.7252
vn 0.2456 0.8624 -0.4428
vn 0.2981 0.5631 -0.7707
vn 0.1777 0.8634 -0.4722
vn 0.1771 0.5668 -0.8046
vn 0.0842 0.8733 -0.4799
vn 0.0557 0.5854 -0.8088
vn 0.7248 0.0602 -0.6863
vn 0.2105 0.1816 -0.9606
vn 0.5147 0.1604 -0.8423
vn 0.0784 0.1865 -0.9793
vn 0.8604 -0.0285 -0.5088
vn 0.3501 0.1752 -0.9202
vn 0.9722 0.0323 -0.2317
vn 0.9901 -0.0819 -0.1139
vn 0.9737 -0.0710 -0.2164
vn 0.9369 0.0148 -0.3492
vn 0.0449 -0.8195 -0.5713
vn 0.0471 -0.8195 -0.5712
vn 0.2078 -0.8025 -0.5594
vn 0.2208 -0.8001 -0.5577
vn 0.1321 -0.8132 -0.5668
vn 0.4878 -0.7618 -0.4263
vn 0.5359 -0.7551 -0.3776
vn 0.3695 -0.7760 -0.5112
vn 0.1199 -0.8144 -0.5677
vn 0.3123 -0.7793 -0.5432
vn 0.5857 -0.7321 -0.3478
vn 0.5915 -0.7278 -0.3470
vn 0.8153 -0.5100 -0.2743
vn 0.8098 -0.5085 -0.2928
vn 0.6714 -0.6868 -0.2786
vn 0.9806 -0.1614 -0.1117
vn 0.9510 -0.1805 -0.2510
vn 0.6417 -0.7089 -0.2927
vn 0.0768 -0.3507 -0.9333
vn 0.0734 -0.3504 -0.9337
vn 0.2888 -0.3781 -0.8796
vn 0.4265 -0.3943 -0.8140
vn 0.3718 -0.3827 -0.8458
vn 0.7518 -0.3113 -0.5813
vn 0.7678 -0.2909 -0.5708
vn 0.6836 -0.3152 -0.6583
vn 0.2071 -0.3591 -0.9100
vn 0.2075 -0.3555 -0.9114
vn -0.7607 -0.5415 -0.3579
vn -0.8893 -0.1845 -0.4184
vn -0.2412 -0.9638 -0.1135
vn 0.7843 -0.2671 -0.5599
vn 0.6848 -0.3158 -0.6567
vn 0.9703 -0.0159 -0.2412
vn 0.9143 0.0245 -0.4043
vn 0.9918 -0.0463 -0.1191
vn 0.8678 -0.2316 -0.4395
vn 0.8606 0.0337 -0.5082
vn 0.9198 -0.1681 -0.3546
vn 0.0694 0.5443 -0.8360
vn 0.2054 0.5340 -0.8202
vn 0.1904 0.5357 -0.8227
vn 0.2976 0.5209 -0.8000
vn 0.4889 0.4760 -0.7311
vn 0.4326 0.4919 -0.7555
vn 0.6896 0.3808 -0.6160
vn 0.7597 0.3173 -0.5676
vn 0.7751 0.3149 -0.5477
vn 0.0673 0.5444 -0.8361
vn 0.2957 0.5212 -0.8005
vn 0.6593 0.4103 -0.6301
vn 0.1888 -0.5462 -0.8161
vn 0.2039 -0.5445 -0.8136
vn 0.0688 -0.5549 -0.8291
vn 0.4292 -0.5024 -0.7506
vn 0.4864 -0.4860 -0.7261
vn 0.2953 -0.5314 -0.7940
vn 0.7766 -0.3330 -0.5347
vn 0.7775 -0.3368 -0.5311
vn 0.6928 -0.3981 -0.6013
vn 0.0667 -0.5550 -0.8292
vn 0.2935 -0.5317 -0.7945
vn 0.6558 -0.4199 -0.6274
vn 0.8809 -0.0141 -0.4730
vn 0.9812 -0.0364 -0.1896
vn 0.9369 -0.0334 -0.3479
vn 0.9961 -0.0320 -0.0827
vn 0.8482 -0.2694 -0.4561
vn 0.9105 -0.2274 -0.3454
vn 0.9606 -0.1897 -0.2032
vn 0.9855 -0.1470 -0.0843
vn -0.0021 1.0000 -0.0000
vn -0.0009 1.0000 -0.0000
vn 0.0325 -0.9995 -0.0000
vn 0.0183 -0.9998 -0.0000
vn 0.7328 0.6804 -0.0107
vn 0.9080 0.3759 -0.1851
vn 0.8739 0.4111 -0.2592
vn 0.7838 0.5465 0.2951
vn 0.8399 0.4947 -0.2234
vn 0.7850 0.6014 0.1486
vn 0.9887 -0.1271 0.0795
vn 0.9426 -0.3142 0.1126
vn 0.9645 0.1145 0.2379
vn 0.9025 0.4223 -0.0845
vn 0.9970 -0.0774 -0.0024
vn 0.9869 -0.1597 0.0233
vn 0.9975 -0.0563 -0.0428
vn 0.9986 -0.0357 -0.0402
vn 0.9050 0.0944 0.4148
vn 0.9959 -0.0901 0.0051
vn 0.9965 -0.0832 0.0113
vn 0.9926 -0.1173 0.0305
vn 0.9945 -0.1046 -0.0049
vn 0.8288 0.5594 -0.0097
vn 0.9268 0.3731 -0.0427
vn 0.9547 0.2975 -0.0003
vn 0.9715 -0.2260 -0.0711
vn 0.9528 -0.3037 -0.0006
vn 0.3921 0.9083 -0.1459
vn 0.9212 0.3185 -0.2234
vn 0.9294 0.3651 0.0546
vn 0.8202 0.5720 0.0078
vn 0.8225 0.5687 0.0098
vn 0.8909 0.4542 -0.0000
vn 0.9864 -0.1460 -0.0749
vn 0.9739 -0.2142 0.0748
vn 0.9869 -0.0915 0.1332
vn 0.7353 -0.6778 -0.0006
vn 0.8310 -0.5498 0.0847
vn 0.8321 -0.5508 -0.0651
vn 0.9918 0.0959 -0.0848
vn 0.9959 0.0900 -0.0063
vn 1.0000 -0.0000 0.0018
vn 0.9581 -0.2700 0.0956
vn 0.9997 -0.0092 0.0243
vn 0.9840 -0.1767 0.0221
vn 0.9938 -0.1104 -0.0101
vn 0.9406 -0.3377 0.0356
vn 0.8025 0.4076 -0.4359
vn 0.7466 0.2364 -0.6219
vn 1.0000 0.0013 0.0034
vn 0.7770 0.0732 -0.6252
vn 0.7719 0.0851 -0.6301
vn 0.7771 0.0655 -0.6260
vn 0.9250 -0.3783 0.0348
vn 0.9223 0.2982 -0.2458
vn 0.3375 0.9315 0.1353
vn 0.8471 0.4765 0.2353
vn 0.8895 0.3468 0.2974
vn 0.8907 -0.1487 0.4295
vn 0.7448 -0.0111 0.6672
vn 0.9861 -0.0708 0.1501
vn -0.2114 -0.9761 0.0509
vn 0.0016 -0.0284 0.9996
vn -0.2266 -0.1824 0.9568
vn -0.2047 -0.8612 0.4653
vn -0.2904 -0.3465 -0.8919
vn -0.2662 -0.6423 -0.7188
vn -0.2377 -0.0116 0.9713
vn -0.2099 -0.0151 0.9776
vn -0.3370 -0.1106 -0.9350
vn -0.2882 -0.1471 -0.9462
vn -0.2068 -0.5993 0.7734
vn 0.0007 -0.0158 0.9999
vn -0.0054 -0.0204 0.9998
vn -0.2059 -0.3971 0.8944
vn -0.2345 -0.8895 -0.3923
vn -0.2512 -0.1391 -0.9579
vn -0.3013 -0.1459 -0.9423
vn -0.2749 -0.3358 -0.9009
vn -0.2534 -0.6330 -0.7315
vn -0.2123 -0.0225 0.9769
vn -0.2015 -0.5948 0.7782
vn -0.2421 0.0083 0.9702
vn -0.2203 -0.0276 0.9750
vn -0.2132 -0.3910 0.8954
vn -0.2324 -0.8803 -0.4137
vn -0.2029 -0.9783 0.0410
vn -0.1951 -0.8625 0.4669
vn -0.2197 -0.1749 0.9598
vn -0.3580 -0.3038 -0.8829
vn -0.3445 -0.5933 -0.7276
vn -0.4244 -0.1029 -0.8996
vn -0.4015 -0.0970 -0.9107
vn -0.3054 -0.8867 0.3472
vn -0.3439 -0.6927 0.6340
vn -0.4227 -0.0975 0.9010
vn -0.2964 -0.9550 0.0034
vn -0.3145 -0.8616 -0.3984
vn -0.3930 -0.3715 0.8411
vn -0.3611 -0.5626 -0.7437
vn -0.3110 -0.8481 -0.4290
vn -0.3856 -0.3446 0.8559
vn -0.2748 -0.9615 0.0037
vn -0.3963 -0.2488 -0.8838
vn -0.2528 -0.3082 -0.9171
vn -0.3762 -0.1878 -0.9073
vn -0.4473 0.0079 0.8944
vn -0.4201 -0.0859 0.9034
vn -0.2888 -0.8848 0.3657
vn -0.3366 -0.6680 0.6637
vn -0.2261 -0.0243 0.9738
vn -0.3638 -0.0203 0.9313
vn 0.0015 -0.9999 -0.0117
vn -0.0035 -1.0000 -0.0005
vn -0.0071 -1.0000 0.0016
vn -0.0003 -0.9999 0.0147
vn -0.0008 -0.9999 0.0114
vn 0.0038 -0.9941 0.1082
vn -0.0040 -0.9927 0.1208
vn -0.0093 -0.9923 0.1237
vn 0.8413 -0.0530 -0.5379
vn 0.8359 -0.1219 -0.5351
vn 0.8401 -0.0730 -0.5375
vn 0.9991 0.0285 -0.0310
vn 0.9991 0.0282 -0.0310
vn 0.9989 0.0357 -0.0314
vn 0.5813 0.6144 0.5335
vn 0.6086 0.5602 0.5620
vn 0.5309 0.4865 0.6939
vn 0.8508 -0.1141 -0.5130
vn 0.8505 -0.1146 -0.5134
vn 0.5403 0.8413 -0.0177
vn 0.5375 0.8430 -0.0179
vn 0.9082 0.4185 -0.0050
vn 0.8911 0.4537 -0.0041
vn 0.9102 0.4143 -0.0019
vn 0.8303 0.5573 0.0001
vn 0.8772 0.4802 0.0022
vn 0.8755 0.4833 0.0013
vn 0.4731 0.8808 -0.0179
vn 0.4700 0.8825 -0.0178
vn 0.8083 0.3214 -0.4933
vn 0.9941 -0.0099 0.1084
vn 0.9993 -0.0186 0.0323
vn 0.9986 -0.0283 0.0455
vn 0.9957 -0.0179 0.0912
vn 0.9771 0.0510 0.2064
vn 0.9382 -0.0555 0.3417
vn 0.9421 0.0174 0.3348
vn 0.9418 -0.0541 0.3319
vn 0.7923 0.2019 -0.5758
vn 0.9704 0.0680 0.2318
vn 0.9995 0.0202 0.0242
vn 0.9995 0.0194 0.0242
vn 0.4534 0.8911 -0.0186
vn 0.9097 0.4153 0.0007
vn 0.9154 0.4026 0.0042
vn 0.9103 0.4138 0.0001
vn 0.8346 0.5508 0.0025
vn -0.4512 -0.0000 0.8924
vn -0.2736 -0.0000 0.9619
vn -0.2723 -0.1883 0.9436
vn -0.2647 -0.0000 0.9643
vn -0.2640 -0.1861 0.9464
vn -0.1761 -0.0000 0.9844
vn 0.2978 0.3068 -0.9040
vn 0.2898 0.2930 -0.9111
vn 0.3000 0.2993 -0.9058
vn -0.1856 0.7780 -0.6003
vn -0.8915 0.2117 -0.4005
vn -0.8821 0.2302 -0.4110
vn -0.5605 0.5810 -0.5901
vn -0.1773 0.7865 -0.5916
vn 0.2367 0.3077 -0.9216
vn 0.2992 0.3139 -0.9011
vn 0.2487 0.3124 -0.9168
vn 0.1442 0.1898 -0.9712
vn 0.1353 0.1821 -0.9739
vn -0.4424 0.6525 0.6153
vn -0.4806 -0.2508 0.8403
vn -0.2554 -0.3661 0.8949
vn -0.4147 -0.4792 0.7736
vn -0.2492 -0.3625 0.8980
vn -0.1714 -0.3566 0.9184
vn -0.5979 -0.4320 0.6752
vn -0.0044 1.0000 -0.0005
vn -0.0072 1.0000 -0.0008
vn -0.0125 0.9999 -0.0015
vn 0.2667 0.8339 -0.4832
vn 0.1810 0.8574 -0.4818
vn 0.2421 0.8504 -0.4671
vn 0.0863 0.8675 -0.4898
vn 0.1653 0.8684 -0.4674
vn -0.8629 0.5053 -0.0106
vn -0.8283 0.5602 -0.0129
vn -0.8253 0.5643 -0.0208
vn 0.1475 0.1905 0.9705
vn 0.1508 0.1932 0.9695
vn 0.2047 0.1735 0.9633
vn 0.2046 0.1675 0.9644
vn 0.1395 0.1920 0.9714
vn -0.1124 0.9531 -0.2811
vn -0.1063 0.9531 -0.2834
vn -0.0306 0.9437 -0.3294
vn -0.2001 0.8083 0.5537
vn -0.2038 0.8050 0.5571
vn -0.0964 0.9890 0.1124
vn 0.0770 0.1179 0.9900
vn 0.0753 0.1189 0.9900
vn 0.1085 0.2025 0.9733
vn -0.1490 0.3284 0.9327
vn -0.0059 0.7267 0.6869
vn -0.1310 0.7255 0.6756
vn -0.0193 0.9451 -0.3261
vn -0.1287 0.9714 -0.1998
vn -0.0712 0.4056 0.9113
vn 0.2839 0.8783 0.3846
vn 0.2706 0.8862 0.3759
vn 0.4806 0.8182 0.3157
vn 0.3470 0.8593 0.3757
vn 0.0626 0.9210 0.3844
vn 0.1715 0.9028 0.3944
vn 0.1893 0.8831 0.4292
vn -0.1827 -0.1883 0.9650
vn 0.2627 0.4089 -0.8740
vn 0.3286 0.4059 -0.8528
vn 0.3246 0.4072 -0.8537
vn 0.7636 0.4293 -0.4823
vn 0.7228 0.5441 -0.4261
vn 0.8179 0.5095 -0.2675
vn 0.5301 0.4282 -0.7319
vn 0.4047 0.4248 -0.8098
vn 0.3249 0.4064 -0.8540
vn 0.6804 0.4423 -0.5843
vn 0.7904 0.4118 -0.4535
vn 0.6766 0.4496 -0.5832
vn 0.8059 0.5172 -0.2881
vn 0.6587 0.5962 -0.4591
vn 0.6731 0.4638 -0.5760
vn 0.4952 0.4843 -0.7212
vn 0.5152 0.4449 -0.7326
vn 0.3951 0.4688 -0.7901
vn 0.2639 0.4088 -0.8736
vn 0.3247 0.4050 -0.8547
vn 0.1915 0.3719 -0.9083
vn 0.2204 0.4305 -0.8753
vn 0.0343 0.3189 -0.9472
vn 0.1604 0.3531 -0.9218
vn 0.0237 0.3295 -0.9439
vn 0.0235 0.3309 -0.9434
vn 0.1276 0.4806 -0.8676
vn 0.1505 0.3546 -0.9228
vn 0.0330 0.2968 -0.9544
vn 0.1281 0.3457 -0.9296
vn -0.8627 0.5058 -0.0000
vn 0.0147 -0.9999 -0.0000
vn 0.1388 0.1254 0.9823
vn 0.1353 0.1728 0.9756
vn 0.1705 0.0516 0.9840
vn 0.1563 0.0917 0.9834
vn 0.1175 0.0960 0.9884
vn 0.1565 0.1374 0.9781
vn 0.1724 0.1460 0.9742
vn 0.1759 0.1520 0.9726
vn -0.0445 0.1632 0.9856
vn 0.0991 0.1187 0.9880
vn 0.0534 0.1690 0.9842
vn 0.1049 0.1334 0.9855
vn 0.1230 0.1292 0.9840
vn 0.1076 0.3307 0.9376
vn -0.0227 0.0770 0.9968
vn -0.1030 0.1271 0.9865
vn 0.2533 0.1642 0.9534
vn 0.2670 0.1552 0.9511
vn 0.3113 0.2306 0.9219
vn 0.2775 0.1426 0.9501
vn 0.2798 0.1243 0.9520
vn 0.3596 0.1253 0.9246
vn 0.2249 0.0761 0.9714
vn 0.2130 0.1011 0.9718
vn 0.1735 0.0386 0.9841
vn 0.1958 0.1046 0.9750
vn 0.2027 0.1265 0.9710
vn 0.1843 0.1074 0.9770
vn 0.1966 0.1415 0.9702
vn 0.2112 0.1529 0.9654
vn 0.1963 0.1641 0.9667
vn 0.2247 0.1739 0.9588
vn 0.2092 0.2192 0.9530
vn 0.2826 0.1096 0.9529
vn 0.2660 0.0963 0.9592
vn 0.3810 -0.0308 0.9240
vn 0.2575 0.0720 0.9636
vn 0.3209 -0.0868 0.9431
vn 0.3208 -0.3981 0.8594
vn 0.1332 0.1284 0.9827
vn 0.1441 0.1182 0.9825
vn 0.1518 0.1036 0.9830
vn 0.1564 0.0902 0.9836
vn 0.1143 0.0923 0.9891
vn 0.1485 0.0769 0.9859
vn 0.1415 0.0619 0.9880
vn 0.1376 0.0676 0.9882
vn 0.0965 0.0564 0.9937
vn 0.0755 0.0792 0.9940
vn 0.0758 0.0699 0.9947
vn 0.1278 0.0467 0.9907
vn 0.1097 0.0564 0.9924
vn 0.1560 0.0653 0.9856
vn 0.1447 0.0559 0.9879
vn 0.1844 0.0941 0.9783
vn 0.1200 0.0751 0.9899
vn 0.0926 0.0966 0.9910
vn 0.1185 0.1320 0.9841
vn 0.1199 0.1346 0.9836
vn 0.1998 0.3514 0.9146
vn 0.0749 0.9913 0.1080
vn 0.5298 0.0956 0.8427
vn 0.5817 -0.0670 0.8107
vn 0.3394 0.1708 0.9250
vn 0.1824 0.1469 0.9722
vn 0.1343 0.1422 0.9807
vn 0.0753 0.2710 0.9596
vn 0.2039 -0.0018 0.9790
vn 0.1312 0.0777 0.9883
vn 0.1047 0.0574 0.9928
vn 0.1433 0.0430 0.9887
vn 0.4045 0.0500 0.9132
vn 0.8843 -0.0313 0.4658
vn 0.7119 -0.1012 0.6949
vn 0.9813 -0.1926 0.0049
vn 0.9870 -0.1603 0.0078
vn 0.9811 -0.1936 -0.0008
vn 0.9378 -0.3471 -0.0047
vn 0.9875 -0.1493 0.0506
vn 0.8951 -0.1818 0.4072
vn 0.8218 0.5697 0.0018
vn 0.9844 -0.1756 0.0061
vn 0.0224 -0.1199 0.9925
vn 0.0223 -0.1994 0.9797
vn -0.0042 -0.9975 -0.0709
vn 0.5262 -0.3317 -0.7830
vn 0.4919 -0.3384 -0.8022
vn -0.7221 0.6026 -0.3398
vn -0.2584 0.9583 -0.1216
vn -0.2796 0.9511 -0.1316
vn 0.6415 -0.3144 -0.6997
vn 0.6590 -0.3357 -0.6730
vn 0.5870 -0.3491 -0.7305
vn 0.6122 -0.3368 -0.7154
vn -0.1678 -0.9827 -0.0789
vn -0.7041 0.6280 -0.3313
vn 0.0027 1.0000 0.0013
vn 0.0796 -0.3557 -0.9312
vn 0.3201 -0.3910 -0.8629
vn 0.1657 -0.3638 -0.9166
vn 0.0189 0.9758 -0.2177
vn 0.0778 -0.3498 -0.9336
vn 0.2477 -0.3572 -0.9006
vn 0.2179 -0.3547 -0.9092
vn 0.0097 -0.9893 -0.1458
vn 0.0337 -0.9905 -0.1334
vn 0.0467 -0.9897 -0.1356
vn -0.4794 -0.6939 -0.5374
vn -0.5620 -0.5654 -0.6037
vn 0.0745 -0.3496 -0.9339
vn 0.4901 -0.3980 -0.7755
vn 0.0854 -0.3507 -0.9326
vn -0.5903 0.5208 -0.6167
vn -0.3436 0.8072 -0.4800
vn 0.0208 0.9754 -0.2196
vn 0.0097 -0.9893 -0.1457
vn 0.5513 -0.3635 -0.7510
vn 0.4967 0.8166 -0.2941
vn 0.2825 0.9381 -0.2003
vn 0.5684 0.7600 -0.3152
vn -0.0080 -1.0000 -0.0017
vn -0.0006 -1.0000 -0.0003
vn -0.0061 -0.9999 -0.0096
vn 0.2317 0.1691 0.9580
vn 0.2388 0.0845 0.9674
vn 0.1418 0.0734 0.9872
vn 0.1229 0.1020 0.9872
vn 0.0678 0.0710 0.9952
vn 0.5421 -0.1562 0.8257
vn 0.5407 -0.1586 0.8261
vn 0.6001 0.0278 0.7994
vn 0.2461 -0.3877 0.8883
vn 0.2423 -0.3888 0.8889
vn 0.4141 -0.3048 0.8577
vn 0.4881 0.3974 0.7771
vn 0.5813 0.2243 0.7821
vn 0.5813 0.2245 0.7821
vn 0.0438 -0.3542 0.9342
vn -0.1217 -0.2532 0.9597
vn -0.1200 -0.2548 0.9595
vn -0.2854 0.0955 0.9536
vn -0.2855 0.0964 0.9535
vn -0.2376 -0.0957 0.9666
vn 0.5203 0.4568 0.7215
vn 0.5218 0.4553 0.7214
vn 0.3660 0.5584 0.7445
vn 0.6292 0.3032 0.7157
vn 0.6747 0.1211 0.7281
vn 0.6747 0.1219 0.7280
vn 0.6503 -0.0634 0.7570
vn 0.5588 -0.2240 0.7985
vn 0.5608 -0.2216 0.7977
vn 0.4123 -0.3365 0.8466
vn 0.2317 -0.3829 0.8943
vn 0.2355 -0.3827 0.8934
vn -0.1568 0.4498 0.8793
vn -0.1545 0.4522 0.8784
vn -0.2558 0.2895 0.9223
vn 0.1796 0.5955 0.7830
vn 0.1834 0.5955 0.7821
vn 0.0004 0.5591 0.8291
vn -0.2665 -0.2172 0.9390
vn -0.2675 -0.2159 0.9390
vn -0.1255 -0.3385 0.9326
vn -0.3540 -0.0506 0.9339
vn -0.3734 0.1358 0.9177
vn -0.3735 0.1345 0.9178
vn -0.3216 0.3155 0.8928
vn -0.2052 0.4625 0.8626
vn -0.2078 0.4602 0.8632
vn 0.3359 0.5206 0.7849
vn 0.4869 0.3987 0.7771
vn -0.0400 0.5541 0.8315
vn -0.0438 0.5529 0.8321
vn 0.0470 -0.3553 0.9336
vn -0.2379 -0.0950 0.9666
vn -0.2566 0.2874 0.9228
vn -0.0031 0.5576 0.8301
vn 0.3630 0.5596 0.7450
vn 0.6295 0.3025 0.7157
vn 0.6510 -0.0615 0.7566
vn 0.4157 -0.3348 0.8456
vn -0.1230 -0.3399 0.9324
vn 0.0529 -0.3997 0.9151
vn -0.3541 -0.0505 0.9339
vn -0.3227 0.3132 0.8931
vn 0.1500 0.5752 0.8041
vn 0.1462 0.5755 0.8046
vn 0.3332 0.5220 0.7851
vn 0.6003 0.0292 0.7993
vn 0.4171 -0.3026 0.8570
vn 0.0565 -0.4002 0.9147
vn 0.3185 -0.3868 -0.8654
vn -0.4455 0.7820 -0.4359
vn -0.4453 0.8683 -0.2187
vn -0.7609 0.5210 0.3869
vn -0.5667 -0.8013 -0.1917
vn 0.4880 -0.8579 0.1611
vn 0.4877 -0.8580 0.1610
vn 0.6645 0.7460 0.0437
vn 0.9977 0.0084 0.0665
vn 0.9726 0.0088 -0.2322
vn 0.6308 0.7452 -0.2165
vn 0.6174 0.4887 -0.6164
vn -0.2026 -0.8861 0.4169
vn 0.1796 -0.9777 -0.1091
vn 0.6334 -0.7415 -0.2215
vn -0.4462 0.8949 0.0011
vn 0.7722 -0.0001 -0.6354
vn 0.1866 0.0849 -0.9788
vn 0.3346 0.5899 -0.7348
vn 0.3903 0.8449 0.3657
vn 0.2056 0.9711 -0.1209
vn 0.6529 0.7430 -0.1475
vn 0.3705 -0.6691 -0.6442
vn 0.5854 -0.4920 -0.6444
vn 0.6722 -0.7390 0.0442
vn 0.9304 -0.1940 0.3109
vn 0.9306 -0.1931 0.3110
vn 0.1236 -0.9366 0.3278
vn -0.1633 -0.9828 0.0867
vn 0.2706 -0.9600 -0.0722
vn 0.8693 0.4831 0.1044
vn 0.9345 0.3560 -0.0013
vn 0.9310 0.2457 0.2700
vn 0.5752 -0.6386 -0.5112
vn 0.2457 -0.9644 -0.0974
vn 0.2310 0.6584 -0.7164
vn 0.6683 0.6151 -0.4184
vn 0.9629 0.1295 -0.2367
vn -0.3172 -0.0035 0.9483
vn -0.3181 -0.0048 0.9481
vn -0.3179 -0.0048 0.9481
vn -0.3171 -0.0035 0.9484
vn -0.3173 -0.0017 0.9483
vn -0.3169 -0.0019 0.9485
vn -0.3169 -0.0023 0.9485
vn -0.3174 -0.0017 0.9483
vn -0.3172 0.0001 0.9484
vn -0.3168 -0.0022 0.9485
vn -0.3173 0.0002 0.9483
vn -0.3167 -0.0028 0.9485
vn -0.3182 -0.0043 0.9480
vn -0.3166 -0.0000 0.9486
vn -0.3198 -0.0069 0.9475
vn -0.3175 -0.0003 0.9483
vn 0.6352 0.7419 0.2145
vn 0.6345 0.7426 0.2143
vn -0.5668 -0.8013 -0.1917
vn -0.9483 -0.0094 -0.3174
vn -0.9483 -0.0086 -0.3174
vn -0.5750 0.7957 -0.1905
vn -0.5746 0.7960 -0.1903
vn -0.9361 -0.3137 -0.1592
vn -0.9071 -0.2750 -0.3186
vn -0.9053 -0.2856 -0.3144
vn 0.5479 0.1789 0.8172
vn 0.7159 0.2259 0.6606
vn 0.6854 0.3283 0.6500
vn 0.9267 0.2993 -0.2273
vn 0.7402 0.2071 -0.6397
vn 0.6954 0.3259 -0.6404
vn 0.5745 0.1537 -0.8039
vn 0.2721 -0.9522 -0.1388
vn 0.4693 -0.8542 -0.2236
vn 0.4373 -0.8711 -0.2235
vn -0.2342 0.9555 -0.1792
vn -0.2526 0.9547 -0.1576
vn -0.1097 0.9596 -0.2590
vn -0.1058 0.9693 0.2220
vn -0.2536 0.9603 0.1158
vn -0.2375 0.9615 0.1383
vn -0.2791 0.9601 -0.0189
vn -0.2839 0.9587 -0.0189
vn 0.4152 -0.8752 0.2481
vn 0.4414 -0.8619 0.2496
vn 0.2660 -0.9496 0.1656
vn 0.2792 -0.9601 0.0189
vn 0.2840 -0.9586 0.0189
vn 0.9223 0.3078 0.2339
vn 0.9560 0.2935 -0.0022
vn 0.8751 0.4326 -0.2168
vn -0.9075 -0.2738 0.3186
vn -0.9094 -0.2630 0.3224
vn -0.9372 -0.3077 0.1643
vn -0.9560 -0.2932 0.0022
vn -0.9390 -0.3125 -0.1436
vn -0.9588 -0.2839 0.0020
vn -0.9381 -0.3124 -0.1498
vn -0.9050 -0.2727 0.3266
vn -0.9391 -0.3067 0.1549
vn 0.9879 0.1551 0.0005
vn 0.9618 0.1620 -0.2208
vn 0.7399 0.1331 0.6595
vn 0.9581 0.1701 0.2306
vn 0.7606 0.0931 -0.6425
vn 0.6175 0.1676 -0.7685
vn 0.5934 0.1912 0.7819
vn -0.9027 -0.2849 -0.3224
vn -0.9400 -0.3071 0.1487
vn 0.8715 0.4397 0.2173
vn 0.2387 0.1254 0.9630
vn 0.2387 0.1255 0.9630
vn 0.2387 0.1254 0.9629
vn 0.2387 0.1255 0.9629
vn 0.1157 0.0956 0.9887
vn 0.1157 0.0955 0.9887
vn 0.9469 0.3210 -0.0171
vn 0.9928 0.0183 0.1188
vn 0.3105 0.9008 -0.3035
vn -0.5028 0.8587 0.0991
vn 0.0412 0.9257 0.3760
vn 0.4566 0.8379 0.2991
vn 0.0614 0.9906 0.1221
vn 0.2965 0.8436 -0.4477
vn 0.0132 0.8836 -0.4681
vn 0.8200 -0.2568 -0.5115
vn 0.8274 0.4877 0.2785
vn 0.9911 -0.1256 -0.0451
vn 0.8203 0.5720 -0.0000
vn 0.6850 0.7165 0.1320
vn 0.7514 0.1685 -0.6379
vn -0.0015 -1.0000 0.0010
vn -0.0012 -1.0000 0.0012
vn -0.0008 -1.0000 0.0014
vn -0.0005 -1.0000 0.0015
vn -0.0002 -1.0000 0.0013
vn -0.0001 -1.0000 0.0012
vn 0.0541 -0.9984 -0.0145
vn 0.1093 -0.9940 -0.0050
vn -0.0018 -1.0000 0.0020
vn -0.0059 -1.0000 0.0025
vn 0.0001 -0.9993 0.0377
vn 0.0030 -0.9951 0.0987
vn 0.0093 -0.9946 0.1029
vn 0.0225 -0.9948 0.0995
vn 0.0203 -0.9943 0.1044
vn -0.0155 -0.9907 0.1350
vn -0.0051 -0.9901 0.1402
vn 0.9989 0.0359 -0.0314
vn 0.7957 0.3653 -0.4832
vn 0.9419 -0.0537 0.3316
vn 0.9258 0.3781 -0.0030
vn -0.5730 0.5709 -0.5880
vn -0.4359 0.6636 0.6080
vn 0.2276 0.8620 -0.4529
vn 0.2654 0.8607 -0.4345
vn -0.0712 0.9576 0.2793
vn 0.1507 0.8737 0.4626
vn 0.2411 0.9701 0.0261
vn 0.1831 0.9412 0.2839
vn 0.8283 0.5602 -0.0129
vn 0.8629 0.5053 -0.0106
vn 0.8253 0.5643 -0.0208
vn 0.5325 0.4625 -0.7089
vn 0.0343 0.3201 -0.9468
vn 0.2766 0.4061 -0.8710
vn 0.0075 0.1505 0.9886
vn 0.1841 -0.3257 0.9274
vn -0.0045 -0.9976 -0.0691
vn 0.6760 -0.3283 -0.6597
vn 0.5305 -0.3618 -0.7666
vn -0.0013 -1.0000 -0.0011
vn -0.0247 -0.9867 -0.1609
vn -0.0089 -0.9592 -0.2826
vn -0.0147 -0.9984 -0.0545
vn -0.0069 -1.0000 -0.0025
vn -0.3159 -0.0005 0.9488
vn 0.5944 0.1915 0.7810
vn 0.6164 0.1674 -0.7695
vn 0.2509 -0.9613 -0.1138
vn -0.0843 0.9626 -0.2576
vn -0.0815 0.9716 0.2220
vn 0.2504 -0.9576 0.1423
vn 0.9130 0.4078 -0.0045
vn -0.1861 0.8445 -0.5022
vn -0.0727 0.8475 -0.5259
vn -0.8213 0.5704 0.0090
vn -0.8538 0.5201 0.0254
vn 0.8213 0.5704 0.0090
vn 0.8538 0.5201 0.0254
vt 0.064844 0.814844
vt 0.192969 0.814844
vt 0.192969 0.942969
vt 0.549922 0.819453
vt 0.684453 0.819453
vt 0.684453 0.953985
vt 0.311907 0.819720
vt 0.445905 0.819720
vt 0.445905 0.953718
vt 0.053675 0.569300
vt 0.196326 0.569300
vt 0.196326 0.711950
vt 0.546940 0.562565
vt 0.679622 0.562565
vt 0.679622 0.695247
vt 0.783341 0.552872
vt 0.951034 0.552872
vt 0.951034 0.720565
vt 0.288674 0.554299
vt 0.453513 0.554299
vt 0.453513 0.719138
s 1
g off
g Body_CarPaint_Atlas
usemtl CarPaint_Atlas
f 16/1/1 579/2/2 577/3/3
f 453/1/4 580/2/5 576/3/6
f 579/4/2 11/5/7 10/6/8
f 18/1/9 578/2/10 581/3/11
f 17/1/12 23/2/13 18/3/9
f 16/1/1 24/2/14 21/3/15
f 20/1/16 26/2/17 25/3/18
f 16/1/1 21/2/15 198/3/19
f 18/1/9 20/2/16 15/3/20
f 25/1/18 28/2/21 27/3/22
f 64/1/23 32/2/24 65/3/25
f 66/1/26 32/2/24 31/3/27
f 67/4/28 541/5/29 538/6/30
f 531/1/31 33/2/32 64/3/23
f 32/1/24 546/2/33 548/3/34
f 31/1/27 545/2/35 30/3/36
f 33/1/32 544/2/37 546/3/33
f 31/1/27 548/2/34 549/3/38
f 37/1/39 43/2/40 42/3/41
f 274/1/42 57/2/43 40/3/44
f 38/1/45 530/2/46 43/3/40
f 36/1/47 37/2/39 41/3/48
f 57/1/43 122/2/49 40/3/44
f 42/1/41 735/2/50 41/3/48
f 52/1/51 739/2/52 48/3/53
f 51/1/54 50/2/55 49/3/56
f 54/1/57 58/2/58 47/3/59
f 55/1/60 54/2/57 45/3/61
f 49/1/56 62/2/62 61/3/63
f 56/1/64 48/2/53 58/3/58
f 56/1/64 46/2/65 52/3/51
f 736/1/66 46/2/65 55/3/60
f 58/1/58 59/2/67 47/3/59
f 739/1/52 188/2/68 527/3/69
f 58/1/58 60/2/70 63/3/71
f 532/4/72 539/5/73 27/6/22
f 15/1/20 535/2/74 67/3/28
f 20/4/16 542/5/75 536/6/76
f 27/4/22 542/5/75 25/6/18
f 67/1/28 70/2/77 15/3/20
f 578/1/10 15/2/20 70/3/77
f 71/1/78 73/2/79 70/3/77
f 70/1/77 72/2/80 69/3/81
f 74/1/82 76/2/83 73/3/79
f 73/1/79 75/2/84 72/3/80
s 2
f 72/4/85 79/5/86 78/6/87
f 85/1/88 81/2/89 80/3/90
f 80/1/90 83/2/91 82/3/92
f 78/1/87 84/2/93 85/3/88
s 1
f 76/1/83 86/2/94 75/3/84
s 2
f 84/1/93 90/2/95 81/3/89
f 79/1/86 92/2/96 84/3/93
f 81/1/89 91/2/97 83/3/91
s 1
f 77/1/98 87/2/99 76/3/83
s 2
f 75/4/100 89/5/101 79/6/86
f 89/1/102 99/2/103 92/3/96
f 92/1/96 97/2/104 90/3/95
s 1
f 88/1/105 277/2/106 94/3/107
s 2
f 90/1/95 98/2/108 91/3/97
f 86/4/109 96/5/110 89/6/101
s 1
f 87/1/99 93/2/111 86/3/94
s 2
f 99/1/103 104/2/112 97/3/104
s 1
f 95/1/113 101/2/114 94/3/107
s 2
f 97/1/104 105/2/115 98/3/108
f 93/4/116 103/5/117 96/6/110
s 1
f 94/1/107 100/2/118 93/3/111
s 2
f 96/1/119 106/2/120 99/3/103
s 1
f 114/1/121 108/2/122 115/3/123
s 2
f 116/1/124 112/2/125 117/3/126
f 119/4/127 107/5/128 110/6/129
s 1
f 115/1/123 107/2/130 118/3/131
s 2
f 119/1/127 113/2/132 120/3/133
f 120/1/133 111/2/134 116/3/124
f 106/1/120 116/2/124 104/3/112
f 103/1/135 120/2/133 106/3/120
s 1
f 101/1/114 118/2/131 100/3/118
s 2
f 100/4/136 119/5/127 103/6/117
f 104/1/112 117/2/126 105/3/115
s 1
f 102/1/137 115/2/123 101/3/114
f 121/1/138 122/2/139 45/3/140
f 40/1/141 122/2/139 123/3/142
f 40/1/141 125/2/143 124/3/144
f 114/1/121 124/2/144 125/3/143
f 126/1/145 123/2/142 121/3/138
f 109/1/146 125/2/143 126/3/145
f 127/1/147 45/2/140 54/3/148
f 129/1/149 54/2/148 47/3/150
f 129/1/149 59/2/151 130/3/152
f 487/1/153 59/2/67 63/3/71
f 128/4/154 505/5/155 127/6/147
f 127/4/147 508/5/156 121/6/138
f 134/1/157 136/2/158 133/3/159
f 133/1/159 135/2/160 132/3/161
f 137/1/162 139/2/163 136/3/158
f 136/1/158 138/2/164 135/3/160
f 140/1/165 142/2/166 143/3/167
f 137/1/162 141/2/168 142/3/166
f 129/4/149 503/5/169 128/6/154
f 487/4/153 507/5/170 130/6/171
f 145/1/172 146/2/173 144/3/174
f 146/1/173 149/2/175 148/3/176
f 149/1/175 150/2/177 148/3/176
f 151/1/178 515/2/179 517/3/180
f 152/4/181 516/5/182 484/6/183
f 592/1/184 495/2/185 156/3/186
f 153/1/187 154/2/188 155/3/189
s 3
f 154/1/190 159/2/191 157/3/192
f 155/1/193 157/2/192 158/3/194
s 1
f 157/1/195 162/2/196 160/3/197
f 158/1/198 160/2/197 161/3/198
f 162/1/196 163/2/199 160/3/197
s 4
f 163/1/200 550/2/200 160/3/200
s 1
f 164/1/201 165/2/202 163/3/199
s 5
f 165/1/203 170/2/204 168/3/205
f 166/1/206 168/2/205 169/3/207
s 1
f 170/1/208 171/2/209 168/3/210
f 168/1/210 172/2/211 169/3/211
f 167/1/212 177/2/213 178/3/214
s 3
f 194/1/215 174/2/216 175/3/217
s 5
f 167/1/218 179/2/219 170/3/204
s 1
f 159/1/220 176/2/221 162/3/196
f 173/1/222 179/2/223 180/3/224
f 164/1/201 176/2/221 177/3/213
f 184/1/225 178/2/214 177/3/213
f 182/1/226 176/2/221 175/3/227
s 5
f 178/1/228 186/2/229 179/3/219
s 1
f 183/1/230 177/2/213 176/3/221
f 186/1/231 180/2/224 179/3/223
s 3
f 174/1/216 182/2/232 175/3/217
s 1
f 187/1/233 190/2/234 191/3/235
s 5
f 186/1/229 189/2/236 190/3/237
f 190/1/237 189/2/236 192/3/238
s 1
f 191/1/235 192/2/239 193/3/240
f 184/1/225 61/2/63 62/3/62
f 182/1/226 61/2/63 183/3/230
s 3
f 182/1/232 181/2/241 188/3/242
s 1
f 145/4/172 509/5/243 514/6/244
f 520/4/245 518/5/246 495/6/185
f 518/1/246 174/2/247 194/3/248
f 181/1/249 473/2/250 522/3/251
f 63/4/71 511/5/252 487/6/153
f 60/4/70 512/5/253 63/6/71
f 60/4/70 525/5/254 510/6/255
f 130/4/152 504/5/256 129/6/149
f 146/1/257 148/2/258 142/3/166
f 148/1/258 143/2/167 142/3/166
f 62/1/62 185/2/259 184/3/225
f 50/1/55 189/2/260 62/3/62
f 23/1/13 273/2/261 26/3/17
f 454/1/262 19/2/263 453/3/4
f 198/1/19 21/2/15 199/3/264
f 24/1/14 197/2/265 200/3/266
f 24/1/14 200/2/266 21/3/15
f 455/1/267 202/2/268 204/3/269
f 454/1/262 204/2/269 197/3/265
f 456/1/270 206/2/271 202/3/268
f 206/1/271 458/2/272 208/3/273
f 208/1/273 459/2/274 210/3/275
f 459/1/274 212/2/276 210/3/275
f 463/1/277 214/2/278 212/3/276
f 214/1/278 215/2/279 216/3/280
f 208/1/273 218/2/281 206/3/271
f 214/1/278 221/2/282 212/3/276
f 210/1/275 219/2/283 208/3/273
f 216/1/280 222/2/284 214/3/278
f 206/1/271 217/2/285 202/3/268
f 212/1/276 220/2/286 210/3/275
f 204/1/269 224/2/287 197/3/265
f 200/1/266 225/2/288 199/3/264
f 197/1/265 226/2/289 200/3/266
f 202/1/268 227/2/290 204/3/269
f 222/1/291 234/2/292 233/3/293
f 220/1/294 232/2/295 231/3/296
f 218/1/297 230/2/298 229/3/299
f 221/1/300 233/2/293 232/3/295
f 219/1/301 231/2/296 230/3/298
f 217/1/302 229/2/299 228/3/303
f 224/1/304 238/2/305 235/3/306
f 226/1/289 236/2/307 225/3/288
f 224/1/304 237/2/308 226/3/289
f 227/1/309 228/2/303 238/3/305
f 234/1/310 565/2/311 233/3/312
f 568/1/313 556/2/314 231/3/315
f 229/1/316 230/2/317 554/3/318
f 233/1/312 562/2/319 232/3/320
s 6
f 554/1/321 558/2/322 560/3/323
s 1
f 554/1/318 240/2/324 239/3/325
f 237/1/308 247/2/326 248/3/327
f 246/1/328 237/2/308 248/3/327
f 238/1/329 239/2/325 249/3/330
f 249/1/330 235/2/331 238/3/329
f 244/1/332 254/2/333 243/3/334
f 242/1/335 252/2/336 241/3/337
f 240/1/338 250/2/339 239/3/340
f 245/1/341 255/2/342 244/3/332
f 243/1/334 253/2/343 242/3/335
f 241/1/337 251/2/344 240/3/338
f 254/1/345 262/2/346 261/3/347
f 252/1/348 260/2/349 259/3/350
f 250/1/351 258/2/352 257/3/353
f 255/1/354 263/2/355 262/3/346
f 253/1/356 261/2/347 260/3/349
f 251/1/357 259/2/350 258/3/352
f 249/1/330 250/2/339 268/3/358
f 268/1/358 247/2/326 249/3/330
f 248/1/327 267/2/359 266/3/360
f 248/1/327 264/2/361 246/3/328
f 269/1/362 250/2/351 257/3/353
f 270/1/363 268/2/358 269/3/362
f 271/1/364 267/2/359 270/3/363
f 265/1/365 266/2/360 271/3/364
s 7
f 460/4/366 467/5/367 213/6/367
s 8
f 452/4/368 468/5/369 472/6/368
s 1
f 35/1/370 36/2/47 274/3/42
s 9
f 35/4/371 276/5/372 275/6/373
f 275/4/373 95/5/374 277/6/375
s 1
f 279/1/376 53/2/377 51/3/54
f 273/1/261 283/2/378 26/3/17
f 22/1/379 293/2/380 273/3/261
f 236/1/307 290/2/381 289/3/382
f 246/1/328 291/2/383 290/3/381
f 26/1/17 284/2/384 28/3/21
f 265/1/365 291/2/383 264/3/361
f 198/1/19 287/2/385 286/3/386
f 199/1/264 288/2/387 287/3/385
f 22/1/379 286/2/386 282/3/388
f 225/1/288 289/2/382 288/3/387
s 10
f 547/1/389 296/2/390 297/3/391
f 297/1/391 295/2/392 294/3/393
f 44/1/394 297/2/391 298/3/395
f 299/1/396 68/2/397 540/3/398
f 299/1/396 295/2/392 296/3/390
f 68/1/397 296/2/390 34/3/399
f 298/1/395 294/2/393 301/3/400
f 299/1/396 303/2/401 302/3/402
f 295/1/392 306/2/403 305/3/404
f 295/1/392 304/2/405 294/3/393
f 302/1/402 303/2/401 306/3/403
f 294/1/393 304/2/405 301/3/400
s 1
f 280/1/406 316/2/407 281/3/408
f 192/1/239 312/2/409 193/3/240
f 278/1/410 314/2/411 279/3/376
f 281/1/408 313/2/412 278/3/410
f 279/1/376 310/2/413 53/3/377
f 42/1/41 308/2/414 307/3/415
f 280/1/406 307/2/415 315/3/416
f 530/1/417 44/2/418 309/3/419
f 53/1/377 311/2/420 192/3/239
s 10
f 44/1/394 298/2/395 309/3/421
f 298/1/395 301/2/400 309/3/421
f 285/1/422 317/2/423 300/3/424
s 1
f 28/1/21 317/2/425 529/3/426
f 27/1/22 529/2/426 532/3/72
s 10
f 300/1/424 318/2/427 303/3/401
s 11
f 286/1/428 319/2/429 282/3/430
f 290/1/431 325/2/432 289/3/433
f 287/1/434 322/2/435 286/3/428
f 284/1/436 320/2/437 321/3/438
f 290/1/431 327/2/439 326/3/440
f 318/1/441 330/2/442 331/3/443
f 288/1/444 323/2/445 287/3/434
f 317/1/446 321/2/438 330/3/442
f 292/1/447 327/2/439 291/3/448
f 289/1/433 324/2/449 288/3/444
f 283/1/450 329/2/451 320/3/437
f 293/1/452 319/2/429 329/3/451
f 331/1/443 343/2/453 344/3/454
f 321/1/438 333/2/455 334/3/456
f 327/1/439 339/2/457 326/3/440
f 324/1/449 336/2/458 323/3/445
f 330/1/442 334/2/456 343/3/453
f 328/1/459 340/2/460 327/3/439
f 325/1/432 337/2/461 324/3/449
f 320/1/437 342/2/462 333/3/455
f 329/1/451 332/2/463 342/3/462
f 319/1/429 335/2/464 332/3/463
f 326/1/440 338/2/465 325/3/432
f 323/1/445 335/2/464 322/3/435
s 12
f 310/1/466 353/2/467 349/3/468
f 312/1/469 350/2/470 351/3/471
f 315/1/472 346/2/473 354/3/474
f 301/1/475 348/2/476 309/3/477
f 311/1/478 349/2/468 350/3/470
f 308/1/479 346/2/473 307/3/480
f 316/1/481 354/2/474 355/3/482
f 314/1/483 352/2/484 353/3/467
f 309/1/477 347/2/485 308/3/479
f 313/1/486 355/2/482 352/3/484
f 353/1/467 363/2/487 364/3/488
f 348/1/476 358/2/489 347/3/485
f 352/1/484 366/2/490 363/3/487
f 349/1/468 364/2/488 360/3/491
f 351/1/471 361/2/492 362/3/493
f 345/1/494 359/2/495 348/3/476
f 346/1/473 365/2/496 354/3/474
f 350/1/470 360/2/491 361/3/492
f 347/1/485 357/2/497 346/3/473
f 354/1/474 366/2/490 355/3/482
s 11
f 338/4/465 372/5/498 337/6/461
s 12
f 360/4/491 388/5/499 384/6/500
s 11
f 339/4/457 373/5/501 338/6/465
f 335/4/464 367/5/502 332/6/463
s 12
f 365/4/496 381/5/503 389/6/504
s 11
f 339/4/457 375/5/505 374/6/506
f 334/4/456 368/5/507 369/6/508
s 12
f 366/4/490 389/5/504 390/6/509
s 11
f 341/4/510 375/5/505 340/6/460
s 12
f 358/4/489 381/5/503 357/6/497
s 11
f 343/4/453 369/5/508 378/6/511
s 12
f 366/4/490 387/5/512 363/6/487
f 359/4/495 382/5/513 358/6/489
s 11
f 332/4/463 377/5/514 342/6/462
f 333/4/455 377/5/514 368/6/507
s 12
f 356/4/515 383/5/516 359/6/495
f 362/4/493 385/5/517 386/6/518
s 11
f 344/4/454 378/5/511 379/6/519
f 336/4/458 370/5/520 335/6/464
s 12
f 361/4/492 384/5/500 385/6/517
s 11
f 337/4/461 371/5/521 336/6/458
s 12
f 364/4/488 387/5/512 388/6/499
s 13
f 389/4/522 383/5/522 385/6/522
s 14
f 374/4/522 369/5/522 372/6/522
s 15
f 265/4/523 271/5/524 341/6/525
f 376/4/526 392/5/527 379/6/528
f 386/4/529 393/5/530 394/6/531
f 191/4/532 362/5/533 386/6/529
s 16
f 102/4/534 398/5/535 124/6/536
s 17
f 102/4/537 396/5/538 397/6/539
s 9
f 276/4/372 396/5/540 95/6/374
f 276/4/372 399/5/541 400/6/542
s 16
f 124/4/536 395/5/543 40/6/544
s 1
f 274/4/42 395/5/545 399/6/546
s 18
f 398/7/547 399/8/548 395/9/549
s 19
f 408/7/550 407/8/551 410/9/552
s 1
f 30/4/36 401/5/553 403/6/554
s 9
f 277/4/375 408/5/555 275/6/373
s 20
f 77/4/556 407/5/557 88/6/558
f 77/4/556 405/5/559 406/6/560
f 71/4/561 403/5/562 404/6/563
s 9
f 275/4/373 402/5/564 35/6/371
s 20
f 74/4/565 404/5/563 405/6/559
f 88/4/558 409/5/566 277/6/567
s 1
f 545/4/35 35/5/370 402/6/568
s 19
f 402/7/569 410/8/552 401/9/570
f 404/8/571 407/8/551 406/8/572
s 21
f 443/7/573 445/8/574 442/9/575
s 22
f 7/1/576 414/2/577 13/3/578
f 13/1/578 448/2/579 447/3/580
f 8/1/581 411/2/582 4/3/583
s 23
f 78/4/584 417/5/585 72/6/586
s 24
f 69/4/587 415/5/588 2/6/589
f 72/4/590 416/5/591 69/6/587
s 23
f 85/4/592 418/5/593 78/6/584
f 85/4/592 419/5/594 421/6/595
f 80/4/596 420/5/597 419/6/594
s 22
f 2/1/598 412/2/599 7/3/576
f 414/4/577 423/5/600 425/6/601
f 448/4/579 425/5/601 449/6/602
f 411/4/582 424/5/603 422/6/604
f 415/4/605 423/5/600 412/6/599
s 25
f 424/4/606 426/5/606 422/6/606
f 423/4/607 415/5/608 427/6/609
f 428/4/606 425/5/606 427/6/609
s 26
f 426/7/610 431/8/611 429/9/612
f 430/7/613 415/8/614 416/9/615
f 429/7/612 419/8/616 420/9/617
f 431/7/611 421/8/618 419/9/616
f 416/9/615 421/9/618 430/7/613
f 1132/8/619 1129/7/620 1130/8/621
s 27
f 113/4/622 435/5/623 438/6/624
f 110/4/625 432/5/626 435/6/623
f 132/4/627 442/5/628 441/6/629
f 126/4/630 439/5/631 440/6/632
f 113/4/622 436/5/633 111/6/634
f 107/4/635 433/5/636 432/6/626
f 126/4/630 434/5/637 109/6/638
f 112/4/639 436/5/633 437/6/640
f 135/4/641 443/5/642 442/6/628
f 508/4/643 441/5/629 439/6/631
f 108/4/644 434/5/637 433/6/636
s 21
f 441/7/645 445/8/574 444/9/646
f 439/7/647 444/8/646 440/9/648
f 436/7/649 446/8/650 437/9/651
f 438/7/652 445/8/574 436/9/649
f 440/8/648 438/8/652 435/8/653
s 22
f 413/4/654 449/5/602 424/6/603
f 447/1/580 413/2/654 8/3/581
s 28
f 272/10/655 209/11/656 6/12/657
f 14/13/658 203/14/659 196/15/660
f 6/10/657 207/11/661 1/12/662
f 1/4/662 450/5/663 6/6/657
f 272/4/655 450/5/663 465/6/664
f 14/4/658 453/5/665 576/6/666
f 196/4/660 453/5/665 14/6/658
f 201/4/667 455/5/668 203/6/659
f 196/4/660 455/5/668 454/6/669
f 201/4/667 457/5/670 456/6/671
f 207/4/661 457/5/670 205/6/672
f 209/4/656 458/5/673 207/6/661
f 211/4/674 459/5/675 209/6/656
f 211/4/674 465/5/664 463/6/676
f 462/4/677 461/5/678 3/6/679
f 460/4/680 464/5/681 463/6/676
f 213/4/682 215/5/683 464/6/681
f 452/4/684 461/5/678 5/6/685
f 452/4/684 463/5/676 465/6/664
s 29
f 471/4/686 468/5/687 467/6/688
f 469/4/689 467/5/688 468/6/687
s 30
f 452/4/690 471/5/690 460/6/690
s 7
f 213/4/367 470/5/606 466/6/606
s 8
f 5/4/691 469/5/692 468/6/369
s 1
f 493/1/693 589/2/694 514/3/244
f 482/16/695 477/17/696 497/18/697
f 476/4/698 496/5/699 479/6/700
f 596/4/701 483/5/702 599/6/703
f 598/4/704 485/5/705 626/6/706
f 600/4/707 484/5/183 597/6/708
f 602/4/709 488/5/710 603/6/711
f 604/4/712 489/5/713 605/6/714
f 606/4/715 490/5/716 607/6/717
f 608/4/718 474/5/719 609/6/720
f 610/4/721 491/5/722 611/6/723
f 612/4/724 588/5/725 509/6/243
f 614/4/726 492/5/727 615/6/728
f 616/4/729 584/5/730 526/6/731
f 618/4/732 493/5/693 619/6/733
f 620/4/734 475/5/735 621/6/736
f 622/4/737 494/5/738 623/6/739
f 624/4/740 486/5/741 601/6/742
f 625/4/743 495/5/185 627/6/744
f 482/4/695 502/5/745 500/6/746
f 479/4/700 478/5/747 497/6/697
f 480/4/748 498/5/749 477/6/696
f 481/4/750 498/5/749 501/6/751
f 482/4/695 478/5/747 502/6/745
f 481/16/750 497/17/697 477/18/696
f 504/1/256 134/2/157 503/3/169
f 506/1/752 144/2/174 507/3/170
f 503/1/169 133/2/159 505/3/155
f 505/1/155 132/2/161 508/3/156
f 507/1/753 141/2/168 504/3/256
f 509/4/243 506/5/752 487/6/153
f 512/1/253 510/2/255 195/3/754
f 510/1/255 524/2/755 195/3/754
f 582/1/756 488/2/710 512/3/253
f 491/1/722 587/2/757 496/3/699
f 513/4/758 145/5/172 514/6/244
f 149/1/175 595/2/759 483/3/702
f 517/4/180 152/5/181 153/6/187
f 518/1/246 156/2/186 495/3/185
f 518/4/246 519/5/760 473/6/250
f 591/1/761 475/2/735 499/3/762
f 521/1/763 502/2/745 490/3/716
f 522/4/251 526/5/731 524/6/755
f 524/1/755 492/2/727 583/3/764
f 525/4/254 522/5/251 524/6/755
f 528/4/765 523/5/766 525/6/254
f 531/4/31 540/5/767 68/6/768
f 533/1/769 44/2/770 530/3/46
f 544/4/37 39/5/37 533/6/769
f 534/4/37 68/5/768 34/6/37
f 532/1/72 285/2/771 29/3/772
f 535/4/74 536/5/76 543/6/773
f 31/1/27 538/2/30 66/3/26
f 539/1/73 65/2/25 542/3/75
f 543/1/773 66/2/26 541/3/29
f 537/1/774 64/2/23 539/3/73
f 537/4/774 29/5/772 540/6/767
f 536/1/76 65/2/25 66/3/26
f 547/4/37 534/5/37 34/6/37
f 549/4/38 37/5/39 36/6/47
f 548/4/34 38/5/45 37/6/39
f 549/4/38 35/5/370 545/6/35
f 546/4/33 533/5/769 38/6/45
s 5
f 550/1/775 553/2/776 551/3/777
f 552/1/778 166/2/206 553/3/776
s 4
f 163/1/200 165/2/200 552/3/200
s 31
f 160/1/779 551/2/780 161/3/781
s 1
f 556/1/314 241/2/782 555/3/783
s 6
f 557/1/784 559/2/785 555/3/786
s 1
f 240/1/324 554/2/318 557/3/787
f 561/4/788 558/5/789 559/6/790
s 6
f 230/1/791 629/2/692 558/3/322
f 557/1/784 560/2/323 561/3/792
f 555/1/786 628/2/793 556/3/793
s 32
f 572/4/794 570/5/795 569/6/796
s 33
f 564/1/797 574/2/798 567/3/799
s 1
f 564/1/800 243/2/801 563/3/802
s 33
f 565/1/803 569/2/804 562/3/805
f 562/1/805 575/2/806 568/3/807
s 1
f 567/1/808 244/2/809 564/3/800
s 32
f 570/4/795 575/5/810 569/6/796
f 573/4/811 571/5/812 572/6/794
s 33
f 563/1/813 575/2/806 570/3/814
f 564/1/797 570/2/814 571/3/815
f 566/1/816 572/2/817 565/3/803
s 1
f 556/1/314 629/2/818 231/3/315
s 28
f 205/13/672 14/14/658 1/15/662
s 1
f 580/4/5 9/5/819 12/6/820
f 577/1/3 19/2/263 16/3/1
f 576/4/6 12/5/820 451/6/821
f 577/4/3 10/5/8 9/6/819
f 581/1/11 17/2/12 18/3/9
s 15
f 356/4/822 301/5/823 304/6/824
s 1
f 511/4/252 613/5/825 487/6/153
f 582/4/756 603/5/711 488/6/710
f 583/4/764 605/5/714 489/6/713
f 584/4/730 615/5/728 492/6/727
f 617/4/826 473/5/250 519/6/760
f 586/4/827 607/5/717 490/6/716
f 587/4/757 609/5/720 474/6/719
f 588/4/725 611/5/723 491/6/722
f 626/4/706 485/5/705 513/6/758
f 590/4/828 619/5/733 493/6/693
f 591/4/761 621/5/736 475/6/735
f 520/4/245 623/5/739 494/6/738
f 592/4/184 627/5/744 495/6/185
f 593/4/829 601/5/742 486/6/741
f 597/4/708 484/5/183 516/6/182
f 595/4/759 599/5/703 483/6/702
s 34
f 719/19/830 597/20/831 596/21/832
f 721/19/833 599/20/834 598/21/835
f 724/19/836 600/20/837 723/21/838
s 35
f 703/19/839 603/20/840 704/21/841
f 706/19/842 604/20/843 605/21/844
f 708/19/845 606/20/846 607/21/847
f 709/19/848 609/20/849 710/21/850
f 711/19/851 611/20/852 712/21/853
f 713/19/854 613/20/855 714/21/856
f 716/19/857 614/20/858 615/21/859
f 718/19/860 616/20/861 617/21/862
s 34
f 726/19/863 618/20/864 619/21/865
f 727/19/866 621/20/867 728/21/868
f 729/19/869 623/20/870 730/21/871
f 731/19/872 601/20/873 724/21/836
f 730/19/871 625/20/874 732/21/875
s 35
f 714/19/856 602/20/876 703/21/839
f 704/19/841 604/20/843 705/21/877
f 715/19/878 605/20/844 614/21/858
f 717/19/879 615/20/859 616/21/861
f 707/19/880 617/20/862 606/21/846
f 709/19/848 607/20/847 608/21/881
f 710/19/850 610/20/882 711/21/851
f 712/19/853 612/20/883 713/21/854
s 34
f 725/19/884 626/20/885 618/21/864
f 727/19/866 619/20/865 620/21/886
f 728/19/868 622/20/887 729/21/869
f 732/19/875 627/20/888 734/21/889
f 734/19/889 624/20/890 731/21/872
f 720/19/891 600/20/837 597/21/831
f 722/19/892 596/20/832 599/21/834
f 733/19/893 598/20/835 626/21/885
s 1
f 568/1/313 232/2/320 562/3/319
f 563/1/802 242/2/894 556/3/314
f 629/4/818 559/5/790 558/6/789
f 181/1/249 522/2/251 523/3/766
f 192/1/239 50/2/55 53/3/377
s 36
f 631/1/895 661/2/896 642/3/897
s 37
f 637/1/898 671/2/899 633/3/900
s 36
f 665/1/901 645/2/902 666/3/903
f 631/1/895 640/2/904 635/3/905
f 662/1/906 634/2/907 630/3/908
f 664/1/909 635/2/905 665/3/901
f 647/1/910 639/2/911 646/3/912
f 645/1/902 640/2/904 647/3/910
f 656/4/913 652/5/914 657/6/915
f 630/1/908 641/2/916 638/3/917
f 631/1/895 646/2/912 639/3/911
f 645/1/902 641/2/916 634/3/907
f 641/1/916 646/2/912 638/3/917
f 663/1/918 645/2/902 634/3/907
s 37
f 643/1/919 671/2/899 667/3/920
s 36
f 655/1/921 649/2/922 648/3/923
f 650/4/924 660/5/925 652/6/914
f 656/4/913 648/5/926 650/6/924
f 658/4/927 649/5/922 654/6/928
f 657/4/915 653/5/929 659/6/930
f 658/4/927 653/5/929 651/6/931
f 638/1/917 659/2/930 658/3/927
f 642/1/897 659/2/930 646/3/912
f 630/1/908 658/2/927 654/3/928
f 662/1/906 656/2/913 661/3/896
f 630/1/908 655/2/921 662/3/906
f 642/1/897 656/2/913 657/3/915
s 38
f 632/1/932 661/2/933 643/3/934
f 632/1/932 663/2/935 662/3/936
f 637/1/937 664/2/938 665/3/937
f 636/1/939 666/2/940 663/3/935
f 633/1/941 661/2/933 664/3/938
f 637/1/937 666/2/940 644/3/942
s 39
f 671/7/943 668/8/944 667/9/945
f 667/7/945 670/8/946 669/9/947
s 37
f 632/1/948 667/2/920 669/3/949
f 637/1/898 668/2/950 672/3/951
f 644/1/952 670/2/953 668/3/950
f 632/1/948 670/2/953 636/3/954
s 40
f 696/4/955 676/5/956 690/6/957
s 41
f 690/4/958 680/5/959 691/6/960
f 694/4/961 678/5/962 692/6/963
f 678/4/962 689/5/964 692/6/963
s 42
f 682/4/965 677/5/966 673/6/967
s 43
f 683/4/968 678/5/969 688/6/970
f 680/4/971 684/5/972 687/6/973
f 698/4/974 688/5/970 700/6/975
s 42
f 679/4/976 681/5/977 675/6/978
f 699/4/979 682/5/965 697/6/980
s 41
f 680/4/959 693/5/981 691/6/960
f 702/4/982 688/5/983 694/6/961
s 40
f 674/4/984 695/5/985 689/6/986
f 701/4/987 684/5/988 696/6/955
f 701/4/987 681/5/989 697/6/990
f 673/4/991 695/5/985 682/6/992
s 41
f 702/4/982 685/5/993 699/6/994
f 679/4/995 693/5/981 686/6/996
f 677/4/997 689/5/964 673/6/998
f 694/4/961 677/5/997 685/6/993
f 690/4/958 679/5/995 675/6/999
s 40
f 696/4/955 675/5/1000 681/6/989
s 41
f 686/4/996 702/5/982 699/6/994
s 40
f 682/4/992 701/5/987 697/6/990
f 683/4/1001 701/5/987 695/6/985
s 41
f 687/4/1002 702/5/982 693/6/981
s 42
f 681/4/977 699/5/979 697/6/980
s 43
f 687/4/973 698/5/974 700/6/975
s 1
f 21/1/15 200/2/266 199/3/264
s 44
f 131/19/1003 703/20/1004 704/21/1004
f 131/19/1003 705/20/1003 706/21/1003
f 131/19/1003 707/20/1003 708/21/1003
f 131/19/1003 709/20/1003 710/21/1003
f 131/19/1003 711/20/1004 712/21/1003
f 131/19/1003 713/20/1003 714/21/1005
f 131/19/1003 715/20/1005 716/21/1006
f 131/19/1003 717/20/1003 718/21/1003
f 131/19/1003 714/20/1005 703/21/1004
f 131/19/1003 704/20/1004 705/21/1003
f 131/19/1003 706/20/1003 715/21/1005
f 131/19/1003 716/20/1006 717/21/1003
f 131/19/1003 718/20/1003 707/21/1003
f 131/19/1003 708/20/1003 709/21/1003
f 131/19/1003 710/20/1003 711/21/1004
f 131/19/1003 712/20/1003 713/21/1003
s 45
f 147/19/1007 720/20/1008 719/21/1008
f 147/19/1007 722/20/1008 721/21/1007
f 147/19/1007 724/20/1007 723/21/1008
f 147/19/1007 725/20/1007 726/21/1007
f 147/19/1007 727/20/1008 728/21/1007
f 147/19/1007 729/20/1007 730/21/1008
f 147/19/1007 731/20/1007 724/21/1007
f 147/19/1007 730/20/1008 732/21/1008
f 147/19/1007 733/20/1008 725/21/1007
f 147/19/1007 726/20/1007 727/21/1008
f 147/19/1007 728/20/1007 729/21/1007
f 147/19/1007 732/20/1008 734/21/1008
f 147/19/1007 734/20/1008 731/21/1007
f 147/19/1007 723/20/1008 720/21/1008
f 147/19/1007 719/20/1008 722/21/1008
f 147/19/1007 721/20/1007 733/21/1008
s 1
f 57/1/43 41/2/48 735/3/50
f 735/1/50 281/2/408 737/3/1009
f 41/1/48 37/2/39 42/3/41
f 736/1/66 45/2/61 122/3/49
f 737/1/1009 278/2/410 46/3/65
f 736/1/66 735/2/50 737/3/1009
f 279/1/376 738/2/1010 278/3/410
f 739/1/52 61/2/63 188/3/68
f 738/1/1010 46/2/65 278/3/410
f 738/1/1010 49/2/56 739/3/52
f 16/1/1 17/2/12 579/3/2
f 453/1/4 19/2/263 580/3/5
f 579/4/2 581/5/11 11/6/7
f 18/1/9 15/2/20 578/3/10
f 17/1/12 22/2/379 23/3/13
f 16/1/1 19/2/263 24/3/14
f 20/1/16 23/2/13 26/3/17
f 22/1/379 17/2/12 198/3/19
f 17/1/12 16/2/1 198/3/19
f 18/1/9 23/2/13 20/3/16
f 25/1/18 26/2/17 28/3/21
f 64/1/23 33/2/32 32/3/24
f 66/1/26 65/2/25 32/3/24
f 531/1/31 534/2/37 33/3/32
f 32/1/24 33/2/32 546/3/33
f 31/1/27 549/2/38 545/3/35
f 33/1/32 534/2/37 544/3/37
f 31/1/27 32/2/24 548/3/34
f 37/1/39 38/2/45 43/3/40
f 274/1/42 36/2/47 57/3/43
f 38/1/45 533/2/769 530/3/46
f 57/1/43 736/2/66 122/3/49
f 42/1/41 280/2/406 735/3/50
f 52/1/51 738/2/1010 739/3/52
f 51/1/54 53/2/377 50/3/55
f 54/1/57 56/2/64 58/3/58
f 55/1/60 56/2/64 54/3/57
f 49/1/56 50/2/55 62/3/62
f 56/1/64 52/2/51 48/3/53
f 56/1/64 55/2/60 46/3/65
f 736/1/66 737/2/1009 46/3/65
f 58/1/58 63/2/71 59/3/67
f 60/1/70 48/2/53 528/3/765
f 48/1/53 739/2/52 528/3/765
f 528/1/765 739/2/52 527/3/69
f 58/1/58 48/2/53 60/3/70
f 532/4/72 537/5/774 539/6/73
f 15/1/20 20/2/16 535/3/74
f 20/4/16 25/5/18 542/6/75
f 27/4/22 539/5/73 542/6/75
f 67/1/28 71/2/78 70/3/77
f 69/1/81 2/2/1011 70/3/77
f 2/1/1011 578/2/10 70/3/77
f 71/1/78 74/2/82 73/3/79
f 70/1/77 73/2/79 72/3/80
f 74/1/82 77/2/98 76/3/83
f 73/1/79 76/2/83 75/3/84
s 2
f 72/4/85 75/5/100 79/6/86
f 85/1/88 84/2/93 81/3/89
f 80/1/90 81/2/89 83/3/91
f 78/1/87 79/2/86 84/3/93
s 1
f 76/1/83 87/2/99 86/3/94
s 2
f 84/1/93 92/2/96 90/3/95
f 79/1/86 89/2/102 92/3/96
f 81/1/89 90/2/95 91/3/97
s 1
f 77/1/98 88/2/105 87/3/99
s 2
f 75/4/100 86/5/109 89/6/101
f 89/1/102 96/2/119 99/3/103
f 92/1/96 99/2/103 97/3/104
s 1
f 94/1/107 87/2/99 88/3/105
f 277/1/106 95/2/113 94/3/107
s 2
f 90/1/95 97/2/104 98/3/108
f 86/4/109 93/5/116 96/6/110
s 1
f 87/1/99 94/2/107 93/3/111
s 2
f 99/1/103 106/2/120 104/3/112
s 1
f 95/1/113 102/2/137 101/3/114
s 2
f 97/1/104 104/2/112 105/3/115
f 93/4/116 100/5/136 103/6/117
s 1
f 94/1/107 101/2/114 100/3/118
s 2
f 96/1/119 103/2/135 106/3/120
s 1
f 114/1/121 109/2/146 108/3/122
s 2
f 116/1/124 111/2/134 112/3/125
f 119/4/127 118/5/1012 107/6/128
s 1
f 115/1/123 108/2/122 107/3/130
s 2
f 119/1/127 110/2/129 113/3/132
f 120/1/133 113/2/132 111/3/134
f 106/1/120 120/2/133 116/3/124
f 103/1/135 119/2/127 120/3/133
s 1
f 101/1/114 115/2/123 118/3/131
s 2
f 100/4/136 118/5/1012 119/6/127
f 104/1/112 116/2/124 117/3/126
s 1
f 102/1/137 114/2/121 115/3/123
f 121/1/138 123/2/142 122/3/139
f 40/1/141 123/2/142 125/3/143
f 114/1/121 102/2/137 124/3/144
f 126/1/145 125/2/143 123/3/142
f 109/1/146 114/2/121 125/3/143
f 54/1/148 128/2/154 127/3/147
f 127/1/147 121/2/138 45/3/140
f 129/1/149 128/2/154 54/3/148
f 129/1/149 47/2/150 59/3/151
f 487/1/153 130/2/171 59/3/67
f 128/4/154 503/5/169 505/6/155
f 127/4/147 505/5/155 508/6/156
f 134/1/157 137/2/162 136/3/158
f 133/1/159 136/2/158 135/3/160
f 137/1/162 140/2/165 139/3/163
f 136/1/158 139/2/163 138/3/164
f 140/1/165 137/2/162 142/3/166
f 137/1/162 134/2/157 141/3/168
f 129/4/149 504/5/256 503/6/169
f 487/4/153 506/5/752 507/6/170
f 145/1/172 485/2/705 146/3/173
f 146/1/173 485/2/705 149/3/175
f 149/1/175 151/2/178 150/3/177
f 151/1/178 149/2/175 515/3/179
f 152/4/181 515/5/179 516/6/182
f 152/1/181 484/2/183 593/3/829
f 152/1/181 593/2/829 154/3/188
f 593/1/829 486/2/741 154/3/188
f 156/1/186 154/2/188 592/3/184
f 592/1/184 154/2/188 486/3/741
f 153/1/187 152/2/181 154/3/188
s 3
f 154/1/190 156/2/1013 159/3/191
f 155/1/193 154/2/190 157/3/192
s 1
f 157/1/195 159/2/220 162/3/196
f 158/1/198 157/2/195 160/3/197
f 162/1/196 164/2/201 163/3/199
s 4
f 163/1/200 552/2/200 550/3/200
s 1
f 164/1/201 167/2/212 165/3/202
s 5
f 165/1/203 167/2/218 170/3/204
f 166/1/206 165/2/203 168/3/205
s 1
f 170/1/208 173/2/222 171/3/209
f 168/1/210 171/2/209 172/3/211
f 167/1/212 164/2/201 177/3/213
s 3
f 175/1/217 159/2/191 194/3/215
f 159/1/191 156/2/1013 194/3/215
s 5
f 167/1/218 178/2/228 179/3/219
s 1
f 159/1/220 175/2/227 176/3/221
f 173/1/222 170/2/208 179/3/223
f 164/1/201 162/2/196 176/3/221
f 184/1/225 185/2/259 178/3/214
f 182/1/226 183/2/230 176/3/221
s 5
f 178/1/228 185/2/1014 186/3/229
s 1
f 183/1/230 184/2/225 177/3/213
f 186/1/231 187/2/233 180/3/224
s 3
f 174/1/216 181/2/241 182/3/232
s 1
f 187/1/233 186/2/231 190/3/234
s 5
f 186/1/229 185/2/1014 189/3/236
s 1
f 191/1/235 190/2/234 192/3/239
f 184/1/225 183/2/230 61/3/63
f 182/1/226 188/2/68 61/3/63
f 145/4/172 506/5/752 509/6/243
f 520/4/245 521/5/763 518/6/246
f 518/1/246 473/2/250 174/3/247
f 181/1/249 174/2/247 473/3/250
f 63/4/71 512/5/253 511/6/252
f 60/4/70 510/5/255 512/6/253
f 60/4/70 528/5/765 525/6/254
f 130/4/152 507/5/753 504/6/256
f 142/1/166 141/2/168 146/3/257
f 141/1/168 144/2/1015 146/3/257
f 148/1/258 150/2/1016 143/3/167
f 62/1/62 189/2/260 185/3/259
f 50/1/55 192/2/239 189/3/260
f 23/1/13 22/2/379 273/3/261
f 454/1/262 24/2/14 19/3/263
f 24/1/14 454/2/262 197/3/265
f 455/1/267 456/2/270 202/3/268
f 454/1/262 455/2/267 204/3/269
f 456/1/270 457/2/1017 206/3/271
f 206/1/271 457/2/1017 458/3/272
f 208/1/273 458/2/272 459/3/274
f 459/1/274 463/2/277 212/3/276
f 463/1/277 464/2/1018 214/3/278
f 214/1/278 464/2/1018 215/3/279
f 208/1/273 219/2/283 218/3/281
f 214/1/278 222/2/284 221/3/282
f 210/1/275 220/2/286 219/3/283
f 216/1/280 223/2/1019 222/3/284
f 206/1/271 218/2/281 217/3/285
f 212/1/276 221/2/282 220/3/286
f 204/1/269 227/2/290 224/3/287
f 200/1/266 226/2/289 225/3/288
f 197/1/265 224/2/287 226/3/289
f 202/1/268 217/2/285 227/3/290
f 222/1/291 223/2/292 234/3/292
f 220/1/294 221/2/300 232/3/295
f 218/1/297 219/2/301 230/3/298
f 221/1/300 222/2/291 233/3/293
f 219/1/301 220/2/294 231/3/296
f 217/1/302 218/2/297 229/3/299
f 224/1/304 227/2/309 238/3/305
f 226/1/289 237/2/308 236/3/307
f 224/1/304 235/2/306 237/3/308
f 227/1/309 217/2/302 228/3/303
f 234/1/310 566/2/1020 565/3/311
f 568/1/313 563/2/802 556/3/314
f 233/1/312 565/2/311 562/3/319
s 6
f 554/1/321 230/2/791 558/3/322
s 1
f 239/1/325 228/2/1021 554/3/318
f 228/1/1021 229/2/316 554/3/318
f 237/1/308 235/2/331 247/3/326
f 246/1/328 236/2/307 237/3/308
f 238/1/329 228/2/1021 239/3/325
f 249/1/330 247/2/326 235/3/331
f 244/1/332 255/2/342 254/3/333
f 242/1/335 253/2/343 252/3/336
f 240/1/338 251/2/344 250/3/339
f 245/1/341 256/2/341 255/3/342
f 243/1/334 254/2/333 253/3/343
f 241/1/337 252/2/336 251/3/344
f 254/1/345 255/2/354 262/3/346
f 252/1/348 253/2/356 260/3/349
f 250/1/351 251/2/357 258/3/352
f 255/1/354 256/2/355 263/3/355
f 253/1/356 254/2/345 261/3/347
f 251/1/357 252/2/348 259/3/350
f 249/1/330 239/2/340 250/3/339
f 268/1/358 267/2/359 247/3/326
f 248/1/327 247/2/326 267/3/359
f 248/1/327 266/2/360 264/3/361
f 269/1/362 268/2/358 250/3/351
f 270/1/363 267/2/359 268/3/358
f 271/1/364 266/2/360 267/3/359
f 265/1/365 264/2/361 266/3/360
s 7
f 460/4/366 471/5/366 467/6/367
s 8
f 452/4/368 5/5/691 468/6/369
s 9
f 35/4/371 274/5/1022 276/6/372
f 275/4/373 276/5/372 95/6/374
s 1
f 273/1/261 293/2/380 283/3/378
f 22/1/379 282/2/388 293/3/380
f 236/1/307 246/2/328 290/3/381
f 246/1/328 264/2/361 291/3/383
f 26/1/17 283/2/378 284/3/384
f 265/1/365 292/2/1023 291/3/383
f 198/1/19 199/2/264 287/3/385
f 199/1/264 225/2/288 288/3/387
f 22/1/379 198/2/19 286/3/386
f 225/1/288 236/2/307 289/3/382
s 10
f 297/1/391 39/2/1024 547/3/389
f 547/1/389 34/2/399 296/3/390
f 297/1/391 296/2/390 295/3/392
f 44/1/394 39/2/1024 297/3/391
f 540/1/398 29/2/1025 299/3/396
f 29/1/1025 285/2/422 300/3/424
f 300/1/424 299/2/396 29/3/1025
f 299/1/396 302/2/402 295/3/392
f 68/1/397 299/2/396 296/3/390
f 298/1/395 297/2/391 294/3/393
f 299/1/396 300/2/424 303/3/401
f 295/1/392 302/2/402 306/3/403
f 295/1/392 305/2/404 304/3/405
s 1
f 280/1/406 315/2/416 316/3/407
f 192/1/239 311/2/420 312/3/409
f 278/1/410 313/2/412 314/3/411
f 281/1/408 316/2/407 313/3/412
f 279/1/376 314/2/411 310/3/413
f 42/1/41 43/2/1026 308/3/414
f 280/1/406 42/2/41 307/3/415
f 308/1/414 43/2/1026 309/3/419
f 43/1/1026 530/2/417 309/3/419
f 53/1/377 310/2/413 311/3/420
f 284/1/384 317/2/425 28/3/21
f 317/1/425 285/2/771 529/3/426
f 27/1/22 28/2/21 529/3/426
s 10
f 300/1/424 317/2/423 318/3/427
s 11
f 286/1/428 322/2/435 319/3/429
f 290/1/431 326/2/440 325/3/432
f 287/1/434 323/2/445 322/3/435
f 284/1/436 283/2/450 320/3/437
f 290/1/431 291/2/448 327/3/439
f 318/1/441 317/2/446 330/3/442
f 288/1/444 324/2/449 323/3/445
f 317/1/446 284/2/436 321/3/438
f 292/1/447 328/2/459 327/3/439
f 289/1/433 325/2/432 324/3/449
f 283/1/450 293/2/452 329/3/451
f 293/1/452 282/2/430 319/3/429
f 331/1/443 330/2/442 343/3/453
f 321/1/438 320/2/437 333/3/455
f 327/1/439 340/2/460 339/3/457
f 324/1/449 337/2/461 336/3/458
f 330/1/442 321/2/438 334/3/456
f 328/1/459 341/2/510 340/3/460
f 325/1/432 338/2/465 337/3/461
f 320/1/437 329/2/451 342/3/462
f 329/1/451 319/2/429 332/3/463
f 319/1/429 322/2/435 335/3/464
f 326/1/440 339/2/457 338/3/465
f 323/1/445 336/2/458 335/3/464
s 12
f 310/1/466 314/2/483 353/3/467
f 312/1/469 311/2/478 350/3/470
f 315/1/472 307/2/480 346/3/473
f 301/1/475 345/2/494 348/3/476
f 311/1/478 310/2/466 349/3/468
f 308/1/479 347/2/485 346/3/473
f 316/1/481 315/2/472 354/3/474
f 314/1/483 313/2/486 352/3/484
f 309/1/477 348/2/476 347/3/485
f 313/1/486 316/2/481 355/3/482
f 353/1/467 352/2/484 363/3/487
f 348/1/476 359/2/495 358/3/489
f 352/1/484 355/2/482 366/3/490
f 349/1/468 353/2/467 364/3/488
f 351/1/471 350/2/470 361/3/492
f 345/1/494 356/2/515 359/3/495
f 346/1/473 357/2/497 365/3/496
f 350/1/470 349/2/468 360/3/491
f 347/1/485 358/2/489 357/3/497
f 354/1/474 365/2/496 366/3/490
s 11
f 338/4/465 373/5/501 372/6/498
s 12
f 360/4/491 364/5/488 388/6/499
s 11
f 339/4/457 374/5/506 373/6/501
f 335/4/464 370/5/520 367/6/502
s 12
f 365/4/496 357/5/497 381/6/503
s 11
f 339/4/457 340/5/460 375/6/505
f 334/4/456 333/5/455 368/6/507
s 12
f 366/4/490 365/5/496 389/6/504
s 11
f 341/4/510 376/5/1027 375/6/505
s 12
f 358/4/489 382/5/513 381/6/503
s 11
f 343/4/453 334/5/456 369/6/508
s 12
f 366/4/490 390/5/509 387/6/512
f 359/4/495 383/5/516 382/6/513
s 11
f 332/4/463 367/5/502 377/6/514
f 333/4/455 342/5/462 377/6/514
s 12
f 356/4/515 380/5/1028 383/6/516
f 362/4/493 361/5/492 385/6/517
s 11
f 344/4/454 343/5/453 378/6/511
f 336/4/458 371/5/521 370/6/520
s 12
f 361/4/492 360/5/491 384/6/500
s 11
f 337/4/461 372/5/498 371/6/521
s 12
f 364/4/488 363/5/487 387/6/512
s 13
f 381/4/522 382/5/522 389/6/522
f 382/4/522 383/5/522 389/6/522
f 383/4/522 380/5/522 385/6/522
f 380/4/522 386/5/522 385/6/522
f 385/4/522 384/5/522 389/6/522
f 384/4/522 388/5/522 387/6/522
f 387/4/522 390/5/522 384/6/522
f 390/4/522 389/5/522 384/6/522
s 14
f 377/4/522 367/5/522 368/6/522
f 367/4/522 370/5/522 372/6/522
f 368/4/522 367/5/522 372/6/522
f 370/4/522 371/5/522 372/6/522
f 372/4/522 373/5/522 374/6/522
f 374/4/522 375/5/522 378/6/522
f 375/4/522 376/5/522 379/6/522
f 378/4/522 375/5/522 379/6/522
f 378/4/522 369/5/522 374/6/522
f 369/4/522 368/5/522 372/6/522
s 15
f 257/4/1029 258/5/1030 376/6/526
f 258/4/1030 259/5/1031 376/6/526
f 259/4/1031 260/5/1032 376/6/526
f 260/4/1032 261/5/1033 376/6/526
f 261/4/1033 262/5/1034 391/6/1035
f 262/4/1034 263/5/1036 391/6/1035
f 391/4/1035 376/5/526 261/6/1033
f 341/4/525 328/5/1037 265/6/523
f 328/4/1037 292/5/1038 265/6/523
f 376/4/526 341/5/525 269/6/1039
f 269/4/1039 257/5/1029 376/6/526
f 271/4/524 270/5/1040 341/6/525
f 270/4/1040 269/5/1039 341/6/525
f 376/4/526 391/5/1035 392/6/527
f 386/4/529 380/5/1041 393/6/530
f 172/4/1042 171/5/1043 394/6/531
f 171/4/1043 173/5/1044 386/6/529
f 394/4/531 171/5/1043 386/6/529
f 173/4/1044 180/5/1045 386/6/529
f 180/4/1045 187/5/1046 386/6/529
f 187/4/1046 191/5/532 386/6/529
f 191/4/532 193/5/1047 362/6/533
f 193/4/1047 312/5/1048 351/6/1049
f 193/4/1047 351/5/1049 362/6/533
s 16
f 102/4/534 397/5/534 398/6/535
s 17
f 102/4/537 95/5/1050 396/6/538
s 9
f 276/4/372 400/5/542 396/6/540
f 276/4/372 274/5/1022 399/6/541
s 16
f 124/4/536 398/5/535 395/6/543
s 1
f 274/4/42 40/5/44 395/6/545
f 403/4/554 67/5/28 538/6/30
f 538/4/30 30/5/36 403/6/554
s 9
f 277/4/375 409/5/1051 408/6/555
s 20
f 77/4/556 406/5/560 407/6/557
f 77/4/556 74/5/565 405/6/559
f 71/4/561 67/5/1052 403/6/562
s 9
f 275/4/373 408/5/555 402/6/564
s 20
f 74/4/565 71/5/561 404/6/563
f 88/4/558 407/5/557 409/6/566
s 1
f 401/4/553 30/5/36 402/6/568
f 30/4/36 545/5/35 402/6/568
s 19
f 401/7/570 404/8/571 403/9/1053
s 22
f 7/1/576 412/2/599 414/3/577
f 13/1/578 414/2/577 448/3/579
f 8/1/581 413/2/654 411/3/582
s 23
f 78/4/584 418/5/593 417/6/585
s 24
f 69/4/587 416/5/591 415/6/588
f 72/4/590 417/5/1054 416/6/591
s 23
f 85/4/592 421/5/595 418/6/593
f 85/4/592 80/5/596 419/6/594
f 80/4/596 82/5/1055 420/6/597
s 22
f 2/1/598 415/2/1056 412/3/599
f 414/4/577 412/5/599 423/6/600
f 448/4/579 414/5/577 425/6/601
f 411/4/582 413/5/654 424/6/603
s 25
f 424/4/606 428/5/606 426/6/606
f 428/4/606 424/5/606 449/6/606
f 449/4/606 425/5/606 428/6/606
f 425/4/606 423/5/607 427/6/609
s 26
f 416/7/615 417/8/1057 418/9/1058
s 27
f 113/4/622 110/5/625 435/6/623
f 110/4/625 107/5/635 432/6/626
f 132/4/627 135/5/641 442/6/628
f 126/4/630 121/5/1059 439/6/631
f 113/4/622 438/5/624 436/6/633
f 107/4/635 108/5/644 433/6/636
f 126/4/630 440/5/632 434/6/637
f 112/4/639 111/5/634 436/6/633
f 135/4/641 138/5/1060 443/6/642
f 439/4/631 121/5/1059 508/6/643
f 508/4/643 132/5/627 441/6/629
f 108/4/644 109/5/638 434/6/637
s 21
f 435/7/653 432/8/1061 434/9/1062
f 432/7/1061 433/8/1063 434/9/1062
f 1144/8/1064 443/7/573 1142/8/1065
s 22
f 413/4/654 448/5/579 449/6/602
f 447/1/580 448/2/579 413/3/654
s 28
f 272/10/655 211/11/674 209/12/656
f 14/13/658 201/14/667 203/15/659
f 6/10/657 209/11/656 207/12/661
f 272/4/655 6/5/657 450/6/663
f 451/4/1066 1/5/662 576/6/666
f 1/4/662 14/5/658 576/6/666
f 196/4/660 454/5/669 453/6/665
f 201/4/667 456/5/671 455/6/668
f 196/4/660 203/5/659 455/6/668
f 201/4/667 205/5/672 457/6/670
f 207/4/661 458/5/673 457/6/670
f 209/4/656 459/5/675 458/6/673
f 211/4/674 463/5/676 459/6/675
f 211/4/674 272/5/655 465/6/664
f 462/4/677 5/5/685 461/6/678
f 460/4/680 213/5/682 464/6/681
f 213/4/682 466/5/1067 215/6/683
f 452/4/684 465/5/664 461/6/678
f 452/4/684 460/5/680 463/6/676
s 29
f 471/4/686 472/5/1068 468/6/687
f 469/4/689 470/5/1069 467/6/688
s 30
f 452/4/690 472/5/690 471/6/690
s 7
f 213/4/367 467/5/367 470/6/606
s 8
f 5/4/691 462/5/692 469/6/692
s 1
f 498/1/749 475/2/735 590/3/828
f 498/1/749 590/2/828 501/3/751
f 590/1/828 493/2/693 501/3/751
f 514/1/244 476/2/698 501/3/751
f 589/1/694 513/2/758 514/3/244
f 501/1/751 493/2/693 514/3/244
f 482/16/695 480/17/748 477/18/696
f 479/4/700 481/5/750 476/6/698
f 481/4/750 501/5/751 476/6/698
f 596/4/701 594/5/1070 483/6/702
f 598/4/704 595/5/759 485/6/705
f 600/4/707 593/5/829 484/6/183
f 602/4/709 511/5/252 488/6/710
f 604/4/712 582/5/756 489/6/713
f 606/4/715 585/5/1071 490/6/716
f 608/4/718 586/5/827 474/6/719
f 610/4/721 587/5/757 491/6/722
f 487/4/153 613/5/825 509/6/243
f 613/4/825 612/5/724 509/6/243
f 614/4/726 583/5/764 492/6/727
f 473/4/250 617/5/826 526/6/731
f 617/4/826 616/5/729 526/6/731
f 618/4/732 589/5/694 493/6/693
f 620/4/734 590/5/828 475/6/735
f 622/4/737 591/5/761 494/6/738
f 624/4/740 592/5/184 486/6/741
f 625/4/743 520/5/245 495/6/185
f 499/4/762 480/5/748 500/6/746
f 480/4/748 482/5/695 500/6/746
f 479/4/700 496/5/699 478/6/747
f 480/4/748 499/5/762 498/6/749
f 481/4/750 477/5/696 498/6/749
f 482/4/695 497/5/697 478/6/747
f 481/16/750 479/17/700 497/18/697
f 504/1/256 141/2/168 134/3/157
f 506/1/752 145/2/172 144/3/174
f 503/1/169 134/2/157 133/3/159
f 505/1/155 133/2/159 132/3/161
f 507/1/753 144/2/1015 141/3/168
f 510/1/255 525/2/254 524/3/755
f 488/1/710 511/2/252 512/3/253
f 512/1/253 195/2/754 582/3/756
f 195/1/754 489/2/713 582/3/756
f 514/1/244 509/2/243 588/3/725
f 514/1/244 588/2/725 491/3/722
f 496/1/699 476/2/698 514/3/244
f 474/1/719 478/2/747 587/3/757
f 478/1/747 496/2/699 587/3/757
f 514/1/244 491/2/722 496/3/699
f 513/4/758 485/5/705 145/6/172
f 594/1/1070 516/2/182 515/3/179
f 149/1/175 485/2/705 595/3/759
f 483/1/702 594/2/1070 149/3/175
f 594/1/1070 515/2/179 149/3/175
f 517/4/180 515/5/179 152/6/181
f 518/1/246 194/2/248 156/3/186
f 518/4/246 521/5/763 519/6/760
f 500/1/746 521/2/763 499/3/762
f 521/1/763 520/2/245 494/3/738
f 521/1/763 494/2/738 591/3/761
f 499/1/762 521/2/763 591/3/761
f 475/1/735 498/2/749 499/3/762
f 585/1/1071 519/2/760 521/3/763
f 521/1/763 500/2/746 502/3/745
f 502/1/745 478/2/747 474/3/719
f 502/1/745 474/2/719 586/3/827
f 490/1/716 585/2/1071 521/3/763
f 502/1/745 586/2/827 490/3/716
f 522/4/251 473/5/250 526/6/731
f 524/1/755 526/2/731 584/3/730
f 524/1/755 584/2/730 492/3/727
f 489/1/713 195/2/754 583/3/764
f 195/1/754 524/2/755 583/3/764
f 525/4/254 523/5/766 522/6/251
f 528/4/765 527/5/69 523/6/766
f 531/4/31 537/5/774 540/6/767
f 533/1/769 39/2/37 44/3/770
f 544/4/37 547/5/37 39/6/37
f 534/4/37 531/5/31 68/6/768
f 532/1/72 529/2/426 285/3/771
f 541/4/29 67/5/28 535/6/74
f 535/4/74 20/5/16 536/6/76
f 543/4/773 541/5/29 535/6/74
f 30/1/36 538/2/30 31/3/27
f 538/1/30 541/2/29 66/3/26
f 539/1/73 64/2/23 65/3/25
f 543/1/773 536/2/76 66/3/26
f 537/1/774 531/2/31 64/3/23
f 537/4/774 532/5/72 29/6/772
f 536/1/76 542/2/75 65/3/25
f 547/4/37 544/5/37 534/6/37
f 549/4/38 548/5/34 37/6/39
f 548/4/34 546/5/33 38/6/45
f 549/4/38 36/5/47 35/6/370
f 546/4/33 544/5/37 533/6/769
s 5
f 550/1/775 552/2/778 553/3/776
f 552/1/778 165/2/203 166/3/206
s 31
f 160/1/779 550/2/1072 551/3/780
s 1
f 556/1/314 242/2/894 241/3/782
s 6
f 557/1/784 561/2/792 559/3/785
s 1
f 557/1/787 555/2/783 240/3/324
f 555/1/783 241/2/782 240/3/324
f 561/4/788 560/5/1073 558/6/789
s 6
f 230/1/791 231/2/692 629/3/692
f 557/1/784 554/2/321 560/3/323
f 555/1/786 559/2/785 628/3/793
s 32
f 572/4/794 571/5/812 570/6/795
s 33
f 564/1/797 571/2/815 574/3/798
s 1
f 564/1/800 244/2/809 243/3/801
s 33
f 565/1/803 572/2/817 569/3/804
f 562/1/805 569/2/804 575/3/806
s 1
f 567/1/808 245/2/1074 244/3/809
s 32
f 573/4/811 574/5/1020 571/6/812
s 33
f 563/1/813 568/2/807 575/3/806
f 564/1/797 563/2/813 570/3/814
f 566/1/816 573/2/1075 572/3/817
s 1
f 556/1/314 628/2/1076 629/3/818
s 28
f 1/13/662 207/14/661 205/15/672
f 205/13/672 201/14/667 14/15/658
s 1
f 580/4/5 577/5/3 9/6/819
f 577/1/3 580/2/5 19/3/263
f 576/4/6 580/5/5 12/6/820
f 577/4/3 579/5/2 10/6/8
f 581/1/11 579/2/2 17/3/12
f 581/4/11 578/5/10 2/6/1011
s 15
f 379/4/528 392/5/527 305/6/1077
f 392/4/527 393/5/530 305/6/1077
f 393/4/530 380/5/1041 305/6/1077
f 318/4/1078 331/5/1079 303/6/1080
f 331/4/1079 344/5/1081 303/6/1080
f 344/4/1081 379/5/528 306/6/1082
f 356/4/822 345/5/1083 301/6/823
f 379/4/528 305/5/1077 306/6/1082
f 380/4/1041 356/5/822 304/6/824
f 305/4/1077 380/5/1041 304/6/824
f 306/4/1082 303/5/1080 344/6/1081
s 1
f 511/4/252 602/5/709 613/6/825
f 582/4/756 604/5/712 603/6/711
f 583/4/764 614/5/726 605/6/714
f 584/4/730 616/5/729 615/6/728
f 519/4/760 585/5/1071 606/6/715
f 606/4/715 617/5/826 519/6/760
f 586/4/827 608/5/718 607/6/717
f 587/4/757 610/5/721 609/6/720
f 588/4/725 612/5/724 611/6/723
f 513/4/758 589/5/694 618/6/732
f 618/4/732 626/5/706 513/6/758
f 590/4/828 620/5/734 619/6/733
f 591/4/761 622/5/737 621/6/736
f 520/4/245 625/5/743 623/6/739
f 592/4/184 624/5/740 627/6/744
f 593/4/829 600/5/707 601/6/742
f 516/4/182 594/5/1070 597/6/708
f 594/4/1070 596/5/701 597/6/708
f 595/4/759 598/5/704 599/6/703
s 34
f 719/19/830 720/20/891 597/21/831
f 721/19/833 722/20/892 599/21/834
f 724/19/836 601/20/873 600/21/837
s 35
f 703/19/839 602/20/876 603/21/840
f 706/19/842 705/20/877 604/21/843
f 708/19/845 707/20/880 606/21/846
f 709/19/848 608/20/881 609/21/849
f 711/19/851 610/20/882 611/21/852
f 713/19/854 612/20/883 613/21/855
f 716/19/857 715/20/878 614/21/858
f 718/19/860 717/20/879 616/21/861
s 34
f 726/19/863 725/20/884 618/21/864
f 727/19/866 620/20/886 621/21/867
f 729/19/869 622/20/887 623/21/870
f 731/19/872 624/20/890 601/21/873
f 730/19/871 623/20/870 625/21/874
s 35
f 714/19/856 613/20/855 602/21/876
f 704/19/841 603/20/840 604/21/843
f 715/19/878 706/20/842 605/21/844
f 717/19/879 716/20/857 615/21/859
f 707/19/880 718/20/860 617/21/862
f 709/19/848 708/20/845 607/21/847
f 710/19/850 609/20/849 610/21/882
f 712/19/853 611/20/852 612/21/883
s 34
f 725/19/884 733/20/893 626/21/885
f 727/19/866 726/20/863 619/21/865
f 728/19/868 621/20/867 622/21/887
f 732/19/875 625/20/874 627/21/888
f 734/19/889 627/20/888 624/21/890
f 720/19/891 723/20/838 600/21/837
f 722/19/892 719/20/830 596/21/832
f 733/19/893 721/20/833 598/21/835
s 1
f 568/1/313 231/2/315 232/3/320
f 563/1/802 243/2/801 242/3/894
f 629/4/818 628/5/1076 559/6/790
f 523/1/766 527/2/69 188/3/68
f 188/1/68 181/2/249 523/3/766
s 36
f 631/1/895 664/2/909 661/3/896
s 37
f 637/1/898 672/2/951 671/3/899
s 36
f 665/1/901 635/2/905 645/3/902
f 631/1/895 639/2/911 640/3/904
f 662/1/906 663/2/918 634/3/907
f 664/1/909 631/2/895 635/3/905
f 647/1/910 640/2/904 639/3/911
f 645/1/902 635/2/905 640/3/904
f 656/4/913 650/5/924 652/6/914
f 630/1/908 634/2/907 641/3/916
f 631/1/895 642/2/897 646/3/912
f 645/1/902 647/2/910 641/3/916
f 641/1/916 647/2/910 646/3/912
f 663/1/918 666/2/903 645/3/902
s 37
f 643/1/919 633/2/900 671/3/899
s 36
f 655/1/921 654/2/928 649/3/922
f 656/4/913 655/5/921 648/6/926
f 658/4/927 651/5/931 649/6/922
f 657/4/915 652/5/914 653/6/929
f 658/4/927 659/5/930 653/6/929
f 638/1/917 646/2/912 659/3/930
f 642/1/897 657/2/915 659/3/930
f 630/1/908 638/2/917 658/3/927
f 662/1/906 655/2/921 656/3/913
f 630/1/908 654/2/928 655/3/921
f 642/1/897 661/2/896 656/3/913
s 38
f 632/1/932 662/2/936 661/3/933
f 632/1/932 636/2/939 663/3/935
f 637/1/937 633/2/941 664/3/938
f 636/1/939 644/2/942 666/3/940
f 633/1/941 643/2/934 661/3/933
f 637/1/937 665/2/937 666/3/940
s 39
f 671/7/943 672/8/1084 668/9/944
f 667/7/945 668/8/944 670/9/946
s 37
f 632/1/948 643/2/919 667/3/920
f 637/1/898 644/2/952 668/3/950
f 644/1/952 636/2/954 670/3/953
f 632/1/948 669/2/949 670/3/953
s 40
f 696/4/955 684/5/988 676/6/956
s 41
f 690/4/958 676/5/1085 680/6/959
f 694/4/961 688/5/983 678/6/962
f 678/4/962 674/5/1086 689/6/964
s 42
f 682/4/965 685/5/1087 677/6/966
s 43
f 683/4/968 674/5/1088 678/6/969
f 680/4/971 676/5/1089 684/6/972
f 698/4/974 683/5/968 688/6/970
s 42
f 679/4/976 686/5/1090 681/6/977
f 699/4/979 685/5/1087 682/6/965
s 41
f 680/4/959 687/5/1002 693/6/981
f 702/4/982 700/5/1091 688/6/983
s 40
f 674/4/984 683/5/1001 695/6/985
f 701/4/987 698/5/990 684/6/988
f 701/4/987 696/5/955 681/6/989
f 673/4/991 689/5/986 695/6/985
s 41
f 702/4/982 694/5/961 685/6/993
f 679/4/995 691/5/960 693/6/981
f 677/4/997 692/5/963 689/6/964
f 694/4/961 692/5/963 677/6/997
f 690/4/958 691/5/960 679/6/995
s 40
f 696/4/955 690/5/957 675/6/1000
s 41
f 686/4/996 693/5/981 702/6/982
s 40
f 682/4/992 695/5/985 701/6/987
f 683/4/1001 698/5/990 701/6/987
s 41
f 687/4/1002 700/5/1091 702/6/982
s 42
f 681/4/977 686/5/1090 699/6/979
s 43
f 687/4/973 684/5/972 698/6/974
s 1
f 57/1/43 36/2/47 41/3/48
f 735/1/50 280/2/406 281/3/408
f 736/1/66 55/2/60 45/3/61
f 737/1/1009 281/2/408 278/3/410
f 736/1/66 57/2/43 735/3/50
f 279/1/376 51/2/54 738/3/1010
f 739/1/52 49/2/56 61/3/63
f 738/1/1010 52/2/51 46/3/65
f 738/1/1010 51/2/54 49/3/56
f 753/1/1092 1264/2/1093 1266/3/1094
f 1151/1/1095 1263/2/1096 1267/3/1097
f 1266/4/1094 747/5/1098 748/6/1099
f 755/1/1100 1268/2/1101 1265/3/1102
f 754/1/1103 755/2/1100 760/3/1104
f 753/1/1092 758/2/1105 761/3/1106
f 757/1/1107 762/2/1108 763/3/1109
f 753/1/1092 915/2/1110 758/3/1105
f 755/1/1100 752/2/1111 757/3/1107
f 762/1/1108 764/2/1112 765/3/1113
f 801/1/1114 802/2/1115 769/3/1116
f 803/1/1117 768/2/1118 769/3/1116
f 804/4/1119 1231/5/1120 1234/6/1121
f 1224/1/1122 801/2/1114 770/3/1123
f 769/1/1116 1241/2/1124 1239/3/1125
f 768/1/1118 767/2/1126 1238/3/1127
f 770/1/1123 1239/2/1125 1237/3/1128
f 768/1/1118 1242/2/1129 1241/3/1124
f 774/1/1130 779/2/1131 780/3/1132
f 984/1/1133 777/2/1134 794/3/1135
f 775/1/1136 780/2/1132 1223/3/1137
f 773/1/1138 778/2/1139 774/3/1130
f 794/1/1135 777/2/1134 852/3/1140
f 779/1/1131 778/2/1139 1422/3/1141
f 789/1/1142 785/2/1143 1426/3/1144
f 788/1/1145 786/2/1146 787/3/1147
f 791/1/1148 784/2/1149 795/3/1150
f 792/1/1151 782/2/1152 791/3/1148
f 786/1/1146 798/2/1153 799/3/1154
f 793/1/1155 795/2/1150 785/3/1143
f 793/1/1155 789/2/1142 783/3/1156
f 1423/1/1157 792/2/1151 783/3/1156
f 795/1/1150 784/2/1149 796/3/1158
f 1426/1/1144 1220/2/1159 905/3/1160
f 795/1/1150 800/2/1161 797/3/1162
f 1225/4/1163 764/5/1112 1232/6/1164
f 752/1/1111 804/2/1119 1228/3/1165
f 757/4/1107 1229/5/1166 1235/6/1167
f 764/4/1112 762/5/1108 1235/6/1167
f 804/1/1119 752/2/1111 807/3/1168
f 1265/1/1102 807/2/1168 752/3/1111
f 808/1/1169 807/2/1168 810/3/1170
f 807/1/1168 806/2/1171 809/3/1172
f 811/1/1173 810/2/1170 813/3/1174
f 810/1/1170 809/2/1172 812/3/1175
s 2
f 809/4/1176 815/5/1177 816/6/1178
f 820/1/1179 817/2/1180 818/3/1181
f 817/1/1180 82/2/92 83/3/91
f 815/1/1177 820/2/1179 819/3/1182
s 1
f 813/1/1174 812/2/1175 821/3/1183
s 2
f 819/1/1182 818/2/1181 825/3/1184
f 816/1/1178 819/2/1182 826/3/1185
f 818/1/1181 83/2/91 91/3/97
s 1
f 814/1/1186 813/2/1174 822/3/1187
s 2
f 812/4/1188 816/5/1178 824/6/1189
f 824/1/1190 826/2/1185 832/3/1191
f 826/1/1185 825/2/1184 831/3/1192
s 1
f 823/1/1193 828/2/1194 987/3/1195
s 2
f 825/1/1184 91/2/97 98/3/108
f 821/4/1196 824/5/1189 830/6/1197
s 1
f 822/1/1187 821/2/1183 827/3/1198
s 2
f 832/1/1191 831/2/1192 837/3/1199
s 1
f 829/1/1200 828/2/1194 834/3/1201
s 2
f 831/1/1192 98/2/108 105/3/115
f 827/4/1202 830/5/1197 836/6/1203
s 1
f 828/1/1194 827/2/1198 833/3/1204
s 2
f 830/1/1205 832/2/1191 838/3/1206
s 1
f 845/1/1207 846/2/1208 840/3/1209
s 2
f 847/1/1210 117/2/126 112/3/125
f 849/4/1211 842/5/1212 839/6/1213
s 1
f 846/1/1208 848/2/1214 839/3/1215
s 2
f 849/1/1211 850/2/1216 844/3/1217
f 850/1/1216 847/2/1210 843/3/1218
f 838/1/1206 837/2/1199 847/3/1210
f 836/1/1219 838/2/1206 850/3/1216
s 1
f 834/1/1201 833/2/1204 848/3/1214
s 2
f 833/4/1220 836/5/1203 849/6/1211
f 837/1/1199 105/2/115 117/3/126
s 1
f 835/1/1221 834/2/1201 846/3/1208
f 851/1/1222 782/2/1223 852/3/1224
f 777/1/1225 853/2/1226 852/3/1224
f 777/1/1225 854/2/1227 855/3/1228
f 845/1/1207 855/2/1228 854/3/1227
f 856/1/1229 851/2/1222 853/3/1226
f 841/1/1230 856/2/1229 855/3/1228
f 857/1/1231 791/2/1232 782/3/1223
f 859/1/1233 784/2/1234 791/3/1232
f 859/1/1233 860/2/1235 796/3/1236
f 1181/1/1237 800/2/1161 796/3/1158
f 858/4/1238 857/5/1231 1199/6/1239
f 857/4/1231 851/5/1222 1202/6/1240
f 864/1/1241 863/2/1242 866/3/1243
f 863/1/1242 862/2/1244 865/3/1245
f 867/1/1246 866/2/1243 139/3/163
f 866/1/1243 865/2/1245 138/3/164
f 140/1/165 143/2/167 869/3/1247
f 867/1/1246 869/2/1247 868/3/1248
f 859/4/1233 858/5/1238 1197/6/1249
f 1181/4/1237 860/5/1250 1201/6/1251
f 871/1/1252 870/2/1253 872/3/1254
f 872/1/1254 874/2/1255 875/3/1256
f 875/1/1256 874/2/1255 150/3/177
f 151/1/178 517/2/180 1209/3/1257
f 876/4/1258 1178/5/1259 1210/6/1260
f 1279/1/1261 878/2/1262 1189/3/1263
f 153/1/187 155/2/189 877/3/1264
s 3
f 877/1/1265 879/2/1266 880/3/1267
f 155/1/193 158/2/194 879/3/1266
s 1
f 879/1/1268 881/2/1269 882/3/1270
f 158/1/198 161/2/198 881/3/1269
f 882/1/1270 881/2/1269 883/3/1271
s 46
f 883/1/522 881/2/522 1243/3/522
s 1
f 884/1/1272 883/2/1271 885/3/1273
s 5
f 885/1/1274 887/2/1275 888/3/1276
f 166/1/206 169/2/207 887/3/1275
s 1
f 888/1/1277 887/2/1278 889/3/1279
f 887/1/1278 169/2/211 172/3/211
f 886/1/1280 895/2/1281 894/3/1282
s 3
f 911/1/1283 892/2/1284 891/3/1285
s 5
f 886/1/1286 888/2/1276 896/3/1287
s 1
f 880/1/1288 882/2/1270 893/3/1289
f 890/1/1290 897/2/1291 896/3/1292
f 884/1/1272 894/2/1282 893/3/1289
f 901/1/1293 894/2/1282 895/3/1281
f 899/1/1294 892/2/1295 893/3/1289
s 5
f 895/1/1296 896/2/1287 903/3/1297
s 1
f 900/1/1298 893/2/1289 894/3/1282
f 903/1/1299 896/2/1292 897/3/1291
s 3
f 891/1/1285 892/2/1284 899/3/1300
s 1
f 904/1/1301 908/2/1302 907/3/1303
s 5
f 903/1/1297 907/2/1304 906/3/1305
f 907/1/1304 909/2/1306 906/3/1305
s 1
f 908/1/1302 910/2/1307 909/3/1308
f 901/1/1293 799/2/1154 798/3/1153
f 899/1/1294 900/2/1298 798/3/1153
s 3
f 899/1/1300 905/2/1309 898/3/1310
s 1
f 871/4/1252 1208/5/1311 1203/6/1312
f 1213/4/1313 1189/5/1263 1211/6/1314
f 1211/1/1314 911/2/1315 891/3/1316
f 898/1/1317 1215/2/1318 1167/3/1319
f 800/4/1161 1181/5/1237 1205/6/1320
f 797/4/1162 800/5/1161 1206/6/1321
f 797/4/1162 1204/5/1322 1218/6/1323
f 860/4/1235 859/5/1233 1198/6/1324
f 872/1/1325 869/2/1247 874/3/1326
f 874/1/1326 869/2/1247 143/3/167
f 799/1/1154 901/2/1293 902/3/1327
f 787/1/1147 799/2/1154 906/3/1328
f 760/1/1104 763/2/1109 983/3/1329
f 1152/1/1330 1151/2/1095 756/3/1331
f 915/1/1110 916/2/1332 758/3/1105
f 761/1/1106 917/2/1333 914/3/1334
f 761/1/1106 758/2/1105 917/3/1333
f 1153/1/1335 921/2/1336 919/3/1337
f 1152/1/1330 914/2/1334 921/3/1336
f 1154/1/1338 919/2/1337 923/3/1339
f 923/1/1339 925/2/1340 1156/3/1341
f 925/1/1340 927/2/1342 1157/3/1343
f 1157/1/1343 927/2/1342 929/3/1344
f 1160/1/1345 929/2/1344 931/3/1346
f 931/1/1346 216/2/280 215/3/279
f 925/1/1340 923/2/1339 933/3/1347
f 931/1/1346 929/2/1344 936/3/1348
f 927/1/1342 925/2/1340 934/3/1349
f 216/1/280 931/2/1346 937/3/1350
f 923/1/1339 919/2/1337 932/3/1351
f 929/1/1344 927/2/1342 935/3/1352
f 921/1/1336 914/2/1334 938/3/1353
f 917/1/1333 916/2/1332 939/3/1354
f 914/1/1334 917/2/1333 940/3/1355
f 919/1/1337 921/2/1336 941/3/1356
f 937/1/1357 947/2/1358 234/3/292
f 935/1/1359 945/2/1360 946/3/1361
f 933/1/1362 943/2/1363 944/3/1364
f 936/1/1365 946/2/1361 947/3/1358
f 934/1/1366 944/2/1364 945/3/1360
f 932/1/1367 942/2/1368 943/3/1363
f 938/1/1369 948/2/1370 951/3/1371
f 940/1/1355 939/2/1354 949/3/1372
f 938/1/1369 940/2/1355 950/3/1373
f 941/1/1374 951/2/1371 942/3/1368
f 234/1/310 947/2/1375 1256/3/1376
f 1257/1/1377 945/2/1378 1247/3/1379
f 943/1/1380 1245/2/1381 944/3/1382
f 947/1/1375 946/2/1383 1253/3/1384
s 47
f 1245/1/1385 1251/2/1386 1249/3/1387
s 1
f 1245/1/1381 952/2/1388 953/3/1389
f 950/1/1373 960/2/1390 959/3/1391
f 958/1/1392 960/2/1390 950/3/1373
f 951/1/1393 961/2/1394 952/3/1388
f 961/1/1394 951/2/1393 948/3/1395
f 957/1/1396 956/2/1397 966/3/1398
f 955/1/1399 954/2/1400 964/3/1401
f 953/1/1402 952/2/1403 962/3/1404
f 245/1/341 957/2/1396 967/3/1405
f 956/1/1397 955/2/1399 965/3/1406
f 954/1/1400 953/2/1402 963/3/1407
f 966/1/1408 972/2/1409 973/3/1410
f 964/1/1411 970/2/1412 971/3/1413
f 962/1/1414 968/2/1415 969/3/1416
f 967/1/1417 973/2/1410 263/3/355
f 965/1/1418 971/2/1413 972/3/1409
f 963/1/1419 969/2/1416 970/3/1412
f 961/1/1394 978/2/1420 962/3/1404
f 978/1/1420 961/2/1394 959/3/1391
f 960/1/1390 976/2/1421 977/3/1422
f 960/1/1390 958/2/1392 974/3/1423
f 979/1/1424 968/2/1415 962/3/1414
f 980/1/1425 979/2/1424 978/3/1420
f 981/1/1426 980/2/1425 977/3/1422
f 975/1/1427 981/2/1426 976/3/1421
s 7
f 1158/4/1428 930/5/1429 1163/6/1429
s 8
f 1150/4/1430 1166/5/1430 1164/6/1431
s 1
f 772/1/1432 984/2/1133 773/3/1138
s 48
f 772/4/1433 985/5/1434 986/6/1435
f 985/4/1434 987/5/1436 829/6/1437
s 1
f 989/1/1438 788/2/1145 790/3/1439
f 983/1/1329 763/2/1109 993/3/1440
f 759/1/1441 983/2/1329 1003/3/1442
f 949/1/1372 999/2/1443 1000/3/1444
f 958/1/1392 1000/2/1444 1001/3/1445
f 763/1/1109 765/2/1113 994/3/1446
f 975/1/1427 974/2/1423 1001/3/1445
f 915/1/1110 996/2/1447 997/3/1448
f 916/1/1332 997/2/1448 998/3/1449
f 759/1/1441 992/2/1450 996/3/1447
f 939/1/1354 998/2/1449 999/3/1443
s 49
f 1240/1/1451 1007/2/1452 1006/3/1453
f 1007/1/1452 1004/2/1454 1005/3/1455
f 781/1/1456 1008/2/1457 1007/3/1452
f 1009/1/1458 1233/2/1459 805/3/1460
f 1009/1/1458 1006/2/1453 1005/3/1455
f 805/1/1460 771/2/1461 1006/3/1453
f 1008/1/1457 1011/2/1462 1004/3/1454
f 1009/1/1458 1012/2/1463 1013/3/1464
f 1005/1/1455 1015/2/1465 1016/3/1466
f 1005/1/1455 1004/2/1454 1014/3/1467
f 1012/1/1463 1016/2/1466 1013/3/1464
f 1004/1/1454 1011/2/1462 1014/3/1467
s 1
f 990/1/1468 991/2/1469 1026/3/1470
f 909/1/1308 910/2/1307 1022/3/1471
f 988/1/1472 989/2/1438 1024/3/1473
f 991/1/1469 988/2/1472 1023/3/1474
f 989/1/1438 790/2/1439 1020/3/1475
f 779/1/1131 1017/2/1476 1018/3/1477
f 990/1/1468 1025/2/1478 1017/3/1476
f 1223/1/1479 1019/2/1480 781/3/1481
f 790/1/1439 909/2/1308 1021/3/1482
s 49
f 781/1/1456 1019/2/1483 1008/3/1457
f 1008/1/1457 1019/2/1483 1011/3/1462
f 995/1/1484 1010/2/1485 1027/3/1486
s 1
f 765/1/1113 1222/2/1487 1027/3/1488
f 764/1/1112 1225/2/1163 1222/3/1487
s 49
f 1010/1/1485 1013/2/1464 1028/3/1489
s 50
f 996/1/428 992/2/430 1029/3/1490
f 1000/1/1491 999/2/433 1035/3/1492
f 997/1/434 996/2/428 1032/3/1493
f 994/1/436 1031/2/1494 1030/3/1495
f 1000/1/1491 1036/2/1496 1037/3/1497
f 1028/1/441 1041/2/1498 1040/3/1499
f 998/1/444 997/2/434 1033/3/1500
f 1027/1/446 1040/2/1499 1031/3/1494
f 1002/1/1501 1001/2/1502 1037/3/1497
f 999/1/433 998/2/444 1034/3/1503
f 993/1/450 1030/2/1495 1039/3/1504
f 1003/1/452 1039/2/1504 1029/3/1490
f 1041/1/1498 1054/2/1505 1053/3/1506
f 1031/1/1494 1044/2/1507 1043/3/1508
f 1037/1/1497 1036/2/1496 1049/3/1509
f 1034/1/1503 1033/2/1500 1046/3/1510
f 1040/1/1499 1053/2/1506 1044/3/1507
f 1038/1/1511 1037/2/1497 1050/3/1512
f 1035/1/1492 1034/2/1503 1047/3/1513
f 1030/1/1495 1043/2/1508 1052/3/1514
f 1039/1/1504 1052/2/1514 1042/3/1515
f 1029/1/1490 1042/2/1515 1045/3/1516
f 1036/1/1496 1035/2/1492 1048/3/1517
f 1033/1/1500 1032/2/1493 1045/3/1516
s 51
f 1020/1/466 1059/2/1518 1063/3/1519
f 1022/1/469 1061/2/1520 1060/3/1521
f 1025/1/472 1064/2/1522 1056/3/1523
f 1011/1/475 1019/2/477 1058/3/1524
f 1021/1/478 1060/2/1521 1059/3/1518
f 1018/1/479 1017/2/480 1056/3/1523
f 1026/1/481 1065/2/1525 1064/3/1522
f 1024/1/483 1063/2/1519 1062/3/1526
f 1019/1/477 1018/2/479 1057/3/1527
f 1023/1/486 1062/2/1526 1065/3/1525
f 1063/1/1519 1074/2/1528 1073/3/1529
f 1058/1/1524 1057/2/1527 1068/3/1530
f 1062/1/1526 1073/2/1529 1076/3/1531
f 1059/1/1518 1070/2/1532 1074/3/1528
f 1061/1/1520 1072/2/1533 1071/3/1534
f 1055/1/1535 1058/2/1524 1069/3/1536
f 1056/1/1523 1064/2/1522 1075/3/1537
f 1060/1/1521 1071/2/1534 1070/3/1532
f 1057/1/1527 1056/2/1523 1067/3/1538
f 1064/1/1522 1065/2/1525 1076/3/1531
s 50
f 1048/4/1517 1047/5/1513 1082/6/498
s 51
f 1070/4/1532 1094/5/500 1098/6/499
s 50
f 1049/4/1509 1048/5/1517 1083/6/501
f 1045/4/1516 1042/5/1515 1077/6/502
s 51
f 1075/4/1537 1099/5/504 1091/6/503
s 50
f 1049/4/1509 1084/5/506 1085/6/505
f 1044/4/1507 1079/5/508 1078/6/507
s 51
f 1076/4/1531 1100/5/509 1099/6/504
s 50
f 1051/4/1539 1050/5/1512 1085/6/505
s 51
f 1068/4/1530 1067/5/1538 1091/6/503
s 50
f 1053/4/1506 1088/5/511 1079/6/508
s 51
f 1076/4/1531 1073/5/1529 1097/6/512
f 1069/4/1536 1068/5/1530 1092/6/513
s 50
f 1042/4/1515 1052/5/1514 1087/6/514
f 1043/4/1508 1078/5/507 1087/6/514
s 51
f 1066/4/1540 1069/5/1536 1093/6/516
f 1072/4/1533 1096/5/518 1095/6/517
s 50
f 1054/4/1505 1089/5/519 1088/6/511
f 1046/4/1510 1045/5/1516 1080/6/520
s 51
f 1071/4/1534 1095/5/517 1094/6/500
s 50
f 1047/4/1513 1046/5/1510 1081/6/521
s 51
f 1074/4/1528 1098/5/499 1097/6/512
s 52
f 1099/4/200 1095/5/200 1093/6/200
s 53
f 1084/4/200 1082/5/200 1079/6/200
s 15
f 975/4/1541 1051/5/1542 981/6/1543
f 1086/4/1544 1089/5/1545 392/6/527
f 1096/4/1546 394/5/531 393/6/530
f 908/4/1547 1096/5/1546 1072/6/1548
s 54
f 835/4/1549 854/5/1550 1104/6/1551
s 55
f 835/4/1552 1103/5/1553 1102/6/1554
s 48
f 986/4/1435 829/5/1437 1102/6/1555
f 986/4/1435 1106/5/1556 1105/6/1557
s 54
f 854/4/1550 777/5/1558 1101/6/1559
s 1
f 984/4/1133 1105/5/1560 1101/6/1561
s 56
f 1105/8/1562 1104/7/1563 1101/8/1564
s 57
f 1113/8/1565 1114/7/1566 1116/8/1567
s 1
f 767/4/1126 1109/5/1568 1107/6/1569
s 48
f 987/4/1436 985/5/1434 1114/6/1570
s 58
f 814/4/1571 823/5/1572 1113/6/1573
f 814/4/1571 1112/5/1574 1111/6/1575
f 808/4/1576 1110/5/1577 1109/6/1578
s 48
f 985/4/1434 772/5/1433 1108/6/1579
s 58
f 811/4/1580 1111/5/1575 1110/6/1577
f 823/4/1572 987/5/1581 1115/6/1582
s 1
f 1238/4/1127 1108/5/1583 772/6/1432
s 57
f 1116/8/1567 1108/7/1584 1107/8/1585
f 1110/9/1586 1112/8/1587 1113/9/1565
s 22
f 744/1/1588 750/2/1589 1119/3/1590
f 750/1/1589 1145/2/1591 1146/3/1592
f 745/1/1593 4/2/583 411/3/582
s 23
f 815/4/1594 809/5/1595 1122/6/1596
s 59
f 806/4/1597 741/5/1598 1120/6/1599
f 809/4/1600 806/5/1597 1121/6/1601
s 23
f 820/4/1602 815/5/1594 1123/6/1603
f 820/4/1602 1125/5/1604 1124/6/1605
f 817/4/1606 1124/5/1605 420/6/597
s 22
f 741/1/1607 744/2/1588 1117/3/1608
f 1119/4/1590 1128/5/1609 1126/6/1610
f 1146/4/1592 1147/5/1611 1128/6/1609
f 411/4/582 422/5/604 1127/6/1612
f 1120/4/1613 1117/5/1608 1126/6/1610
s 25
f 1127/4/606 422/5/606 426/6/606
f 1126/4/1614 1129/5/1615 1120/6/1616
f 1130/4/606 1129/5/1615 1128/6/606
s 26
f 1132/8/619 426/7/610 429/8/612
f 1120/8/1617 1131/7/1618 1121/8/1619
f 1124/8/1620 429/7/612 420/8/617
f 1125/8/1621 1132/7/619 1124/8/1620
f 1125/9/1621 1121/9/1619 1131/7/1618
s 18
f 400/7/1622 397/8/1623 396/9/1624
s 27
f 844/4/1625 1138/5/1626 1136/6/1627
f 842/4/1628 1136/5/1627 1133/6/1629
f 862/4/1630 1141/5/1631 1142/6/1632
f 856/4/1633 1140/5/1634 1139/6/1635
f 844/4/1625 843/5/1636 1137/6/1637
f 839/4/1638 1133/5/1629 1134/6/1639
f 856/4/1633 841/5/1640 1135/6/1641
f 112/4/639 437/5/640 1137/6/1637
f 865/4/1642 1142/5/1632 443/6/642
f 1202/4/1643 1139/5/1635 1141/6/1631
f 840/4/1644 1134/5/1639 1135/6/1641
s 21
f 1144/8/1064 1141/7/1645 1143/8/1646
f 1143/8/1646 1139/7/1647 1140/8/1648
f 446/8/650 1137/7/1649 437/8/651
f 1144/8/1064 1138/7/1650 1137/8/1649
f 1140/9/1648 1136/8/1651 1138/9/1650
s 22
f 1118/4/1652 1127/5/1612 1147/6/1611
f 1145/1/1591 745/2/1593 1118/3/1652
s 28
f 982/10/1653 743/11/1654 926/12/1655
f 751/13/1656 913/14/1657 920/15/1658
f 743/10/1654 740/11/1659 924/12/1660
f 740/4/1659 743/5/1654 1148/6/1661
f 751/4/1656 1263/5/1662 1151/6/1663
f 913/4/1657 751/5/1656 1151/6/1663
f 918/4/1664 920/5/1658 1153/6/1665
f 913/4/1657 1152/5/1666 1153/6/1665
f 918/4/1664 1154/5/1667 1155/6/1668
f 924/4/1660 922/5/1669 1155/6/1668
f 926/4/1655 924/5/1660 1156/6/1670
f 928/4/1671 926/5/1655 1157/6/1672
f 928/4/1671 1160/5/1673 1162/6/1674
f 462/4/677 3/5/679 1159/6/1675
f 1158/4/1676 1160/5/1673 1161/6/1677
f 930/4/1678 1161/5/1677 215/6/683
f 1150/4/1679 1162/5/1674 1160/6/1673
s 29
f 1165/4/1680 1163/5/1681 1164/6/1682
f 469/4/689 1164/5/1682 1163/6/1681
s 60
f 1150/4/1683 1158/5/1683 1165/6/1683
s 7
f 930/4/1429 466/5/606 470/6/606
s 8
f 742/4/1684 1164/5/1431 469/6/692
s 1
f 1187/1/1685 1208/2/1311 1276/3/1686
f 1176/16/1687 1191/17/1688 1171/18/1689
f 1170/4/1690 1173/5/1691 1190/6/1692
f 1283/4/1693 1286/5/1694 1177/6/1695
f 1285/4/1696 1313/5/1697 1179/6/1698
f 1287/4/1699 1284/5/1700 1178/6/1259
f 1289/4/1701 1290/5/1702 1182/6/1703
f 1291/4/1704 1292/5/1705 1183/6/1706
f 1293/4/1707 1294/5/1708 1184/6/1709
f 1295/4/1710 1296/5/1711 1168/6/1712
f 1297/4/1713 1298/5/1714 1185/6/1715
f 1299/4/1716 1203/5/1312 1275/6/1717
f 1301/4/1718 1302/5/1719 1186/6/1720
f 1303/4/1721 1219/5/1722 1271/6/1723
f 1305/4/1724 1306/5/1725 1187/6/1685
f 1307/4/1726 1308/5/1727 1169/6/1728
f 1309/4/1729 1310/5/1730 1188/6/1731
f 1311/4/1732 1288/5/1733 1180/6/1734
f 1312/4/1735 1314/5/1736 1189/6/1263
f 1176/4/1687 1194/5/1737 1196/6/1738
f 1173/4/1691 1191/5/1688 1172/6/1739
f 1174/4/1740 1171/5/1689 1192/6/1741
f 1175/4/1742 1195/5/1743 1192/6/1741
f 1176/4/1687 1196/5/1738 1172/6/1739
f 1175/16/1742 1171/17/1689 1191/18/1688
f 1198/1/1324 1197/2/1249 864/3/1241
f 1200/1/1744 1201/2/1251 870/3/1253
f 1197/1/1249 1199/2/1239 863/3/1242
f 1199/1/1239 1202/2/1240 862/3/1244
f 1201/1/1745 1198/2/1324 868/3/1248
f 1203/4/1312 1181/5/1237 1200/6/1744
f 1206/1/1321 912/2/1746 1204/3/1322
f 1204/1/1322 912/2/1746 1217/3/1747
f 1269/1/1748 1206/2/1321 1182/3/1703
f 1185/1/1715 1190/2/1692 1274/3/1749
f 1207/4/1750 1208/5/1311 871/6/1252
f 875/1/1256 1177/2/1695 1282/3/1751
f 517/4/180 153/5/187 876/6/1258
f 1211/1/1314 1189/2/1263 878/3/1262
f 1211/4/1314 1167/5/1319 1212/6/1752
f 1278/1/1753 1193/2/1754 1169/3/1728
f 1214/1/1755 1184/2/1709 1196/3/1738
f 1215/4/1318 1217/5/1747 1219/6/1722
f 1217/1/1747 1270/2/1756 1186/3/1720
f 1218/4/1323 1217/5/1747 1215/6/1318
f 1221/4/1757 1218/5/1323 1216/6/1758
f 1224/4/1122 805/5/1759 1233/6/1760
f 1226/1/1761 1223/2/1137 781/3/1762
f 1237/4/1128 1226/5/1761 776/6/1128
f 1227/4/1128 771/5/1128 805/6/1759
f 1225/1/1163 766/2/1763 995/3/1764
f 1228/4/1165 1236/5/1765 1229/6/1166
f 768/1/1118 803/2/1117 1231/3/1120
f 1232/1/1164 1235/2/1167 802/3/1115
f 1236/1/1765 1234/2/1121 803/3/1117
f 1230/1/1766 1232/2/1164 801/3/1114
f 1230/4/1766 1233/5/1760 766/6/1763
f 1229/1/1166 803/2/1117 802/3/1115
f 1240/4/1128 771/5/1128 1227/6/1128
f 1242/4/1129 773/5/1138 774/6/1130
f 1241/4/1124 774/5/1130 775/6/1136
f 1242/4/1129 1238/5/1127 772/6/1432
f 1239/4/1125 775/5/1136 1226/6/1761
s 5
f 1243/1/1767 551/2/777 553/3/776
f 1244/1/1768 553/2/776 166/3/206
s 46
f 883/1/522 1244/2/522 885/3/522
s 31
f 881/1/1769 161/2/781 551/3/780
s 1
f 1247/1/1379 1246/2/1770 954/3/1771
s 47
f 1248/1/1772 1246/2/1773 1250/3/1774
s 1
f 953/1/1389 1248/2/1775 1245/3/1381
f 1252/4/1776 1250/5/1777 1249/6/1778
s 47
f 944/1/1779 1249/2/1387 1316/3/692
f 1248/1/1772 1252/2/1780 1251/3/1386
f 1246/1/1773 1247/2/1781 1315/3/1781
s 32
f 1261/4/1782 1258/5/1783 1259/6/1784
s 33
f 1255/1/1785 567/2/799 574/3/798
s 1
f 1255/1/1786 1254/2/1787 956/3/1788
s 33
f 1256/1/1789 1253/2/1790 1258/3/1791
f 1253/1/1790 1257/2/1792 1262/3/1793
s 1
f 567/1/808 1255/2/1786 957/3/1794
s 32
f 1259/4/1784 1258/5/1783 1262/6/1795
f 573/4/811 1261/5/1782 1260/6/1796
s 33
f 1254/1/1797 1259/2/1798 1262/3/1793
f 1255/1/1785 1260/2/1799 1259/3/1798
f 566/1/816 1256/2/1789 1261/3/1800
s 1
f 1247/1/1379 945/2/1378 1316/3/1801
s 28
f 922/13/1669 740/14/1659 751/15/1656
s 1
f 1267/4/1097 749/5/1802 746/6/1803
f 1264/1/1093 753/2/1092 756/3/1331
f 1263/4/1096 1149/5/1804 749/6/1802
f 1264/4/1093 746/5/1803 747/6/1098
f 1268/1/1101 755/2/1100 754/3/1103
s 15
f 1066/4/1805 1014/5/1806 1011/6/1807
s 1
f 1205/4/1320 1181/5/1237 1300/6/1808
f 1269/4/1748 1182/5/1703 1290/6/1702
f 1270/4/1756 1183/5/1706 1292/6/1705
f 1271/4/1723 1186/5/1720 1302/6/1719
f 1304/4/1809 1212/5/1752 1167/6/1319
f 1273/4/1810 1184/5/1709 1294/6/1708
f 1274/4/1749 1168/5/1712 1296/6/1711
f 1275/4/1717 1185/5/1715 1298/6/1714
f 1313/4/1697 1207/5/1750 1179/6/1698
f 1277/4/1811 1187/5/1685 1306/6/1725
f 1278/4/1753 1169/5/1728 1308/6/1727
f 1213/4/1313 1188/5/1731 1310/6/1730
f 1279/4/1261 1189/5/1263 1314/6/1736
f 1280/4/1812 1180/5/1734 1288/6/1733
f 1284/4/1700 1210/5/1260 1178/6/1259
f 1282/4/1751 1177/5/1695 1286/6/1694
s 61
f 1406/19/1813 1283/20/1814 1284/21/1815
f 1408/19/1816 1285/20/1817 1286/21/1818
f 1411/19/1819 1410/20/1820 1287/21/1821
s 62
f 1390/19/1822 1391/20/1823 1290/21/1824
f 1393/19/1825 1292/20/1826 1291/21/1827
f 1395/19/1828 1294/20/1829 1293/21/1830
f 1396/19/1831 1397/20/1832 1296/21/1833
f 1398/19/1834 1399/20/1835 1298/21/1836
f 1400/19/1837 1401/20/1838 1300/21/1839
f 1403/19/1840 1302/20/1841 1301/21/1842
f 1405/19/1843 1304/20/1844 1303/21/1845
s 61
f 1413/19/1846 1306/20/1847 1305/21/1848
f 1414/19/1849 1415/20/1850 1308/21/1851
f 1416/19/1852 1417/20/1853 1310/21/1854
f 1418/19/1855 1411/20/1819 1288/21/1856
f 1417/19/1853 1419/20/1857 1312/21/1858
s 62
f 1401/19/1838 1390/20/1822 1289/21/1859
f 1391/19/1823 1392/20/1860 1291/21/1827
f 1402/19/1861 1301/20/1842 1292/21/1826
f 1404/19/1862 1303/20/1845 1302/21/1841
f 1394/19/1863 1293/20/1830 1304/21/1844
f 1396/19/1831 1295/20/1864 1294/21/1829
f 1397/19/1832 1398/20/1834 1297/21/1865
f 1399/19/1835 1400/20/1837 1299/21/1866
s 61
f 1412/19/1867 1305/20/1848 1313/21/1868
f 1414/19/1849 1307/20/1869 1306/21/1847
f 1415/19/1850 1416/20/1852 1309/21/1870
f 1419/19/1857 1421/20/1871 1314/21/1872
f 1421/19/1871 1418/20/1855 1311/21/1873
f 1407/19/1874 1284/20/1815 1287/21/1821
f 1409/19/1875 1286/20/1818 1283/21/1814
f 1420/19/1876 1313/20/1868 1285/21/1817
s 1
f 1257/1/1377 1253/2/1384 946/3/1383
f 1254/1/1787 1247/2/1379 955/3/1877
f 1316/4/1801 1249/5/1778 1250/6/1777
f 898/1/1317 1216/2/1758 1215/3/1318
f 909/1/1308 790/2/1439 787/3/1147
s 63
f 1318/1/1878 1329/2/1879 1348/3/1880
s 64
f 1324/1/1881 1320/2/1882 1358/3/1883
s 63
f 1352/1/1884 1353/2/1885 1332/3/1886
f 1318/1/1878 1322/2/1887 1327/3/1888
f 1349/1/1889 1317/2/1890 1321/3/1891
f 1351/1/1892 1352/2/1884 1322/3/1887
f 1334/1/1893 1333/2/1894 1326/3/1895
f 1332/1/1886 1334/2/1893 1327/3/1888
f 1343/4/1896 1344/5/1897 1339/6/1898
f 1317/1/1890 1325/2/1899 1328/3/1900
f 1318/1/1878 1326/2/1895 1333/3/1894
f 1332/1/1886 1321/2/1891 1328/3/1900
f 1328/1/1900 1325/2/1899 1333/3/1894
f 1350/1/1901 1321/2/1891 1332/3/1886
s 64
f 1330/1/1902 1354/2/1903 1358/3/1883
s 63
f 1342/1/1904 1335/2/1905 1336/3/1906
f 1337/4/1907 1339/5/1898 1347/6/1908
f 1343/4/1896 1337/5/1907 1335/6/1909
f 1345/4/1910 1341/5/1911 1336/6/1906
f 1344/4/1897 1346/5/1912 1340/6/1913
f 1345/4/1910 1338/5/1914 1340/6/1913
f 1325/1/1899 1345/2/1910 1346/3/1912
f 1329/1/1879 1333/2/1894 1346/3/1912
f 1317/1/1890 1341/2/1911 1345/3/1910
f 1349/1/1889 1348/2/1880 1343/3/1896
f 1317/1/1890 1349/2/1889 1342/3/1904
f 1329/1/1879 1344/2/1897 1343/3/1896
s 65
f 1319/1/1915 1330/2/1916 1348/3/1917
f 1319/1/1915 1349/2/1918 1350/3/1919
f 1324/1/1920 1352/2/1920 1351/3/1921
f 1323/1/1922 1350/2/1919 1353/3/1923
f 1320/1/1924 1351/2/1921 1348/3/1917
f 1324/1/1920 1331/2/1925 1353/3/1923
s 66
f 1358/7/1926 1354/8/1927 1355/9/1928
f 1354/7/1927 1356/8/1929 1357/9/1930
s 64
f 1319/1/1931 1356/2/1932 1354/3/1903
f 1324/1/1881 1359/2/1933 1355/3/1934
f 1331/1/1935 1355/2/1934 1357/3/1936
f 1319/1/1931 1323/2/1937 1357/3/1936
s 67
f 1383/4/1938 1377/5/1939 1363/6/1940
s 68
f 1377/4/1941 1378/5/1942 1367/6/1943
f 1381/4/1944 1379/5/1945 1365/6/1946
f 1365/4/1946 1379/5/1945 1376/6/1947
s 69
f 1369/4/1948 1360/5/1949 1364/6/1950
s 70
f 1370/4/1951 1375/5/1952 1365/6/1953
f 1367/4/1954 1374/5/1955 1371/6/1956
f 1385/4/1957 1387/5/1958 1375/6/1952
s 69
f 1366/4/1959 1362/5/1960 1368/6/1961
f 1386/4/1962 1384/5/1963 1369/6/1948
s 68
f 1367/4/1943 1378/5/1942 1380/6/1964
f 1389/4/1965 1381/5/1944 1375/6/1966
s 67
f 1361/4/1967 1376/5/1968 1382/6/1969
f 1388/4/1970 1383/5/1938 1371/6/1971
f 1388/4/1970 1384/5/1972 1368/6/1973
f 1360/4/1974 1369/5/1975 1382/6/1969
s 68
f 1389/4/1965 1386/5/1976 1372/6/1977
f 1366/4/1978 1373/5/1979 1380/6/1964
f 1364/4/1980 1360/5/1981 1376/6/1947
f 1381/4/1944 1372/5/1977 1364/6/1980
f 1377/4/1941 1362/5/1982 1366/6/1978
s 67
f 1383/4/1938 1368/5/1973 1362/6/1983
s 68
f 1373/4/1979 1386/5/1976 1389/6/1965
s 67
f 1369/4/1975 1384/5/1972 1388/6/1970
f 1370/4/1984 1382/5/1969 1388/6/1970
s 68
f 1374/4/1985 1380/5/1964 1389/6/1965
s 69
f 1368/4/1961 1384/5/1963 1386/6/1962
s 70
f 1374/4/1955 1387/5/1958 1385/6/1957
s 1
f 758/1/1105 916/2/1332 917/3/1333
s 71
f 861/19/1986 1391/20/1987 1390/21/1987
f 861/19/1986 1393/20/1986 1392/21/1986
f 861/19/1986 1395/20/1986 1394/21/1986
f 861/19/1986 1397/20/1986 1396/21/1986
f 861/19/1986 1399/20/1986 1398/21/1987
f 861/19/1986 1401/20/1988 1400/21/1986
f 861/19/1986 1403/20/1989 1402/21/1988
f 861/19/1986 1405/20/1986 1404/21/1986
f 861/19/1986 1390/20/1987 1401/21/1988
f 861/19/1986 1392/20/1986 1391/21/1987
f 861/19/1986 1402/20/1988 1393/21/1986
f 861/19/1986 1404/20/1986 1403/21/1989
f 861/19/1986 1394/20/1986 1405/21/1986
f 861/19/1986 1396/20/1986 1395/21/1986
f 861/19/1986 1398/20/1987 1397/21/1986
f 861/19/1986 1400/20/1986 1399/21/1986
s 72
f 873/19/1990 1406/20/1991 1407/21/1991
f 873/19/1990 1408/20/1990 1409/21/1991
f 873/19/1990 1410/20/1991 1411/21/1990
f 873/19/1990 1413/20/1990 1412/21/1990
f 873/19/1990 1415/20/1990 1414/21/1991
f 873/19/1990 1417/20/1991 1416/21/1990
f 873/19/1990 1411/20/1990 1418/21/1990
f 873/19/1990 1419/20/1991 1417/21/1991
f 873/19/1990 1412/20/1990 1420/21/1991
f 873/19/1990 1414/20/1991 1413/21/1990
f 873/19/1990 1416/20/1990 1415/21/1990
f 873/19/1990 1421/20/1991 1419/21/1991
f 873/19/1990 1418/20/1990 1421/21/1991
f 873/19/1990 1407/20/1991 1410/21/1991
f 873/19/1990 1409/20/1991 1406/21/1991
f 873/19/1990 1420/20/1991 1408/21/1990
s 1
f 794/1/1135 1422/2/1141 778/3/1139
f 1422/1/1141 1424/2/1992 991/3/1469
f 778/1/1139 779/2/1131 774/3/1130
f 1423/1/1157 852/2/1140 782/3/1152
f 1424/1/1992 783/2/1156 988/3/1472
f 1423/1/1157 1424/2/1992 1422/3/1141
f 989/1/1438 988/2/1472 1425/3/1993
f 1426/1/1144 905/2/1160 798/3/1153
f 1425/1/1993 988/2/1472 783/3/1156
f 1425/1/1993 1426/2/1144 786/3/1146
f 753/1/1092 1266/2/1094 754/3/1103
f 1151/1/1095 1267/2/1097 756/3/1331
f 1266/4/1094 748/5/1099 1268/6/1101
f 755/1/1100 1265/2/1102 752/3/1111
f 754/1/1103 760/2/1104 759/3/1441
f 753/1/1092 761/2/1106 756/3/1331
f 757/1/1107 763/2/1109 760/3/1104
f 759/1/1441 915/2/1110 754/3/1103
f 754/1/1103 915/2/1110 753/3/1092
f 755/1/1100 757/2/1107 760/3/1104
f 762/1/1108 765/2/1113 763/3/1109
f 801/1/1114 769/2/1116 770/3/1123
f 803/1/1117 769/2/1116 802/3/1115
f 1224/1/1122 770/2/1123 1227/3/1128
f 769/1/1116 1239/2/1125 770/3/1123
f 768/1/1118 1238/2/1127 1242/3/1129
f 770/1/1123 1237/2/1128 1227/3/1128
f 768/1/1118 1241/2/1124 769/3/1116
f 774/1/1130 780/2/1132 775/3/1136
f 984/1/1133 794/2/1135 773/3/1138
f 775/1/1136 1223/2/1137 1226/3/1761
f 794/1/1135 852/2/1140 1423/3/1157
f 779/1/1131 1422/2/1141 990/3/1468
f 789/1/1142 1426/2/1144 1425/3/1993
f 788/1/1145 787/2/1147 790/3/1439
f 791/1/1148 795/2/1150 793/3/1155
f 792/1/1151 791/2/1148 793/3/1155
f 786/1/1146 799/2/1154 787/3/1147
f 793/1/1155 785/2/1143 789/3/1142
f 793/1/1155 783/2/1156 792/3/1151
f 1423/1/1157 783/2/1156 1424/3/1992
f 795/1/1150 796/2/1158 800/3/1161
f 797/1/1162 1221/2/1757 785/3/1143
f 785/1/1143 1221/2/1757 1426/3/1144
f 1221/1/1757 1220/2/1159 1426/3/1144
f 795/1/1150 797/2/1162 785/3/1143
f 1225/4/1163 1232/5/1164 1230/6/1766
f 752/1/1111 1228/2/1165 757/3/1107
f 757/4/1107 1235/5/1167 762/6/1108
f 764/4/1112 1235/5/1167 1232/6/1164
f 804/1/1119 807/2/1168 808/3/1169
f 806/1/1171 807/2/1168 741/3/1994
f 741/1/1994 807/2/1168 1265/3/1102
f 808/1/1169 810/2/1170 811/3/1173
f 807/1/1168 809/2/1172 810/3/1170
f 811/1/1173 813/2/1174 814/3/1186
f 810/1/1170 812/2/1175 813/3/1174
s 2
f 809/4/1176 816/5/1178 812/6/1188
f 820/1/1179 818/2/1181 819/3/1182
f 817/1/1180 83/2/91 818/3/1181
f 815/1/1177 819/2/1182 816/3/1178
s 1
f 813/1/1174 821/2/1183 822/3/1187
s 2
f 819/1/1182 825/2/1184 826/3/1185
f 816/1/1178 826/2/1185 824/3/1190
f 818/1/1181 91/2/97 825/3/1184
s 1
f 814/1/1186 822/2/1187 823/3/1193
s 2
f 812/4/1188 824/5/1189 821/6/1196
f 824/1/1190 832/2/1191 830/3/1205
f 826/1/1185 831/2/1192 832/3/1191
s 1
f 828/1/1194 823/2/1193 822/3/1187
f 987/1/1195 828/2/1194 829/3/1200
s 2
f 825/1/1184 98/2/108 831/3/1192
f 821/4/1196 830/5/1197 827/6/1202
s 1
f 822/1/1187 827/2/1198 828/3/1194
s 2
f 832/1/1191 837/2/1199 838/3/1206
s 1
f 829/1/1200 834/2/1201 835/3/1221
s 2
f 831/1/1192 105/2/115 837/3/1199
f 827/4/1202 836/5/1203 833/6/1220
s 1
f 828/1/1194 833/2/1204 834/3/1201
s 2
f 830/1/1205 838/2/1206 836/3/1219
s 1
f 845/1/1207 840/2/1209 841/3/1230
s 2
f 847/1/1210 112/2/125 843/3/1218
f 849/4/1211 839/5/1213 848/6/1995
s 1
f 846/1/1208 839/2/1215 840/3/1209
s 2
f 849/1/1211 844/2/1217 842/3/1212
f 850/1/1216 843/2/1218 844/3/1217
f 838/1/1206 847/2/1210 850/3/1216
f 836/1/1219 850/2/1216 849/3/1211
s 1
f 834/1/1201 848/2/1214 846/3/1208
s 2
f 833/4/1220 849/5/1211 848/6/1995
f 837/1/1199 117/2/126 847/3/1210
s 1
f 835/1/1221 846/2/1208 845/3/1207
f 851/1/1222 852/2/1224 853/3/1226
f 777/1/1225 855/2/1228 853/3/1226
f 845/1/1207 854/2/1227 835/3/1221
f 856/1/1229 853/2/1226 855/3/1228
f 841/1/1230 855/2/1228 845/3/1207
f 791/1/1232 857/2/1231 858/3/1238
f 857/1/1231 782/2/1223 851/3/1222
f 859/1/1233 791/2/1232 858/3/1238
f 859/1/1233 796/2/1236 784/3/1234
f 1181/1/1237 796/2/1158 860/3/1250
f 858/4/1238 1199/5/1239 1197/6/1249
f 857/4/1231 1202/5/1240 1199/6/1239
f 864/1/1241 866/2/1243 867/3/1246
f 863/1/1242 865/2/1245 866/3/1243
f 867/1/1246 139/2/163 140/3/165
f 866/1/1243 138/2/164 139/3/163
f 140/1/165 869/2/1247 867/3/1246
f 867/1/1246 868/2/1248 864/3/1241
f 859/4/1233 1197/5/1249 1198/6/1324
f 1181/4/1237 1201/5/1251 1200/6/1744
f 871/1/1252 872/2/1254 1179/3/1698
f 872/1/1254 875/2/1256 1179/3/1698
f 875/1/1256 150/2/177 151/3/178
f 151/1/178 1209/2/1257 875/3/1256
f 876/4/1258 1210/5/1260 1209/6/1257
f 876/1/1258 1280/2/1812 1178/3/1259
f 876/1/1258 877/2/1264 1280/3/1812
f 1280/1/1812 877/2/1264 1180/3/1734
f 878/1/1262 1279/2/1261 877/3/1264
f 1279/1/1261 1180/2/1734 877/3/1264
f 153/1/187 877/2/1264 876/3/1258
s 3
f 877/1/1265 880/2/1267 878/3/1996
f 155/1/193 879/2/1266 877/3/1265
s 1
f 879/1/1268 882/2/1270 880/3/1288
f 158/1/198 881/2/1269 879/3/1268
f 882/1/1270 883/2/1271 884/3/1272
s 46
f 883/1/522 1243/2/522 1244/3/522
s 1
f 884/1/1272 885/2/1273 886/3/1280
s 5
f 885/1/1274 888/2/1276 886/3/1286
f 166/1/206 887/2/1275 885/3/1274
s 1
f 888/1/1277 889/2/1279 890/3/1290
f 887/1/1278 172/2/211 889/3/1279
f 886/1/1280 894/2/1282 884/3/1272
s 3
f 892/1/1284 911/2/1283 880/3/1267
f 880/1/1267 911/2/1283 878/3/1996
s 5
f 886/1/1286 896/2/1287 895/3/1296
s 1
f 880/1/1288 893/2/1289 892/3/1295
f 890/1/1290 896/2/1292 888/3/1277
f 884/1/1272 893/2/1289 882/3/1270
f 901/1/1293 895/2/1281 902/3/1327
f 899/1/1294 893/2/1289 900/3/1298
s 5
f 895/1/1296 903/2/1297 902/3/1997
s 1
f 900/1/1298 894/2/1282 901/3/1293
f 903/1/1299 897/2/1291 904/3/1301
s 3
f 891/1/1285 899/2/1300 898/3/1310
s 1
f 904/1/1301 907/2/1303 903/3/1299
s 5
f 903/1/1297 906/2/1305 902/3/1997
s 1
f 908/1/1302 909/2/1308 907/3/1303
f 901/1/1293 798/2/1153 900/3/1298
f 899/1/1294 798/2/1153 905/3/1160
f 871/4/1252 1203/5/1312 1200/6/1744
f 1213/4/1313 1211/5/1314 1214/6/1755
f 1211/1/1314 891/2/1316 1167/3/1319
f 898/1/1317 1167/2/1319 891/3/1316
f 800/4/1161 1205/5/1320 1206/6/1321
f 797/4/1162 1206/5/1321 1204/6/1322
f 797/4/1162 1218/5/1323 1221/6/1757
f 860/4/1235 1198/5/1324 1201/6/1745
f 869/1/1247 872/2/1325 868/3/1248
f 868/1/1248 872/2/1325 870/3/1998
f 874/1/1326 143/2/167 150/3/1016
f 799/1/1154 902/2/1327 906/3/1328
f 787/1/1147 906/2/1328 909/3/1308
f 760/1/1104 983/2/1329 759/3/1441
f 1152/1/1330 756/2/1331 761/3/1106
f 761/1/1106 914/2/1334 1152/3/1330
f 1153/1/1335 919/2/1337 1154/3/1338
f 1152/1/1330 921/2/1336 1153/3/1335
f 1154/1/1338 923/2/1339 1155/3/1999
f 923/1/1339 1156/2/1341 1155/3/1999
f 925/1/1340 1157/2/1343 1156/3/1341
f 1157/1/1343 929/2/1344 1160/3/1345
f 1160/1/1345 931/2/1346 1161/3/2000
f 931/1/1346 215/2/279 1161/3/2000
f 925/1/1340 933/2/1347 934/3/1349
f 931/1/1346 936/2/1348 937/3/1350
f 927/1/1342 934/2/1349 935/3/1352
f 216/1/280 937/2/1350 223/3/1019
f 923/1/1339 932/2/1351 933/3/1347
f 929/1/1344 935/2/1352 936/3/1348
f 921/1/1336 938/2/1353 941/3/1356
f 917/1/1333 939/2/1354 940/3/1355
f 914/1/1334 940/2/1355 938/3/1353
f 919/1/1337 941/2/1356 932/3/1351
f 937/1/1357 234/2/292 223/3/292
f 935/1/1359 946/2/1361 936/3/1365
f 933/1/1362 944/2/1364 934/3/1366
f 936/1/1365 947/2/1358 937/3/1357
f 934/1/1366 945/2/1360 935/3/1359
f 932/1/1367 943/2/1363 933/3/1362
f 938/1/1369 951/2/1371 941/3/1374
f 940/1/1355 949/2/1372 950/3/1373
f 938/1/1369 950/2/1373 948/3/1370
f 941/1/1374 942/2/1368 932/3/1367
f 234/1/310 1256/2/1376 566/3/1020
f 1257/1/1377 1247/2/1379 1254/3/1787
f 947/1/1375 1253/2/1384 1256/3/1376
s 47
f 1245/1/1385 1249/2/1387 944/3/1779
s 1
f 952/1/1388 1245/2/1381 942/3/2001
f 942/1/2001 1245/2/1381 943/3/1380
f 950/1/1373 959/2/1391 948/3/1395
f 958/1/1392 950/2/1373 949/3/1372
f 951/1/1393 952/2/1388 942/3/2001
f 961/1/1394 948/2/1395 959/3/1391
f 957/1/1396 966/2/1398 967/3/1405
f 955/1/1399 964/2/1401 965/3/1406
f 953/1/1402 962/2/1404 963/3/1407
f 245/1/341 967/2/1405 256/3/341
f 956/1/1397 965/2/1406 966/3/1398
f 954/1/1400 963/2/1407 964/3/1401
f 966/1/1408 973/2/1410 967/3/1417
f 964/1/1411 971/2/1413 965/3/1418
f 962/1/1414 969/2/1416 963/3/1419
f 967/1/1417 263/2/355 256/3/355
f 965/1/1418 972/2/1409 966/3/1408
f 963/1/1419 970/2/1412 964/3/1411
f 961/1/1394 962/2/1404 952/3/1403
f 978/1/1420 959/2/1391 977/3/1422
f 960/1/1390 977/2/1422 959/3/1391
f 960/1/1390 974/2/1423 976/3/1421
f 979/1/1424 962/2/1414 978/3/1420
f 980/1/1425 978/2/1420 977/3/1422
f 981/1/1426 977/2/1422 976/3/1421
f 975/1/1427 976/2/1421 974/3/1423
s 7
f 1158/4/1428 1163/5/1429 1165/6/1428
s 8
f 1150/4/1430 1164/5/1431 742/6/1684
s 48
f 772/4/1433 986/5/1435 984/6/2002
f 985/4/1434 829/5/1437 986/6/1435
s 1
f 983/1/1329 993/2/1440 1003/3/1442
f 759/1/1441 1003/2/1442 992/3/1450
f 949/1/1372 1000/2/1444 958/3/1392
f 958/1/1392 1001/2/1445 974/3/1423
f 763/1/1109 994/2/1446 993/3/1440
f 975/1/1427 1001/2/1445 1002/3/2003
f 915/1/1110 997/2/1448 916/3/1332
f 916/1/1332 998/2/1449 939/3/1354
f 759/1/1441 996/2/1447 915/3/1110
f 939/1/1354 999/2/1443 949/3/1372
s 49
f 1007/1/1452 1240/2/1451 776/3/2004
f 1240/1/1451 1006/2/1453 771/3/1461
f 1007/1/1452 1005/2/1455 1006/3/1453
f 781/1/1456 1007/2/1452 776/3/2004
f 1233/1/1459 1009/2/1458 766/3/2005
f 766/1/2005 1010/2/1485 995/3/1484
f 1010/1/1485 766/2/2005 1009/3/1458
f 1009/1/1458 1005/2/1455 1012/3/1463
f 805/1/1460 1006/2/1453 1009/3/1458
f 1008/1/1457 1004/2/1454 1007/3/1452
f 1009/1/1458 1013/2/1464 1010/3/1485
f 1005/1/1455 1016/2/1466 1012/3/1463
f 1005/1/1455 1014/2/1467 1015/3/1465
s 1
f 990/1/1468 1026/2/1470 1025/3/1478
f 909/1/1308 1022/2/1471 1021/3/1482
f 988/1/1472 1024/2/1473 1023/3/1474
f 991/1/1469 1023/2/1474 1026/3/1470
f 989/1/1438 1020/2/1475 1024/3/1473
f 779/1/1131 1018/2/1477 780/3/2006
f 990/1/1468 1017/2/1476 779/3/1131
f 1018/1/1477 1019/2/1480 780/3/2006
f 780/1/2006 1019/2/1480 1223/3/1479
f 790/1/1439 1021/2/1482 1020/3/1475
f 994/1/1446 765/2/1113 1027/3/1488
f 1027/1/1488 1222/2/1487 995/3/1764
f 764/1/1112 1222/2/1487 765/3/1113
s 49
f 1010/1/1485 1028/2/1489 1027/3/1486
s 50
f 996/1/428 1029/2/1490 1032/3/1493
f 1000/1/1491 1035/2/1492 1036/3/1496
f 997/1/434 1032/2/1493 1033/3/1500
f 994/1/436 1030/2/1495 993/3/450
f 1000/1/1491 1037/2/1497 1001/3/1502
f 1028/1/441 1040/2/1499 1027/3/446
f 998/1/444 1033/2/1500 1034/3/1503
f 1027/1/446 1031/2/1494 994/3/436
f 1002/1/1501 1037/2/1497 1038/3/1511
f 999/1/433 1034/2/1503 1035/3/1492
f 993/1/450 1039/2/1504 1003/3/452
f 1003/1/452 1029/2/1490 992/3/430
f 1041/1/1498 1053/2/1506 1040/3/1499
f 1031/1/1494 1043/2/1508 1030/3/1495
f 1037/1/1497 1049/2/1509 1050/3/1512
f 1034/1/1503 1046/2/1510 1047/3/1513
f 1040/1/1499 1044/2/1507 1031/3/1494
f 1038/1/1511 1050/2/1512 1051/3/1539
f 1035/1/1492 1047/2/1513 1048/3/1517
f 1030/1/1495 1052/2/1514 1039/3/1504
f 1039/1/1504 1042/2/1515 1029/3/1490
f 1029/1/1490 1045/2/1516 1032/3/1493
f 1036/1/1496 1048/2/1517 1049/3/1509
f 1033/1/1500 1045/2/1516 1046/3/1510
s 51
f 1020/1/466 1063/2/1519 1024/3/483
f 1022/1/469 1060/2/1521 1021/3/478
f 1025/1/472 1056/2/1523 1017/3/480
f 1011/1/475 1058/2/1524 1055/3/1535
f 1021/1/478 1059/2/1518 1020/3/466
f 1018/1/479 1056/2/1523 1057/3/1527
f 1026/1/481 1064/2/1522 1025/3/472
f 1024/1/483 1062/2/1526 1023/3/486
f 1019/1/477 1057/2/1527 1058/3/1524
f 1023/1/486 1065/2/1525 1026/3/481
f 1063/1/1519 1073/2/1529 1062/3/1526
f 1058/1/1524 1068/2/1530 1069/3/1536
f 1062/1/1526 1076/2/1531 1065/3/1525
f 1059/1/1518 1074/2/1528 1063/3/1519
f 1061/1/1520 1071/2/1534 1060/3/1521
f 1055/1/1535 1069/2/1536 1066/3/1540
f 1056/1/1523 1075/2/1537 1067/3/1538
f 1060/1/1521 1070/2/1532 1059/3/1518
f 1057/1/1527 1067/2/1538 1068/3/1530
f 1064/1/1522 1076/2/1531 1075/3/1537
s 50
f 1048/4/1517 1082/5/498 1083/6/501
s 51
f 1070/4/1532 1098/5/499 1074/6/1528
s 50
f 1049/4/1509 1083/5/501 1084/6/506
f 1045/4/1516 1077/5/502 1080/6/520
s 51
f 1075/4/1537 1091/5/503 1067/6/1538
s 50
f 1049/4/1509 1085/5/505 1050/6/1512
f 1044/4/1507 1078/5/507 1043/6/1508
s 51
f 1076/4/1531 1099/5/504 1075/6/1537
s 50
f 1051/4/1539 1085/5/505 1086/6/1027
s 51
f 1068/4/1530 1091/5/503 1092/6/513
s 50
f 1053/4/1506 1079/5/508 1044/6/1507
s 51
f 1076/4/1531 1097/5/512 1100/6/509
f 1069/4/1536 1092/5/513 1093/6/516
s 50
f 1042/4/1515 1087/5/514 1077/6/502
f 1043/4/1508 1087/5/514 1052/6/1514
s 51
f 1066/4/1540 1093/5/516 1090/6/1028
f 1072/4/1533 1095/5/517 1071/6/1534
s 50
f 1054/4/1505 1088/5/511 1053/6/1506
f 1046/4/1510 1080/5/520 1081/6/521
s 51
f 1071/4/1534 1094/5/500 1070/6/1532
s 50
f 1047/4/1513 1081/5/521 1082/6/498
s 51
f 1074/4/1528 1097/5/512 1073/6/1529
s 52
f 1091/4/200 1099/5/200 1092/6/200
f 1092/4/200 1099/5/200 1093/6/200
f 1093/4/200 1095/5/200 1090/6/200
f 1090/4/200 1095/5/200 1096/6/200
f 1095/4/200 1099/5/200 1094/6/200
f 1094/4/200 1097/5/200 1098/6/200
f 1097/4/200 1094/5/200 1100/6/200
f 1100/4/200 1094/5/200 1099/6/200
s 53
f 1087/4/200 1078/5/200 1077/6/200
f 1077/4/200 1082/5/200 1080/6/200
f 1078/4/200 1082/5/200 1077/6/200
f 1080/4/200 1082/5/200 1081/6/200
f 1082/4/200 1084/5/200 1083/6/200
f 1084/4/200 1088/5/200 1085/6/200
f 1085/4/200 1089/5/200 1086/6/200
f 1088/4/200 1089/5/200 1085/6/200
f 1088/4/200 1084/5/200 1079/6/200
f 1079/4/200 1082/5/200 1078/6/200
s 15
f 968/4/2007 1086/5/1544 969/6/2008
f 969/4/2008 1086/5/1544 970/6/2009
f 970/4/2009 1086/5/1544 971/6/2010
f 971/4/2010 1086/5/1544 972/6/2011
f 972/4/2011 391/5/1035 973/6/2012
f 973/4/2012 391/5/1035 263/6/1036
f 391/4/1035 972/5/2011 1086/6/1544
f 1051/4/1542 975/5/1541 1038/6/2013
f 1038/4/2013 975/5/1541 1002/6/2014
f 1086/4/1544 979/5/2015 1051/6/1542
f 979/4/2015 1086/5/1544 968/6/2007
f 981/4/1543 1051/5/1542 980/6/2016
f 980/4/2016 1051/5/1542 979/6/2015
f 1086/4/1544 392/5/527 391/6/1035
f 1096/4/1546 393/5/530 1090/6/2017
f 172/4/1042 394/5/531 889/6/2018
f 889/4/2018 1096/5/1546 890/6/2019
f 394/4/531 1096/5/1546 889/6/2018
f 890/4/2019 1096/5/1546 897/6/2020
f 897/4/2020 1096/5/1546 904/6/2021
f 904/4/2021 1096/5/1546 908/6/1547
f 908/4/1547 1072/5/1548 910/6/2022
f 910/4/2022 1061/5/2023 1022/6/1048
f 910/4/2022 1072/5/1548 1061/6/2023
s 54
f 835/4/1549 1104/5/1551 1103/6/1549
s 55
f 835/4/1552 1102/5/1554 829/6/2024
s 48
f 986/4/1435 1102/5/1555 1106/6/1556
f 986/4/1435 1105/5/1557 984/6/2002
s 54
f 854/4/1550 1101/5/1559 1104/6/1551
s 1
f 984/4/1133 1101/5/1561 777/6/1134
f 1109/4/1568 1231/5/1120 804/6/1119
f 1231/4/1120 1109/5/1568 767/6/1126
s 48
f 987/4/1436 1114/5/1570 1115/6/2025
s 58
f 814/4/1571 1113/5/1573 1112/6/1574
f 814/4/1571 1111/5/1575 811/6/1580
f 808/4/1576 1109/5/1578 804/6/2026
s 48
f 985/4/1434 1108/5/1579 1114/6/1570
s 58
f 811/4/1580 1110/5/1577 808/6/1576
f 823/4/1572 1115/5/1582 1113/6/1573
s 1
f 1107/4/1569 1108/5/1583 767/6/1126
f 767/4/1126 1108/5/1583 1238/6/1127
s 57
f 1110/8/1586 1107/7/1585 1109/8/2027
s 22
f 744/1/1588 1119/2/1590 1117/3/1608
f 750/1/1589 1146/2/1592 1119/3/1590
f 745/1/1593 411/2/582 1118/3/1652
s 23
f 815/4/1594 1122/5/1596 1123/6/1603
s 59
f 806/4/1597 1120/5/1599 1121/6/1601
f 809/4/1600 1121/5/1601 1122/6/2028
s 23
f 820/4/1602 1123/5/1603 1125/6/1604
f 820/4/1602 1124/5/1605 817/6/1606
f 817/4/1606 420/5/597 82/6/1055
s 22
f 741/1/1607 1117/2/1608 1120/3/2029
f 1119/4/1590 1126/5/1610 1117/6/1608
f 1146/4/1592 1128/5/1609 1119/6/1590
f 411/4/582 1127/5/1612 1118/6/1652
s 25
f 1127/4/606 426/5/606 1130/6/606
f 1130/4/606 1147/5/606 1127/6/606
f 1147/4/606 1130/5/606 1128/6/606
f 1128/4/606 1129/5/1615 1126/6/1614
s 26
f 1121/7/1619 1123/8/2030 1122/9/2031
s 27
f 844/4/1625 1136/5/1627 842/6/1628
f 842/4/1628 1133/5/1629 839/6/1638
f 862/4/1630 1142/5/1632 865/6/1642
f 856/4/1633 1139/5/1635 851/6/2032
f 844/4/1625 1137/5/1637 1138/6/1626
f 839/4/1638 1134/5/1639 840/6/1644
f 856/4/1633 1135/5/1641 1140/6/1634
f 112/4/639 1137/5/1637 843/6/1636
f 865/4/1642 443/5/642 138/6/1060
f 1139/4/1635 1202/5/1643 851/6/2032
f 1202/4/1643 1141/5/1631 862/6/1630
f 840/4/1644 1135/5/1641 841/6/1640
s 21
f 1136/7/1651 1135/8/2033 1133/9/2034
f 1133/7/2034 1135/8/2033 1134/9/2035
s 56
f 1103/8/2036 1106/7/2037 1102/8/2038
s 22
f 1118/4/1652 1147/5/1611 1146/6/1592
f 1145/1/1591 1118/2/1652 1146/3/1592
s 28
f 982/10/1653 926/11/1655 928/12/1671
f 751/13/1656 920/14/1658 918/15/1664
f 743/10/1654 924/11/1660 926/12/1655
f 740/4/1659 1148/5/1661 1149/6/2039
f 982/4/1653 1148/5/1661 743/6/1654
f 1149/4/2039 1263/5/1662 740/6/1659
f 740/4/1659 1263/5/1662 751/6/1656
f 913/4/1657 1151/5/1663 1152/6/1666
f 918/4/1664 1153/5/1665 1154/6/1667
f 913/4/1657 1153/5/1665 920/6/1658
f 918/4/1664 1155/5/1668 922/6/1669
f 924/4/1660 1155/5/1668 1156/6/1670
f 926/4/1655 1156/5/1670 1157/6/1672
f 928/4/1671 1157/5/1672 1160/6/1673
f 928/4/1671 1162/5/1674 982/6/1653
f 462/4/677 1159/5/1675 742/6/2040
f 1158/4/1676 1161/5/1677 930/6/1678
f 930/4/1678 215/5/683 466/6/1067
f 1150/4/1679 1160/5/1673 1158/6/1676
s 29
f 1165/4/1680 1164/5/1682 1166/6/2041
f 469/4/689 1163/5/1681 470/6/1069
s 60
f 1150/4/1683 1165/5/1683 1166/6/1683
s 7
f 930/4/1429 470/5/606 1163/6/1429
s 8
f 742/4/1684 469/5/692 462/6/692
s 1
f 1192/1/1741 1277/2/1811 1169/3/1728
f 1192/1/1741 1195/2/1743 1277/3/1811
f 1277/1/1811 1195/2/1743 1187/3/1685
f 1208/1/1311 1195/2/1743 1170/3/1690
f 1276/1/1686 1208/2/1311 1207/3/1750
f 1195/1/1743 1208/2/1311 1187/3/1685
f 1176/16/1687 1171/17/1689 1174/18/1740
f 1173/4/1691 1170/5/1690 1175/6/1742
f 1175/4/1742 1170/5/1690 1195/6/1743
f 1283/4/1693 1177/5/1695 1281/6/2042
f 1285/4/1696 1179/5/1698 1282/6/1751
f 1287/4/1699 1178/5/1259 1280/6/1812
f 1289/4/1701 1182/5/1703 1205/6/1320
f 1291/4/1704 1183/5/1706 1269/6/1748
f 1293/4/1707 1184/5/1709 1272/6/2043
f 1295/4/1710 1168/5/1712 1273/6/1810
f 1297/4/1713 1185/5/1715 1274/6/1749
f 1181/4/1237 1203/5/1312 1300/6/1808
f 1300/4/1808 1203/5/1312 1299/6/1716
f 1301/4/1718 1186/5/1720 1270/6/1756
f 1167/4/1319 1219/5/1722 1304/6/1809
f 1304/4/1809 1219/5/1722 1303/6/1721
f 1305/4/1724 1187/5/1685 1276/6/1686
f 1307/4/1726 1169/5/1728 1277/6/1811
f 1309/4/1729 1188/5/1731 1278/6/1753
f 1311/4/1732 1180/5/1734 1279/6/1261
f 1312/4/1735 1189/5/1263 1213/6/1313
f 1193/4/1754 1194/5/1737 1174/6/1740
f 1174/4/1740 1194/5/1737 1176/6/1687
f 1173/4/1691 1172/5/1739 1190/6/1692
f 1174/4/1740 1192/5/1741 1193/6/1754
f 1175/4/1742 1192/5/1741 1171/6/1689
f 1176/4/1687 1172/5/1739 1191/6/1688
f 1175/16/1742 1191/17/1688 1173/18/1691
f 1198/1/1324 864/2/1241 868/3/1248
f 1200/1/1744 870/2/1253 871/3/1252
f 1197/1/1249 863/2/1242 864/3/1241
f 1199/1/1239 862/2/1244 863/3/1242
f 1201/1/1745 868/2/1248 870/3/1998
f 1204/1/1322 1217/2/1747 1218/3/1323
f 1182/1/1703 1206/2/1321 1205/3/1320
f 1206/1/1321 1269/2/1748 912/3/1746
f 912/1/1746 1269/2/1748 1183/3/1706
f 1208/1/1311 1275/2/1717 1203/3/1312
f 1208/1/1311 1185/2/1715 1275/3/1717
f 1190/1/1692 1208/2/1311 1170/3/1690
f 1168/1/1712 1274/2/1749 1172/3/1739
f 1172/1/1739 1274/2/1749 1190/3/1692
f 1208/1/1311 1190/2/1692 1185/3/1715
f 1207/4/1750 871/5/1252 1179/6/1698
f 1281/1/2042 1209/2/1257 1210/3/1260
f 875/1/1256 1282/2/1751 1179/3/1698
f 1177/1/1695 875/2/1256 1281/3/2042
f 1281/1/2042 875/2/1256 1209/3/1257
f 517/4/180 876/5/1258 1209/6/1257
f 1211/1/1314 878/2/1262 911/3/1315
f 1211/4/1314 1212/5/1752 1214/6/1755
f 1194/1/1737 1193/2/1754 1214/3/1755
f 1214/1/1755 1188/2/1731 1213/3/1313
f 1214/1/1755 1278/2/1753 1188/3/1731
f 1193/1/1754 1278/2/1753 1214/3/1755
f 1169/1/1728 1193/2/1754 1192/3/1741
f 1272/1/2043 1214/2/1755 1212/3/1752
f 1214/1/1755 1196/2/1738 1194/3/1737
f 1196/1/1738 1168/2/1712 1172/3/1739
f 1196/1/1738 1273/2/1810 1168/3/1712
f 1184/1/1709 1214/2/1755 1272/3/2043
f 1196/1/1738 1184/2/1709 1273/3/1810
f 1215/4/1318 1219/5/1722 1167/6/1319
f 1217/1/1747 1271/2/1723 1219/3/1722
f 1217/1/1747 1186/2/1720 1271/3/1723
f 1183/1/1706 1270/2/1756 912/3/1746
f 912/1/1746 1270/2/1756 1217/3/1747
f 1218/4/1323 1215/5/1318 1216/6/1758
f 1221/4/1757 1216/5/1758 1220/6/1159
f 1224/4/1122 1233/5/1760 1230/6/1766
f 1226/1/1761 781/2/1762 776/3/1128
f 1237/4/1128 776/5/1128 1240/6/1128
f 1227/4/1128 805/5/1759 1224/6/1122
f 1225/1/1163 995/2/1764 1222/3/1487
f 1234/4/1121 1228/5/1165 804/6/1119
f 1228/4/1165 1229/5/1166 757/6/1107
f 1236/4/1765 1228/5/1165 1234/6/1121
f 767/1/1126 768/2/1118 1231/3/1120
f 1231/1/1120 803/2/1117 1234/3/1121
f 1232/1/1164 802/2/1115 801/3/1114
f 1236/1/1765 803/2/1117 1229/3/1166
f 1230/1/1766 801/2/1114 1224/3/1122
f 1230/4/1766 766/5/1763 1225/6/1163
f 1229/1/1166 802/2/1115 1235/3/1167
f 1240/4/1128 1227/5/1128 1237/6/1128
f 1242/4/1129 774/5/1130 1241/6/1124
f 1241/4/1124 775/5/1136 1239/6/1125
f 1242/4/1129 772/5/1432 773/6/1138
f 1239/4/1125 1226/5/1761 1237/6/1128
s 5
f 1243/1/1767 553/2/776 1244/3/1768
f 1244/1/1768 166/2/206 885/3/1274
s 31
f 881/1/1769 551/2/780 1243/3/2044
s 1
f 1247/1/1379 954/2/1771 955/3/1877
s 47
f 1248/1/1772 1250/2/1774 1252/3/1780
s 1
f 1248/1/1775 953/2/1389 1246/3/1770
f 1246/1/1770 953/2/1389 954/3/1771
f 1252/4/1776 1249/5/1778 1251/6/2045
s 47
f 944/1/1779 1316/2/692 945/3/692
f 1248/1/1772 1251/2/1386 1245/3/1385
f 1246/1/1773 1315/2/1781 1250/3/1774
s 32
f 1261/4/1782 1259/5/1784 1260/6/1796
s 33
f 1255/1/1785 574/2/798 1260/3/1799
s 1
f 1255/1/1786 956/2/1788 957/3/1794
s 33
f 1256/1/1789 1258/2/1791 1261/3/1800
f 1253/1/1790 1262/2/1793 1258/3/1791
s 1
f 567/1/808 957/2/1794 245/3/1074
s 32
f 573/4/811 1260/5/1796 574/6/1020
s 33
f 1254/1/1797 1262/2/1793 1257/3/1792
f 1255/1/1785 1259/2/1798 1254/3/1797
f 566/1/816 1261/2/1800 573/3/1075
s 1
f 1247/1/1379 1316/2/1801 1315/3/2046
s 28
f 740/13/1659 922/14/1669 924/15/1660
f 922/13/1669 751/14/1656 918/15/1664
s 1
f 1267/4/1097 746/5/1803 1264/6/1093
f 1264/1/1093 756/2/1331 1267/3/1097
f 1263/4/1096 749/5/1802 1267/6/1097
f 1264/4/1093 747/5/1098 1266/6/1094
f 1268/1/1101 754/2/1103 1266/3/1094
f 1268/4/1101 741/5/1994 1265/6/1102
s 15
f 1089/4/1545 1015/5/2047 392/6/527
f 392/4/527 1015/5/2047 393/6/530
f 393/4/530 1015/5/2047 1090/6/2017
f 1028/4/1078 1013/5/2048 1041/6/2049
f 1041/4/2049 1013/5/2048 1054/6/2050
f 1054/4/2050 1016/5/2051 1089/6/1545
f 1066/4/1805 1011/5/1807 1055/6/1083
f 1089/4/1545 1016/5/2051 1015/6/2047
f 1090/4/2017 1014/5/1806 1066/6/1805
f 1015/4/2047 1014/5/1806 1090/6/2017
f 1016/4/2051 1054/5/2050 1013/6/2048
s 1
f 1205/4/1320 1300/5/1808 1289/6/1701
f 1269/4/1748 1290/5/1702 1291/6/1704
f 1270/4/1756 1292/5/1705 1301/6/1718
f 1271/4/1723 1302/5/1719 1303/6/1721
f 1212/4/1752 1293/5/1707 1272/6/2043
f 1293/4/1707 1212/5/1752 1304/6/1809
f 1273/4/1810 1294/5/1708 1295/6/1710
f 1274/4/1749 1296/5/1711 1297/6/1713
f 1275/4/1717 1298/5/1714 1299/6/1716
f 1207/4/1750 1305/5/1724 1276/6/1686
f 1305/4/1724 1207/5/1750 1313/6/1697
f 1277/4/1811 1306/5/1725 1307/6/1726
f 1278/4/1753 1308/5/1727 1309/6/1729
f 1213/4/1313 1310/5/1730 1312/6/1735
f 1279/4/1261 1314/5/1736 1311/6/1732
f 1280/4/1812 1288/5/1733 1287/6/1699
f 1210/4/1260 1284/5/1700 1281/6/2042
f 1281/4/2042 1284/5/1700 1283/6/1693
f 1282/4/1751 1286/5/1694 1285/6/1696
s 61
f 1406/19/1813 1284/20/1815 1407/21/1874
f 1408/19/1816 1286/20/1818 1409/21/1875
f 1411/19/1819 1287/20/1821 1288/21/1856
s 62
f 1390/19/1822 1290/20/1824 1289/21/1859
f 1393/19/1825 1291/20/1827 1392/21/1860
f 1395/19/1828 1293/20/1830 1394/21/1863
f 1396/19/1831 1296/20/1833 1295/21/1864
f 1398/19/1834 1298/20/1836 1297/21/1865
f 1400/19/1837 1300/20/1839 1299/21/1866
f 1403/19/1840 1301/20/1842 1402/21/1861
f 1405/19/1843 1303/20/1845 1404/21/1862
s 61
f 1413/19/1846 1305/20/1848 1412/21/1867
f 1414/19/1849 1308/20/1851 1307/21/1869
f 1416/19/1852 1310/20/1854 1309/21/1870
f 1418/19/1855 1288/20/1856 1311/21/1873
f 1417/19/1853 1312/20/1858 1310/21/1854
s 62
f 1401/19/1838 1289/20/1859 1300/21/1839
f 1391/19/1823 1291/20/1827 1290/21/1824
f 1402/19/1861 1292/20/1826 1393/21/1825
f 1404/19/1862 1302/20/1841 1403/21/1840
f 1394/19/1863 1304/20/1844 1405/21/1843
f 1396/19/1831 1294/20/1829 1395/21/1828
f 1397/19/1832 1297/20/1865 1296/21/1833
f 1399/19/1835 1299/20/1866 1298/21/1836
s 61
f 1412/19/1867 1313/20/1868 1420/21/1876
f 1414/19/1849 1306/20/1847 1413/21/1846
f 1415/19/1850 1309/20/1870 1308/21/1851
f 1419/19/1857 1314/20/1872 1312/21/1858
f 1421/19/1871 1311/20/1873 1314/21/1872
f 1407/19/1874 1287/20/1821 1410/21/1820
f 1409/19/1875 1283/20/1814 1406/21/1813
f 1420/19/1876 1285/20/1817 1408/21/1816
s 1
f 1257/1/1377 946/2/1383 945/3/1378
f 1254/1/1787 955/2/1877 956/3/1788
f 1316/4/1801 1250/5/1777 1315/6/2046
f 1216/1/1758 905/2/1160 1220/3/1159
f 905/1/1160 1216/2/1758 898/3/1317
s 63
f 1318/1/1878 1348/2/1880 1351/3/1892
s 64
f 1324/1/1881 1358/2/1883 1359/3/1933
s 63
f 1352/1/1884 1332/2/1886 1322/3/1887
f 1318/1/1878 1327/2/1888 1326/3/1895
f 1349/1/1889 1321/2/1891 1350/3/1901
f 1351/1/1892 1322/2/1887 1318/3/1878
f 1334/1/1893 1326/2/1895 1327/3/1888
f 1332/1/1886 1327/2/1888 1322/3/1887
f 1343/4/1896 1339/5/1898 1337/6/1907
f 1317/1/1890 1328/2/1900 1321/3/1891
f 1318/1/1878 1333/2/1894 1329/3/1879
f 1332/1/1886 1328/2/1900 1334/3/1893
f 1328/1/1900 1333/2/1894 1334/3/1893
f 1350/1/1901 1332/2/1886 1353/3/1885
s 64
f 1330/1/1902 1358/2/1883 1320/3/1882
s 63
f 1342/1/1904 1336/2/1906 1341/3/1911
f 1343/4/1896 1335/5/1909 1342/6/1904
f 1345/4/1910 1336/5/1906 1338/6/1914
f 1344/4/1897 1340/5/1913 1339/6/1898
f 1345/4/1910 1340/5/1913 1346/6/1912
f 1325/1/1899 1346/2/1912 1333/3/1894
f 1329/1/1879 1346/2/1912 1344/3/1897
f 1317/1/1890 1345/2/1910 1325/3/1899
f 1349/1/1889 1343/2/1896 1342/3/1904
f 1317/1/1890 1342/2/1904 1341/3/1911
f 1329/1/1879 1343/2/1896 1348/3/1880
s 65
f 1319/1/1915 1348/2/1917 1349/3/1918
f 1319/1/1915 1350/2/1919 1323/3/1922
f 1324/1/1920 1351/2/1921 1320/3/1924
f 1323/1/1922 1353/2/1923 1331/3/1925
f 1320/1/1924 1348/2/1917 1330/3/1916
f 1324/1/1920 1353/2/1923 1352/3/1920
s 66
f 1358/7/1926 1355/8/1928 1359/9/2052
f 1354/7/1927 1357/8/1930 1355/9/1928
s 64
f 1319/1/1931 1354/2/1903 1330/3/1902
f 1324/1/1881 1355/2/1934 1331/3/1935
f 1331/1/1935 1357/2/1936 1323/3/1937
f 1319/1/1931 1357/2/1936 1356/3/1932
s 67
f 1383/4/1938 1363/5/1940 1371/6/1971
s 68
f 1377/4/1941 1367/5/1943 1363/6/2053
f 1381/4/1944 1365/5/1946 1375/6/1966
f 1365/4/1946 1376/5/1947 1361/6/2054
s 69
f 1369/4/1948 1364/5/1950 1372/6/2055
s 70
f 1370/4/1951 1365/5/1953 1361/6/2056
f 1367/4/1954 1371/5/1956 1363/6/2057
f 1385/4/1957 1375/5/1952 1370/6/1951
s 69
f 1366/4/1959 1368/5/1961 1373/6/2058
f 1386/4/1962 1369/5/1948 1372/6/2055
s 68
f 1367/4/1943 1380/5/1964 1374/6/1985
f 1389/4/1965 1375/5/1966 1387/6/2059
s 67
f 1361/4/1967 1382/5/1969 1370/6/1984
f 1388/4/1970 1371/5/1971 1385/6/1972
f 1388/4/1970 1368/5/1973 1383/6/1938
f 1360/4/1974 1382/5/1969 1376/6/1968
s 68
f 1389/4/1965 1372/5/1977 1381/6/1944
f 1366/4/1978 1380/5/1964 1378/6/1942
f 1364/4/1980 1376/5/1947 1379/6/1945
f 1381/4/1944 1364/5/1980 1379/6/1945
f 1377/4/1941 1366/5/1978 1378/6/1942
s 67
f 1383/4/1938 1362/5/1983 1377/6/1939
s 68
f 1373/4/1979 1389/5/1965 1380/6/1964
s 67
f 1369/4/1975 1388/5/1970 1382/6/1969
f 1370/4/1984 1388/5/1970 1385/6/1972
s 68
f 1374/4/1985 1389/5/1965 1387/6/2059
s 69
f 1368/4/1961 1386/5/1962 1373/6/2058
s 70
f 1374/4/1955 1385/5/1957 1371/6/1956
s 1
f 794/1/1135 778/2/1139 773/3/1138
f 1422/1/1141 991/2/1469 990/3/1468
f 1423/1/1157 782/2/1152 792/3/1151
f 1424/1/1992 988/2/1472 991/3/1469
f 1423/1/1157 1422/2/1141 794/3/1135
f 989/1/1438 1425/2/1993 788/3/1145
f 1426/1/1144 798/2/1153 786/3/1146
f 1425/1/1993 783/2/1156 789/3/1142
f 1425/1/1993 786/2/1146 788/3/1145
s 26
f 427/7/2060 431/8/611 428/9/2061
s 18
f 398/7/547 400/8/1622 399/8/548
s 19
f 408/7/550 409/8/2062 407/8/551
f 402/7/569 408/8/550 410/8/552
f 406/8/572 405/7/2063 404/8/571
f 404/8/571 410/7/552 407/8/551
s 21
f 443/7/573 446/8/650 445/8/574
s 26
f 426/7/610 428/8/2061 431/8/611
f 430/7/613 427/8/2060 415/8/614
f 429/7/612 431/8/611 419/8/616
f 431/7/611 430/8/613 421/8/618
f 416/9/615 418/7/1058 421/9/618
f 1132/8/619 1131/9/1618 1129/7/620
s 21
f 441/7/645 442/8/575 445/8/574
f 439/7/647 441/8/645 444/8/646
f 436/7/649 445/8/574 446/8/650
f 438/7/652 444/8/646 445/8/574
f 435/8/653 434/7/1062 440/8/648
f 440/8/648 444/7/646 438/8/652
s 19
f 401/7/570 410/8/552 404/8/571
s 21
f 1144/8/1064 446/9/650 443/7/573
s 56
f 1105/8/1562 1106/9/2037 1104/7/1563
s 57
f 1113/8/1565 1115/9/2064 1114/7/1566
f 1116/8/1567 1114/9/1566 1108/7/1584
f 1113/9/1565 1116/8/1567 1110/9/1586
f 1110/9/1586 1111/8/2065 1112/8/1587
s 26
f 1132/8/619 1130/9/621 426/7/610
f 1120/8/1617 1129/9/620 1131/7/1618
f 1124/8/1620 1132/9/619 429/7/612
f 1125/8/1621 1131/9/1618 1132/7/619
f 1125/9/1621 1123/7/2030 1121/9/1619
s 18
f 400/7/1622 398/8/547 397/8/1623
s 21
f 1144/8/1064 1142/9/1065 1141/7/1645
f 1143/8/1646 1141/9/1645 1139/7/1647
f 446/8/650 1144/9/1064 1137/7/1649
f 1144/8/1064 1143/9/1646 1138/7/1650
f 1138/9/1650 1143/8/1646 1140/9/1648
f 1140/9/1648 1135/8/2033 1136/8/1651
s 57
f 1110/8/1586 1116/9/1567 1107/7/1585
s 56
f 1103/8/2036 1104/9/1563 1106/7/2037
s 26
f 427/7/2060 430/8/613 431/8/611
g Disk_FL_Mesh
v -0.551265 -0.172403 -0.912252
v -0.568825 -0.172403 -0.912252
v -0.568825 -0.213539 -0.812941
v -0.568825 -0.172403 -0.804759
v -0.568825 -0.248412 -0.836243
v -0.568825 -0.271714 -0.871116
v -0.568825 -0.279896 -0.912252
v -0.568825 -0.271714 -0.953388
v -0.568825 -0.248412 -0.988261
v -0.568825 -0.213539 -1.011563
v -0.568825 -0.172403 -1.019745
v -0.568825 -0.131267 -1.011563
v -0.568825 -0.096394 -0.988261
v -0.568825 -0.073092 -0.953388
v -0.568825 -0.064910 -0.912252
v -0.568825 -0.073092 -0.871116
v -0.568825 -0.096394 -0.836243
v -0.568825 -0.131267 -0.812941
v -0.551265 -0.172403 -0.804759
v -0.551265 -0.213539 -0.812941
v -0.551265 -0.248412 -0.836243
v -0.551265 -0.271714 -0.871116
v -0.551265 -0.279896 -0.912252
v -0.551266 -0.271714 -0.953388
v -0.551266 -0.248412 -0.988261
v -0.551266 -0.213539 -1.011563
v -0.551266 -0.172403 -1.019745
v -0.551266 -0.131267 -1.011563
v -0.551266 -0.096394 -0.988261
v -0.551266 -0.073092 -0.953388
v -0.551266 -0.064910 -0.912252
v -0.551265 -0.073092 -0.871116
v -0.551265 -0.096394 -0.836243
v -0.551265 -0.131267 -0.812941
v -0.542728 -0.193519 -0.815715
v -0.542728 -0.077054 -0.887373
v -0.577367 -0.193519 -0.815715
v -0.577367 -0.077054 -0.887373
v -0.542728 -0.135844 -0.791281
v -0.542728 -0.185808 -0.803182
v -0.542728 -0.163291 -0.786884
v -0.542728 -0.069343 -0.874840
v -0.542728 -0.081243 -0.824876
v -0.542728 -0.064945 -0.847393
v -0.577367 -0.185808 -0.803182
v -0.577367 -0.135844 -0.791281
v -0.577367 -0.163291 -0.786884
v -0.577367 -0.081243 -0.824876
v -0.577367 -0.069343 -0.874840
v -0.577367 -0.064945 -0.847393
v -0.542728 -0.119902 -0.789470
v -0.577367 -0.119902 -0.789470
v -0.577367 -0.086813 -0.809829
v -0.542728 -0.086813 -0.809829
vn -0.0000 -0.0000 1.0000
vn -0.0000 -0.3827 0.9239
vn -0.0000 -0.7071 0.7071
vn -0.0000 -0.9239 0.3827
vn -0.0000 -1.0000 -0.0000
vn -0.0000 -0.9239 -0.3827
vn -0.0000 -0.7071 -0.7071
vn -0.0000 -0.3827 -0.9239
vn -0.0000 -0.0000 -1.0000
vn -0.0000 0.3827 -0.9239
vn -0.0000 0.7071 -0.7071
vn -0.0000 0.9239 -0.3827
vn -0.0000 1.0000 -0.0000
vn -0.0000 0.9239 0.3827
vn -0.0000 0.7071 0.7071
vn -0.0000 0.3827 0.9239
vn -1.0000 -0.0000 -0.0000
vn 1.0000 -0.0000 -0.0000
vn -0.0000 -0.5240 -0.8517
vn -0.0000 -0.7331 0.6801
vn -0.0000 -0.5863 0.8101
vn -0.0000 0.1582 0.9874
vn -0.0000 0.0229 0.9997
vn -0.0000 0.9376 -0.3478
vn -0.0000 0.9874 -0.1582
vn -0.0000 0.8101 0.5863
vn -0.0000 0.8821 0.4711
vn -0.0000 -0.8517 0.5240
vn -0.0000 -0.1129 0.9936
vn -0.0000 0.8517 -0.5240
vn -0.0000 0.5240 0.8517
vn -0.0000 0.9378 0.3472
vt 0.559953 0.321672
vt 0.690047 0.321672
vt 0.690047 0.451766
vt 0.795826 0.327076
vt 0.930736 0.327076
vt 0.930736 0.461986
s 1
g off
g Disk_FL_CarPaint_Atlas
usemtl CarPaint_Atlas
f 1445/22/2066 1429/23/2067 1446/24/2067
f 1446/22/2067 1431/23/2068 1447/24/2068
f 1447/22/2068 1432/23/2069 1448/24/2069
f 1448/22/2069 1433/23/2070 1449/24/2070
f 1433/22/2070 1450/23/2071 1449/24/2070
f 1434/22/2071 1451/23/2072 1450/24/2071
f 1435/22/2072 1452/23/2073 1451/24/2072
f 1436/22/2073 1453/23/2074 1452/24/2073
f 1453/22/2074 1438/23/2075 1454/24/2075
f 1438/22/2075 1455/23/2076 1454/24/2075
f 1439/22/2076 1456/23/2077 1455/24/2076
f 1440/22/2077 1457/23/2078 1456/24/2077
f 1441/22/2078 1458/23/2079 1457/24/2078
f 1442/22/2079 1459/23/2080 1458/24/2079
f 1443/22/2080 1460/23/2081 1459/24/2080
f 1444/22/2081 1445/23/2066 1460/24/2081
s 2
f 1428/22/2082 1429/23/2082 1430/24/2082
f 1428/22/2082 1431/23/2082 1429/24/2082
f 1428/22/2082 1432/23/2082 1431/24/2082
f 1428/22/2082 1433/23/2082 1432/24/2082
f 1428/22/2082 1434/23/2082 1433/24/2082
f 1428/22/2082 1435/23/2082 1434/24/2082
f 1428/22/2082 1436/23/2082 1435/24/2082
f 1428/22/2082 1437/23/2082 1436/24/2082
f 1428/22/2082 1438/23/2082 1437/24/2082
f 1428/22/2082 1439/23/2082 1438/24/2082
f 1428/22/2082 1440/23/2082 1439/24/2082
f 1428/22/2082 1441/23/2082 1440/24/2082
f 1428/22/2082 1442/23/2082 1441/24/2082
f 1428/22/2082 1443/23/2082 1442/24/2082
f 1428/22/2082 1444/23/2082 1443/24/2082
f 1428/22/2082 1430/23/2082 1444/24/2082
s 3
f 1427/22/2083 1445/23/2083 1446/24/2083
f 1427/22/2083 1446/23/2083 1447/24/2083
f 1427/22/2083 1447/23/2083 1448/24/2083
f 1427/22/2083 1448/23/2083 1449/24/2083
f 1427/22/2083 1449/23/2083 1450/24/2083
f 1427/22/2083 1450/23/2083 1451/24/2083
f 1427/22/2083 1451/23/2083 1452/24/2083
f 1427/22/2083 1452/23/2083 1453/24/2083
f 1427/22/2083 1453/23/2083 1454/24/2083
f 1427/22/2083 1454/23/2083 1455/24/2083
f 1427/22/2083 1455/23/2083 1456/24/2083
f 1427/22/2083 1456/23/2083 1457/24/2083
f 1427/22/2083 1457/23/2083 1458/24/2083
f 1427/22/2083 1458/23/2083 1459/24/2083
f 1427/22/2083 1459/23/2083 1460/24/2083
f 1427/22/2083 1460/23/2083 1445/24/2083
s 1
f 1445/22/2066 1430/23/2066 1429/24/2067
f 1446/22/2067 1429/23/2067 1431/24/2068
f 1447/22/2068 1431/23/2068 1432/24/2069
f 1448/22/2069 1432/23/2069 1433/24/2070
f 1433/22/2070 1434/23/2071 1450/24/2071
f 1434/22/2071 1435/23/2072 1451/24/2072
f 1435/22/2072 1436/23/2073 1452/24/2073
f 1436/22/2073 1437/23/2074 1453/24/2074
f 1453/22/2074 1437/23/2074 1438/24/2075
f 1438/22/2075 1439/23/2076 1455/24/2076
f 1439/22/2076 1440/23/2077 1456/24/2077
f 1440/22/2077 1441/23/2078 1457/24/2078
f 1441/22/2078 1442/23/2079 1458/24/2079
f 1442/22/2079 1443/23/2080 1459/24/2080
f 1443/22/2080 1444/23/2081 1460/24/2081
f 1444/22/2081 1430/23/2066 1445/24/2066
s 4
f 1463/25/2084 1462/26/2084 1461/27/2084
s 5
f 1466/25/2085 1473/26/2086 1471/27/2085
s 6
f 1467/25/2087 1472/26/2088 1473/27/2087
s 7
f 1468/25/2089 1476/26/2090 1470/27/2090
s 8
f 1476/25/2091 1469/26/2092 1470/27/2091
s 5
f 1471/25/2085 1461/26/2093 1466/27/2085
s 9
f 1465/25/2083 1467/26/2083 1466/27/2083
s 6
f 1465/25/2088 1478/26/2094 1472/27/2088
s 7
f 1468/25/2089 1464/26/2095 1475/27/2089
s 10
f 1464/25/2082 1463/26/2082 1474/27/2082
s 11
f 1480/25/2096 1478/26/2096 1477/27/2096
s 9
f 1465/25/2083 1480/26/2083 1477/27/2083
s 8
f 1474/25/2092 1480/26/2097 1469/27/2092
s 10
f 1472/25/2082 1479/26/2082 1474/27/2082
s 4
f 1463/25/2084 1464/26/2084 1462/27/2084
s 5
f 1466/25/2085 1467/26/2086 1473/27/2086
s 6
f 1467/25/2087 1465/26/2088 1472/27/2088
s 7
f 1468/25/2089 1475/26/2089 1476/27/2090
s 8
f 1476/25/2091 1474/26/2092 1469/27/2092
s 5
f 1471/25/2085 1463/26/2093 1461/27/2093
s 9
f 1466/25/2083 1461/26/2083 1465/27/2083
f 1461/25/2083 1462/26/2083 1465/27/2083
f 1462/25/2083 1468/26/2083 1469/27/2083
f 1468/25/2083 1470/26/2083 1469/27/2083
f 1469/25/2083 1465/26/2083 1462/27/2083
s 6
f 1465/25/2088 1477/26/2094 1478/27/2094
s 7
f 1468/25/2089 1462/26/2095 1464/27/2095
s 10
f 1463/25/2082 1471/26/2082 1472/27/2082
f 1471/25/2082 1473/26/2082 1472/27/2082
f 1472/25/2082 1474/26/2082 1463/27/2082
f 1474/25/2082 1476/26/2082 1475/27/2082
f 1475/25/2082 1464/26/2082 1474/27/2082
s 11
f 1480/25/2096 1479/26/2096 1478/27/2096
s 9
f 1465/25/2083 1469/26/2083 1480/27/2083
s 8
f 1474/25/2092 1479/26/2097 1480/27/2097
s 10
f 1472/25/2082 1478/26/2082 1479/27/2082
g Disk_FR_Mesh
v 0.551265 -0.172403 -0.912252
v 0.568825 -0.172403 -0.912252
v 0.551265 -0.172403 -0.804759
v 0.551265 -0.213539 -0.812941
v 0.551265 -0.248412 -0.836243
v 0.551265 -0.271714 -0.871116
v 0.551265 -0.279896 -0.912252
v 0.551266 -0.271714 -0.953388
v 0.551266 -0.248412 -0.988261
v 0.551266 -0.213539 -1.011563
v 0.551266 -0.172403 -1.019745
v 0.551266 -0.131267 -1.011563
v 0.551266 -0.096394 -0.988261
v 0.551266 -0.073092 -0.953388
v 0.551266 -0.064910 -0.912252
v 0.551265 -0.073092 -0.871116
v 0.551265 -0.096394 -0.836243
v 0.551265 -0.131267 -0.812941
v 0.568825 -0.213539 -0.812941
v 0.568825 -0.172403 -0.804759
v 0.568825 -0.248412 -0.836243
v 0.568825 -0.271714 -0.871116
v 0.568825 -0.279896 -0.912252
v 0.568825 -0.271714 -0.953388
v 0.568825 -0.248412 -0.988261
v 0.568825 -0.213539 -1.011563
v 0.568825 -0.172403 -1.019745
v 0.568825 -0.131267 -1.011563
v 0.568825 -0.096394 -0.988261
v 0.568825 -0.073092 -0.953388
v 0.568825 -0.064910 -0.912252
v 0.568825 -0.073092 -0.871116
v 0.568825 -0.096394 -0.836243
v 0.568825 -0.131267 -0.812941
v 0.542728 -0.193519 -0.815715
v 0.542728 -0.077054 -0.887373
v 0.577367 -0.193519 -0.815715
v 0.577367 -0.077054 -0.887373
v 0.542728 -0.135844 -0.791281
v 0.542728 -0.185808 -0.803182
v 0.542728 -0.163291 -0.786884
v 0.542728 -0.069343 -0.874840
v 0.542728 -0.081243 -0.824876
v 0.542728 -0.064945 -0.847393
v 0.577367 -0.185808 -0.803182
v 0.577367 -0.135844 -0.791281
v 0.577367 -0.163291 -0.786884
v 0.577367 -0.081243 -0.824876
v 0.577367 -0.069343 -0.874840
v 0.577367 -0.064945 -0.847393
v 0.542728 -0.119902 -0.789470
v 0.577367 -0.119902 -0.789470
v 0.577367 -0.086813 -0.809829
v 0.542728 -0.086813 -0.809829
vn -0.0000 -0.0000 1.0000
vn -0.0000 -0.3827 0.9239
vn -0.0000 -0.7071 0.7071
vn -0.0000 -0.9239 0.3827
vn -0.0000 -1.0000 -0.0000
vn -0.0000 -0.9239 -0.3827
vn -0.0000 -0.7071 -0.7071
vn -0.0000 -0.3827 -0.9239
vn -0.0000 -0.0000 -1.0000
vn -0.0000 0.3827 -0.9239
vn -0.0000 0.7071 -0.7071
vn -0.0000 0.9239 -0.3827
vn -0.0000 1.0000 -0.0000
vn -0.0000 0.9239 0.3827
vn -0.0000 0.7071 0.7071
vn -0.0000 0.3827 0.9239
vn -1.0000 -0.0000 -0.0000
vn 1.0000 -0.0000 -0.0000
vn -0.0000 -0.5240 -0.8517
vn -0.0000 -0.5863 0.8101
vn -0.0000 -0.7331 0.6801
vn -0.0000 0.0229 0.9997
vn -0.0000 0.1582 0.9874
vn -0.0000 0.9376 -0.3478
vn -0.0000 0.9874 -0.1582
vn -0.0000 0.8821 0.4711
vn -0.0000 0.8101 0.5863
vn -0.0000 -0.8517 0.5240
vn -0.0000 -0.1129 0.9936
vn -0.0000 0.8517 -0.5240
vn -0.0000 0.5240 0.8517
vn -0.0000 0.9378 0.3472
vt 0.559953 0.321672
vt 0.690047 0.321672
vt 0.690047 0.451766
vt 0.795826 0.327076
vt 0.930736 0.327076
vt 0.930736 0.461986
s 1
g off
g Disk_FR_CarPaint_Atlas
usemtl CarPaint_Atlas
f 1483/28/2098 1499/29/2099 1500/30/2098
f 1484/28/2099 1501/29/2100 1499/30/2099
f 1485/28/2100 1502/29/2101 1501/30/2100
f 1486/28/2101 1503/29/2102 1502/30/2101
f 1488/28/2103 1503/29/2102 1487/30/2102
f 1489/28/2104 1504/29/2103 1488/30/2103
f 1490/28/2105 1505/29/2104 1489/30/2104
f 1491/28/2106 1506/29/2105 1490/30/2105
f 1491/28/2106 1508/29/2107 1507/30/2106
f 1493/28/2108 1508/29/2107 1492/30/2107
f 1493/28/2108 1510/29/2109 1509/30/2108
f 1495/28/2110 1510/29/2109 1494/30/2109
f 1496/28/2111 1511/29/2110 1495/30/2110
f 1497/28/2112 1512/29/2111 1496/30/2111
f 1498/28/2113 1513/29/2112 1497/30/2112
f 1483/28/2098 1514/29/2113 1498/30/2113
s 2
f 1481/28/2114 1484/29/2114 1483/30/2114
f 1481/28/2114 1485/29/2114 1484/30/2114
f 1481/28/2114 1486/29/2114 1485/30/2114
f 1481/28/2114 1487/29/2114 1486/30/2114
f 1481/28/2114 1488/29/2114 1487/30/2114
f 1481/28/2114 1489/29/2114 1488/30/2114
f 1481/28/2114 1490/29/2114 1489/30/2114
f 1481/28/2114 1491/29/2114 1490/30/2114
f 1481/28/2114 1492/29/2114 1491/30/2114
f 1481/28/2114 1493/29/2114 1492/30/2114
f 1481/28/2114 1494/29/2114 1493/30/2114
f 1481/28/2114 1495/29/2114 1494/30/2114
f 1481/28/2114 1496/29/2114 1495/30/2114
f 1481/28/2114 1497/29/2114 1496/30/2114
f 1481/28/2114 1498/29/2114 1497/30/2114
f 1481/28/2114 1483/29/2114 1498/30/2114
s 3
f 1482/28/2115 1500/29/2115 1499/30/2115
f 1482/28/2115 1499/29/2115 1501/30/2115
f 1482/28/2115 1501/29/2115 1502/30/2115
f 1482/28/2115 1502/29/2115 1503/30/2115
f 1482/28/2115 1503/29/2115 1504/30/2115
f 1482/28/2115 1504/29/2115 1505/30/2115
f 1482/28/2115 1505/29/2115 1506/30/2115
f 1482/28/2115 1506/29/2115 1507/30/2115
f 1482/28/2115 1507/29/2115 1508/30/2115
f 1482/28/2115 1508/29/2115 1509/30/2115
f 1482/28/2115 1509/29/2115 1510/30/2115
f 1482/28/2115 1510/29/2115 1511/30/2115
f 1482/28/2115 1511/29/2115 1512/30/2115
f 1482/28/2115 1512/29/2115 1513/30/2115
f 1482/28/2115 1513/29/2115 1514/30/2115
f 1482/28/2115 1514/29/2115 1500/30/2115
s 1
f 1483/28/2098 1484/29/2099 1499/30/2099
f 1484/28/2099 1485/29/2100 1501/30/2100
f 1485/28/2100 1486/29/2101 1502/30/2101
f 1486/28/2101 1487/29/2102 1503/30/2102
f 1488/28/2103 1504/29/2103 1503/30/2102
f 1489/28/2104 1505/29/2104 1504/30/2103
f 1490/28/2105 1506/29/2105 1505/30/2104
f 1491/28/2106 1507/29/2106 1506/30/2105
f 1491/28/2106 1492/29/2107 1508/30/2107
f 1493/28/2108 1509/29/2108 1508/30/2107
f 1493/28/2108 1494/29/2109 1510/30/2109
f 1495/28/2110 1511/29/2110 1510/30/2109
f 1496/28/2111 1512/29/2111 1511/30/2110
f 1497/28/2112 1513/29/2112 1512/30/2111
f 1498/28/2113 1514/29/2113 1513/30/2112
f 1483/28/2098 1500/29/2098 1514/30/2113
s 4
f 1517/31/2116 1516/32/2116 1518/33/2116
s 5
f 1527/31/2117 1520/32/2118 1525/33/2118
s 6
f 1526/31/2119 1521/32/2120 1527/33/2120
s 7
f 1522/31/2121 1530/32/2122 1529/33/2121
s 8
f 1523/31/2123 1530/32/2124 1524/33/2124
s 5
f 1515/31/2125 1525/32/2118 1520/33/2118
s 9
f 1516/31/2114 1523/32/2114 1522/33/2114
s 6
f 1532/31/2126 1519/32/2119 1526/33/2119
s 7
f 1518/31/2127 1522/32/2121 1529/33/2121
s 10
f 1528/31/2115 1526/32/2115 1517/33/2115
s 11
f 1532/31/2128 1534/32/2128 1531/33/2128
s 9
f 1519/31/2114 1534/32/2114 1523/33/2114
s 8
f 1534/31/2129 1528/32/2123 1523/33/2123
s 10
f 1533/31/2115 1526/32/2115 1528/33/2115
s 4
f 1517/31/2116 1515/32/2116 1516/33/2116
s 5
f 1527/31/2117 1521/32/2117 1520/33/2118
s 6
f 1526/31/2119 1519/32/2119 1521/33/2120
s 7
f 1522/31/2121 1524/32/2122 1530/33/2122
s 8
f 1523/31/2123 1528/32/2123 1530/33/2124
s 5
f 1515/31/2125 1517/32/2125 1525/33/2118
s 9
f 1516/31/2114 1515/32/2114 1519/33/2114
f 1515/31/2114 1520/32/2114 1519/33/2114
f 1520/31/2114 1521/32/2114 1519/33/2114
f 1519/31/2114 1523/32/2114 1516/33/2114
f 1523/31/2114 1524/32/2114 1522/33/2114
s 6
f 1532/31/2126 1531/32/2126 1519/33/2119
s 7
f 1518/31/2127 1516/32/2127 1522/33/2121
s 10
f 1527/31/2115 1525/32/2115 1526/33/2115
f 1525/31/2115 1517/32/2115 1526/33/2115
f 1517/31/2115 1518/32/2115 1528/33/2115
f 1518/31/2115 1529/32/2115 1528/33/2115
f 1529/31/2115 1530/32/2115 1528/33/2115
s 11
f 1532/31/2128 1533/32/2128 1534/33/2128
s 9
f 1519/31/2114 1531/32/2114 1534/33/2114
s 8
f 1534/31/2129 1533/32/2129 1528/33/2123
s 10
f 1533/31/2115 1532/32/2115 1526/33/2115
g Disk_RL_Mesh
v -0.551265 -0.172403 0.863011
v -0.568825 -0.172403 0.863011
v -0.568825 -0.213539 0.962322
v -0.568825 -0.172403 0.970504
v -0.568825 -0.248412 0.939020
v -0.568825 -0.271714 0.904147
v -0.568825 -0.279896 0.863011
v -0.568825 -0.271714 0.821875
v -0.568825 -0.248412 0.787002
v -0.568825 -0.213539 0.763700
v -0.568825 -0.172403 0.755518
v -0.568825 -0.131267 0.763700
v -0.568825 -0.096394 0.787002
v -0.568825 -0.073092 0.821875
v -0.568825 -0.064910 0.863011
v -0.568825 -0.073092 0.904147
v -0.568825 -0.096394 0.939020
v -0.568825 -0.131267 0.962322
v -0.551265 -0.172403 0.970504
v -0.551265 -0.213539 0.962322
v -0.551265 -0.248412 0.939020
v -0.551265 -0.271714 0.904147
v -0.551265 -0.279896 0.863011
v -0.551265 -0.271714 0.821875
v -0.551265 -0.248412 0.787002
v -0.551266 -0.213539 0.763700
v -0.551266 -0.172403 0.755518
v -0.551265 -0.131267 0.763700
v -0.551266 -0.096394 0.787002
v -0.551265 -0.073092 0.821875
v -0.551265 -0.064910 0.863011
v -0.551265 -0.073092 0.904147
v -0.551265 -0.096394 0.939020
v -0.551265 -0.131267 0.962322
v -0.542728 -0.193519 0.959548
v -0.542728 -0.077054 0.887890
v -0.577367 -0.193519 0.959548
v -0.577367 -0.077054 0.887890
v -0.542728 -0.135844 0.983981
v -0.542728 -0.185808 0.972081
v -0.542728 -0.163291 0.988379
v -0.542728 -0.069343 0.900423
v -0.542728 -0.081243 0.950387
v -0.542728 -0.064945 0.927870
v -0.577367 -0.185808 0.972081
v -0.577367 -0.135844 0.983981
v -0.577367 -0.163291 0.988379
v -0.577367 -0.081243 0.950387
v -0.577367 -0.069343 0.900423
v -0.577367 -0.064945 0.927870
v -0.542728 -0.119902 0.985792
v -0.577367 -0.119902 0.985792
v -0.577367 -0.086813 0.965434
v -0.542728 -0.086813 0.965434
vn -0.0000 -0.0000 1.0000
vn -0.0000 -0.3827 0.9239
vn -0.0000 -0.7071 0.7071
vn -0.0000 -0.9239 0.3827
vn -0.0000 -1.0000 -0.0000
vn -0.0000 -0.9239 -0.3827
vn -0.0000 -0.7071 -0.7071
vn -0.0000 -0.3827 -0.9239
vn -0.0000 -0.0000 -1.0000
vn -0.0000 0.3827 -0.9239
vn -0.0000 0.7071 -0.7071
vn -0.0000 0.9239 -0.3827
vn -0.0000 1.0000 -0.0000
vn -0.0000 0.9239 0.3827
vn -0.0000 0.7071 0.7071
vn -0.0000 0.3827 0.9239
vn -1.0000 -0.0000 -0.0000
vn 1.0000 -0.0000 -0.0000
vn -0.0000 -0.5240 -0.8517
vn -0.0000 -0.7331 0.6801
vn -0.0000 -0.5863 0.8101
vn -0.0000 0.1582 0.9874
vn -0.0000 0.0229 0.9997
vn -0.0000 0.9376 -0.3478
vn -0.0000 0.9874 -0.1582
vn -0.0000 0.8101 0.5863
vn -0.0000 0.8821 0.4711
vn -0.0000 -0.8517 0.5240
vn -0.0000 -0.1129 0.9936
vn -0.0000 0.8517 -0.5240
vn -0.0000 0.5240 0.8517
vn -0.0000 0.9378 0.3472
vt 0.559953 0.321672
vt 0.690047 0.321672
vt 0.690047 0.451766
vt 0.795826 0.327076
vt 0.930736 0.327076
vt 0.930736 0.461986
s 1
g off
g Disk_RL_CarPaint_Atlas
usemtl CarPaint_Atlas
f 1553/34/2130 1537/35/2131 1554/36/2131
f 1537/34/2131 1555/35/2132 1554/36/2131
f 1555/34/2132 1540/35/2133 1556/36/2133
f 1540/34/2133 1557/35/2134 1556/36/2133
f 1541/34/2134 1558/35/2135 1557/36/2134
f 1542/34/2135 1559/35/2136 1558/36/2135
f 1543/34/2136 1560/35/2137 1559/36/2136
f 1544/34/2137 1561/35/2138 1560/36/2137
f 1561/34/2138 1546/35/2139 1562/36/2139
f 1546/34/2139 1563/35/2140 1562/36/2139
f 1563/34/2140 1548/35/2141 1564/36/2141
f 1548/34/2141 1565/35/2142 1564/36/2141
f 1549/34/2142 1566/35/2143 1565/36/2142
f 1566/34/2143 1551/35/2144 1567/36/2144
f 1567/34/2144 1552/35/2145 1568/36/2145
f 1568/34/2145 1538/35/2130 1553/36/2130
s 2
f 1536/34/2146 1537/35/2146 1538/36/2146
f 1536/34/2146 1539/35/2146 1537/36/2146
f 1536/34/2146 1540/35/2146 1539/36/2146
f 1536/34/2146 1541/35/2146 1540/36/2146
f 1536/34/2146 1542/35/2146 1541/36/2146
f 1536/34/2146 1543/35/2146 1542/36/2146
f 1536/34/2146 1544/35/2146 1543/36/2146
f 1536/34/2146 1545/35/2146 1544/36/2146
f 1536/34/2146 1546/35/2146 1545/36/2146
f 1536/34/2146 1547/35/2146 1546/36/2146
f 1536/34/2146 1548/35/2146 1547/36/2146
f 1536/34/2146 1549/35/2146 1548/36/2146
f 1536/34/2146 1550/35/2146 1549/36/2146
f 1536/34/2146 1551/35/2146 1550/36/2146
f 1536/34/2146 1552/35/2146 1551/36/2146
f 1536/34/2146 1538/35/2146 1552/36/2146
s 3
f 1535/34/2147 1553/35/2147 1554/36/2147
f 1535/34/2147 1554/35/2147 1555/36/2147
f 1535/34/2147 1555/35/2147 1556/36/2147
f 1535/34/2147 1556/35/2147 1557/36/2147
f 1535/34/2147 1557/35/2147 1558/36/2147
f 1535/34/2147 1558/35/2147 1559/36/2147
f 1535/34/2147 1559/35/2147 1560/36/2147
f 1535/34/2147 1560/35/2147 1561/36/2147
f 1535/34/2147 1561/35/2147 1562/36/2147
f 1535/34/2147 1562/35/2147 1563/36/2147
f 1535/34/2147 1563/35/2147 1564/36/2147
f 1535/34/2147 1564/35/2147 1565/36/2147
f 1535/34/2147 1565/35/2147 1566/36/2147
f 1535/34/2147 1566/35/2147 1567/36/2147
f 1535/34/2147 1567/35/2147 1568/36/2147
f 1535/34/2147 1568/35/2147 1553/36/2147
s 1
f 1553/34/2130 1538/35/2130 1537/36/2131
f 1537/34/2131 1539/35/2132 1555/36/2132
f 1555/34/2132 1539/35/2132 1540/36/2133
f 1540/34/2133 1541/35/2134 1557/36/2134
f 1541/34/2134 1542/35/2135 1558/36/2135
f 1542/34/2135 1543/35/2136 1559/36/2136
f 1543/34/2136 1544/35/2137 1560/36/2137
f 1544/34/2137 1545/35/2138 1561/36/2138
f 1561/34/2138 1545/35/2138 1546/36/2139
f 1546/34/2139 1547/35/2140 1563/36/2140
f 1563/34/2140 1547/35/2140 1548/36/2141
f 1548/34/2141 1549/35/2142 1565/36/2142
f 1549/34/2142 1550/35/2143 1566/36/2143
f 1566/34/2143 1550/35/2143 1551/36/2144
f 1567/34/2144 1551/35/2144 1552/36/2145
f 1568/34/2145 1552/35/2145 1538/36/2130
s 4
f 1571/37/2148 1570/38/2148 1569/39/2148
s 5
f 1574/37/2149 1581/38/2150 1579/39/2149
s 6
f 1575/37/2151 1580/38/2152 1581/39/2151
s 7
f 1576/37/2153 1584/38/2154 1578/39/2154
s 8
f 1584/37/2155 1577/38/2156 1578/39/2155
s 5
f 1579/37/2149 1569/38/2157 1574/39/2149
s 9
f 1573/37/2147 1575/38/2147 1574/39/2147
s 6
f 1573/37/2152 1586/38/2158 1580/39/2152
s 7
f 1576/37/2153 1572/38/2159 1583/39/2153
s 10
f 1572/37/2146 1571/38/2146 1582/39/2146
s 11
f 1588/37/2160 1586/38/2160 1585/39/2160
s 9
f 1577/37/2147 1585/38/2147 1573/39/2147
s 8
f 1582/37/2156 1588/38/2161 1577/39/2156
s 10
f 1582/37/2146 1586/38/2146 1587/39/2146
s 4
f 1571/37/2148 1572/38/2148 1570/39/2148
s 5
f 1574/37/2149 1575/38/2150 1581/39/2150
s 6
f 1575/37/2151 1573/38/2152 1580/39/2152
s 7
f 1576/37/2153 1583/38/2153 1584/39/2154
s 8
f 1584/37/2155 1582/38/2156 1577/39/2156
s 5
f 1579/37/2149 1571/38/2157 1569/39/2157
s 9
f 1574/37/2147 1569/38/2147 1573/39/2147
f 1569/37/2147 1570/38/2147 1573/39/2147
f 1570/37/2147 1576/38/2147 1577/39/2147
f 1576/37/2147 1578/38/2147 1577/39/2147
f 1577/37/2147 1573/38/2147 1570/39/2147
s 6
f 1573/37/2152 1585/38/2158 1586/39/2158
s 7
f 1576/37/2153 1570/38/2159 1572/39/2159
s 10
f 1571/37/2146 1579/38/2146 1580/39/2146
f 1579/37/2146 1581/38/2146 1580/39/2146
f 1580/37/2146 1582/38/2146 1571/39/2146
f 1582/37/2146 1584/38/2146 1583/39/2146
f 1583/37/2146 1572/38/2146 1582/39/2146
s 11
f 1588/37/2160 1587/38/2160 1586/39/2160
s 9
f 1577/37/2147 1588/38/2147 1585/39/2147
s 8
f 1582/37/2156 1587/38/2161 1588/39/2161
s 10
f 1582/37/2146 1580/38/2146 1586/39/2146
g Disk_RR_Mesh
v 0.551265 -0.172403 0.863011
v 0.568825 -0.172403 0.863011
v 0.551265 -0.172403 0.970504
v 0.551265 -0.213539 0.962322
v 0.551265 -0.248412 0.939020
v 0.551265 -0.271714 0.904147
v 0.551265 -0.279896 0.863011
v 0.551265 -0.271714 0.821875
v 0.551265 -0.248412 0.787002
v 0.551266 -0.213539 0.763700
v 0.551266 -0.172403 0.755518
v 0.551265 -0.131267 0.763700
v 0.551266 -0.096394 0.787002
v 0.551265 -0.073092 0.821875
v 0.551265 -0.064910 0.863011
v 0.551265 -0.073092 0.904147
v 0.551265 -0.096394 0.939020
v 0.551265 -0.131267 0.962322
v 0.568825 -0.213539 0.962322
v 0.568825 -0.172403 0.970504
v 0.568825 -0.248412 0.939020
v 0.568825 -0.271714 0.904147
v 0.568825 -0.279896 0.863011
v 0.568825 -0.271714 0.821875
v 0.568825 -0.248412 0.787002
v 0.568825 -0.213539 0.763700
v 0.568825 -0.172403 0.755518
v 0.568825 -0.131267 0.763700
v 0.568825 -0.096394 0.787002
v 0.568825 -0.073092 0.821875
v 0.568825 -0.064910 0.863011
v 0.568825 -0.073092 0.904147
v 0.568825 -0.096394 0.939020
v 0.568825 -0.131267 0.962322
v 0.542728 -0.193519 0.959548
v 0.542728 -0.077054 0.887890
v 0.577367 -0.193519 0.959548
v 0.577367 -0.077054 0.887890
v 0.542728 -0.135844 0.983981
v 0.542728 -0.185808 0.972081
v 0.542728 -0.163291 0.988379
v 0.542728 -0.069343 0.900423
v 0.542728 -0.081243 0.950387
v 0.542728 -0.064945 0.927870
v 0.577367 -0.185808 0.972081
v 0.577367 -0.135844 0.983981
v 0.577367 -0.163291 0.988379
v 0.577367 -0.081243 0.950387
v 0.577367 -0.069343 0.900423
v 0.577367 -0.064945 0.927870
v 0.542728 -0.119902 0.985792
v 0.577367 -0.119902 0.985792
v 0.577367 -0.086813 0.965434
v 0.542728 -0.086813 0.965434
vn -0.0000 -0.0000 1.0000
vn -0.0000 -0.3827 0.9239
vn -0.0000 -0.7071 0.7071
vn -0.0000 -0.9239 0.3827
vn -0.0000 -1.0000 -0.0000
vn -0.0000 -0.9239 -0.3827
vn -0.0000 -0.7071 -0.7071
vn -0.0000 -0.3827 -0.9239
vn -0.0000 -0.0000 -1.0000
vn -0.0000 0.3827 -0.9239
vn -0.0000 0.7071 -0.7071
vn -0.0000 0.9239 -0.3827
vn -0.0000 1.0000 -0.0000
vn -0.0000 0.9239 0.3827
vn -0.0000 0.7071 0.7071
vn -0.0000 0.3827 0.9239
vn -1.0000 -0.0000 -0.0000
vn 1.0000 -0.0000 -0.0000
vn -0.0000 -0.5240 -0.8517
vn -0.0000 -0.5863 0.8101
vn -0.0000 -0.7331 0.6801
vn -0.0000 0.0229 0.9997
vn -0.0000 0.1582 0.9874
vn -0.0000 0.9874 -0.1582
vn -0.0000 0.9376 -0.3478
vn -0.0000 0.8821 0.4711
vn -0.0000 0.8101 0.5863
vn -0.0000 -0.8517 0.5240
vn -0.0000 -0.1129 0.9936
vn -0.0000 0.8517 -0.5240
vn -0.0000 0.5240 0.8517
vn -0.0000 0.9378 0.3472
vt 0.559953 0.321672
vt 0.690047 0.321672
vt 0.690047 0.451766
vt 0.795826 0.327076
vt 0.930736 0.327076
vt 0.930736 0.461986
s 1
g off
g Disk_RR_CarPaint_Atlas
usemtl CarPaint_Atlas
f 1591/40/2162 1607/41/2163 1608/42/2162
f 1592/40/2163 1609/41/2164 1607/42/2163
f 1593/40/2164 1610/41/2165 1609/42/2164
f 1595/40/2166 1610/41/2165 1594/42/2165
f 1596/40/2167 1611/41/2166 1595/42/2166
f 1597/40/2168 1612/41/2167 1596/42/2167
f 1598/40/2169 1613/41/2168 1597/42/2168
f 1599/40/2170 1614/41/2169 1598/42/2169
f 1599/40/2170 1616/41/2171 1615/42/2170
f 1601/40/2172 1616/41/2171 1600/42/2171
f 1601/40/2172 1618/41/2173 1617/42/2172
f 1603/40/2174 1618/41/2173 1602/42/2173
f 1604/40/2175 1619/41/2174 1603/42/2174
f 1604/40/2175 1621/41/2176 1620/42/2175
f 1605/40/2176 1622/41/2177 1621/42/2176
f 1606/40/2177 1608/41/2162 1622/42/2177
s 2
f 1589/40/2178 1592/41/2178 1591/42/2178
f 1589/40/2178 1593/41/2178 1592/42/2178
f 1589/40/2178 1594/41/2178 1593/42/2178
f 1589/40/2178 1595/41/2178 1594/42/2178
f 1589/40/2178 1596/41/2178 1595/42/2178
f 1589/40/2178 1597/41/2178 1596/42/2178
f 1589/40/2178 1598/41/2178 1597/42/2178
f 1589/40/2178 1599/41/2178 1598/42/2178
f 1589/40/2178 1600/41/2178 1599/42/2178
f 1589/40/2178 1601/41/2178 1600/42/2178
f 1589/40/2178 1602/41/2178 1601/42/2178
f 1589/40/2178 1603/41/2178 1602/42/2178
f 1589/40/2178 1604/41/2178 1603/42/2178
f 1589/40/2178 1605/41/2178 1604/42/2178
f 1589/40/2178 1606/41/2178 1605/42/2178
f 1589/40/2178 1591/41/2178 1606/42/2178
s 3
f 1590/40/2179 1608/41/2179 1607/42/2179
f 1590/40/2179 1607/41/2179 1609/42/2179
f 1590/40/2179 1609/41/2179 1610/42/2179
f 1590/40/2179 1610/41/2179 1611/42/2179
f 1590/40/2179 1611/41/2179 1612/42/2179
f 1590/40/2179 1612/41/2179 1613/42/2179
f 1590/40/2179 1613/41/2179 1614/42/2179
f 1590/40/2179 1614/41/2179 1615/42/2179
f 1590/40/2179 1615/41/2179 1616/42/2179
f 1590/40/2179 1616/41/2179 1617/42/2179
f 1590/40/2179 1617/41/2179 1618/42/2179
f 1590/40/2179 1618/41/2179 1619/42/2179
f 1590/40/2179 1619/41/2179 1620/42/2179
f 1590/40/2179 1620/41/2179 1621/42/2179
f 1590/40/2179 1621/41/2179 1622/42/2179
f 1590/40/2179 1622/41/2179 1608/42/2179
s 1
f 1591/40/2162 1592/41/2163 1607/42/2163
f 1592/40/2163 1593/41/2164 1609/42/2164
f 1593/40/2164 1594/41/2165 1610/42/2165
f 1595/40/2166 1611/41/2166 1610/42/2165
f 1596/40/2167 1612/41/2167 1611/42/2166
f 1597/40/2168 1613/41/2168 1612/42/2167
f 1598/40/2169 1614/41/2169 1613/42/2168
f 1599/40/2170 1615/41/2170 1614/42/2169
f 1599/40/2170 1600/41/2171 1616/42/2171
f 1601/40/2172 1617/41/2172 1616/42/2171
f 1601/40/2172 1602/41/2173 1618/42/2173
f 1603/40/2174 1619/41/2174 1618/42/2173
f 1604/40/2175 1620/41/2175 1619/42/2174
f 1604/40/2175 1605/41/2176 1621/42/2176
f 1605/40/2176 1606/41/2177 1622/42/2177
f 1606/40/2177 1591/41/2162 1608/42/2162
s 4
f 1623/43/2180 1626/44/2180 1625/45/2180
s 5
f 1635/43/2181 1628/44/2182 1633/45/2182
s 6
f 1634/43/2183 1629/44/2184 1635/45/2184
s 7
f 1632/43/2185 1637/44/2186 1630/45/2186
s 8
f 1631/43/2187 1638/44/2188 1632/45/2188
s 5
f 1623/43/2189 1633/44/2182 1628/45/2182
s 9
f 1624/43/2178 1631/44/2178 1630/45/2178
s 6
f 1640/43/2190 1627/44/2183 1634/45/2183
s 7
f 1626/43/2191 1630/44/2186 1637/45/2186
s 10
f 1636/43/2179 1634/44/2179 1625/45/2179
s 11
f 1640/43/2192 1642/44/2192 1639/45/2192
s 9
f 1639/43/2178 1631/44/2178 1627/45/2178
s 8
f 1642/43/2193 1636/44/2187 1631/45/2187
s 10
f 1636/43/2179 1640/44/2179 1634/45/2179
s 4
f 1623/43/2180 1624/44/2180 1626/45/2180
s 5
f 1635/43/2181 1629/44/2181 1628/45/2182
s 6
f 1634/43/2183 1627/44/2183 1629/45/2184
s 7
f 1632/43/2185 1638/44/2185 1637/45/2186
s 8
f 1631/43/2187 1636/44/2187 1638/45/2188
s 5
f 1623/43/2189 1625/44/2189 1633/45/2182
s 9
f 1624/43/2178 1623/44/2178 1627/45/2178
f 1623/43/2178 1628/44/2178 1627/45/2178
f 1628/43/2178 1629/44/2178 1627/45/2178
f 1627/43/2178 1631/44/2178 1624/45/2178
f 1631/43/2178 1632/44/2178 1630/45/2178
s 6
f 1640/43/2190 1639/44/2190 1627/45/2183
s 7
f 1626/43/2191 1624/44/2191 1630/45/2186
s 10
f 1635/43/2179 1633/44/2179 1634/45/2179
f 1633/43/2179 1625/44/2179 1634/45/2179
f 1625/43/2179 1626/44/2179 1636/45/2179
f 1626/43/2179 1637/44/2179 1636/45/2179
f 1637/43/2179 1638/44/2179 1636/45/2179
s 11
f 1640/43/2192 1641/44/2192 1642/45/2192
s 9
f 1639/43/2178 1642/44/2178 1631/45/2178
s 8
f 1642/43/2193 1641/44/2193 1636/45/2187
s 10
f 1636/43/2179 1641/44/2179 1640/45/2179
g Spoiler_Mesh
v -0.366300 0.320413 1.297433
v -0.347124 0.317654 1.407861
v -0.386444 0.321459 1.296656
v -0.386745 0.317465 1.397001
v -0.348195 0.328921 1.310864
v -0.348113 0.332727 1.410021
v -0.394066 0.331304 1.309096
v 0.000000 0.313166 1.327412
v 0.000000 0.315245 1.438013
v -0.000593 0.322643 1.340125
v 0.000000 0.330912 1.441905
v -0.405172 0.327568 1.394988
v -0.405047 0.326187 1.301009
v -0.378347 0.334249 1.314772
v -0.378078 0.342988 1.404171
v -0.405501 0.342785 1.398751
v -0.405580 0.335663 1.313722
v -0.421428 0.322683 1.392257
v -0.421781 0.317658 1.287699
v -0.440628 0.327346 1.391633
v -0.440166 0.322629 1.292403
v -0.449868 0.239231 1.368244
v -0.450238 0.252646 1.194561
v -0.466506 0.239353 1.366654
v -0.466114 0.252302 1.199023
v -0.243798 0.318656 1.425750
v -0.121807 0.317895 1.436915
v -0.121969 0.333561 1.440806
v -0.243960 0.334322 1.429642
v -0.122358 0.328966 1.335432
v -0.244435 0.331423 1.325496
v -0.121825 0.319490 1.322720
v -0.243902 0.321947 1.312783
v -0.366824 0.240543 1.278536
v -0.366824 0.232922 1.358728
v -0.366824 0.316276 1.379142
v -0.366824 0.314273 1.323904
v -0.394171 0.232897 1.359026
v -0.394171 0.240568 1.278237
v -0.387052 0.314251 1.323230
v -0.387052 0.316299 1.379816
v 0.000000 0.314283 1.341390
v 0.000000 0.316267 1.417879
v -0.449941 0.242542 1.325369
v -0.449941 0.248488 1.248402
v -0.466236 0.248732 1.245240
v -0.466236 0.242817 1.321817
v 0.366300 0.320413 1.297433
v 0.347124 0.317654 1.407861
v 0.386444 0.321459 1.296656
v 0.386745 0.317465 1.397001
v 0.348195 0.328921 1.310864
v 0.348113 0.332727 1.410021
v 0.394066 0.331304 1.309096
v 0.000593 0.322643 1.340125
v 0.405172 0.327568 1.394988
v 0.405047 0.326187 1.301009
v 0.378347 0.334249 1.314772
v 0.378078 0.342988 1.404171
v 0.405501 0.342785 1.398751
v 0.405580 0.335663 1.313722
v 0.421428 0.322683 1.392257
v 0.421781 0.317658 1.287699
v 0.440628 0.327346 1.391633
v 0.440166 0.322629 1.292403
v 0.449868 0.239231 1.368244
v 0.450238 0.252646 1.194561
v 0.466506 0.239353 1.366654
v 0.466114 0.252302 1.199023
v 0.243798 0.318656 1.425750
v 0.121807 0.317895 1.436915
v 0.121969 0.333561 1.440806
v 0.243960 0.334322 1.429642
v 0.122358 0.328966 1.335432
v 0.244435 0.331423 1.325496
v 0.121825 0.319490 1.322720
v 0.243902 0.321947 1.312783
v 0.366824 0.240543 1.278536
v 0.366824 0.232922 1.358728
v 0.366824 0.316276 1.379142
v 0.366824 0.314273 1.323904
v 0.394171 0.232897 1.359026
v 0.394171 0.240568 1.278237
v 0.387052 0.314251 1.323230
v 0.387052 0.316299 1.379816
v 0.449941 0.242542 1.325369
v 0.449941 0.248488 1.248402
v 0.466236 0.248732 1.245240
v 0.466236 0.242817 1.321817
vn -0.2323 -0.1908 0.9537
vn -0.1211 -0.7501 0.6502
vn -0.2079 -0.1560 0.9656
vn 0.0645 0.8014 -0.5946
vn 0.0645 0.8014 -0.5947
vn -0.0817 0.9509 -0.2984
vn -0.0404 -0.7835 0.6201
vn -0.0140 -0.2412 0.9704
vn -0.0523 -0.2412 0.9691
vn 0.0800 0.9259 -0.3693
vn 0.0526 0.9378 -0.3431
vn 0.0645 0.8015 -0.5945
vn 0.0897 0.9360 -0.3405
vn -0.0911 -0.2449 0.9653
vn 0.5864 -0.4025 0.7029
vn 0.2587 -0.5921 0.7632
vn -0.5446 0.7765 -0.3169
vn -0.1464 -0.2405 0.9596
vn -0.1878 -0.6775 0.7112
vn 0.0529 0.7986 -0.5995
vn -0.4726 0.7761 -0.4175
vn 0.0346 0.9463 -0.3215
vn -0.0870 -0.7850 0.6133
vn -0.1324 -0.2403 0.9616
vn -0.0196 -0.9998 -0.0079
vn 0.0108 -0.9995 -0.0312
vn 0.0285 -0.9988 0.0391
vn 0.9318 -0.3616 -0.0312
vn 0.9321 -0.3607 -0.0330
vn 0.8468 -0.5319 0.0044
vn -0.0000 -0.9970 -0.0770
vn 0.0437 -0.9978 -0.0490
vn -0.1621 -0.9514 -0.2618
vn -0.3451 -0.9311 -0.1182
vn -0.0503 -0.9975 0.0502
vn -0.0271 -0.9995 -0.0190
vn 0.9978 0.0665 -0.0037
vn 0.9999 0.0135 -0.0065
vn 0.9975 0.0702 -0.0036
vn 0.0047 0.9995 -0.0317
vn 0.0512 0.9434 -0.3276
vn -0.9961 0.0881 0.0021
vn -0.9960 0.0890 0.0042
vn -0.9963 0.0858 -0.0031
vn 1.0000 -0.0000 -0.0000
vn -0.2839 -0.7696 0.5719
vn 0.0087 -0.9715 -0.2370
vn -0.9473 0.3195 0.0231
vn -0.9534 0.3014 0.0079
vn 0.9975 0.0699 -0.0056
vn 0.1743 0.9822 -0.0703
vn 0.1404 0.9895 -0.0351
vn 0.0255 0.9983 -0.0522
vn -0.1608 0.9830 -0.0888
vn -0.6793 0.7323 -0.0481
vn 0.0139 -0.2420 0.9702
vn 0.0280 -0.2387 0.9707
vn 0.0108 -0.2427 0.9700
vn 0.0244 0.5232 -0.8518
vn 0.0124 0.5209 -0.8535
vn 0.0098 0.5204 -0.8538
vn 0.1211 -0.7501 0.6502
vn 0.2323 -0.1908 0.9537
vn 0.2079 -0.1560 0.9656
vn -0.0645 0.8014 -0.5946
vn -0.0645 0.8014 -0.5947
vn 0.0140 -0.2411 0.9704
vn 0.0404 -0.7835 0.6201
vn 0.0523 -0.2412 0.9691
vn -0.0526 0.9378 -0.3431
vn -0.0512 0.9434 -0.3276
vn -0.0897 0.9360 -0.3405
vn -0.0800 0.9259 -0.3693
vn -0.5864 -0.4025 0.7029
vn 0.0911 -0.2449 0.9653
vn -0.2587 -0.5921 0.7632
vn 0.5446 0.7765 -0.3169
vn 0.0817 0.9509 -0.2984
vn 0.1464 -0.2405 0.9596
vn 0.1878 -0.6775 0.7112
vn 0.4726 0.7761 -0.4175
vn -0.0529 0.7986 -0.5995
vn -0.0346 0.9463 -0.3215
vn 0.0870 -0.7850 0.6133
vn 0.1324 -0.2403 0.9616
vn 0.0196 -0.9998 -0.0079
vn -0.0108 -0.9995 -0.0312
vn -0.9318 -0.3616 -0.0312
vn -0.9395 -0.3422 -0.0128
vn -0.8468 -0.5319 0.0044
vn -0.0437 -0.9978 -0.0490
vn 0.3451 -0.9311 -0.1182
vn 0.0271 -0.9995 -0.0190
vn 0.0503 -0.9975 0.0502
vn -0.9999 0.0135 -0.0065
vn -0.9978 0.0665 -0.0037
vn -0.9975 0.0702 -0.0036
vn -0.0047 0.9995 -0.0317
vn 0.9961 0.0881 0.0021
vn 0.9960 0.0890 0.0042
vn 0.9958 0.0909 0.0086
vn -1.0000 -0.0000 -0.0000
vn 0.2839 -0.7696 0.5719
vn -0.0285 -0.9988 0.0391
vn 0.3438 -0.9376 0.0523
vn -0.0087 -0.9715 -0.2370
vn 0.1621 -0.9514 -0.2618
vn 0.9473 0.3195 0.0231
vn -0.9975 0.0699 -0.0056
vn -0.1743 0.9822 -0.0703
vn -0.1404 0.9895 -0.0351
vn -0.0255 0.9983 -0.0522
vn 0.1608 0.9830 -0.0888
vn 0.6793 0.7323 -0.0481
vn -0.0139 -0.2420 0.9702
vn -0.0280 -0.2387 0.9707
vn -0.0321 -0.2378 0.9708
vn -0.0124 0.5209 -0.8535
vn -0.0244 0.5232 -0.8518
vn -0.0098 0.5204 -0.8538
vn -0.0228 -0.8043 0.5938
vn -0.0140 -0.2411 0.9704
vn -0.0940 -0.2462 0.9647
vn -0.1669 0.8317 -0.5296
vn 0.0390 -0.9903 -0.1335
vn 0.9395 -0.3422 -0.0128
vn -0.3438 -0.9376 0.0523
vn -0.0547 -0.9953 0.0795
vn 0.9999 0.0110 -0.0067
vn -0.9958 0.0909 0.0086
vn -0.9605 0.2780 0.0157
vn 0.0224 0.9965 -0.0811
vn 0.0321 -0.2378 0.9708
vn 0.0278 0.5239 -0.8514
vn 0.0229 -0.8043 0.5938
vn -0.0645 0.8015 -0.5945
vn 0.0940 -0.2462 0.9647
vn 0.1669 0.8317 -0.5296
vn -0.0390 -0.9903 -0.1335
vn -0.9321 -0.3607 -0.0330
vn 0.0547 -0.9953 0.0795
vn -0.9999 0.0110 -0.0067
vn 0.9963 0.0858 -0.0031
vn 0.9534 0.3014 0.0079
vn 0.9605 0.2780 0.0157
vn -0.0224 0.9965 -0.0811
vn -0.0108 -0.2427 0.9700
vn -0.0278 0.5239 -0.8514
vt 0.064844 0.814844
vt 0.192969 0.814844
vt 0.192969 0.942969
vt 0.549922 0.819453
vt 0.684453 0.819453
vt 0.684453 0.953985
s 1
g off
g Spoiler_CarPaint_Atlas
usemtl CarPaint_Atlas
f 1657/46/2194 1644/47/2195 1648/48/2196
s 2
f 1649/46/2197 1655/47/2198 1659/48/2199
s 1
f 1669/46/2200 1653/47/2201 1670/48/2202
s 2
f 1643/46/2198 1649/47/2197 1647/48/2203
f 1674/46/2198 1652/47/2204 1650/48/2205
f 1649/46/2197 1656/47/2206 1647/48/2203
s 1
f 1662/46/2207 1664/47/2208 1660/48/2209
s 2
f 1655/46/2198 1663/47/2210 1659/48/2199
s 1
f 1658/46/2211 1660/47/2209 1654/48/2212
s 2
f 1661/46/2213 1667/47/2214 1663/48/2210
f 1647/46/2203 1675/47/2197 1643/48/2198
f 1673/46/2215 1674/47/2198 1675/48/2197
s 1
f 1648/46/2196 1668/47/2216 1671/48/2217
f 1671/46/2217 1669/47/2200 1670/48/2202
f 1674/46/2218 1668/47/2216 1675/48/2219
f 1678/46/2220 1675/47/2219 1644/48/2195
f 1687/46/2221 1665/47/2222 1661/48/2223
s 3
f 1689/46/2224 1687/47/2224 1686/48/2224
s 1
f 1660/46/2209 1655/47/2225 1654/48/2212
f 1655/46/2225 1645/47/2226 1682/48/2227
f 1674/46/2218 1684/47/2228 1685/48/2229
s 4
f 1652/46/2230 1685/47/2231 1684/48/2232
s 2
f 1671/46/2233 1672/47/2234 1673/48/2215
s 5
f 1682/49/2235 1680/50/2236 1683/51/2237
s 6
f 1677/49/2238 1679/50/2238 1678/51/2238
s 1
f 1646/46/2239 1678/47/2220 1644/48/2195
f 1643/46/2240 1682/47/2227 1645/48/2226
s 2
f 1663/46/2210 1688/47/2241 1689/48/2242
s 7
f 1651/46/2238 1685/47/2238 1653/48/2238
s 4
f 1684/46/2232 1650/47/2243 1652/48/2230
s 2
f 1647/46/2203 1657/47/2244 1648/48/2245
f 1670/46/2246 1652/47/2204 1672/48/2234
f 1658/46/2247 1656/47/2206 1659/48/2199
f 1659/46/2199 1662/47/2248 1658/48/2247
s 3
f 1687/46/2224 1667/47/2224 1665/48/2224
f 1686/46/2224 1666/47/2224 1689/48/2224
s 2
f 1648/46/2245 1673/47/2215 1647/48/2203
s 8
f 1677/49/2249 1683/50/2250 1680/51/2251
s 9
f 1682/49/2252 1676/50/2253 1681/51/2254
s 1
f 1657/46/2194 1654/47/2212 1646/48/2239
s 10
f 1691/46/2255 1701/47/2256 1695/48/2257
s 11
f 1696/46/2258 1699/47/2259 1692/48/2259
s 10
f 1653/46/2260 1713/47/2261 1714/48/2262
s 11
f 1690/46/2259 1696/47/2258 1692/48/2259
f 1718/46/2259 1697/47/2263 1716/48/2264
f 1700/46/2265 1696/47/2258 1694/48/2266
s 10
f 1708/46/2267 1706/47/2268 1704/48/2269
s 11
f 1707/46/2270 1699/47/2259 1703/48/2271
s 10
f 1704/46/2269 1702/47/2272 1698/48/2273
s 11
f 1711/46/2274 1705/47/2275 1707/48/2270
f 1719/46/2258 1694/47/2266 1690/48/2259
f 1718/46/2259 1717/47/2276 1719/48/2258
s 10
f 1695/46/2257 1712/47/2277 1691/48/2255
f 1715/46/2278 1713/47/2261 1712/48/2277
f 1712/46/2277 1718/47/2279 1719/48/2280
f 1691/46/2255 1712/47/2277 1719/48/2280
f 1729/46/2281 1728/47/2282 1705/48/2283
s 12
f 1729/46/2224 1731/47/2224 1728/48/2224
s 10
f 1699/46/2284 1704/47/2269 1698/48/2273
f 1699/46/2284 1698/47/2273 1726/48/2285
f 1685/46/2286 1684/47/2287 1718/48/2279
s 13
f 1685/46/2288 1697/47/2289 1684/48/2290
s 11
f 1716/46/2264 1715/47/2291 1717/48/2276
s 14
f 1726/49/2292 1724/50/2293 1725/51/2294
s 15
f 1723/49/2295 1721/50/2295 1722/51/2295
s 10
f 1693/46/2296 1722/47/2297 1727/48/2298
f 1726/46/2285 1690/47/2299 1692/48/2300
s 11
f 1730/46/2301 1711/47/2274 1707/48/2270
s 13
f 1684/46/2290 1697/47/2289 1650/48/2302
s 11
f 1701/46/2303 1694/47/2266 1695/48/2304
f 1697/46/2263 1714/47/2305 1716/48/2264
f 1702/46/2306 1700/47/2265 1701/48/2303
f 1706/46/2307 1703/47/2271 1702/48/2306
s 12
f 1711/46/2224 1729/47/2224 1709/48/2224
f 1728/46/2224 1710/47/2224 1708/48/2224
s 11
f 1717/46/2276 1695/47/2304 1694/48/2266
s 16
f 1721/49/2308 1727/50/2309 1722/51/2310
s 17
f 1720/49/2311 1726/50/2312 1725/51/2313
s 10
f 1698/46/2273 1701/47/2256 1693/48/2296
s 1
f 1657/46/2194 1646/47/2239 1644/48/2195
s 2
f 1649/46/2197 1645/47/2198 1655/48/2198
s 1
f 1669/46/2200 1651/47/2314 1653/48/2315
s 2
f 1643/46/2198 1645/47/2198 1649/48/2197
f 1674/46/2198 1672/47/2234 1652/48/2204
f 1649/46/2197 1659/47/2199 1656/48/2206
s 1
f 1662/46/2207 1666/47/2316 1664/48/2208
s 2
f 1655/46/2198 1661/47/2213 1663/48/2210
s 1
f 1658/46/2211 1662/47/2207 1660/48/2209
s 2
f 1661/46/2213 1665/47/2317 1667/48/2214
f 1647/46/2203 1673/47/2215 1675/48/2197
f 1673/46/2215 1672/47/2234 1674/48/2198
s 1
f 1648/46/2196 1644/47/2195 1668/48/2216
f 1671/46/2217 1668/47/2216 1669/48/2200
f 1674/46/2218 1669/47/2200 1668/48/2216
f 1678/46/2220 1679/47/2318 1675/48/2219
f 1679/46/2318 1643/47/2240 1675/48/2219
f 1675/46/2219 1668/47/2216 1644/48/2195
f 1661/46/2223 1660/47/2209 1686/48/2319
f 1660/46/2209 1664/47/2208 1686/48/2319
f 1686/46/2319 1687/47/2221 1661/48/2223
s 3
f 1689/46/2224 1688/47/2224 1687/48/2224
s 1
f 1660/46/2209 1661/47/2223 1655/48/2225
f 1682/46/2227 1683/47/2320 1654/48/2212
f 1683/46/2320 1646/47/2239 1654/48/2212
f 1654/46/2212 1655/47/2225 1682/48/2227
f 1651/46/2314 1669/47/2200 1685/48/2229
f 1669/46/2200 1674/47/2218 1685/48/2229
f 1674/46/2218 1650/47/2321 1684/48/2228
s 4
f 1652/46/2230 1653/47/2322 1685/48/2231
s 2
f 1671/46/2233 1670/47/2246 1672/48/2234
s 18
f 1682/49/2235 1681/50/2323 1680/51/2236
s 6
f 1677/49/2238 1676/50/2238 1679/51/2238
s 1
f 1646/46/2239 1683/47/2320 1678/48/2220
f 1643/46/2240 1679/47/2318 1682/48/2227
s 2
f 1666/46/2324 1662/47/2248 1689/48/2242
f 1662/46/2248 1663/47/2210 1689/48/2242
f 1663/46/2210 1667/47/2214 1688/48/2241
f 1647/46/2203 1656/47/2206 1657/48/2244
f 1670/46/2246 1653/47/2325 1652/48/2204
f 1658/46/2247 1657/47/2244 1656/48/2206
f 1659/46/2199 1663/47/2210 1662/48/2248
s 3
f 1687/46/2224 1688/47/2224 1667/48/2224
f 1686/46/2224 1664/47/2224 1666/48/2224
s 2
f 1648/46/2245 1671/47/2233 1673/48/2215
s 19
f 1677/49/2249 1678/50/2326 1683/51/2250
s 9
f 1682/49/2252 1679/50/2327 1676/51/2253
s 1
f 1657/46/2194 1658/47/2211 1654/48/2212
s 10
f 1691/46/2255 1693/47/2296 1701/48/2256
s 11
f 1696/46/2258 1703/47/2271 1699/48/2259
s 10
f 1653/46/2260 1651/47/2328 1713/48/2261
s 11
f 1690/46/2259 1694/47/2266 1696/48/2258
f 1718/46/2259 1650/47/2329 1697/48/2263
f 1700/46/2265 1703/47/2271 1696/48/2258
s 10
f 1708/46/2267 1710/47/2330 1706/48/2268
s 11
f 1707/46/2270 1705/47/2275 1699/48/2259
s 10
f 1704/46/2269 1706/47/2268 1702/48/2272
s 11
f 1711/46/2274 1709/47/2331 1705/48/2275
f 1719/46/2258 1717/47/2276 1694/48/2266
f 1718/46/2259 1716/47/2264 1717/48/2276
s 10
f 1695/46/2257 1715/47/2278 1712/48/2277
f 1715/46/2278 1714/47/2262 1713/48/2261
f 1712/46/2277 1713/47/2261 1718/48/2279
f 1690/46/2299 1723/47/2332 1719/48/2280
f 1723/46/2332 1722/47/2297 1719/48/2280
f 1722/46/2297 1691/47/2255 1719/48/2280
f 1708/46/2267 1704/47/2269 1728/48/2282
f 1704/46/2269 1705/47/2283 1728/48/2282
f 1705/46/2283 1709/47/2333 1729/48/2281
s 12
f 1729/46/2224 1730/47/2224 1731/48/2224
s 10
f 1699/46/2284 1705/47/2283 1704/48/2269
f 1693/46/2296 1727/47/2298 1698/48/2273
f 1727/46/2298 1726/47/2285 1698/48/2273
f 1726/46/2285 1692/47/2300 1699/48/2284
f 1718/46/2279 1713/47/2261 1685/48/2286
f 1713/46/2261 1651/47/2328 1685/48/2286
f 1684/46/2287 1650/47/2334 1718/48/2279
s 13
f 1685/46/2288 1653/47/2335 1697/48/2289
s 11
f 1716/46/2264 1714/47/2305 1715/48/2291
s 14
f 1726/49/2292 1727/50/2336 1724/51/2293
s 20
f 1723/49/2295 1720/50/2295 1721/51/2295
s 10
f 1693/46/2296 1691/47/2255 1722/48/2297
f 1726/46/2285 1723/47/2332 1690/48/2299
s 11
f 1707/46/2270 1706/47/2307 1731/48/2337
f 1706/46/2307 1710/47/2338 1731/48/2337
f 1731/46/2337 1730/47/2301 1707/48/2270
f 1701/46/2303 1700/47/2265 1694/48/2266
f 1697/46/2263 1653/47/2339 1714/48/2305
f 1702/46/2306 1703/47/2271 1700/48/2265
f 1706/46/2307 1707/47/2270 1703/48/2271
s 12
f 1711/46/2224 1730/47/2224 1729/48/2224
f 1728/46/2224 1731/47/2224 1710/48/2224
s 11
f 1717/46/2276 1715/47/2291 1695/48/2304
s 16
f 1721/49/2308 1724/50/2340 1727/51/2309
s 21
f 1720/49/2311 1723/50/2341 1726/51/2312
s 10
f 1698/46/2273 1702/47/2272 1701/48/2256
