# Blender 5.0.1
# www.blender.org
mtllib lamparaPublica2.mtl
g lamparaPublica2_lamparaPublica2
g lamparaPublica2.001_Mesh
v 5.329651 16.037933 -0.836729
v 4.471615 16.037933 -0.836729
v 4.233784 18.697655 -1.248668
v 5.567484 18.697655 -1.248667
v 4.390514 16.037933 -0.789905
v 3.961499 16.037933 -0.046825
v 3.485834 18.697655 -0.046825
v 4.152683 18.697655 -1.201844
v 3.961499 16.037933 0.046823
v 4.390514 16.037933 0.789903
v 4.152683 18.697655 1.201841
v 3.485833 18.697655 0.046823
v 4.471615 16.037933 0.836727
v 5.329651 16.037933 0.836727
v 5.567482 18.697655 1.248665
v 4.233784 18.697655 1.248665
v 5.410751 16.037930 0.789903
v 5.839767 16.037933 0.046823
v 6.315434 18.697655 0.046823
v 5.648583 18.697655 1.201841
v 5.839768 16.037933 -0.046825
v 5.410751 16.037933 -0.789905
v 5.648585 18.697655 -1.201843
v 6.315434 18.697655 -0.046825
vn -0.0000 -0.1531 -0.9882
vn -0.8558 -0.1531 -0.4941
vn -0.8558 -0.1531 0.4941
vn -0.0000 -0.1531 0.9882
vn 0.8558 -0.1531 0.4941
vn 0.8558 -0.1531 -0.4941
vt 0.207213 0.103613
vt 0.348167 0.046221
vt 0.348167 0.116069
vt 0.289635 0.187295
vt 0.347027 0.328249
vt 0.277179 0.328249
vt 0.194638 0.187295
vt 0.137245 0.328249
vt 0.149701 0.187295
vt 0.207213 0.128644
vt 0.348167 0.186036
vt 0.207213 0.173580
vt 0.194638 0.046221
vt 0.137245 0.187176
vt 0.149701 0.046221
vt 0.264605 0.187295
vt 0.207212 0.328249
vt 0.219668 0.187295
vt 0.207213 0.058677
vt 0.334572 0.187295
vt 0.207093 0.328249
vt 0.348167 0.116188
vt 0.207093 0.187176
vt 0.277060 0.328249
s 1
g off
g lamparaPublica2.001_lamparatexture.001
usemtl lamparatexture.001
f 1/1/1 3/2/1 4/3/1
f 5/4/2 7/5/2 8/6/2
f 10/7/3 12/8/3 9/9/3
f 14/10/4 16/11/4 13/12/4
f 18/13/5 20/14/5 17/15/5
f 22/16/6 24/17/6 21/18/6
f 1/1/1 2/19/1 3/2/1
f 5/4/2 6/20/2 7/5/2
f 10/7/3 11/21/3 12/8/3
f 14/10/4 15/22/4 16/11/4
f 18/13/5 19/23/5 20/14/5
f 22/16/6 23/24/6 24/17/6
g lamparaPublica2.002_Mesh
v 0.183266 20.169695 0.043983
v 0.826777 20.812452 0.043983
v 0.183266 20.632851 0.043983
v 0.732162 20.891253 0.043983
v 0.321899 20.640644 0.043983
v 0.381640 20.386086 0.043983
v 0.370584 20.746529 0.043983
v 0.635572 21.075377 0.043985
v 0.566047 20.477674 0.043983
v 0.826777 20.648993 0.043983
v 1.188852 21.274437 0.043985
v 1.092263 21.458561 0.043985
v 1.722207 21.681536 0.043985
v 1.643951 21.864632 0.043985
v 1.890323 21.719370 0.043985
v 1.793733 21.979654 0.043985
v 2.221211 22.234085 0.043985
v 2.120537 22.335054 0.043985
v 2.255899 21.906107 0.043985
v 2.475112 22.090784 0.043985
v 2.277387 22.184381 0.043985
v 2.072577 21.748938 0.043985
v 2.342161 22.405962 0.043985
v 2.241486 22.506929 0.043985
v 2.412926 22.480103 0.043985
v 2.418986 22.693785 0.043985
v 2.487840 22.375011 0.043985
v 2.575048 22.475342 0.043985
v 2.449263 22.232126 0.043985
v 2.646988 22.138527 0.043985
v 2.862724 22.443102 0.043985
v 2.952024 22.113728 0.043985
v 2.712141 22.357933 0.043985
v 2.792354 22.084549 0.043985
v 3.125600 22.403423 0.043985
v 3.147941 22.245165 0.043985
v 3.068440 22.422840 0.043985
v 3.100700 22.240555 0.043985
v 2.944563 22.591900 0.043985
v 3.031240 22.608839 0.043985
v 2.944563 22.693785 0.043985
v 3.031240 22.693785 0.043985
v 3.294238 22.480303 0.043985
v 3.316578 22.245165 0.043985
v 3.601753 22.480303 0.043985
v 3.557134 22.297243 0.043985
v 3.824950 22.435423 0.043985
v 3.812571 22.329725 0.043985
v 4.077538 22.345055 0.043985
v 4.041095 22.266336 0.043985
v 4.774408 22.188816 0.043985
v 4.752844 22.040659 0.043985
v 4.304307 22.182878 0.043985
v 4.355629 22.269814 0.043985
v 5.062248 22.299091 0.043985
v 5.105789 22.155846 0.043985
v 5.249486 22.479904 0.043985
v 5.369474 22.390358 0.043985
v 5.312376 22.632330 0.043985
v 5.437115 22.635454 0.043985
v 5.215849 22.820354 0.043985
v 5.308180 22.904285 0.043985
v 5.039495 22.862303 0.043985
v 5.045478 22.986937 0.043985
v 4.869568 22.794249 0.043985
v 4.788214 22.888859 0.043985
v 4.772787 22.617336 0.043985
v 4.653601 22.620785 0.043985
v 4.811713 22.509922 0.043985
v 4.727406 22.425602 0.043985
v 4.933352 22.476841 0.043985
v 4.926159 22.357821 0.043985
v 5.094239 22.583374 0.018160
v 5.116330 22.557140 0.018160
v 1.176980 20.990166 0.043985
v 1.176980 20.826708 0.043983
v 1.579453 21.021528 0.043985
v 1.579453 20.858068 0.043983
v 1.837466 20.976467 0.043985
v 1.791862 20.819498 0.043983
v 2.144916 20.837172 0.043983
v 2.144171 20.673716 0.043983
v 2.263021 20.788301 0.043983
v 2.262275 20.624844 0.043983
v 1.748967 21.558020 0.043985
v 1.852359 21.557188 0.043985
v 1.783677 21.364244 0.043985
v 1.879269 21.403646 0.043985
v 1.905736 21.198555 0.043985
v 1.964482 21.283638 0.043985
v 2.099009 21.124996 0.043985
v 2.101721 21.228354 0.043985
v 2.271714 21.185587 0.043985
v 2.218114 21.274002 0.043985
v 2.352763 21.277536 0.043985
v 2.279314 21.350307 0.043985
v 2.410242 21.479464 0.043985
v 2.306855 21.478260 0.043985
v 2.308218 21.661713 0.043985
v 2.252879 21.593437 0.043985
v 2.148186 21.710602 0.043985
v 2.146734 21.653509 0.043985
v 2.006058 21.661253 0.022077
v 2.039882 21.629337 0.022077
v 2.205430 21.036676 0.043985
v 2.278861 20.958212 0.043985
v 2.356345 21.121428 0.043985
v 2.420647 21.207451 0.043985
v 2.485123 21.394203 0.043985
v 2.537077 21.311613 0.043985
v 2.611492 21.482260 0.043985
v 2.657036 21.395969 0.043985
v 2.729022 21.517176 0.043985
v 2.741428 21.420391 0.043985
v 2.856761 21.517176 0.043985
v 2.869167 21.420391 0.043985
v 2.553418 21.732651 0.043985
v 2.727847 21.772858 0.043985
v 2.552215 21.554556 0.043985
v 2.429950 21.718529 0.043985
v 2.472526 21.797836 0.032217
v 2.401576 21.761923 0.032217
v 2.640208 21.893164 0.043985
v 2.725897 21.864588 0.043985
v 2.742679 22.020138 0.030710
v 2.803072 21.957047 0.030710
v 2.759394 21.257683 0.043985
v 2.832108 21.306990 0.043985
v 2.903457 21.137753 0.043985
v 2.931693 21.220947 0.043985
v 3.111973 21.084875 0.043985
v 3.114520 21.172693 0.043985
v 3.343051 21.150085 0.043985
v 3.306954 21.230183 0.043985
v 3.429748 21.229008 0.043985
v 3.362747 21.285835 0.043985
v 3.467355 21.275068 0.043985
v 3.396385 21.326853 0.043985
v 3.558917 21.481245 0.043985
v 3.471062 21.480860 0.043985
v 3.511513 21.680466 0.043985
v 3.435807 21.635889 0.043985
v 3.495877 21.766054 0.043985
v 3.262510 21.819923 0.043985
v 3.537974 21.917923 0.043985
v 3.262510 21.975454 0.043985
v 3.098922 21.758240 0.043985
v 3.030751 21.898033 0.043985
v 3.000345 21.678413 0.043985
v 2.874915 21.712465 0.043985
v 2.987533 21.577745 0.043985
v 3.018648 21.536701 0.043985
v 3.089647 21.500572 0.043985
v 3.021083 21.321554 0.043985
v 3.138273 21.507553 0.043985
v 3.187121 21.378967 0.043985
v 3.185558 21.523743 0.043985
v 3.242031 21.437538 0.043985
v 3.273146 21.338701 0.043985
v 3.321285 21.390049 0.043985
v 3.227281 21.582895 0.037588
v 3.261981 21.553417 0.037588
v 2.657424 20.682638 0.043983
v 2.630036 20.521490 0.043983
v 3.000801 20.655039 0.043983
v 2.998086 20.491602 0.043983
v 3.297265 20.720066 0.043983
v 3.362746 20.570295 0.043983
v 3.699687 21.108118 0.043985
v 3.765169 21.056332 0.043985
v 3.698693 20.732670 0.043983
v 3.888350 20.980743 0.043985
v 3.762357 21.303871 0.043985
v 3.849313 21.291710 0.043985
v 3.735863 21.523287 0.043985
v 3.824470 21.553820 0.043985
v 3.723875 21.760509 0.043985
v 3.622381 21.669821 0.043985
v 3.952738 21.335445 0.043985
v 4.045519 21.148224 0.043985
v 3.967794 21.065399 0.043985
v 3.885977 21.165583 0.043985
v 4.153835 21.452969 0.043985
v 4.220500 21.265747 0.043985
v 3.910951 21.633175 0.043985
v 3.999747 21.714134 0.043985
v 3.712465 21.951797 0.043985
v 3.801262 22.032757 0.043985
v 2.213819 20.369381 0.043983
v 2.330391 20.421803 0.043983
v 2.499989 20.012789 0.043983
v 2.547362 20.131502 0.043983
v 2.805025 19.829708 0.043984
v 2.829322 19.955194 0.043983
v 3.122314 19.774637 0.043984
v 3.122988 19.902452 0.043984
v 3.517488 19.851946 0.043984
v 3.482523 19.974888 0.043983
v 3.880040 20.055023 0.043983
v 3.808794 20.161144 0.043983
v 4.139933 20.383738 0.043983
v 4.034071 20.455364 0.043983
v 4.288620 20.773262 0.043983
v 4.160914 20.778622 0.043983
v 4.631112 21.775555 0.043985
v 4.894934 21.775425 0.043985
v 4.827119 21.174044 0.043985
v 4.980187 21.173914 0.043985
v 4.746008 21.492935 0.043985
v 4.957792 21.492805 0.043985
v 4.827119 20.617022 0.043983
v 4.980187 20.616892 0.043983
v 0.779469 20.851852 0.043983
v 0.351770 20.513365 0.086538
v 0.183266 20.401272 0.086538
v 0.565619 20.682608 0.086538
v 0.527030 20.765947 0.086538
v 0.503078 20.910952 0.043983
v 0.604208 20.599268 0.086538
v 0.696412 20.563334 0.043983
v 1.176980 20.908436 0.086538
v 1.579453 20.939798 0.086538
v 1.814664 20.897982 0.086538
v 2.144543 20.755442 0.086538
v 2.262648 20.706572 0.086538
v 3.516925 21.841988 0.086538
v 3.262510 21.897688 0.086538
v 3.064837 21.828136 0.086538
v 2.937630 21.695438 0.086538
v 2.922147 21.547459 0.086538
v 2.943908 21.478546 0.086538
v 3.055365 21.411064 0.086538
v 3.162697 21.443258 0.086538
v 3.213794 21.480639 0.086538
v 3.244631 21.568157 0.056803
v 2.643730 20.602064 0.086538
v 2.999443 20.573318 0.086538
v 3.330005 20.645180 0.086538
v 3.732428 21.082224 0.086538
v 3.805835 21.297791 0.086538
v 3.780166 21.538551 0.086538
v 3.673128 21.715164 0.086538
v 0.650311 20.581301 0.086538
v 0.826777 20.730722 0.086538
v 0.473844 20.431879 0.043983
v 3.531217 20.863703 0.086538
v 3.498476 20.914093 0.043983
v 3.563957 20.813314 0.043983
v 3.793521 20.856707 0.043983
v 3.926885 21.115490 0.086538
v 3.999128 21.241835 0.086538
v 4.187168 21.359360 0.043985
v 3.678739 20.835009 0.086538
v 3.826759 21.018536 0.086538
v 3.530719 20.651482 0.043983
v 3.436856 22.271202 0.086538
v 3.447995 22.480303 0.043985
v 3.955349 21.673655 0.086538
v 3.756864 21.992275 0.086538
v 2.272105 20.395592 0.086538
v 2.523675 20.072144 0.086538
v 2.817173 19.892452 0.086538
v 3.122651 19.838543 0.086539
v 3.500006 19.913416 0.086538
v 3.844417 20.108082 0.086538
v 4.087002 20.419550 0.086538
v 4.224767 20.775940 0.086538
v 2.203596 20.731007 0.086538
v 2.203223 20.649279 0.086538
v 4.093148 21.300594 0.086538
v 4.053287 21.394207 0.086538
v 4.133009 21.206985 0.086538
v 2.242145 20.997442 0.086538
v 2.314030 21.153505 0.086538
v 2.386705 21.242493 0.086538
v 2.511100 21.352907 0.086538
v 2.634264 21.439114 0.086538
v 2.735225 21.468782 0.086538
v 2.855929 21.468782 0.086538
v 2.925993 21.513002 0.086538
v 2.996056 21.557222 0.043985
v 2.203968 20.812737 0.086538
v 2.600097 21.623039 0.086538
v 2.730248 21.645016 0.086538
v 2.500495 21.628304 0.043985
v 2.687284 21.878876 0.086538
v 2.775744 21.987364 0.060419
v 2.795751 21.282335 0.086538
v 2.917575 21.179350 0.086538
v 3.113246 21.128782 0.086538
v 3.325002 21.190132 0.086538
v 3.396247 21.257420 0.086538
v 3.431870 21.300959 0.086538
v 3.514989 21.481050 0.086538
v 3.473660 21.658176 0.086538
v 3.379194 21.792988 0.086538
v 3.389718 21.869837 0.086538
v 3.400242 21.946688 0.043985
v 2.699232 21.408180 0.086538
v 2.684745 21.453947 0.086538
v 2.642447 21.755400 0.086538
v 2.670257 21.499716 0.086538
v 2.656352 21.627558 0.086538
v 2.491684 21.728235 0.086538
v 2.439109 21.781645 0.063383
v 2.551178 21.626846 0.086538
v 2.584797 21.510168 0.043985
v 3.192643 21.460192 0.086538
v 3.166312 21.513889 0.043985
v 3.226887 21.410889 0.086538
v 3.291939 21.361734 0.086538
v 3.414059 21.279190 0.086538
v 3.379566 21.306345 0.086538
v 3.448552 21.252037 0.043985
v 1.140557 21.366499 0.086538
v 1.674326 21.771063 0.086538
v 1.842028 21.860285 0.086538
v 0.683867 20.983313 0.086538
v 0.515054 20.838449 0.086538
v 0.346241 20.693586 0.043983
v 2.415956 22.586943 0.086538
v 2.531444 22.425177 0.086538
v 2.548125 22.185326 0.086538
v 2.291824 22.456446 0.086538
v 2.170874 22.284569 0.086538
v 2.752247 22.221239 0.086538
v 2.907374 22.278414 0.086538
v 3.084570 22.318155 0.086538
v 3.136770 22.324293 0.086538
v 3.818760 22.382572 0.086538
v 4.059317 22.305695 0.086538
v 4.329968 22.226345 0.086538
v 4.763626 22.114737 0.086538
v 5.084019 22.227467 0.086538
v 5.309480 22.435129 0.086538
v 5.374745 22.633892 0.086538
v 5.262014 22.862318 0.086538
v 5.042487 22.924620 0.086538
v 4.828891 22.841555 0.086538
v 4.713194 22.619061 0.086538
v 4.769559 22.467760 0.086538
v 4.929756 22.417330 0.086538
v 5.105285 22.570257 0.035730
v 3.305408 22.362734 0.086538
v 3.442426 22.375751 0.086538
v 3.579444 22.388773 0.086538
v 2.539785 22.305252 0.086538
v 2.611018 22.306934 0.086538
v 2.468551 22.303568 0.043985
v 4.763023 21.775490 0.086538
v 4.851900 21.492868 0.086538
v 4.903653 21.173977 0.086538
v 4.903653 20.616955 0.086538
v 4.546797 22.170542 0.086538
v 4.565019 22.229315 0.043985
v 4.528575 22.111769 0.086538
v 2.174982 21.966658 0.086538
v 2.055767 21.976727 0.086538
v 2.006451 22.067039 0.086538
v 1.957135 22.157352 0.043985
v 2.365505 21.998446 0.043985
v 2.376250 22.137583 0.086538
v 2.270244 21.982552 0.086538
v 2.164238 21.827522 0.043985
v 2.987902 22.600370 0.086538
v 2.987902 22.693783 0.086538
v 2.995972 22.298285 0.086538
v 2.965582 22.432970 0.086538
v 3.026362 22.185902 0.043985
v 1.800663 21.557604 0.086538
v 1.831474 21.383945 0.086538
v 1.935109 21.241096 0.086538
v 2.100365 21.176674 0.086538
v 2.358549 21.478861 0.086538
v 2.280549 21.627575 0.086538
v 2.147460 21.682055 0.086538
v 2.017202 21.645296 0.043440
v 2.244914 21.229795 0.086538
v 2.316038 21.313921 0.086538
v 1.766930 21.813652 0.086538
v 1.727595 21.929548 0.043985
v 1.806265 21.700453 0.086538
v 0.184370 20.126724 -0.000002
v 0.401779 20.362158 -0.000002
v 0.182199 20.665745 -0.000002
v 0.301273 20.674772 -0.000002
v 0.782144 20.897083 -0.000002
v 1.204754 21.254591 -0.000002
v 0.618547 21.091345 -0.000002
v 1.076748 21.478352 -0.000002
v 1.714517 21.644333 -0.000002
v 1.627967 21.884701 -0.000002
v 1.909494 21.689745 -0.000002
v 2.087152 21.719185 -0.000002
v 2.261052 22.245522 -0.000002
v 2.290338 22.215868 -0.000002
v 2.356472 22.394178 -0.000002
v 2.105155 22.348095 -0.000002
v 2.227160 22.518682 -0.000002
v 2.412210 22.453352 -0.000002
v 2.419655 22.720535 -0.000002
v 2.471268 22.373312 -0.000002
v 2.590801 22.489836 -0.000002
v 2.431057 22.250448 -0.000002
v 2.484396 22.071541 -0.000002
v 2.644907 22.112978 -0.000002
v 2.713849 22.394011 -0.000002
v 2.790194 22.053076 -0.000002
v 2.845367 22.464502 -0.000002
v 2.967419 22.085306 -0.000002
v 3.088293 22.441652 -0.000002
v 3.124846 22.429539 -0.000002
v 3.110909 22.218893 -0.000002
v 3.148137 22.222071 -0.000002
v 2.932587 22.598202 -0.000002
v 3.044263 22.612089 -0.000002
v 2.938215 22.693783 -0.000002
v 3.037589 22.693783 -0.000002
v 3.288468 22.506174 -0.000002
v 3.309109 22.221445 -0.000002
v 3.604714 22.502363 -0.000002
v 3.829322 22.449148 -0.000002
v 3.590232 22.287401 -0.000002
v 3.813358 22.315239 -0.000002
v 4.080108 22.352959 -0.000002
v 4.038806 22.258265 -0.000002
v 4.357413 22.279810 -0.000002
v 4.290204 22.167742 -0.000002
v 4.772254 22.207771 -0.000002
v 5.051898 22.314915 -0.000002
v 4.790549 22.031452 -0.000002
v 5.115123 22.139254 -0.000002
v 5.234779 22.490450 -0.000002
v 5.385122 22.380434 -0.000002
v 5.294998 22.632465 -0.000002
v 5.453928 22.636627 -0.000002
v 5.206358 22.808002 -0.000002
v 5.318574 22.915840 -0.000002
v 5.040934 22.847773 -0.000002
v 5.045124 23.001734 -0.000002
v 4.879117 22.783146 -0.000002
v 4.778408 22.899923 -0.000002
v 4.787156 22.615967 -0.000002
v 4.639241 22.621553 -0.000002
v 4.821505 22.520882 -0.000002
v 4.717292 22.415157 -0.000002
v 4.934245 22.486149 -0.000002
v 4.926564 22.345016 -0.000002
v 5.091966 22.586435 -0.000002
v 5.118114 22.554073 -0.000002
v 0.835790 20.848349 -0.000002
v 1.171559 21.010323 -0.000002
v 0.833833 20.634932 -0.000002
v 1.182401 20.806549 -0.000002
v 1.580459 21.043098 -0.000002
v 1.578348 20.836493 -0.000002
v 1.843707 20.996660 -0.000002
v 1.785980 20.799213 -0.000002
v 2.138841 20.861723 -0.000002
v 2.129897 20.659439 -0.000002
v 1.735196 21.554020 -0.000002
v 1.866447 21.555330 -0.000002
v 1.773950 21.360088 -0.000002
v 1.889064 21.407585 -0.000002
v 1.899434 21.190140 -0.000002
v 1.971083 21.291800 -0.000002
v 2.098830 21.114151 -0.000002
v 2.101722 21.239258 -0.000002
v 2.261030 21.176403 -0.000002
v 2.211613 21.282288 -0.000002
v 2.270380 21.354326 -0.000002
v 2.357639 21.286060 -0.000002
v 2.418674 21.479967 -0.000002
v 2.298603 21.477745 -0.000002
v 2.310979 21.664309 -0.000002
v 2.248618 21.586996 -0.000002
v 2.148721 21.718704 -0.000002
v 2.144442 21.646288 -0.000002
v 2.001131 21.669891 -0.000002
v 2.041573 21.624975 -0.000002
v 2.194869 21.040947 -0.000002
v 2.279040 20.804869 -0.000002
v 2.289710 20.955856 -0.000002
v 2.365518 21.116106 -0.000002
v 2.428185 21.200979 -0.000002
v 2.479391 21.401558 -0.000002
v 2.542899 21.304337 -0.000002
v 2.583938 21.478998 -0.000002
v 2.656775 21.385147 -0.000002
v 2.753119 21.534883 -0.000002
v 2.842900 21.528212 -0.000002
v 2.749733 21.413769 -0.000002
v 2.861889 21.403730 -0.000002
v 2.546189 21.753994 -0.000002
v 2.476276 21.811537 -0.000002
v 2.422795 21.713730 -0.000002
v 2.393296 21.756268 -0.000002
v 2.630395 21.900059 -0.000002
v 2.754225 21.769720 -0.000002
v 2.748417 21.862312 -0.000002
v 2.734943 22.028948 -0.000002
v 2.815543 21.944431 -0.000002
v 2.755254 21.253893 -0.000002
v 2.836073 21.310854 -0.000002
v 2.900857 21.132238 -0.000002
v 2.934510 21.226341 -0.000002
v 3.111994 21.078321 -0.000002
v 3.114452 21.179251 -0.000002
v 3.345961 21.144558 -0.000002
v 3.303585 21.235416 -0.000002
v 3.434301 21.224604 -0.000002
v 3.360731 21.290968 -0.000002
v 3.472487 21.271894 -0.000002
v 3.564963 21.480883 -0.000002
v 3.393608 21.329729 -0.000002
v 3.465067 21.481592 -0.000002
v 3.524261 21.680464 -0.000002
v 3.427413 21.629610 -0.000002
v 3.511570 21.739374 -0.000002
v 3.260107 21.798395 -0.000002
v 3.107471 21.741655 -0.000002
v 3.261353 21.996525 -0.000002
v 3.020150 21.914083 -0.000002
v 3.015515 21.668919 -0.000002
v 2.858757 21.719015 -0.000002
v 3.005637 21.581987 -0.000002
v 3.030818 21.557392 -0.000002
v 3.094630 21.523439 -0.000002
v 3.016967 21.297325 -0.000002
v 3.137330 21.525734 -0.000002
v 3.190805 21.365576 -0.000002
v 3.274910 21.338604 -0.000002
v 3.239854 21.439911 -0.000002
v 3.321562 21.390072 -0.000002
v 3.184880 21.532656 -0.000002
v 3.224410 21.586868 -0.000002
v 3.259647 21.553415 -0.000002
v 2.661024 20.703716 -0.000002
v 2.278066 20.602173 -0.000002
v 2.626251 20.500441 -0.000002
v 2.999360 20.676556 -0.000002
v 2.999465 20.470083 -0.000002
v 3.288324 20.738411 -0.000002
v 3.378021 20.537289 -0.000002
v 3.693364 21.113054 -0.000002
v 3.756150 21.304066 -0.000002
v 3.762864 21.071848 -0.000002
v 3.855487 21.290987 -0.000002
v 3.726635 21.517836 -0.000002
v 3.834404 21.556681 -0.000002
v 3.611898 21.657713 -0.000002
v 3.736600 21.770418 -0.000002
v 3.546613 21.936216 -0.000002
v 3.870544 21.175617 -0.000002
v 3.902704 20.969118 -0.000002
v 3.981066 21.051821 -0.000002
v 4.036630 21.112980 -0.000002
v 3.931568 21.337688 -0.000002
v 3.892925 21.628244 -0.000002
v 4.176357 21.463856 -0.000002
v 4.015386 21.724388 -0.000002
v 3.699920 21.939041 -0.000002
v 3.815725 22.043633 -0.000002
v 2.200913 20.363176 -0.000002
v 2.342596 20.428528 -0.000002
v 2.490253 20.001312 -0.000002
v 2.557554 20.142521 -0.000002
v 2.799548 19.814640 -0.000001
v 2.835073 19.970148 -0.000002
v 3.122479 19.758289 -0.000001
v 3.122826 19.918812 -0.000002
v 3.523018 19.836781 -0.000001
v 3.476832 19.989986 -0.000002
v 3.890454 20.042698 -0.000002
v 3.798156 20.173271 -0.000002
v 4.153514 20.375973 -0.000002
v 4.020492 20.463034 -0.000002
v 4.307633 20.771580 -0.000002
v 4.141076 20.777948 -0.000002
v 4.243645 21.271215 -0.000002
v 4.607234 21.760973 -0.000002
v 4.922061 21.785006 -0.000002
v 4.722250 21.484409 -0.000002
v 4.983164 21.496067 -0.000002
v 4.805434 21.170824 -0.000002
v 5.002041 21.174417 -0.000002
v 4.806990 20.617117 -0.000002
v 5.000317 20.616926 -0.000002
v 0.801507 20.880423 -0.000002
v 0.488526 20.922361 -0.000002
v 0.356125 20.753941 -0.000002
v 0.569870 20.470459 -0.000002
v 0.701763 20.554808 -0.000002
v 3.249659 21.587128 -0.000002
v 0.483469 20.413546 -0.000002
v 3.489309 20.924465 -0.000002
v 3.714588 20.713654 -0.000002
v 3.812203 20.844786 -0.000002
v 4.212320 21.367922 -0.000002
v 3.547510 20.618420 -0.000002
v 3.448558 22.506126 -0.000002
v 3.012637 21.572783 -0.000002
v 2.761221 21.644926 0.043589
v 2.491079 21.625286 -0.000002
v 2.551448 21.537514 -0.000002
v 2.804661 22.017725 -0.000002
v 3.404330 21.966623 -0.000002
v 2.415823 21.813745 -0.000002
v 2.574696 21.501829 -0.000002
v 3.164366 21.529200 -0.000002
v 3.453734 21.247818 -0.000002
v 0.322741 20.703844 -0.000002
v 5.127021 22.591127 -0.000002
v 2.451612 22.311855 -0.000002
v 4.903626 20.617022 -0.000002
v 4.567293 22.244192 -0.000002
v 1.939884 22.174057 -0.000002
v 1.775393 21.999933 -0.000002
v 2.275782 21.901573 -0.000002
v 2.375027 21.985266 -0.000002
v 2.178302 21.808350 -0.000002
v 2.987902 22.693783 -0.000002
v 3.046493 22.166428 -0.000002
v 2.010610 21.636906 -0.000002
v 1.710196 21.950693 -0.000002
v 0.183266 20.169695 -0.043987
v 0.826777 20.812450 -0.043987
v 0.183266 20.632851 -0.043987
v 0.732162 20.891251 -0.043987
v 0.321899 20.640644 -0.043987
v 0.381640 20.386086 -0.043987
v 0.370584 20.746529 -0.043987
v 0.635572 21.075375 -0.043985
v 0.566047 20.477673 -0.043987
v 0.826777 20.648991 -0.043987
v 1.188852 21.274437 -0.043985
v 1.092263 21.458561 -0.043985
v 1.722207 21.681536 -0.043985
v 1.643951 21.864630 -0.043985
v 1.890323 21.719370 -0.043985
v 1.793733 21.979654 -0.043985
v 2.221211 22.234085 -0.043985
v 2.120537 22.335052 -0.043985
v 2.255899 21.906107 -0.043985
v 2.475112 22.090784 -0.043985
v 2.277387 22.184381 -0.043985
v 2.072577 21.748936 -0.043985
v 2.342161 22.405960 -0.043985
v 2.241486 22.506929 -0.043985
v 2.412926 22.480103 -0.043985
v 2.418986 22.693783 -0.043985
v 2.487840 22.375011 -0.043985
v 2.575048 22.475342 -0.043985
v 2.449263 22.232124 -0.043985
v 2.646988 22.138527 -0.043985
v 2.862724 22.443102 -0.043985
v 2.952024 22.113726 -0.043985
v 2.712141 22.357931 -0.043985
v 2.792354 22.084549 -0.043985
v 3.125600 22.403423 -0.043985
v 3.147941 22.245163 -0.043985
v 3.068440 22.422840 -0.043985
v 3.100700 22.240553 -0.043985
v 2.944563 22.591900 -0.043985
v 3.031240 22.608837 -0.043985
v 2.944563 22.693783 -0.043985
v 3.031240 22.693783 -0.043985
v 3.294238 22.480301 -0.043985
v 3.316578 22.245163 -0.043985
v 3.601753 22.480301 -0.043985
v 3.557134 22.297243 -0.043985
v 3.824950 22.435421 -0.043985
v 3.812571 22.329725 -0.043985
v 4.077538 22.345053 -0.043985
v 4.041095 22.266335 -0.043985
v 4.774408 22.188816 -0.043985
v 4.752844 22.040659 -0.043985
v 4.304307 22.182877 -0.043985
v 4.355629 22.269812 -0.043985
v 5.062248 22.299091 -0.043985
v 5.105789 22.155844 -0.043985
v 5.249486 22.479902 -0.043985
v 5.369474 22.390356 -0.043985
v 5.312376 22.632330 -0.043985
v 5.437115 22.635454 -0.043985
v 5.215849 22.820354 -0.043985
v 5.308180 22.904285 -0.043985
v 5.039495 22.862301 -0.043985
v 5.045478 22.986937 -0.043985
v 4.869568 22.794249 -0.043985
v 4.788214 22.888859 -0.043985
v 4.772787 22.617334 -0.043985
v 4.653601 22.620783 -0.043985
v 4.811713 22.509922 -0.043985
v 4.727406 22.425602 -0.043985
v 4.933352 22.476841 -0.043985
v 4.926159 22.357819 -0.043985
v 5.094239 22.583374 -0.018164
v 5.116330 22.557142 -0.018164
v 1.176980 20.990166 -0.043985
v 1.176980 20.826706 -0.043987
v 1.579453 21.021528 -0.043985
v 1.579453 20.858068 -0.043987
v 1.837466 20.976467 -0.043985
v 1.791862 20.819498 -0.043987
v 2.144916 20.837172 -0.043987
v 2.144171 20.673714 -0.043987
v 2.263021 20.788301 -0.043987
v 2.262275 20.624844 -0.043987
v 1.748967 21.558020 -0.043985
v 1.852359 21.557188 -0.043985
v 1.783677 21.364244 -0.043985
v 1.879269 21.403646 -0.043985
v 1.905736 21.198553 -0.043985
v 1.964482 21.283638 -0.043985
v 2.099009 21.124994 -0.043985
v 2.101721 21.228354 -0.043985
v 2.271714 21.185587 -0.043985
v 2.218114 21.274002 -0.043985
v 2.352763 21.277536 -0.043985
v 2.279314 21.350306 -0.043985
v 2.410242 21.479464 -0.043985
v 2.306855 21.478258 -0.043985
v 2.308218 21.661713 -0.043985
v 2.252879 21.593437 -0.043985
v 2.148186 21.710602 -0.043985
v 2.146734 21.653507 -0.043985
v 2.006058 21.661255 -0.022081
v 2.039882 21.629339 -0.022081
v 2.205430 21.036676 -0.043985
v 2.278861 20.958210 -0.043987
v 2.356345 21.121426 -0.043985
v 2.420647 21.207451 -0.043985
v 2.485123 21.394203 -0.043985
v 2.537077 21.311613 -0.043985
v 2.611492 21.482260 -0.043985
v 2.657036 21.395967 -0.043985
v 2.729022 21.517174 -0.043985
v 2.741428 21.420391 -0.043985
v 2.856761 21.517174 -0.043985
v 2.869167 21.420391 -0.043985
v 2.553418 21.732651 -0.043985
v 2.727847 21.772856 -0.043985
v 2.552215 21.554556 -0.043985
v 2.429950 21.718527 -0.043985
v 2.472526 21.797838 -0.032217
v 2.401576 21.761923 -0.032217
v 2.640208 21.893162 -0.043985
v 2.725897 21.864588 -0.043985
v 2.742679 22.020138 -0.030710
v 2.803072 21.957047 -0.030710
v 2.759394 21.257683 -0.043985
v 2.832108 21.306988 -0.043985
v 2.903457 21.137753 -0.043985
v 2.931693 21.220947 -0.043985
v 3.111973 21.084873 -0.043985
v 3.114520 21.172693 -0.043985
v 3.343051 21.150085 -0.043985
v 3.306954 21.230183 -0.043985
v 3.429748 21.229006 -0.043985
v 3.362747 21.285835 -0.043985
v 3.467355 21.275066 -0.043985
v 3.396385 21.326853 -0.043985
v 3.558917 21.481243 -0.043985
v 3.471062 21.480860 -0.043985
v 3.511513 21.680466 -0.043985
v 3.435807 21.635887 -0.043985
v 3.495877 21.766052 -0.043985
v 3.262510 21.819923 -0.043985
v 3.537974 21.917921 -0.043985
v 3.262510 21.975454 -0.043985
v 3.098922 21.758240 -0.043985
v 3.030751 21.898033 -0.043985
v 3.000345 21.678413 -0.043985
v 2.874915 21.712465 -0.043985
v 2.987533 21.577745 -0.043985
v 3.018648 21.536701 -0.043985
v 3.089647 21.500572 -0.043985
v 3.021083 21.321554 -0.043985
v 3.138273 21.507553 -0.043985
v 3.187121 21.378967 -0.043985
v 3.185558 21.523741 -0.043985
v 3.242031 21.437536 -0.043985
v 3.273146 21.338699 -0.043985
v 3.321285 21.390049 -0.043985
v 3.227281 21.582895 -0.043985
v 3.261981 21.553419 -0.037592
v 2.657424 20.682638 -0.043987
v 2.630036 20.521490 -0.043987
v 3.000801 20.655037 -0.043987
v 2.998086 20.491600 -0.043987
v 3.297265 20.720066 -0.043987
v 3.362746 20.570295 -0.043987
v 3.699687 21.108116 -0.043985
v 3.765169 21.056332 -0.043985
v 3.698693 20.732670 -0.043987
v 3.888350 20.980743 -0.043985
v 3.762357 21.303871 -0.043985
v 3.849313 21.291710 -0.043985
v 3.735863 21.523287 -0.043985
v 3.824470 21.553818 -0.043985
v 3.723875 21.760509 -0.043985
v 3.622381 21.669821 -0.043985
v 3.952738 21.335445 -0.043985
v 4.045519 21.148224 -0.043985
v 3.967794 21.065399 -0.043985
v 3.885977 21.165583 -0.043985
v 4.153835 21.452969 -0.043985
v 4.220500 21.265747 -0.043985
v 3.910951 21.633173 -0.043985
v 3.999747 21.714134 -0.043985
v 3.712465 21.951796 -0.043985
v 3.801262 22.032757 -0.043985
v 2.213819 20.369381 -0.043987
v 2.330391 20.421803 -0.043987
v 2.499989 20.012787 -0.043987
v 2.547362 20.131500 -0.043987
v 2.805025 19.829708 -0.043986
v 2.829322 19.955194 -0.043987
v 3.122314 19.774635 -0.043986
v 3.122988 19.902451 -0.043987
v 3.517488 19.851944 -0.043986
v 3.482523 19.974886 -0.043987
v 3.880040 20.055023 -0.043987
v 3.808794 20.161142 -0.043987
v 4.139933 20.383736 -0.043987
v 4.034071 20.455364 -0.043987
v 4.288620 20.773262 -0.043987
v 4.160914 20.778620 -0.043987
v 4.631112 21.775555 -0.043985
v 4.894934 21.775425 -0.043985
v 4.827119 21.174044 -0.043985
v 4.980187 21.173914 -0.043985
v 4.746008 21.492933 -0.043985
v 4.957792 21.492804 -0.043985
v 4.827119 20.617022 -0.043987
v 4.980187 20.616890 -0.043987
v 0.779469 20.851851 -0.043987
v 0.351770 20.513365 -0.086542
v 0.183266 20.401272 -0.086542
v 0.565619 20.682608 -0.086542
v 0.527030 20.765949 -0.086542
v 0.503078 20.910952 -0.043987
v 0.604208 20.599270 -0.086542
v 0.696412 20.563332 -0.043987
v 1.176980 20.908438 -0.086542
v 1.579453 20.939798 -0.086542
v 1.814664 20.897984 -0.086542
v 2.144543 20.755444 -0.086542
v 2.262648 20.706573 -0.086542
v 3.516925 21.841988 -0.086542
v 3.262510 21.897690 -0.086542
v 3.064837 21.828138 -0.086542
v 2.937630 21.695440 -0.086542
v 2.922147 21.547461 -0.086542
v 2.943908 21.478546 -0.086542
v 3.055365 21.411064 -0.086542
v 3.162697 21.443260 -0.086542
v 3.213794 21.480640 -0.086542
v 3.244631 21.568159 -0.056807
v 2.643730 20.602064 -0.086542
v 2.999443 20.573320 -0.086542
v 3.330005 20.645182 -0.086542
v 3.732428 21.082226 -0.086542
v 3.805835 21.297792 -0.086542
v 3.780166 21.538551 -0.086542
v 3.673128 21.715166 -0.086542
v 0.650311 20.581301 -0.086542
v 0.826777 20.730722 -0.086542
v 0.473844 20.431879 -0.043987
v 3.531217 20.863703 -0.086542
v 3.498476 20.914091 -0.043987
v 3.563957 20.813313 -0.043987
v 3.793521 20.856707 -0.043987
v 3.926885 21.115490 -0.086542
v 3.999128 21.241837 -0.086542
v 4.187168 21.359358 -0.043985
v 3.678739 20.835011 -0.086542
v 3.826759 21.018538 -0.086542
v 3.530719 20.651482 -0.043987
v 3.436856 22.271204 -0.086542
v 3.447995 22.480301 -0.043985
v 3.955349 21.673655 -0.086542
v 3.756864 21.992277 -0.086542
v 2.272105 20.395592 -0.086542
v 2.523675 20.072145 -0.086542
v 2.817173 19.892452 -0.086542
v 3.122651 19.838545 -0.086541
v 3.500006 19.913416 -0.086542
v 3.844417 20.108084 -0.086542
v 4.087002 20.419552 -0.086542
v 4.224767 20.775942 -0.086542
v 2.203596 20.731009 -0.086542
v 2.203223 20.649279 -0.086542
v 4.093148 21.300596 -0.086542
v 4.053287 21.394207 -0.086542
v 4.133009 21.206985 -0.086542
v 2.242145 20.997444 -0.086542
v 2.314030 21.153507 -0.086542
v 2.386705 21.242495 -0.086542
v 2.511100 21.352909 -0.086542
v 2.634264 21.439114 -0.086542
v 2.735225 21.468784 -0.086542
v 2.855929 21.468784 -0.086542
v 2.925993 21.513004 -0.086542
v 2.996056 21.557222 -0.043985
v 2.203968 20.812737 -0.086542
v 2.600097 21.623039 -0.086542
v 2.730248 21.645018 -0.086542
v 2.500495 21.628304 -0.043985
v 2.687284 21.878876 -0.086542
v 2.775744 21.987362 -0.060423
v 2.795751 21.282337 -0.086542
v 2.917575 21.179350 -0.086542
v 3.113246 21.128784 -0.086542
v 3.325002 21.190134 -0.086542
v 3.396247 21.257421 -0.086542
v 3.431870 21.300961 -0.086542
v 3.514989 21.481052 -0.086542
v 3.473660 21.658178 -0.086542
v 3.379194 21.792990 -0.086542
v 3.389718 21.869839 -0.086542
v 3.400242 21.946688 -0.043985
v 2.699232 21.408182 -0.086542
v 2.684745 21.453949 -0.086542
v 2.642447 21.755400 -0.086542
v 2.670257 21.499718 -0.086542
v 2.656352 21.627558 -0.086542
v 2.491684 21.728235 -0.086542
v 2.439109 21.781645 -0.063387
v 2.551178 21.626848 -0.086542
v 2.584797 21.510168 -0.043985
v 3.192643 21.460192 -0.086542
v 3.166312 21.513889 -0.043985
v 3.226887 21.410891 -0.086542
v 3.291939 21.361736 -0.086542
v 3.414059 21.279190 -0.086542
v 3.379566 21.306345 -0.086542
v 3.448552 21.252035 -0.043985
v 1.140557 21.366501 -0.086542
v 1.674326 21.771065 -0.086542
v 1.842028 21.860285 -0.086542
v 0.683867 20.983315 -0.086542
v 0.515054 20.838449 -0.086542
v 0.346241 20.693586 -0.043987
v 2.415956 22.586945 -0.086542
v 2.531444 22.425177 -0.086542
v 2.548125 22.185328 -0.086542
v 2.291824 22.456448 -0.086542
v 2.170874 22.284571 -0.086542
v 2.752247 22.221241 -0.086542
v 2.907374 22.278416 -0.086542
v 3.084570 22.318157 -0.086542
v 3.136770 22.324293 -0.086542
v 3.818760 22.382574 -0.086542
v 4.059317 22.305696 -0.086542
v 4.329968 22.226347 -0.086542
v 4.763626 22.114738 -0.086542
v 5.084019 22.227468 -0.086542
v 5.309480 22.435129 -0.086542
v 5.374745 22.633892 -0.086542
v 5.262014 22.862320 -0.086542
v 5.042487 22.924620 -0.086542
v 4.828891 22.841555 -0.086542
v 4.713194 22.619061 -0.086542
v 4.769559 22.467762 -0.086542
v 4.929756 22.417332 -0.086542
v 5.105285 22.570257 -0.035734
v 3.305408 22.362734 -0.086542
v 3.442426 22.375751 -0.086542
v 3.579444 22.388773 -0.086542
v 2.539785 22.305252 -0.086542
v 2.611018 22.306934 -0.086542
v 2.468551 22.303568 -0.043985
v 4.763023 21.775490 -0.086542
v 4.851900 21.492870 -0.086542
v 4.903653 21.173979 -0.086542
v 4.903653 20.616957 -0.086542
v 4.546797 22.170542 -0.086542
v 4.565019 22.229315 -0.043985
v 4.528575 22.111769 -0.086542
v 2.174982 21.966660 -0.086542
v 2.055767 21.976727 -0.086542
v 2.006451 22.067039 -0.086542
v 1.957135 22.157352 -0.043985
v 2.365505 21.998446 -0.043985
v 2.376250 22.137585 -0.086542
v 2.270244 21.982552 -0.086542
v 2.164238 21.827520 -0.043985
v 2.987902 22.600370 -0.086542
v 2.987902 22.693785 -0.086542
v 2.995972 22.298286 -0.086542
v 2.965582 22.432972 -0.086542
v 3.026362 22.185902 -0.043985
v 1.800663 21.557604 -0.086542
v 1.831474 21.383945 -0.086542
v 1.935109 21.241096 -0.086542
v 2.100365 21.176676 -0.086542
v 2.358549 21.478861 -0.086542
v 2.280549 21.627575 -0.086542
v 2.147460 21.682055 -0.086542
v 2.017202 21.645294 -0.043444
v 2.244914 21.229795 -0.086542
v 2.316038 21.313923 -0.086542
v 1.766930 21.813654 -0.086542
v 1.727595 21.929548 -0.043985
v 1.806265 21.700455 -0.086542
v 2.761221 21.644924 -0.043593
v 4.206481 21.020962 0.082350
v 4.136806 20.995144 0.041857
v 4.123580 20.978609 -0.000002
v 4.136806 20.995146 -0.041861
v 4.206481 21.020964 -0.082354
v 4.276155 21.046782 -0.041861
v 4.295564 21.048525 -0.000002
v 4.276155 21.046782 0.041857
v 0.205160 19.658447 0.043984
v 0.746045 19.159498 0.043984
v 0.205160 19.888773 0.043984
v 0.844609 19.316778 0.043984
v 0.873140 18.986261 0.043984
v 0.984602 19.132452 0.043984
v 1.297254 19.515100 0.043984
v 1.425707 19.412598 0.043984
v 1.188865 19.237822 0.043984
v 1.096708 19.368151 0.043984
v 1.470935 19.757692 0.043984
v 1.625130 19.682568 0.043984
v 1.476207 19.890135 0.043984
v 1.627369 19.965288 0.043983
v 1.361255 20.121536 0.043983
v 1.478453 20.228680 0.043983
v 1.257075 20.202440 0.043983
v 1.260195 20.356955 0.043983
v 1.037752 20.202440 0.043983
v 1.040873 20.361204 0.043983
v 0.852235 20.045250 0.043983
v 0.713081 20.121746 0.043983
v 0.836384 19.879065 0.043984
v 0.677600 19.877285 0.043984
v 0.934467 20.142925 0.043983
v 0.858378 20.255886 0.043983
v 0.912701 19.724796 0.043984
v 0.792608 19.620907 0.043984
v 1.061025 19.707453 0.041196
v 1.054931 19.558855 0.041196
v 1.192207 19.779648 0.036710
v 1.246589 19.725914 0.036710
v 1.208805 19.852978 0.031198
v 1.274097 19.852776 0.031198
v 1.151007 19.950283 0.023794
v 1.183290 20.004662 0.023794
v 1.003700 19.959339 0.011845
v 0.995500 19.998264 0.011845
v 1.206389 18.499722 0.043984
v 1.251719 18.650410 0.043984
v 1.090470 18.804152 0.043984
v 1.058891 18.724911 0.043984
v 1.022687 18.922508 0.043984
v 0.957336 18.869057 0.043984
v 1.479690 18.308895 0.043984
v 1.500352 18.545721 0.043984
v 1.660102 18.368393 0.043984
v 1.694462 18.580618 0.043984
v 1.745771 18.415764 0.043984
v 1.814417 18.558807 0.043984
v 1.742444 18.757278 0.043984
v 1.862399 18.735468 0.043984
v 1.707886 18.883875 0.042882
v 1.822825 18.914179 0.042882
v 1.644778 18.946623 0.039599
v 1.702281 19.030293 0.039599
v 1.495944 18.920069 0.031688
v 1.433733 18.986946 0.031688
v 1.470206 18.763966 0.011796
v 1.430288 18.752821 0.011796
v 1.463275 18.853817 0.024173
v 1.397690 18.871195 0.024173
v 1.544492 19.039383 0.035912
v 1.554776 18.958519 0.035912
v 1.727244 18.319271 0.035186
v 1.763853 18.370350 0.035186
v 1.832749 18.311735 0.013123
v 1.831408 18.359226 0.013123
v 1.796412 18.361691 0.028300
v 1.764622 18.297081 0.028300
v 1.836471 18.471977 0.043984
v 1.865779 18.533049 0.043984
v 1.979177 18.462980 0.043984
v 1.999621 18.527561 0.043984
v 2.095371 18.357895 0.043984
v 2.148432 18.400003 0.043984
v 2.132050 18.190977 0.043984
v 2.199787 18.190346 0.043984
v 2.120081 18.089275 0.043984
v 2.182336 18.062572 0.043984
v 2.000865 17.948719 0.043984
v 2.036772 17.891277 0.043984
v 1.878472 17.912783 0.043984
v 1.876734 17.845064 0.043984
v 1.720834 17.942270 0.043984
v 1.681334 17.887239 0.043984
v 1.577899 18.050360 0.043984
v 1.521242 18.013227 0.043984
v 1.470554 18.240252 0.043984
v 1.388156 18.170824 0.043984
v 1.242495 18.230183 0.043984
v 1.237632 18.365721 0.043984
v 1.163419 17.981165 0.043984
v 1.249287 17.917671 0.043984
v 0.896438 17.737009 0.043984
v 0.948637 17.634970 0.043984
v 0.673696 17.718330 0.043984
v 0.694386 17.616291 0.043984
v 1.107990 17.737206 0.043984
v 1.051077 17.821230 0.043984
v 0.321077 17.750769 0.043984
v 0.407485 17.592699 0.043984
v 0.696109 17.512928 0.043984
v 0.501859 17.470604 0.043984
v 0.838918 17.459820 0.043984
v 0.733465 17.354799 0.043984
v 1.059069 17.430815 0.043984
v 1.059429 17.319130 0.043984
v 1.452326 17.393627 0.043984
v 1.393648 17.295486 0.043984
v 1.632737 17.203255 0.043984
v 1.534336 17.149031 0.043984
v 1.688869 16.948608 0.043984
v 1.554045 16.952730 0.043984
v 1.642905 16.712900 0.043984
v 1.543222 16.766190 0.043984
v 1.488695 16.472570 0.043984
v 1.443262 16.576071 0.043984
v 1.277551 16.385845 0.043984
v 1.281352 16.498816 0.043984
v 1.075670 16.461798 0.043984
v 1.134773 16.558147 0.043984
v 1.002392 16.627443 0.043984
v 1.109664 16.663069 0.043984
v 1.043509 16.802015 0.043984
v 1.134140 16.734468 0.043984
v 1.182406 16.850286 0.038482
v 1.191896 16.751848 0.038482
v 1.318218 16.811632 0.030396
v 1.273225 16.741415 0.030396
v 1.369542 16.676058 0.012423
v 1.341004 16.658440 0.012423
v 0.350092 18.014488 0.043984
v 0.259749 18.014488 0.043984
v 0.288608 17.839239 0.043984
v 0.435551 17.859983 0.043984
v 0.409353 18.189123 0.043984
v 0.338789 18.245539 0.043984
v 0.550117 18.349369 0.043984
v 0.511511 18.431047 0.043984
v 0.701464 18.377308 0.043984
v 0.701309 18.467651 0.043984
v 0.851335 18.320459 0.042783
v 0.897184 18.395424 0.042783
v 0.949573 18.165897 0.040685
v 1.029453 18.190437 0.040685
v 0.934330 18.076307 0.037030
v 0.998661 18.035730 0.037030
v 0.831920 18.003405 0.031203
v 0.852273 17.942629 0.031203
v 0.712686 18.015985 0.026013
v 0.694961 17.957504 0.026013
v 0.617673 18.080349 0.014283
v 0.585662 18.045683 0.014283
v 0.795327 19.238136 0.086539
v 0.205160 19.773609 0.086539
v 0.928872 19.059357 0.086539
v 1.142787 19.302986 0.086539
v 1.361480 19.463848 0.086539
v 1.548033 19.720129 0.086539
v 1.551788 19.927711 0.086538
v 1.419854 20.175106 0.086538
v 1.258635 20.279696 0.086538
v 1.039312 20.281822 0.086538
v 0.896422 20.199406 0.086538
v 0.782658 20.083498 0.086538
v 0.756992 19.878174 0.086539
v 0.852654 19.672850 0.086539
v 1.057978 19.633154 0.081052
v 1.219398 19.752781 0.072226
v 1.241451 19.852875 0.061385
v 1.167149 19.977474 0.046818
v 0.999212 19.975386 0.023304
v 0.862099 19.148746 0.086539
v 0.914606 19.224613 0.086539
v 1.074681 18.764532 0.086539
v 1.241387 18.563620 0.086539
v 0.990012 18.895781 0.086539
v 1.490021 18.444708 0.086539
v 1.607446 18.437223 0.086539
v 1.767833 18.619022 0.086539
v 1.802421 18.746372 0.086539
v 1.765356 18.899025 0.084372
v 1.673530 18.988459 0.077910
v 1.549634 18.998951 0.070659
v 1.430482 18.862507 0.047561
v 1.457691 18.744772 0.019450
v 1.464838 18.953506 0.062346
v 0.809593 19.083803 0.043984
v 1.379277 18.473106 0.086539
v 1.376036 18.598064 0.043984
v 1.350805 18.302986 0.086539
v 1.312195 18.200502 0.086539
v 1.370289 18.376703 0.086539
v 1.429355 18.205536 0.086539
v 1.331500 18.251743 0.086539
v 1.243496 18.297953 0.043984
v 1.851125 18.502512 0.086539
v 1.989399 18.495270 0.086539
v 2.121901 18.378948 0.086539
v 2.165918 18.190660 0.086539
v 2.151209 18.075922 0.086539
v 2.018819 17.919998 0.086539
v 1.877603 17.878922 0.086539
v 1.701084 17.914753 0.086539
v 1.732612 18.539036 0.086539
v 1.789489 18.494118 0.086539
v 1.549571 18.031792 0.086539
v 1.732703 18.668947 0.043984
v 1.593082 18.543667 0.043984
v 1.780517 18.328135 0.055682
v 1.844079 18.336523 0.025823
v 1.745548 18.343559 0.069228
v 1.715238 18.396133 0.086539
v 1.686257 18.471474 0.086539
v 1.663373 18.560898 0.043984
v 1.079534 17.779217 0.086539
v 0.922537 17.685987 0.086539
v 0.684041 17.667309 0.086539
v 1.206353 17.949417 0.086539
v 0.604662 17.503120 0.086539
v 0.786191 17.407309 0.086539
v 1.059249 17.374971 0.086539
v 1.422987 17.344555 0.086539
v 1.583536 17.176142 0.086539
v 1.621457 16.950668 0.086539
v 1.593063 16.739544 0.086539
v 1.465979 16.524319 0.086539
v 1.279451 16.442329 0.086539
v 1.105222 16.509972 0.086539
v 1.056028 16.645256 0.086539
v 1.088824 16.768240 0.086539
v 1.187151 16.801067 0.075713
v 1.295721 16.776524 0.059806
v 1.355462 16.667250 0.024444
v 0.362079 17.849609 0.086539
v 0.304921 18.014486 0.086539
v 0.374072 18.217331 0.086539
v 0.530814 18.390207 0.086539
v 0.701386 18.422478 0.086539
v 0.874259 18.357943 0.084174
v 0.989512 18.178167 0.080047
v 0.966496 18.056019 0.072856
v 0.842097 17.973017 0.061393
v 0.703823 17.986744 0.051181
v 0.601668 18.063015 0.028102
v 0.517079 17.600563 0.086539
v 0.424815 17.734056 0.086539
v 0.471004 17.667309 0.086539
v 0.360841 17.667311 0.043984
v 0.205724 19.626740 -0.000001
v 0.729841 19.143730 -0.000001
v 0.204420 19.920513 -0.000002
v 0.851988 19.343115 -0.000001
v 1.088067 19.389473 -0.000001
v 1.005501 19.117306 -0.000001
v 1.201229 19.218630 -0.000001
v 1.441121 19.397242 -0.000001
v 1.281688 19.530361 -0.000001
v 1.449881 19.765272 -0.000001
v 1.646438 19.675167 -0.000001
v 1.455034 19.885687 -0.000002
v 1.344703 20.109076 -0.000002
v 1.648348 19.971004 -0.000002
v 1.493515 20.243359 -0.000002
v 1.250210 20.182467 -0.000002
v 1.265467 20.376978 -0.000002
v 1.042597 20.182890 -0.000002
v 1.036280 20.380882 -0.000002
v 0.946722 20.129000 -0.000002
v 0.847630 20.270700 -0.000002
v 0.871702 20.037807 -0.000002
v 0.856962 19.883018 -0.000002
v 0.694407 20.131584 -0.000002
v 0.656735 19.874573 -0.000002
v 0.925181 19.743532 -0.000001
v 0.777999 19.604311 -0.000001
v 1.058551 19.722912 -0.000001
v 1.057055 19.542406 -0.000001
v 1.185989 19.785515 -0.000001
v 1.252787 19.721130 -0.000001
v 1.204465 19.850784 -0.000001
v 1.278909 19.853174 -0.000001
v 1.149881 19.944145 -0.000002
v 1.186856 20.011616 -0.000002
v 1.003792 19.956408 -0.000002
v 0.995158 20.002573 -0.000002
v 0.858082 18.974680 -0.000001
v 0.950256 18.862015 -0.000001
v 1.031083 18.923428 -0.000001
v 1.095651 18.809389 -0.000001
v 1.259905 18.667517 -0.000001
v 1.052561 18.721115 -0.000001
v 1.183342 18.495043 -0.000001
v 1.507051 18.288654 -0.000001
v 1.667120 18.347769 -0.000001
v 1.834022 18.563068 -0.000001
v 1.877554 18.734812 -0.000001
v 1.729389 18.754776 -0.000001
v 1.696609 18.876661 -0.000001
v 1.834996 18.920191 -0.000001
v 1.640415 18.937010 -0.000001
v 1.707263 19.039795 -0.000001
v 1.558111 18.949663 -0.000001
v 1.543509 19.048410 -0.000001
v 1.504167 18.915941 -0.000001
v 1.467940 18.852579 -0.000001
v 1.426620 18.993393 -0.000001
v 1.391300 18.871708 -0.000001
v 1.472750 18.763922 -0.000001
v 1.426488 18.751425 -0.000001
v 1.721278 18.313717 -0.000001
v 1.749205 18.413845 -0.000001
v 1.762807 18.372768 -0.000001
v 1.762403 18.292160 -0.000001
v 1.793271 18.364843 -0.000001
v 1.830473 18.360884 -0.000001
v 1.833321 18.308617 -0.000001
v 1.839270 18.471491 -0.000001
v 1.871538 18.536865 -0.000001
v 1.979546 18.464312 -0.000001
v 1.999001 18.526304 -0.000001
v 2.096615 18.358784 -0.000001
v 2.147066 18.399385 -0.000001
v 2.133255 18.191149 -0.000001
v 2.198598 18.190199 -0.000001
v 2.120853 18.088760 -0.000001
v 2.181532 18.062973 -0.000001
v 2.001499 17.947727 -0.000001
v 2.036110 17.892252 -0.000001
v 1.878382 17.911474 -0.000001
v 1.876630 17.846346 -0.000001
v 1.720288 17.941284 -0.000001
v 1.681606 17.888302 -0.000001
v 1.580962 18.051430 -0.000001
v 1.519209 18.010948 -0.000001
v 1.491564 18.240284 -0.000001
v 1.396423 18.152506 -0.000001
v 1.208747 18.361362 -0.000001
v 1.222133 18.229422 -0.000001
v 1.150886 17.986238 -0.000001
v 1.260847 17.909698 -0.000001
v 1.043498 17.830067 -0.000001
v 1.115701 17.728619 -0.000001
v 0.893049 17.748600 -0.000001
v 0.679611 17.738314 -0.000001
v 0.952724 17.623495 -0.000001
v 0.722534 17.599789 -0.000001
v 0.722363 17.523745 -0.000001
v 0.387390 17.579163 -0.000001
v 0.486952 17.453606 -0.000001
v 0.841680 17.473484 -0.000001
v 0.728339 17.338839 -0.000001
v 1.060627 17.443336 -0.000001
v 1.058398 17.306627 -0.000001
v 1.458337 17.405592 -0.000001
v 1.387941 17.283365 -0.000001
v 1.645402 17.209875 -0.000001
v 1.520856 17.143538 -0.000001
v 1.703908 16.948729 -0.000001
v 1.539438 16.952385 -0.000001
v 1.655125 16.707920 -0.000001
v 1.530373 16.768618 -0.000001
v 1.496214 16.462811 -0.000001
v 1.434709 16.584644 -0.000001
v 1.277633 16.372276 -0.000001
v 1.280941 16.512466 -0.000001
v 1.067260 16.451878 -0.000001
v 1.144641 16.566462 -0.000001
v 0.991291 16.625885 -0.000001
v 1.120240 16.661404 -0.000001
v 1.034039 16.809883 -0.000001
v 1.141009 16.724230 -0.000001
v 1.181550 16.860752 -0.000001
v 1.190729 16.741804 -0.000001
v 1.323870 16.819704 -0.000001
v 1.266856 16.733810 -0.000001
v 1.374281 16.678509 -0.000001
v 1.336933 16.655046 -0.000001
v 0.448163 17.877235 -0.000001
v 0.300326 17.743290 -0.000001
v 0.271114 17.835846 -0.000001
v 0.248922 18.015158 -0.000001
v 0.360657 18.017830 -0.000001
v 0.414903 18.185986 -0.000001
v 0.333348 18.248951 -0.000001
v 0.553679 18.343082 -0.000001
v 0.508105 18.437426 -0.000001
v 0.700766 18.370327 -0.000001
v 0.701729 18.474657 -0.000001
v 0.847240 18.315605 -0.000001
v 0.900952 18.400576 -0.000001
v 0.944136 18.165066 -0.000001
v 1.034813 18.191790 -0.000001
v 0.930307 18.079575 -0.000001
v 1.003000 18.032877 -0.000001
v 0.831139 18.007977 -0.000001
v 0.853559 17.938145 -0.000001
v 0.714878 18.019852 -0.000001
v 0.693320 17.953287 -0.000001
v 0.619801 18.082457 -0.000001
v 0.583715 18.043262 -0.000001
v 0.989423 19.974176 -0.000002
v 1.460295 18.735514 -0.000001
v 0.791841 19.070654 -0.000001
v 1.506250 18.571772 -0.000001
v 1.385647 18.621590 -0.000001
v 1.218502 18.292032 -0.000001
v 1.721399 18.670879 -0.000001
v 1.685153 18.593069 -0.000001
v 1.590772 18.569368 -0.000001
v 1.854790 18.340441 -0.000001
v 1.657950 18.582914 -0.000001
v 1.361356 16.655056 -0.000001
v 0.587218 18.076044 -0.000001
v 0.339786 17.656513 -0.000001
v 0.205160 19.658447 -0.043986
v 0.746045 19.159496 -0.043986
v 0.205160 19.888773 -0.043987
v 0.844609 19.316776 -0.043986
v 0.873140 18.986261 -0.043986
v 0.984602 19.132452 -0.043986
v 1.297254 19.515100 -0.043986
v 1.425707 19.412596 -0.043986
v 1.188865 19.237822 -0.043986
v 1.096708 19.368149 -0.043986
v 1.470935 19.757692 -0.043986
v 1.625130 19.682566 -0.043986
v 1.476207 19.890135 -0.043987
v 1.627369 19.965288 -0.043987
v 1.361255 20.121534 -0.043987
v 1.478453 20.228680 -0.043987
v 1.257075 20.202440 -0.043987
v 1.260195 20.356955 -0.043987
v 1.037752 20.202440 -0.043987
v 1.040873 20.361202 -0.043987
v 0.852235 20.045250 -0.043987
v 0.713081 20.121746 -0.043987
v 0.836384 19.879065 -0.043987
v 0.677600 19.877285 -0.043987
v 0.934467 20.142925 -0.043987
v 0.858378 20.255886 -0.043987
v 0.912701 19.724796 -0.043986
v 0.792608 19.620905 -0.043986
v 1.061025 19.707451 -0.041198
v 1.054931 19.558853 -0.041198
v 1.192207 19.779650 -0.036712
v 1.246589 19.725916 -0.036712
v 1.208805 19.852976 -0.031201
v 1.274097 19.852776 -0.031201
v 1.151007 19.950283 -0.023798
v 1.183290 20.004663 -0.023798
v 1.003700 19.959337 -0.011849
v 0.995500 19.998262 -0.011849
v 1.206389 18.499720 -0.043986
v 1.251719 18.650408 -0.043986
v 1.090470 18.804152 -0.043986
v 1.058891 18.724911 -0.043986
v 1.022687 18.922506 -0.043986
v 0.957336 18.869055 -0.043986
v 1.479690 18.308893 -0.043986
v 1.500352 18.545721 -0.043986
v 1.660102 18.368391 -0.043986
v 1.694462 18.580616 -0.043986
v 1.745771 18.415764 -0.043986
v 1.814417 18.558805 -0.043986
v 1.742444 18.757277 -0.043986
v 1.862399 18.735468 -0.043986
v 1.707886 18.883875 -0.042884
v 1.822825 18.914181 -0.042884
v 1.644778 18.946623 -0.039599
v 1.702281 19.030293 -0.039599
v 1.495944 18.920069 -0.031690
v 1.433733 18.986946 -0.031690
v 1.470206 18.763966 -0.011798
v 1.430288 18.752819 -0.011798
v 1.463275 18.853817 -0.024175
v 1.397690 18.871195 -0.024175
v 1.544492 19.039383 -0.035914
v 1.554776 18.958519 -0.035914
v 1.727244 18.319271 -0.035188
v 1.763853 18.370350 -0.035188
v 1.832749 18.311737 -0.013125
v 1.831408 18.359228 -0.013125
v 1.796412 18.361692 -0.028302
v 1.764622 18.297083 -0.028302
v 1.836471 18.471977 -0.043986
v 1.865779 18.533049 -0.043986
v 1.979177 18.462980 -0.043986
v 1.999621 18.527561 -0.043986
v 2.095371 18.357893 -0.043986
v 2.148432 18.400003 -0.043986
v 2.132050 18.190977 -0.043986
v 2.199787 18.190344 -0.043986
v 2.120081 18.089273 -0.043986
v 2.182336 18.062572 -0.043986
v 2.000865 17.948717 -0.043986
v 2.036772 17.891277 -0.043986
v 1.878472 17.912781 -0.043986
v 1.876734 17.845064 -0.043986
v 1.720834 17.942268 -0.043986
v 1.681334 17.887239 -0.043986
v 1.577899 18.050358 -0.043986
v 1.521242 18.013227 -0.043986
v 1.470554 18.240252 -0.043986
v 1.388156 18.170824 -0.043986
v 1.242495 18.230181 -0.043986
v 1.237632 18.365721 -0.043986
v 1.163419 17.981163 -0.043986
v 1.249287 17.917671 -0.043986
v 0.896438 17.737007 -0.043986
v 0.948637 17.634968 -0.043986
v 0.673696 17.718330 -0.043986
v 0.694386 17.616291 -0.043986
v 1.107990 17.737206 -0.043986
v 1.051077 17.821228 -0.043986
v 0.321077 17.750767 -0.043986
v 0.407485 17.592699 -0.043986
v 0.696109 17.512928 -0.043986
v 0.501859 17.470602 -0.043986
v 0.838918 17.459820 -0.043986
v 0.733465 17.354799 -0.043986
v 1.059069 17.430815 -0.043986
v 1.059429 17.319130 -0.043986
v 1.452326 17.393627 -0.043986
v 1.393648 17.295485 -0.043986
v 1.632737 17.203253 -0.043986
v 1.534336 17.149031 -0.043986
v 1.688869 16.948608 -0.043986
v 1.554045 16.952730 -0.043986
v 1.642905 16.712898 -0.043986
v 1.543222 16.766188 -0.043986
v 1.488695 16.472569 -0.043986
v 1.443262 16.576069 -0.043986
v 1.277551 16.385845 -0.043986
v 1.281352 16.498814 -0.043986
v 1.075670 16.461796 -0.043986
v 1.134773 16.558146 -0.043986
v 1.002392 16.627441 -0.043986
v 1.109664 16.663069 -0.043986
v 1.043509 16.802013 -0.043986
v 1.134140 16.734468 -0.043986
v 1.182406 16.850286 -0.038484
v 1.191896 16.751848 -0.038484
v 1.318218 16.811632 -0.030398
v 1.273225 16.741415 -0.030398
v 1.369542 16.676058 -0.012425
v 1.341004 16.658440 -0.012425
v 0.350092 18.014488 -0.043986
v 0.259749 18.014488 -0.043986
v 0.288608 17.839237 -0.043986
v 0.435551 17.859982 -0.043986
v 0.409353 18.189123 -0.043986
v 0.338789 18.245539 -0.043986
v 0.550117 18.349369 -0.043986
v 0.511511 18.431047 -0.043986
v 0.701464 18.377308 -0.043986
v 0.701309 18.467649 -0.043986
v 0.851335 18.320461 -0.042785
v 0.897184 18.395426 -0.042785
v 0.949573 18.165897 -0.040687
v 1.029453 18.190435 -0.040687
v 0.934330 18.076305 -0.037032
v 0.998661 18.035728 -0.037032
v 0.831920 18.003403 -0.031205
v 0.852273 17.942627 -0.031205
v 0.712686 18.015984 -0.026015
v 0.694961 17.957502 -0.026015
v 0.617673 18.080349 -0.014285
v 0.585662 18.045681 -0.014285
v 0.795327 19.238138 -0.086541
v 0.205160 19.773611 -0.086541
v 0.928872 19.059357 -0.086541
v 1.142787 19.302986 -0.086541
v 1.361480 19.463850 -0.086541
v 1.548033 19.720129 -0.086541
v 1.551788 19.927711 -0.086542
v 1.419854 20.175108 -0.086542
v 1.258635 20.279697 -0.086542
v 1.039312 20.281822 -0.086542
v 0.896422 20.199406 -0.086542
v 0.782658 20.083498 -0.086542
v 0.756992 19.878176 -0.086541
v 0.852654 19.672852 -0.086541
v 1.057978 19.633152 -0.081054
v 1.219398 19.752783 -0.072227
v 1.241451 19.852875 -0.061387
v 1.167149 19.977472 -0.046820
v 0.999212 19.975388 -0.023308
v 0.862099 19.148746 -0.086541
v 0.914606 19.224615 -0.086541
v 1.074681 18.764532 -0.086541
v 1.241387 18.563622 -0.086541
v 0.990012 18.895782 -0.086541
v 1.490021 18.444710 -0.086541
v 1.607446 18.437223 -0.086541
v 1.767833 18.619024 -0.086541
v 1.802421 18.746374 -0.086541
v 1.765356 18.899027 -0.084374
v 1.673530 18.988457 -0.077912
v 1.549634 18.998951 -0.070661
v 1.430482 18.862505 -0.047563
v 1.457691 18.744772 -0.019452
v 1.464838 18.953508 -0.062348
v 0.809593 19.083803 -0.043986
v 1.379277 18.473106 -0.086541
v 1.376036 18.598064 -0.043986
v 1.350805 18.302986 -0.086541
v 1.312195 18.200502 -0.086541
v 1.370289 18.376705 -0.086541
v 1.429355 18.205538 -0.086541
v 1.331500 18.251745 -0.086541
v 1.243496 18.297951 -0.043986
v 1.851125 18.502514 -0.086541
v 1.989399 18.495272 -0.086541
v 2.121901 18.378948 -0.086541
v 2.165918 18.190660 -0.086541
v 2.151209 18.075924 -0.086541
v 2.018819 17.919998 -0.086541
v 1.877603 17.878923 -0.086541
v 1.701084 17.914755 -0.086541
v 1.732612 18.539036 -0.086541
v 1.789489 18.494120 -0.086541
v 1.549571 18.031794 -0.086541
v 1.732703 18.668947 -0.043986
v 1.593082 18.543665 -0.043986
v 1.780517 18.328135 -0.055682
v 1.844079 18.336521 -0.025825
v 1.745548 18.343557 -0.069230
v 1.715238 18.396135 -0.086541
v 1.686257 18.471476 -0.086541
v 1.663373 18.560898 -0.043986
v 1.079534 17.779217 -0.086541
v 0.922537 17.685989 -0.086541
v 0.684041 17.667311 -0.086541
v 1.206353 17.949419 -0.086541
v 0.604662 17.503122 -0.086541
v 0.786191 17.407310 -0.086541
v 1.059249 17.374973 -0.086541
v 1.422987 17.344557 -0.086541
v 1.583536 17.176142 -0.086541
v 1.621457 16.950670 -0.086541
v 1.593063 16.739544 -0.086541
v 1.465979 16.524321 -0.086541
v 1.279451 16.442331 -0.086541
v 1.105222 16.509972 -0.086541
v 1.056028 16.645256 -0.086541
v 1.088824 16.768242 -0.086541
v 1.187151 16.801067 -0.075715
v 1.295721 16.776524 -0.059808
v 1.355462 16.667248 -0.024446
v 0.362079 17.849611 -0.086541
v 0.304921 18.014488 -0.086541
v 0.374072 18.217331 -0.086541
v 0.530814 18.390209 -0.086541
v 0.701386 18.422480 -0.086541
v 0.874259 18.357943 -0.084176
v 0.989512 18.178165 -0.080049
v 0.966496 18.056017 -0.072858
v 0.842097 17.973017 -0.061395
v 0.703823 17.986746 -0.051183
v 0.601668 18.063015 -0.028104
v 0.517079 17.600563 -0.086541
v 0.424815 17.734058 -0.086541
v 0.471004 17.667311 -0.086541
v 0.360841 17.667309 -0.043986
v 0.017622 22.620150 0.010172
v 0.010174 22.620150 0.017618
v 0.000000 22.620150 0.020346
v -0.010173 22.620150 0.017618
v -0.017621 22.620150 0.010172
v -0.020347 22.620150 -0.000002
v -0.017621 22.620148 -0.010176
v -0.010173 22.620148 -0.017622
v 0.000000 22.620150 -0.020350
v 0.010174 22.620148 -0.017622
v 0.017622 22.620148 -0.010176
v 0.020348 22.620150 -0.000002
v -0.111232 20.623505 0.192659
v 0.000000 20.623505 0.222464
v 0.111233 20.623505 0.192659
v 0.192661 20.623507 0.111231
v 0.222466 20.623505 -0.000002
v 0.192661 20.623505 -0.111235
v 0.111233 20.623505 -0.192661
v 0.000000 20.623507 -0.222466
v -0.111232 20.623505 -0.192661
v -0.192660 20.623505 -0.111235
v -0.222465 20.623505 -0.000002
v -0.192660 20.623507 0.111231
v -0.111232 20.138872 0.192659
v 0.000000 20.138872 0.222464
v 0.111233 20.138872 0.192659
v 0.192661 20.138872 0.111231
v 0.222466 20.138872 -0.000002
v 0.192661 20.138872 -0.111235
v 0.111233 20.138872 -0.192661
v 0.000000 20.138872 -0.222466
v -0.111232 20.138872 -0.192661
v -0.192660 20.138872 -0.111235
v -0.222465 20.138872 -0.000002
v -0.192660 20.138872 0.111231
v 0.192661 7.893148 0.111232
v 0.222466 7.893148 -0.000001
v 0.192661 7.893148 -0.111232
v 0.111233 7.893148 -0.192660
v 0.000000 7.893148 -0.222467
v -0.111232 7.893148 -0.192660
v -0.192660 7.893148 -0.111232
v -0.222465 7.893148 -0.000001
v -0.192660 7.893148 0.111232
v -0.111232 7.893147 0.192660
v 0.000000 7.893148 0.222465
v 0.111233 7.893147 0.192660
v 0.111233 7.083175 0.192660
v 0.192661 7.083177 0.111232
v 0.222465 7.083177 -0.000001
v 0.192661 7.083177 -0.111232
v 0.111233 7.083177 -0.192660
v 0.000000 7.083177 -0.222467
v -0.111232 7.083177 -0.192660
v -0.192660 7.083177 -0.111232
v -0.222465 7.083177 -0.000001
v -0.192660 7.083177 0.111232
v -0.111232 7.083175 0.192660
v 0.000000 7.083177 0.222465
v 0.222465 5.962530 -0.000000
v 0.192661 5.962530 -0.111233
v 0.111233 5.962530 -0.192661
v 0.000000 5.962530 -0.222466
v -0.111232 5.962530 -0.192661
v -0.192660 5.962530 -0.111233
v -0.222465 5.962530 -0.000000
v -0.192660 5.962530 0.111233
v -0.111232 5.962528 0.192661
v 0.000000 5.962530 0.222466
v 0.111233 5.962528 0.192661
v 0.192661 5.962530 0.111233
v 0.192661 5.857122 0.111233
v 0.222465 5.857122 -0.000000
v 0.192661 5.857122 -0.111233
v 0.111233 5.857122 -0.192661
v 0.000000 5.857122 -0.222466
v -0.111232 5.857122 -0.192661
v -0.192660 5.857122 -0.111233
v -0.222465 5.857122 -0.000000
v -0.192660 5.857122 0.111233
v -0.111232 5.857121 0.192661
v 0.000000 5.857122 0.222466
v 0.111233 5.857121 0.192661
v 0.501653 0.769549 -0.000000
v 0.434444 0.769549 -0.250824
v 0.250827 0.769549 -0.434444
v 0.000000 0.769549 -0.501656
v -0.250826 0.769549 -0.434444
v -0.434443 0.769549 -0.250824
v -0.501652 0.769549 -0.000000
v -0.434443 0.769549 0.250824
v -0.250826 0.769549 0.434444
v 0.000000 0.769549 0.501656
v 0.250827 0.769549 0.434444
v 0.434444 0.769549 0.250824
v 0.000000 21.209019 0.222464
v 0.111233 21.209019 0.192659
v 0.192661 21.209019 0.111231
v 0.222466 21.209019 -0.000002
v 0.192661 21.209019 -0.111235
v 0.111233 21.209019 -0.192663
v 0.000000 21.209019 -0.222468
v -0.111232 21.209019 -0.192663
v -0.192660 21.209019 -0.111235
v -0.222465 21.209019 -0.000002
v -0.192660 21.209019 0.111231
v -0.111232 21.209019 0.192659
v 0.000000 21.819902 0.324541
v 0.162272 21.819902 0.281061
v 0.281063 21.819904 0.162271
v 0.324543 21.819902 -0.000002
v 0.281063 21.819904 -0.162275
v 0.162272 21.819902 -0.281065
v 0.000000 21.819902 -0.324545
v -0.162271 21.819902 -0.281065
v -0.281062 21.819904 -0.162275
v -0.324543 21.819902 -0.000002
v -0.281062 21.819904 0.162271
v -0.162271 21.819902 0.281061
v 0.000000 21.506493 0.295374
v 0.147689 21.506493 0.255804
v 0.255805 21.506493 0.147688
v 0.295378 21.506493 -0.000002
v 0.255805 21.506493 -0.147692
v 0.147689 21.506491 -0.255808
v 0.000000 21.506493 -0.295378
v -0.147688 21.506491 -0.255808
v -0.255804 21.506493 -0.147692
v -0.295377 21.506493 -0.000002
v -0.255804 21.506493 0.147688
v -0.147688 21.506493 0.255804
v 0.000000 22.204908 0.280794
v 0.140398 22.204908 0.243174
v 0.243176 22.204908 0.140398
v 0.280796 22.204906 -0.000002
v 0.243176 22.204906 -0.140402
v 0.140398 22.204906 -0.243178
v 0.000000 22.204906 -0.280798
v -0.140398 22.204906 -0.243178
v -0.243175 22.204906 -0.140402
v -0.280795 22.204906 -0.000002
v -0.243175 22.204908 0.140398
v -0.140398 22.204908 0.243174
v 0.000000 22.620150 -0.000002
v 0.000000 22.620150 0.010172
v 0.000000 22.620150 -0.010176
v 0.102211 22.408226 0.177030
v 0.177034 22.408224 0.102209
v 0.204422 22.408226 -0.000002
v 0.177034 22.408226 -0.102213
v 0.102211 22.408226 -0.177034
v 0.000000 22.408226 -0.204424
v -0.102211 22.408226 -0.177034
v -0.177034 22.408226 -0.102213
v -0.204421 22.408226 -0.000002
v -0.177034 22.408224 0.102209
v -0.102211 22.408226 0.177030
v 0.000000 22.408226 0.204420
v -0.091804 20.256634 0.159006
v 0.000000 20.256634 0.183605
v -0.091804 20.138872 0.159006
v 0.000000 20.138872 0.183605
v 0.091805 20.256634 0.159006
v 0.091805 20.138872 0.159006
v 0.159009 20.256632 0.091803
v 0.159009 20.138870 0.091803
v 0.183608 20.256634 -0.000002
v 0.183608 20.138872 -0.000002
v 0.159009 20.256634 -0.091807
v 0.159009 20.138872 -0.091807
v 0.091805 20.256632 -0.159010
v 0.091805 20.138872 -0.159010
v 0.000000 20.256634 -0.183609
v 0.000000 20.138872 -0.183609
v -0.091804 20.256632 -0.159010
v -0.091804 20.138872 -0.159010
v -0.159009 20.256634 -0.091807
v -0.159009 20.138872 -0.091807
v -0.183607 20.256634 -0.000002
v -0.183607 20.138872 -0.000002
v -0.159009 20.256632 0.091803
v -0.159009 20.138870 0.091803
v 0.092705 7.177488 0.160569
v 0.160570 7.177489 0.092704
v 0.092705 7.083175 0.160569
v 0.160570 7.083177 0.092704
v 0.185410 7.177489 -0.000001
v 0.185410 7.083177 -0.000001
v 0.160570 7.177489 -0.092706
v 0.160570 7.083177 -0.092706
v 0.092705 7.177489 -0.160569
v 0.092705 7.083177 -0.160569
v 0.000000 7.177489 -0.185411
v 0.000000 7.083177 -0.185411
v -0.092704 7.177489 -0.160569
v -0.092704 7.083177 -0.160569
v -0.160569 7.177489 -0.092706
v -0.160569 7.083177 -0.092706
v -0.185409 7.177489 -0.000001
v -0.185409 7.083177 -0.000001
v -0.160569 7.177489 0.092704
v -0.160569 7.083177 0.092704
v -0.092704 7.177488 0.160569
v -0.092704 7.083175 0.160569
v 0.000000 7.177489 0.185409
v 0.000000 7.083177 0.185409
v -0.128011 6.231553 0.221722
v 0.000000 6.231554 0.256023
v 0.128012 6.231553 0.221722
v 0.221723 6.231554 0.128012
v 0.256023 6.231554 -0.000000
v 0.221723 6.231554 -0.128010
v 0.128012 6.231554 -0.221722
v 0.000000 6.231554 -0.256023
v -0.128011 6.231554 -0.221722
v -0.221722 6.231554 -0.128010
v -0.256023 6.231554 -0.000000
v -0.221722 6.231554 0.128012
v 0.169671 5.363372 -0.000000
v 0.146940 5.363372 -0.084835
v 0.169671 5.241322 -0.000000
v 0.146940 5.241322 -0.084835
v 0.084836 5.363372 -0.146940
v 0.084836 5.241322 -0.146938
v 0.000000 5.363372 -0.169672
v 0.000000 5.241322 -0.169674
v -0.084835 5.363372 -0.146940
v -0.084835 5.241322 -0.146938
v -0.146939 5.363372 -0.084835
v -0.146939 5.241322 -0.084835
v -0.169671 5.363372 -0.000000
v -0.169671 5.241322 -0.000000
v -0.146939 5.363372 0.084835
v -0.146939 5.241322 0.084835
v -0.084835 5.363370 0.146940
v -0.084835 5.241321 0.146940
v 0.000000 5.363372 0.169672
v 0.000000 5.241322 0.169672
v 0.084836 5.363370 0.146940
v 0.084836 5.241321 0.146940
v 0.146940 5.363372 0.084835
v 0.146940 5.241322 0.084835
v 0.791800 1.235276 0.457142
v 0.914293 1.235276 -0.000000
v 0.791800 1.235276 -0.457142
v 0.457147 1.235276 -0.791798
v 0.000000 1.235276 -0.914295
v -0.457146 1.235276 -0.791798
v -0.791800 1.235276 -0.457142
v -0.914292 1.235276 -0.000000
v -0.791800 1.235276 0.457142
v -0.457146 1.235276 0.791801
v 0.000000 1.235276 0.914295
v 0.457147 1.235276 0.791801
v 0.385778 1.541311 0.668186
v 0.668187 1.541311 0.385777
v 0.771555 1.541311 -0.000000
v 0.668187 1.541311 -0.385773
v 0.385778 1.541311 -0.668186
v 0.000000 1.541311 -0.771557
v -0.385777 1.541311 -0.668186
v -0.668186 1.541311 -0.385773
v -0.771554 1.541311 -0.000000
v -0.668186 1.541311 0.385777
v -0.385777 1.541311 0.668186
v 0.000000 1.541311 0.771557
v 0.363118 0.931723 0.628941
v 0.628939 0.931723 0.363113
v 0.726236 0.931723 -0.000000
v 0.628939 0.931723 -0.363113
v 0.363118 0.931723 -0.628941
v 0.000000 0.931723 -0.726238
v -0.363117 0.931723 -0.628941
v -0.628938 0.931723 -0.363113
v -0.726235 0.931723 -0.000000
v -0.628938 0.931723 0.363113
v -0.363117 0.931723 0.628941
v 0.000000 0.931723 0.726238
v -0.452342 0.574877 0.261158
v -0.261159 0.574876 0.452343
v 0.000000 0.574877 0.522324
v 0.261160 0.574876 0.452343
v 0.452342 0.574877 0.261158
v 0.522319 0.574877 -0.000000
v 0.452342 0.574877 -0.261158
v 0.261160 0.574877 -0.452339
v 0.000000 0.574877 -0.522324
v -0.261159 0.574877 -0.452339
v -0.452342 0.574877 -0.261158
v -0.522318 0.574877 -0.000000
v -1.186454 0.000000 0.684994
v -0.685006 -0.000003 1.186447
v 0.000000 0.000000 1.369995
v 0.685008 -0.000003 1.186447
v 1.186456 0.000000 0.684994
v 1.369996 0.000000 0.000000
v 1.186454 -0.000000 -0.684994
v 0.685007 -0.000000 -1.186447
v 0.000000 -0.000000 -1.369995
v -0.685005 -0.000000 -1.186447
v -1.186453 -0.000000 -0.684994
v -1.369996 0.000000 0.000000
v -1.186454 0.334665 0.684994
v -1.097686 0.454975 0.633743
v -0.633755 0.454973 1.097679
v -0.685006 0.334663 1.186447
v 0.000000 0.454978 1.267494
v 0.000000 0.334665 1.369995
v 0.633757 0.454973 1.097679
v 0.685008 0.334663 1.186447
v 1.097687 0.454975 0.633743
v 1.186456 0.334665 0.684994
v 1.267496 0.454975 -0.000000
v 1.369996 0.334665 -0.000000
v 1.097686 0.454975 -0.633747
v 1.186454 0.334665 -0.684998
v 0.633755 0.454975 -1.097679
v 0.685007 0.334665 -1.186447
v 0.000000 0.454978 -1.267494
v 0.000000 0.334665 -1.369995
v -0.633754 0.454975 -1.097683
v -0.685005 0.334665 -1.186447
v -1.097686 0.454975 -0.633747
v -1.186453 0.334665 -0.684994
v -1.267495 0.454975 -0.000000
v -1.369995 0.334665 -0.000000
v 0.423096 1.743873 -0.000000
v 0.305319 1.818142 -0.000000
v 0.264414 1.818142 -0.152657
v 0.366413 1.743873 -0.211548
v 0.152659 1.818142 -0.264412
v 0.211548 1.743873 -0.366409
v 0.000000 1.818142 -0.305321
v 0.000000 1.743873 -0.423096
v -0.152658 1.818142 -0.264412
v -0.211547 1.743873 -0.366409
v -0.264413 1.818142 -0.152657
v -0.366412 1.743873 -0.211548
v -0.305317 1.818142 -0.000000
v -0.423095 1.743873 -0.000000
v -0.264413 1.818142 0.152657
v -0.366412 1.743873 0.211548
v -0.152658 1.818142 0.264412
v -0.211547 1.743873 0.366413
v 0.000000 1.818142 0.305321
v 0.000000 1.743873 0.423096
v 0.152659 1.818142 0.264412
v 0.211548 1.743873 0.366413
v 0.264414 1.818142 0.152657
v 0.366413 1.743873 0.211548
v 0.355668 5.800661 0.205343
v 0.306771 5.857122 0.177113
v 0.354228 5.857122 -0.000000
v 0.410689 5.800661 -0.000000
v 0.306771 5.857122 -0.177113
v 0.355668 5.800661 -0.205343
v 0.177115 5.857122 -0.306770
v 0.205346 5.800661 -0.355665
v 0.000000 5.857122 -0.354229
v 0.000000 5.800661 -0.410688
v -0.177114 5.857122 -0.306770
v -0.205345 5.800661 -0.355667
v -0.306770 5.857122 -0.177113
v -0.355667 5.800661 -0.205343
v -0.354227 5.857122 -0.000000
v -0.410689 5.800661 -0.000000
v -0.306770 5.857122 0.177113
v -0.355667 5.800661 0.205343
v -0.177114 5.857121 0.306770
v -0.205345 5.800659 0.355667
v 0.000000 5.857122 0.354229
v 0.000000 5.800661 0.410690
v 0.177115 5.857121 0.306770
v 0.205346 5.800659 0.355667
v 0.355668 5.435670 0.205343
v 0.293056 5.363372 0.169195
v 0.410689 5.435670 -0.000000
v 0.338391 5.363372 -0.000000
v 0.355668 5.435670 -0.205343
v 0.293056 5.363372 -0.169195
v 0.205346 5.435670 -0.355667
v 0.169197 5.363372 -0.293055
v 0.000000 5.435670 -0.410690
v 0.000000 5.363372 -0.338392
v -0.205345 5.435670 -0.355667
v -0.169196 5.363372 -0.293055
v -0.355667 5.435670 -0.205343
v -0.293055 5.363372 -0.169195
v -0.410689 5.435670 -0.000000
v -0.338391 5.363372 -0.000000
v -0.355667 5.435670 0.205343
v -0.293055 5.363372 0.169195
v -0.205345 5.435668 0.355667
v -0.169196 5.363370 0.293055
v 0.000000 5.435670 0.410690
v 0.000000 5.363372 0.338392
v 0.205346 5.435669 0.355667
v 0.169197 5.363370 0.293055
v 0.169803 5.241322 0.098034
v 0.192661 5.214928 0.111233
v 0.196071 5.241322 -0.000000
v 0.222466 5.214928 -0.000000
v 0.169803 5.241322 -0.098034
v 0.192661 5.214928 -0.111233
v 0.098036 5.241322 -0.169804
v 0.111233 5.214928 -0.192661
v 0.000000 5.241322 -0.196072
v 0.000000 5.214928 -0.222466
v -0.098035 5.241322 -0.169804
v -0.111232 5.214928 -0.192661
v -0.169802 5.241322 -0.098034
v -0.192660 5.214928 -0.111233
v -0.196071 5.241322 -0.000000
v -0.222465 5.214928 -0.000000
v -0.169802 5.241322 0.098034
v -0.192660 5.214928 0.111233
v -0.098035 5.241321 0.169802
v -0.111232 5.214927 0.192659
v 0.000000 5.241322 0.196072
v 0.000000 5.214928 0.222466
v 0.098036 5.241321 0.169802
v 0.111233 5.214927 0.192659
v 0.000000 6.009012 0.307178
v 0.000000 5.962531 0.270168
v 0.153589 6.009010 0.266024
v 0.135084 5.962529 0.233973
v 0.266023 6.009012 0.153587
v 0.233973 5.962531 0.135084
v 0.307177 6.009012 -0.000000
v 0.270168 5.962531 -0.000000
v 0.266023 6.009012 -0.153587
v 0.233973 5.962531 -0.135082
v 0.153589 6.009012 -0.266024
v 0.135084 5.962531 -0.233973
v 0.000000 6.009012 -0.307177
v 0.000000 5.962531 -0.270168
v -0.153588 6.009012 -0.266024
v -0.135083 5.962531 -0.233973
v -0.266023 6.009012 -0.153587
v -0.233972 5.962531 -0.135082
v -0.307176 6.009012 -0.000000
v -0.270167 5.962531 -0.000000
v -0.266023 6.009012 0.153587
v -0.233972 5.962531 0.135084
v -0.153588 6.009010 0.266024
v -0.135083 5.962529 0.233973
v 0.282532 7.538167 0.163117
v 0.237601 7.621308 0.137177
v 0.274358 7.621308 -0.000001
v 0.326240 7.538166 -0.000001
v 0.237601 7.621308 -0.137179
v 0.282532 7.538167 -0.163119
v 0.137179 7.621308 -0.237601
v 0.163121 7.538167 -0.282533
v 0.000000 7.621308 -0.274360
v 0.000000 7.538166 -0.326242
v -0.137178 7.621308 -0.237601
v -0.163120 7.538167 -0.282533
v -0.237600 7.621308 -0.137179
v -0.282531 7.538166 -0.163119
v -0.274357 7.621308 -0.000001
v -0.326239 7.538166 -0.000001
v -0.237600 7.621308 0.137177
v -0.282531 7.538167 0.163119
v -0.137178 7.621306 0.237599
v -0.163120 7.538165 0.282531
v 0.000000 7.621308 0.274358
v 0.000000 7.538166 0.326240
v 0.137179 7.621306 0.237599
v 0.163120 7.538165 0.282531
v 0.282532 7.279157 0.163117
v 0.221557 7.177489 0.127913
v 0.326240 7.279156 -0.000001
v 0.255832 7.177489 -0.000001
v 0.282532 7.279157 -0.163119
v 0.221557 7.177489 -0.127915
v 0.163121 7.279157 -0.282533
v 0.127916 7.177489 -0.221557
v 0.000000 7.279157 -0.326242
v 0.000000 7.177489 -0.255834
v -0.163120 7.279157 -0.282533
v -0.127915 7.177489 -0.221557
v -0.282531 7.279157 -0.163119
v -0.221556 7.177489 -0.127915
v -0.326239 7.279157 -0.000001
v -0.255831 7.177489 -0.000001
v -0.282531 7.279156 0.163117
v -0.221556 7.177489 0.127913
v -0.163120 7.279156 0.282531
v -0.127915 7.177488 0.221557
v 0.000000 7.279157 0.326240
v 0.000000 7.177489 0.255832
v 0.163121 7.279156 0.282531
v 0.127916 7.177488 0.221557
v 0.150059 7.893148 0.086635
v 0.173273 7.893148 -0.000001
v 0.150059 7.621308 0.086635
v 0.173273 7.621308 -0.000001
v 0.150059 7.893148 -0.086637
v 0.150059 7.621308 -0.086637
v 0.086637 7.893148 -0.150060
v 0.086637 7.621308 -0.150060
v 0.000000 7.893149 -0.173274
v 0.000000 7.621307 -0.173274
v -0.086636 7.893149 -0.150060
v -0.086636 7.621308 -0.150060
v -0.150058 7.893149 -0.086637
v -0.150058 7.621308 -0.086637
v -0.173273 7.893148 -0.000001
v -0.173273 7.621308 -0.000001
v -0.150058 7.893148 0.086635
v -0.150058 7.621308 0.086635
v -0.086636 7.893147 0.150058
v -0.086636 7.621307 0.150058
v 0.000000 7.893148 0.173272
v 0.000000 7.621308 0.173272
v 0.086637 7.893147 0.150058
v 0.086637 7.621306 0.150058
v -0.161463 20.576330 0.279663
v -0.130598 20.623507 0.226202
v 0.000000 20.623507 0.261194
v 0.000000 20.576332 0.322925
v 0.130599 20.623507 0.226202
v 0.161464 20.576330 0.279663
v 0.226204 20.623505 0.130598
v 0.279665 20.576330 0.161463
v 0.261198 20.623505 -0.000002
v 0.322929 20.576330 -0.000002
v 0.226204 20.623507 -0.130600
v 0.279665 20.576330 -0.161467
v 0.130599 20.623505 -0.226206
v 0.161464 20.576330 -0.279667
v 0.000000 20.623505 -0.261198
v 0.000000 20.576330 -0.322929
v -0.130598 20.623505 -0.226206
v -0.161463 20.576330 -0.279667
v -0.226202 20.623507 -0.130600
v -0.279664 20.576330 -0.161467
v -0.261197 20.623505 -0.000002
v -0.322927 20.576330 -0.000002
v -0.226202 20.623505 0.130598
v -0.279664 20.576330 0.161463
v -0.161463 20.323235 0.279663
v -0.120884 20.256634 0.209377
v 0.000000 20.323235 0.322925
v 0.000000 20.256634 0.241768
v 0.161464 20.323235 0.279663
v 0.120885 20.256632 0.209377
v 0.279665 20.323235 0.161463
v 0.209380 20.256634 0.120884
v 0.322929 20.323235 -0.000002
v 0.241771 20.256634 -0.000002
v 0.279665 20.323235 -0.161467
v 0.209380 20.256632 -0.120888
v 0.161464 20.323235 -0.279667
v 0.120885 20.256634 -0.209381
v 0.000000 20.323235 -0.322929
v 0.000000 20.256632 -0.241772
v -0.161463 20.323235 -0.279667
v -0.120884 20.256634 -0.209381
v -0.279664 20.323235 -0.161467
v -0.209379 20.256632 -0.120888
v -0.322927 20.323235 -0.000002
v -0.241770 20.256634 -0.000002
v -0.279664 20.323235 0.161463
v -0.209379 20.256634 0.120884
v 3.624489 23.978722 -0.020746
v 3.332954 24.023046 -0.020746
v 3.036964 24.077217 -0.020746
v 2.813923 24.109741 -0.020746
v 3.857708 23.897154 -0.020746
v 3.835340 24.371944 -0.020746
v 3.563271 24.472515 -0.020746
v 3.282753 24.419250 -0.020746
v 3.026170 24.271982 -0.020746
v 3.964364 24.060453 -0.020746
v 4.094998 23.792429 -0.020746
v 4.108984 23.844805 -0.020746
v 3.436577 23.677462 -0.020746
v 3.159956 23.709854 -0.020746
v 2.792642 23.773840 -0.020746
v 2.424552 23.875837 -0.020746
v 3.654881 23.636587 -0.020746
v 3.236734 23.230055 -0.020746
v 2.903440 23.301229 -0.020746
v 2.562971 23.365196 -0.020746
v 2.099434 23.468494 -0.020746
v 3.604175 23.227949 -0.020746
v 2.207636 23.658356 -0.020746
v 2.668906 23.553680 -0.020746
v 3.021758 23.489704 -0.020746
v 3.328911 23.436419 -0.020746
v 3.642477 23.416431 -0.020746
v 2.950391 22.821419 -0.020746
v 2.617098 22.838902 -0.020746
v 2.207223 22.849184 -0.020746
v 1.410422 22.871939 -0.020746
v 3.286341 22.828117 -0.020746
v 1.547160 23.153963 -0.020746
v 2.349195 23.110323 -0.020746
v 2.786490 23.101656 -0.020746
v 3.131446 23.072531 -0.020746
v 3.507413 23.065767 -0.020746
v 2.902710 22.758661 -0.020746
v 2.606582 22.747032 -0.020746
v 2.280835 22.759426 -0.020746
v 2.484449 22.620743 -0.020746
v 2.346181 22.631039 -0.020746
v 3.081170 22.780767 -0.020746
v 3.037059 22.675703 -0.020746
v 2.946821 22.675703 -0.020746
v 0.494218 23.115408 -0.020746
v 0.461291 22.949060 -0.020746
v 0.924344 23.131342 -0.020746
v 0.840530 22.887533 -0.020746
v 1.250292 23.128353 -0.020746
v 1.138782 22.879374 -0.020746
v 0.435811 23.030119 -0.020746
v 0.881371 23.006338 -0.020746
v 1.193119 23.000698 -0.020746
v 1.477052 23.009371 -0.020746
v 2.261026 22.976435 -0.020746
v 2.683728 22.946478 -0.020746
v 3.017021 22.916506 -0.020746
v 3.392267 22.918915 -0.020746
v 4.025134 23.969151 -0.020746
v 3.963336 23.863525 -0.020746
v 3.803325 23.788500 -0.020746
v 3.546132 23.853100 -0.020746
v 3.260815 23.892450 -0.020746
v 2.942229 23.952160 -0.020746
v 2.639008 24.018295 -0.020746
v 3.624489 23.978724 0.020742
v 3.332954 24.023046 0.020742
v 3.835340 24.371944 0.020742
v 3.563271 24.472515 0.020742
v 3.036964 24.077217 0.020742
v 3.282753 24.419250 0.020742
v 2.813923 24.109741 0.020742
v 3.026170 24.271982 0.020742
v 3.857708 23.897154 0.020742
v 3.964364 24.060453 0.020742
v 4.025134 23.969151 0.020742
v 3.963336 23.863527 0.020742
v 4.094998 23.792429 0.020742
v 4.108984 23.844807 0.020742
v 3.546132 23.853102 0.020742
v 3.260815 23.892452 0.020742
v 3.159956 23.709854 0.020742
v 3.436577 23.677464 0.020742
v 2.942229 23.952162 0.020742
v 2.792642 23.773840 0.020742
v 2.639008 24.018295 0.020742
v 2.424552 23.875837 0.020742
v 3.803325 23.788502 0.020742
v 3.654881 23.636589 0.020742
v 3.021758 23.489706 0.020742
v 3.328911 23.436420 0.020742
v 2.668906 23.553680 0.020742
v 2.207636 23.658358 0.020742
v 3.642477 23.416431 0.020742
v 2.099434 23.468496 0.020742
v 2.562971 23.365198 0.020742
v 2.903440 23.301229 0.020742
v 3.236734 23.230057 0.020742
v 3.604175 23.227949 0.020742
v 2.786490 23.101658 0.020742
v 3.131446 23.072531 0.020742
v 2.349195 23.110325 0.020742
v 1.547160 23.153965 0.020742
v 3.507413 23.065767 0.020742
v 1.477052 23.009373 0.020742
v 2.261026 22.976435 0.020742
v 2.683728 22.946480 0.020742
v 3.017021 22.916506 0.020742
v 3.392267 22.918915 0.020742
v 2.950391 22.821421 0.020742
v 2.617098 22.838902 0.020742
v 2.606582 22.747032 0.020742
v 2.902710 22.758663 0.020742
v 2.207223 22.849186 0.020742
v 2.280835 22.759426 0.020742
v 2.346181 22.631039 0.020742
v 2.484449 22.620745 0.020742
v 3.286341 22.828119 0.020742
v 3.081170 22.780767 0.020742
v 2.946821 22.675703 0.020742
v 3.037059 22.675703 0.020742
v 1.250292 23.128355 0.020742
v 1.193119 23.000698 0.020742
v 0.924344 23.131342 0.020742
v 0.881371 23.006338 0.020742
v 0.494218 23.115408 0.020742
v 0.435811 23.030119 0.020742
v 0.840530 22.887533 0.020742
v 0.461291 22.949062 0.020742
v 1.138782 22.879374 0.020742
v 1.410422 22.871939 0.020742
v 5.405614 15.948092 -0.874653
v 4.395652 15.948092 -0.874653
v 3.890675 15.948092 -0.000001
v 4.395652 15.948092 0.874651
v 5.405614 15.948092 0.874651
v 5.910593 15.948092 -0.000001
v 5.658112 18.771803 -1.311990
v 4.143157 18.771803 -1.311990
v 3.385681 18.771803 -0.000001
v 4.143157 18.771803 1.311988
v 5.658110 18.771803 1.311988
v 6.415588 18.771803 -0.000001
v 5.329651 16.030090 -0.887352
v 4.471615 16.030090 -0.887352
v 4.233784 18.689814 -1.299291
v 5.567484 18.689814 -1.299291
v 4.346673 16.030090 -0.815217
v 3.917658 16.030090 -0.072137
v 3.441992 18.689814 -0.072137
v 4.108842 18.689814 -1.227155
v 3.917658 16.030090 0.072134
v 4.346673 16.030090 0.815215
v 4.108842 18.689814 1.227153
v 3.441992 18.689814 0.072134
v 4.471615 16.030090 0.887350
v 5.329651 16.030090 0.887350
v 5.567482 18.689814 1.299289
v 4.233784 18.689814 1.299289
v 5.454593 16.030090 0.815215
v 5.883609 16.030090 0.072134
v 6.359275 18.689814 0.072134
v 5.692424 18.689814 1.227153
v 5.883610 16.030090 -0.072136
v 5.454593 16.030090 -0.815217
v 5.692426 18.689814 -1.227155
v 6.359275 18.689814 -0.072136
v 5.370384 15.960691 -0.813634
v 4.430882 15.960691 -0.813634
v 4.471615 16.039614 -0.825857
v 5.329652 16.039614 -0.825857
v 4.178386 18.784409 -1.250972
v 4.233783 18.699339 -1.237795
v 5.622882 18.784409 -1.250971
v 5.567484 18.699339 -1.237795
v 3.961134 15.960691 -0.000001
v 3.970914 16.039614 -0.041388
v 4.399930 16.039614 -0.784470
v 3.456140 18.784405 -0.000001
v 3.495249 18.699339 -0.041388
v 4.162098 18.699339 -1.196408
v 4.430882 15.960691 0.813632
v 4.399929 16.039614 0.784466
v 3.970915 16.039614 0.041386
v 4.178385 18.784409 1.250969
v 4.162098 18.699339 1.196406
v 3.495248 18.699339 0.041386
v 5.370384 15.960691 0.813632
v 5.329651 16.039614 0.825855
v 4.471614 16.039614 0.825855
v 5.622880 18.784409 1.250969
v 5.567482 18.699339 1.237793
v 4.233784 18.699339 1.237793
v 5.840133 15.960691 -0.000001
v 5.830352 16.039614 0.041387
v 5.401336 16.039614 0.784468
v 6.345129 18.784409 -0.000001
v 6.306019 18.699339 0.041386
v 5.639168 18.699343 1.196405
v 5.401336 16.039614 -0.784469
v 5.830354 16.039614 -0.041388
v 5.639169 18.699339 -1.196408
v 6.306018 18.699339 -0.041389
v 5.405614 15.948092 -0.874653
v 4.395652 15.948092 -0.874653
v 3.890675 15.948092 -0.000001
v 4.395652 15.948092 0.874651
v 5.405614 15.948092 0.874651
v 5.910593 15.948092 -0.000001
v 5.658112 18.771803 -1.311990
v 4.143157 18.771803 -1.311990
v 3.385681 18.771803 -0.000001
v 4.143157 18.771803 1.311988
v 5.658110 18.771803 1.311988
v 6.415588 18.771803 -0.000001
v 5.179713 19.580305 -0.483380
v 4.621556 19.580305 -0.483380
v 4.342479 19.580305 -0.000001
v 4.621556 19.580305 0.483377
v 5.179713 19.580305 0.483378
v 5.458792 19.580305 -0.000001
v 5.179713 19.760872 -0.483380
v 4.621556 19.760872 -0.483380
v 4.342479 19.760872 -0.000001
v 4.621556 19.760872 0.483377
v 5.179713 19.760872 0.483378
v 5.458792 19.760872 -0.000001
v 5.176496 20.075037 -0.477810
v 4.624773 20.075037 -0.477810
v 4.348910 20.075037 -0.000002
v 4.624773 20.075037 0.477806
v 5.176496 20.075037 0.477806
v 5.452359 20.075037 -0.000002
v 5.278910 19.845814 -0.655196
v 4.522359 19.845814 -0.655196
v 4.522359 19.987940 -0.655196
v 5.278910 19.987940 -0.655196
v 4.144082 19.845814 -0.000001
v 4.144082 19.987940 -0.000002
v 4.522359 19.845814 0.655194
v 4.522359 19.987940 0.655194
v 5.278910 19.845814 0.655194
v 5.278910 19.987940 0.655194
v 5.657187 19.845814 -0.000001
v 5.657187 19.987940 -0.000002
v 4.966497 20.657194 -0.114078
v 4.834773 20.657194 -0.114078
v 4.768912 20.657194 -0.000002
v 4.834773 20.657194 0.114074
v 4.966497 20.657194 0.114074
v 5.032359 20.657194 -0.000002
v 4.966497 20.750422 -0.114078
v 4.834773 20.750422 -0.114078
v 4.900635 20.750422 -0.000002
v 4.768912 20.750422 -0.000002
v 4.834773 20.750422 0.114074
v 4.966497 20.750422 0.114074
v 5.032359 20.750422 -0.000002
v 5.293607 19.916878 0.680647
v 4.507663 19.916878 0.680647
v 4.114691 19.916878 -0.000002
v 4.507663 19.916878 -0.680650
v 5.293607 19.916878 -0.680650
v 5.686581 19.916878 -0.000002
v 5.060059 20.241646 0.276129
v 4.741211 20.241646 0.276129
v 4.581788 20.241646 -0.000002
v 4.741211 20.241646 -0.276133
v 5.060059 20.241646 -0.276133
v 5.219483 20.241646 -0.000002
v 5.525420 19.154041 1.062288
v 6.132622 19.154041 0.001532
v 5.525420 19.154041 -1.041125
v 4.311015 19.154041 -1.041125
v 3.703812 19.154041 0.001532
v 4.311015 19.154041 1.062288
v 5.806712 18.752810 -1.569375
v 3.994556 18.752810 -1.569375
v 3.994556 18.894979 -1.569375
v 5.806712 18.894979 -1.569375
v 3.088477 18.752810 -0.000001
v 3.088477 18.894979 -0.000001
v 3.994556 18.752810 1.569373
v 3.994556 18.894979 1.569373
v 5.806711 18.752810 1.569373
v 5.806711 18.894979 1.569373
v 6.712790 18.752810 -0.000001
v 6.712790 18.894979 -0.000001
v 5.175578 15.948092 -0.476218
v 4.625688 15.948092 -0.476218
v 4.350747 15.948092 -0.000001
v 4.625688 15.948092 0.476216
v 5.175578 15.948092 0.476216
v 5.450521 15.948092 -0.000001
v 4.973573 15.177439 -0.126336
v 4.827694 15.177439 -0.126336
v 4.900633 15.083304 -0.000001
v 4.754755 15.177439 -0.000001
v 4.827694 15.177439 0.126334
v 4.973573 15.177439 0.126334
v 5.046512 15.177439 -0.000001
v 5.049883 15.562767 0.258507
v 5.199132 15.562767 -0.000001
v 5.049883 15.562767 -0.258509
v 4.751384 15.562767 -0.258509
v 4.602134 15.562767 -0.000001
v 4.751384 15.562767 0.258507
v 5.405614 15.995782 -0.874653
v 4.395652 15.995782 -0.874653
v 3.890675 15.995782 -0.000001
v 4.395652 15.995782 0.874651
v 5.405614 15.995782 0.874651
v 5.910593 15.995782 -0.000001
v 4.900633 15.995782 -0.000001
v 4.900635 18.858067 -0.000001
v 4.980708 17.046366 -0.080076
v 4.900633 17.046366 -0.113244
v 4.820559 17.046366 -0.080076
v 4.787391 17.046366 -0.000001
v 4.820559 17.046366 0.080074
v 4.900633 17.046366 0.113242
v 4.980708 17.046366 0.080074
v 5.013876 17.046366 -0.000001
v 5.013876 16.844193 -0.000001
v 4.980708 16.844193 -0.080076
v 4.900633 16.844193 -0.113244
v 4.820559 16.844193 -0.080076
v 4.787391 16.844193 -0.000001
v 4.820559 16.844193 0.080074
v 4.900633 16.844193 0.113242
v 4.980708 16.844193 0.080074
v 4.990763 16.844193 -0.000001
v 4.964365 16.844193 -0.063732
v 4.900633 16.844193 -0.090130
v 4.836903 16.844193 -0.063732
v 4.810504 16.844193 -0.000001
v 4.836903 16.844193 0.063730
v 4.900633 16.844193 0.090128
v 4.964365 16.844193 0.063730
v 5.002637 16.439932 -0.000001
v 4.972760 16.439932 -0.072128
v 4.900633 16.439932 -0.102004
v 4.828506 16.439932 -0.072128
v 4.798631 16.439932 -0.000001
v 4.828506 16.439932 0.072126
v 4.900633 16.439932 0.102002
v 4.972760 16.439932 0.072126
v 4.964365 16.478256 -0.063732
v 4.900633 16.478256 -0.090130
v 4.836903 16.478256 -0.063732
v 4.810504 16.478256 -0.000001
v 4.836903 16.478256 0.063730
v 4.900633 16.478256 0.090128
v 4.964365 16.478256 0.063730
v 4.990763 16.478256 -0.000001
v 4.986444 16.478256 -0.085811
v 4.900633 16.478256 -0.121355
v 4.986444 16.439932 -0.085811
v 4.900633 16.439932 -0.121355
v 4.814823 16.478256 -0.085811
v 4.814823 16.439932 -0.085811
v 4.779280 16.478256 -0.000001
v 4.779280 16.439932 -0.000001
v 4.814823 16.478256 0.085809
v 4.814823 16.439932 0.085809
v 4.900633 16.478256 0.121353
v 4.900633 16.439932 0.121353
v 4.986444 16.478256 0.085809
v 4.986444 16.439932 0.085809
v 5.021988 16.478256 -0.000001
v 5.021988 16.439932 -0.000001
v 5.002637 16.427593 -0.000001
v 4.972760 16.427593 -0.072128
v 4.900633 16.427593 -0.102004
v 4.828506 16.427593 -0.072128
v 4.798631 16.427593 -0.000001
v 4.828506 16.427593 0.072126
v 4.900633 16.427593 0.102002
v 4.972760 16.427593 0.072126
v 5.047277 16.427593 -0.000001
v 5.004326 16.427593 -0.103693
v 5.283431 15.995783 -0.000001
v 5.171310 15.995783 -0.270679
v 4.900633 16.427593 -0.146644
v 4.900633 15.995783 -0.382797
v 4.796941 16.427593 -0.103693
v 4.629955 15.995783 -0.270678
v 4.753991 16.427593 -0.000001
v 4.517837 15.995783 -0.000001
v 4.796941 16.427593 0.103691
v 4.629955 15.995783 0.270677
v 4.900633 16.427593 0.146642
v 4.900633 15.995783 0.382795
v 5.004326 16.427593 0.103691
v 5.171310 15.995783 0.270677
vn -0.0019 0.0380 0.9993
vn -0.1681 0.6552 0.7365
vn -0.0314 0.0515 0.9982
vn 0.2049 0.6277 0.7510
vn 0.1313 0.7028 0.6992
vn -0.0959 0.0832 0.9919
vn 0.5653 -0.3470 0.7483
vn 0.3068 -0.5689 0.7631
vn 0.0224 -0.0457 0.9987
vn 0.1126 0.6270 0.7709
vn -0.0052 -0.0272 0.9996
vn 0.0908 0.0651 0.9937
vn -0.8482 0.0715 0.5248
vn 0.1336 -0.0174 0.9909
vn 0.0454 0.0622 0.9970
vn -0.8087 -0.2545 0.5303
vn 0.0224 0.0484 0.9986
vn 0.0164 -0.0524 0.9985
vn 0.1452 -0.2571 0.9554
vn -0.0948 0.3929 0.9147
vn 0.1506 -0.5063 0.8491
vn 0.1078 -0.1091 0.9882
vn 0.4498 -0.4221 0.7871
vn 0.0292 0.0292 0.9991
vn 0.1562 0.1640 0.9740
vn 0.0146 -0.0069 0.9999
vn 0.2521 -0.5395 0.8034
vn 0.4044 -0.7348 0.5445
vn 0.4605 -0.6997 0.5463
vn 0.3659 -0.6203 0.6938
vn 0.1793 -0.6128 0.7696
vn -0.0105 -0.6294 0.7770
vn 0.0118 0.0318 0.9994
vn -0.1970 -0.6084 0.7688
vn 0.0458 -0.6712 0.7399
vn 0.8072 0.2347 0.5415
vn 0.5852 0.4671 0.6628
vn -0.1550 -0.0275 0.9875
vn -0.3917 0.6019 0.6959
vn -0.6933 0.3160 0.6477
vn -0.0524 0.7686 0.6376
vn 0.0652 -0.0890 0.9939
vn -0.2955 0.5518 0.7799
vn -0.5048 0.6367 0.5829
vn 0.1153 -0.0459 0.9923
vn -0.6995 0.4733 0.5354
vn 0.0189 0.0135 0.9997
vn -0.1002 0.0035 0.9950
vn 0.1723 0.0370 0.9843
vn 0.0709 -0.1460 0.9867
vn 0.0171 0.0808 0.9966
vn -0.5784 0.3861 0.7186
vn 0.1688 -0.5818 0.7956
vn 0.9086 -0.1588 0.3864
vn 0.0151 -0.3077 0.9514
vn 0.3851 -0.4846 0.7854
vn 0.4988 -0.3963 0.7708
vn 0.5170 -0.4345 0.7375
vn 0.0102 -0.0709 0.9974
vn 0.5062 -0.4660 0.7257
vn 0.0115 0.0331 0.9994
vn -0.5171 -0.4885 0.7028
vn -0.6514 -0.2659 0.7106
vn -0.0980 -0.0621 0.9932
vn 0.5128 0.5323 0.6736
vn 0.6256 0.3734 0.6850
vn -0.0829 -0.0118 0.9965
vn 0.2711 0.6694 0.6917
vn -0.0465 -0.0561 0.9973
vn -0.0218 0.7160 0.6978
vn 0.0383 -0.0490 0.9981
vn -0.0117 -0.0693 0.9975
vn 0.0656 -0.0395 0.9971
vn -0.1999 0.7488 0.6320
vn 0.0619 -0.0033 0.9981
vn -0.4496 0.6288 0.6343
vn -0.6794 0.1333 0.7216
vn -0.6417 0.4456 0.6242
vn -0.0150 -0.1369 0.9905
vn -0.4928 -0.4600 0.7386
vn -0.1888 0.0608 0.9801
vn -0.5843 0.0317 0.8109
vn 0.0951 0.0947 0.9910
vn -0.0410 0.0300 0.9987
vn 0.0854 -0.0532 0.9949
vn -0.6076 -0.2005 0.7685
vn -0.1214 -0.4781 0.8699
vn 0.0986 -0.0257 0.9948
vn -0.6846 -0.3735 0.6259
vn -0.5130 -0.5779 0.6347
vn -0.2656 -0.7070 0.6555
vn 0.0225 -0.7502 0.6608
vn 0.2590 -0.7048 0.6604
vn 0.4879 -0.5760 0.6559
vn 0.6587 -0.3763 0.6516
vn 0.7282 -0.1427 0.6703
vn 0.0626 0.0166 0.9979
vn 0.6633 0.1064 0.7408
vn 0.5695 0.1650 0.8053
vn 0.4965 0.1829 0.8485
vn 0.5293 0.2561 0.8088
vn 0.6262 0.3761 0.6830
vn 0.0639 -0.0007 0.9980
vn 0.5692 0.4432 0.6925
vn 0.6710 -0.0274 0.7409
vn 0.6281 0.2480 0.7376
vn -0.0333 0.2187 0.9752
vn -0.0082 0.1098 0.9939
vn 0.4396 0.4104 0.7990
vn 0.0042 -0.2029 0.9792
vn 0.0906 0.5350 0.8400
vn -0.5109 0.4523 0.7311
vn -0.0339 -0.0720 0.9968
vn -0.1669 -0.6813 0.7127
vn 0.0639 0.0621 0.9960
vn -0.2213 -0.6804 0.6986
vn -0.0852 0.5312 0.8430
vn -0.0000 -0.0000 1.0000
vn 0.3400 0.4727 0.8130
vn 0.0754 0.0601 0.9953
vn -0.0391 -0.0179 0.9991
vn 0.1668 0.1780 0.9698
vn 0.5196 -0.4039 0.7529
vn -0.2672 -0.1581 0.9506
vn -0.2322 -0.6884 0.6872
vn 0.7751 -0.2143 0.5943
vn 0.6997 -0.3941 0.5959
vn -0.0465 0.0262 0.9986
vn 0.5895 -0.5642 0.5781
vn -0.0352 0.0407 0.9986
vn 0.5165 -0.6437 0.5648
vn -0.0293 0.0337 0.9990
vn 0.1858 0.1696 0.9678
vn 0.7401 -0.1985 0.6425
vn 0.7367 -0.2592 0.6246
vn -0.0594 -0.0911 0.9941
vn 0.3748 0.7663 0.5219
vn 0.6173 0.6023 0.5061
vn -0.0984 -0.0701 0.9927
vn -0.0230 0.8466 0.5317
vn 0.0958 -0.0853 0.9917
vn -0.0259 -0.1302 0.9912
vn 0.1999 -0.0221 0.9796
vn -0.7070 -0.3998 0.5834
vn -0.8368 0.1077 0.5369
vn -0.1357 -0.1984 0.9707
vn 0.0312 -0.0017 0.9995
vn -0.0283 0.2355 0.9715
vn -0.1389 -0.5736 0.8073
vn 0.0579 -0.3305 0.9420
vn -0.6218 -0.4694 0.6270
vn 0.0737 0.1124 0.9909
vn 0.3468 0.6152 0.7080
vn 0.1873 0.6548 0.7322
vn -0.0371 0.0853 0.9957
vn -0.1341 0.7583 0.6380
vn 0.6198 -0.2001 0.7588
vn -0.0861 -0.1907 0.9779
vn -0.1639 -0.7793 0.6049
vn 0.1062 0.0838 0.9908
vn -0.0070 0.0261 0.9996
vn -0.0219 0.2380 0.9710
vn 0.6464 0.1072 0.7555
vn 0.0817 0.0511 0.9953
vn 0.4360 0.3414 0.8327
vn 0.0729 -0.0394 0.9966
vn 0.4054 -0.0260 0.9138
vn -0.1059 0.1860 0.9768
vn -0.4155 0.6894 0.5934
vn -0.6788 0.4400 0.5879
vn -0.2294 0.0671 0.9710
vn -0.6390 -0.6088 0.4700
vn -0.3821 -0.7948 0.4716
vn 0.0220 -0.8788 0.4767
vn 0.3606 -0.8041 0.4727
vn 0.8809 -0.0981 0.4630
vn 0.8003 0.1816 0.5715
vn 0.0323 0.1389 0.9898
vn 0.3524 0.7715 0.5297
vn -0.1713 0.4689 0.8665
vn -0.4916 0.6998 0.5183
vn -0.5361 0.2761 0.7977
vn -0.7400 -0.3547 0.5715
vn -0.1412 -0.0054 0.9900
vn -0.1998 -0.0852 0.9761
vn -0.0583 0.3649 0.9292
vn -0.6871 -0.4247 0.5895
vn -0.6916 -0.4859 0.5344
vn -0.7030 -0.5037 0.5021
vn 0.0077 -0.1205 0.9927
vn -0.1151 0.6323 0.7661
vn -0.2348 0.6782 0.6964
vn 0.3746 -0.0016 0.9272
vn -0.5564 0.5797 0.5953
vn -0.0492 -0.0676 0.9965
vn 0.8233 0.4125 0.3898
vn 0.0900 -0.0458 0.9949
vn 0.2587 0.3275 0.9088
vn -0.5111 0.6885 0.5145
vn -0.0394 -0.6970 0.7160
vn -0.0569 0.1837 0.9813
vn 0.9846 0.0684 0.1611
vn -0.5205 0.7554 0.3980
vn 0.1155 -0.1617 0.9801
vn -0.8219 -0.1935 0.5358
vn -0.0568 0.1803 0.9820
vn 0.1685 -0.0929 0.9813
vn -0.3848 0.7315 0.5629
vn 0.5572 0.7513 0.3537
vn 0.6204 -0.6517 0.4363
vn 0.6530 -0.5894 0.4755
vn 0.2740 -0.2602 0.9258
vn 0.8113 -0.4573 0.3642
vn -0.4394 -0.8231 0.3597
vn -0.0011 0.0070 1.0000
vn -0.3888 0.4159 0.8221
vn 0.0128 -0.0448 0.9989
vn -0.1422 0.2649 0.9537
vn -0.0793 0.3569 0.9308
vn -0.1697 0.2632 0.9497
vn -0.6084 0.3762 0.6988
vn -0.3795 0.1639 0.9105
vn 0.2768 -0.2612 0.9248
vn -0.0371 0.0164 0.9992
vn -0.5077 0.5433 0.6686
vn 0.3521 -0.4386 0.8268
vn -0.0132 0.1773 0.9841
vn -0.5478 0.4574 0.7005
vn -0.0655 0.0559 0.9963
vn -0.0773 -0.4456 0.8919
vn 0.0491 0.0376 0.9981
vn 0.2507 0.8168 0.5195
vn 0.2069 0.7558 0.6213
vn 0.1163 -0.0082 0.9932
vn -0.3561 0.5634 0.7455
vn 0.0578 -0.0749 0.9955
vn -0.6795 -0.0674 0.7305
vn -0.5711 0.5044 0.6476
vn 0.0626 0.1713 0.9832
vn 0.1644 -0.0338 0.9858
vn -0.0727 0.1372 0.9879
vn -0.5315 -0.5689 0.6276
vn -0.1486 0.0780 0.9858
vn -0.0200 -0.7791 0.6266
vn 0.7029 -0.1361 0.6982
vn 0.4490 -0.6334 0.6303
vn -0.1832 0.0789 0.9799
vn 0.4638 0.5254 0.7134
vn 0.2586 -0.1934 0.9464
vn -0.1884 -0.0932 0.9777
vn 0.6091 0.2382 0.7564
vn -0.0237 0.8051 0.5926
vn -0.0868 0.0526 0.9948
vn -0.1186 0.5294 0.8400
vn -0.0276 -0.0001 0.9996
vn 0.0224 0.1439 0.9893
vn -0.0253 0.6416 0.7666
vn 0.0643 0.6391 0.7664
vn 0.0143 -0.0191 0.9997
vn -0.0572 -0.1361 0.9890
vn -0.2772 -0.5309 0.8008
vn 0.1541 -0.1719 0.9730
vn 0.1150 0.6459 0.7547
vn 0.5311 0.4455 0.7208
vn 0.0987 0.7008 0.7065
vn 0.1147 0.0809 0.9901
vn -0.0355 0.0114 0.9993
vn -0.2054 0.0114 0.9786
vn 0.0589 0.3632 0.9298
vn -0.6534 -0.1915 0.7324
vn -0.6334 0.1617 0.7568
vn 0.0421 -0.5794 0.8139
vn -0.0753 -0.7425 0.6656
vn -0.0111 -0.0011 0.9999
vn -0.2468 -0.8161 0.5226
vn 0.5918 -0.4145 0.6913
vn 0.7651 0.0838 0.6384
vn 0.5306 0.5810 0.6172
vn -0.0232 0.7883 0.6149
vn -0.5374 0.5794 0.6128
vn -0.7964 0.1063 0.5954
vn -0.5577 -0.5800 0.5937
vn 0.1762 -0.8045 0.5672
vn 0.7009 -0.5432 0.4624
vn 0.0064 -0.0084 0.9999
vn 0.4686 0.1806 0.8647
vn 0.0196 0.0044 0.9998
vn 0.0159 -0.0123 0.9998
vn 0.6542 -0.0229 0.7560
vn -0.5429 -0.5750 0.6120
vn 0.7259 -0.0663 0.6846
vn -0.0383 0.0678 0.9970
vn 0.1933 0.7990 0.5695
vn 0.0621 0.3123 0.9479
vn -0.0947 0.6510 0.7531
vn 0.1411 0.7295 0.6693
vn 0.2871 -0.1209 0.9502
vn -0.1183 -0.0693 0.9906
vn -0.4667 -0.6394 0.6110
vn 0.0964 -0.0750 0.9925
vn 0.3723 -0.7202 0.5854
vn -0.4090 -0.2623 0.8740
vn -0.5266 -0.1689 0.8332
vn -0.6405 -0.0535 0.7661
vn -0.6596 -0.0662 0.7487
vn -0.5015 0.5271 0.6861
vn -0.4183 0.5413 0.7294
vn 0.0068 -0.0045 1.0000
vn 0.6049 -0.5381 0.5870
vn 0.3230 -0.1216 0.9385
vn -0.1015 0.1348 0.9857
vn -0.3015 0.4545 0.8382
vn 0.0702 -0.2009 0.9771
vn -0.0202 -0.4879 0.8727
vn -0.0345 -0.0819 0.9960
vn -0.0160 -0.4601 0.8877
vn 0.0136 -0.0351 0.9993
vn -0.0419 0.2922 0.9555
vn -0.0342 0.0965 0.9947
vn 0.4669 -0.4787 0.7435
vn 0.2560 -0.5630 0.7858
vn 0.3256 -0.1090 0.9392
vn 0.5233 -0.5979 0.6072
vn 0.3054 -0.5467 0.7796
vn 0.1073 -0.3387 0.9348
vn 0.0650 0.0242 0.9976
vn -0.7804 0.4228 0.4607
vn -0.7210 0.1930 0.6655
vn -0.0236 -0.0327 0.9992
vn -0.3323 0.3100 0.8908
vn 0.0128 0.0178 0.9998
vn 0.4379 0.2058 0.8752
vn 0.0060 0.1126 0.9936
vn 0.0782 -0.1017 0.9917
vn 0.1755 -0.4148 0.8928
vn 0.2484 -0.4633 0.8507
vn 0.2136 -0.5203 0.8268
vn 0.7532 0.0535 0.6556
vn 0.1148 0.7540 0.6468
vn 0.7485 0.4763 0.4613
vn -0.0225 -0.0439 0.9988
vn 0.7333 0.2982 0.6111
vn 0.7522 -0.0110 0.6588
vn -0.1266 -0.0053 0.9919
vn 0.4891 0.6162 0.6173
vn -0.1343 -0.0764 0.9880
vn 0.0268 0.7745 0.6320
vn 0.0752 0.2327 0.9696
vn -0.7961 -0.0998 0.5969
vn 0.2332 0.0454 0.9714
vn -0.2089 -0.8677 0.4511
vn -0.6915 -0.5557 0.4616
vn -0.8018 0.1171 0.5860
vn -0.0261 0.1620 0.9865
vn 0.1166 -0.0854 0.9895
vn -0.0612 -0.1609 0.9851
vn 0.1535 0.0537 0.9867
vn -0.4437 0.7253 0.5263
vn -0.7142 0.4123 0.5656
vn -0.8092 0.3597 0.4645
vn -0.2471 -0.2407 0.9386
vn 0.1590 0.2292 0.9603
vn -0.4463 0.6021 0.6620
vn 0.0286 0.0387 0.9988
vn -0.3484 0.4739 0.8087
vn -0.1328 -0.0043 0.9911
vn -0.2500 0.4893 0.8355
vn -0.0378 -0.0444 0.9983
vn -0.3672 0.3485 0.8624
vn 0.0921 -0.0086 0.9957
vn 0.2250 -0.2320 0.9463
vn -0.0386 0.0485 0.9981
vn 0.0500 -0.0344 0.9982
vn -0.7691 -0.1488 0.6216
vn -0.7631 -0.3345 0.5530
vn -0.5058 -0.6688 0.5449
vn -0.0298 -0.8369 0.5466
vn 0.8557 0.0948 0.5087
vn 0.6012 0.6730 0.4308
vn 0.0337 0.9198 0.3909
vn -0.4214 0.7747 0.4715
vn 0.6715 -0.7410 0.0005
vn -0.3097 0.9508 -0.0000
vn -0.0756 0.9971 -0.0000
vn 0.7544 -0.6564 -0.0002
vn 0.6257 -0.7801 -0.0000
vn -0.6166 0.7872 -0.0000
vn -0.6875 0.7261 0.0001
vn 0.2462 -0.9692 -0.0007
vn -0.6002 0.7998 -0.0000
vn 0.6605 -0.7508 -0.0000
vn 0.3936 -0.9193 0.0005
vn 0.9556 -0.2947 0.0003
vn 0.8071 -0.5904 -0.0002
vn -0.7746 0.6324 -0.0000
vn -0.1836 -0.9830 -0.0000
vn -0.7710 0.6368 -0.0083
vn -0.9553 -0.2957 -0.0003
vn 0.7385 0.6743 -0.0000
vn 0.0545 0.9982 -0.0237
vn 0.1956 0.9597 0.2019
vn -0.0350 -0.9994 -0.0000
vn 0.1131 0.9936 -0.0000
vn -0.0838 -0.9965 0.0001
vn 0.4058 -0.9139 0.0002
vn 0.9032 0.4292 -0.0003
vn 0.4509 -0.8926 -0.0000
vn 0.0130 -0.9999 -0.0001
vn -0.7057 0.7084 -0.0085
vn 0.9850 0.1724 -0.0001
vn -0.9557 0.2854 -0.0720
vn 0.7822 0.6231 0.0002
vn -0.0606 0.9760 0.2093
vn -0.4448 -0.8956 0.0001
vn 0.2848 0.9586 -0.0001
vn 0.1451 0.9894 -0.0001
vn 0.9904 -0.1381 -0.0000
vn -0.0728 -0.9973 -0.0000
vn 0.2960 0.9552 -0.0000
vn -0.2949 -0.9555 -0.0000
vn 0.2199 0.9755 -0.0000
vn -0.6416 -0.7670 -0.0002
vn -0.1347 0.9909 -0.0000
vn 0.8664 -0.4993 -0.0000
vn 0.4990 -0.8666 -0.0000
vn -0.5363 0.8439 -0.0165
vn 0.8229 -0.5681 -0.0000
vn -0.9956 -0.0934 -0.0000
vn -0.8227 0.5663 -0.0494
vn 0.9928 0.1195 -0.0000
vn 0.6698 0.7426 -0.0000
vn -0.6204 -0.7836 -0.0332
vn -0.0290 0.9996 -0.0000
vn 0.6749 -0.7379 -0.0000
vn 0.0702 -0.9975 0.0025
vn -0.6822 0.7311 -0.0000
vn 0.9803 -0.1974 -0.0000
vn -0.9916 0.1290 -0.0000
vn 0.6618 0.7497 -0.0000
vn -0.6937 -0.7203 -0.0000
vn 0.1977 -0.9803 -0.0000
vn -0.4027 0.7794 0.4800
vn -0.1457 0.9892 0.0154
vn 0.7270 -0.6867 -0.0023
vn -0.2964 0.9551 0.0019
vn 0.2661 -0.9639 -0.0000
vn 0.0220 0.9998 -0.0000
vn -0.2615 0.9652 -0.0029
vn -0.0145 -0.9999 -0.0000
vn 0.3093 0.9510 -0.0000
vn -0.3054 -0.9522 -0.0000
vn -0.2399 0.9708 0.0001
vn -0.7371 -0.6758 -0.0000
vn -0.9805 -0.1967 -0.0000
vn -0.9128 -0.4084 -0.0000
vn 0.9977 -0.0671 -0.0070
vn -0.6035 -0.7974 -0.0000
vn 0.6193 0.7851 -0.0000
vn 0.9271 0.3748 -0.0074
vn -0.0324 -0.9995 0.0001
vn 0.0365 0.9993 -0.0000
vn -0.6519 -0.7583 -0.0000
vn -0.9135 0.4067 -0.0000
vn -0.5878 0.8084 -0.0320
vn 0.7057 0.7085 -0.0000
vn 0.9934 0.1143 -0.0000
vn -0.9949 -0.1013 -0.0000
vn 0.6646 0.7472 -0.0000
vn -0.7430 -0.6693 -0.0000
vn 0.0489 0.9988 -0.0000
vn -0.2236 -0.9747 -0.0000
vn -0.4515 0.8923 -0.0012
vn 0.0710 -0.9214 0.3820
vn 0.6444 0.7647 -0.0000
vn 0.9647 -0.2632 -0.0000
vn -0.9291 0.3697 0.0086
vn 0.8695 -0.4939 -0.0000
vn 0.7270 -0.6866 -0.0000
vn 0.6270 -0.7790 -0.0000
vn -0.7338 0.6793 0.0001
vn -0.6427 0.7661 0.0050
vn -0.2351 -0.9720 -0.0000
vn 0.7904 0.6126 -0.0000
vn 0.9509 -0.3094 -0.0000
vn -0.3851 -0.9229 -0.0007
vn -0.4792 0.8777 -0.0000
vn 0.4049 0.9144 -0.0005
vn -0.8399 -0.0351 0.5416
vn -0.8082 -0.5889 -0.0000
vn 0.9444 -0.3288 -0.0000
vn -0.8191 0.5735 0.0106
vn 0.9087 -0.4174 -0.0013
vn -0.7203 -0.6937 -0.0000
vn -0.4401 -0.8979 -0.0000
vn 0.4293 0.9031 -0.0000
vn 0.7111 0.7031 -0.0027
vn 0.0274 -0.9996 -0.0000
vn -0.0242 0.9997 -0.0000
vn 0.4113 -0.9115 -0.0000
vn 0.6914 -0.7225 -0.0000
vn -0.5063 0.8560 -0.1043
vn 0.9041 -0.4273 -0.0000
vn 0.9926 -0.1216 -0.0000
vn -0.9937 0.1120 -0.0000
vn -0.4836 0.8753 -0.0001
vn 0.9745 0.2244 -0.0000
vn -0.8468 -0.5319 -0.0000
vn -0.0022 -1.0000 -0.0023
vn -0.3350 -0.9422 -0.0000
vn -0.5622 0.8270 -0.0000
vn 0.8514 -0.5246 -0.0000
vn 0.4912 -0.8707 -0.0266
vn -0.9088 0.4173 -0.0000
vn -0.5790 0.7823 0.2299
vn 0.2594 0.9658 -0.0000
vn 0.5179 0.8554 -0.0000
vn -0.1300 -0.9915 -0.0000
vn 0.0731 -0.9973 0.0006
vn -0.4025 -0.9154 -0.0000
vn 0.5816 0.8135 -0.0000
vn 0.9372 0.3487 -0.0000
vn -0.9709 -0.1985 0.1343
vn -0.6697 0.7426 0.0015
vn 0.9925 -0.1223 0.0010
vn 0.4672 -0.8842 -0.0000
vn -0.1809 -0.9835 -0.0000
vn -0.0554 0.9985 -0.0000
vn 0.1687 0.9856 -0.0070
vn 0.0699 -0.9976 -0.0000
vn -0.4611 0.8874 -0.0000
vn 0.2776 -0.9607 -0.0001
vn -0.8281 0.5606 -0.0000
vn 0.9211 0.3893 -0.0000
vn 0.9901 -0.1406 -0.0000
vn -0.9290 -0.3700 -0.0000
vn -0.9958 0.0913 0.0086
vn 0.9675 0.2527 -0.0000
vn -0.7248 -0.6889 -0.0000
vn 0.7908 0.6120 -0.0000
vn 0.5045 0.8634 -0.0001
vn 0.7754 -0.6314 -0.0000
vn 0.7328 -0.6805 -0.0000
vn -0.2964 -0.9551 0.0011
vn -0.9983 0.0580 -0.0000
vn -0.8350 0.5499 0.0184
vn 0.8541 0.5201 -0.0000
vn -0.9393 -0.3426 0.0207
vn 0.7970 0.6039 -0.0000
vn -0.7330 -0.6797 0.0288
vn -0.8784 -0.4780 -0.0000
vn -0.6733 -0.7394 -0.0000
vn 0.6812 0.7321 -0.0000
vn 0.8767 0.4789 0.0456
vn -0.3577 -0.9338 -0.0000
vn 0.3683 0.9297 -0.0000
vn 0.0308 -0.9995 0.0001
vn -0.0291 0.9996 -0.0000
vn 0.3468 -0.9379 -0.0000
vn 0.6496 -0.7603 -0.0000
vn -0.6568 0.7541 -0.0000
vn -0.3507 0.9365 0.0019
vn 0.8695 -0.4940 -0.0000
vn 0.9792 -0.2030 -0.0000
vn -0.9781 0.2083 -0.0000
vn -0.8728 0.4881 -0.0045
vn 0.9916 0.1293 -0.0000
vn -0.9602 -0.2792 -0.0000
vn -0.8457 -0.5336 -0.0000
vn -0.9478 -0.3190 -0.0000
vn 0.9908 0.1353 -0.0000
vn 0.9398 0.3418 0.0007
vn -0.9955 -0.0948 -0.0000
vn 0.9997 0.0246 -0.0000
vn -0.9874 -0.1581 -0.0004
vn 0.9895 -0.1442 -0.0000
vn 0.6681 0.7441 -0.0000
vn -0.7802 0.6255 -0.0000
vn -0.8093 0.5874 0.0001
vn 0.5331 -0.8461 -0.0000
vn 0.4936 -0.8694 -0.0220
vn 0.6076 0.7942 0.0022
vn 0.5411 -0.8410 -0.0000
vn -0.4435 0.8446 0.3001
vn 0.5062 -0.8624 0.0052
vn -0.6790 0.7341 -0.0000
vn 0.7966 -0.6045 -0.0000
vn 0.9427 0.3337 -0.0000
vn 0.4389 -0.8985 -0.0000
vn 0.8968 0.4399 0.0467
vn 0.6610 -0.7499 -0.0274
vn 0.0025 1.0000 -0.0001
vn -0.2171 0.9760 0.0159
vn 0.6924 0.7215 -0.0023
vn 0.9491 0.2239 -0.2217
vn 0.8300 0.0037 0.5577
vn -0.8030 -0.5960 -0.0000
vn 0.9847 0.1744 -0.0000
vn -0.8220 -0.5695 -0.0000
vn 0.7174 0.6967 -0.0000
vn 0.2050 0.9788 -0.0000
vn -0.3536 0.9081 0.2244
vn -0.0612 0.9955 0.0724
vn -0.5061 0.8625 -0.0000
vn -0.8885 -0.4588 -0.0000
vn -0.9843 -0.1619 -0.0709
vn -0.1777 0.9841 -0.0003
vn 0.7767 -0.6299 -0.0000
vn -0.1074 0.9942 -0.0099
vn -0.8176 0.5757 -0.0000
vn 0.7573 0.6531 0.0002
vn -0.9505 0.3108 -0.0000
vn -0.3308 0.9205 0.2082
vn -0.6746 0.7048 -0.2196
vn -0.0009 -1.0000 -0.0000
vn 0.1809 0.9835 -0.0000
vn 0.1183 -0.9611 0.2495
vn -0.7260 0.6877 -0.0000
vn -0.7012 0.7129 -0.0001
vn 0.6641 -0.7476 -0.0000
vn 0.6319 -0.7751 -0.0000
vn 0.4568 -0.8892 -0.0239
vn 0.6622 -0.7493 -0.0000
vn -0.0000 1.0000 -0.0000
vn 0.6728 -0.7398 -0.0001
vn -0.6909 0.6988 0.1852
vn -0.7026 -0.7116 -0.0000
vn -0.6109 0.7917 -0.0000
vn -0.0800 -0.9832 0.1643
vn -0.1869 0.6508 -0.7359
vn 0.0036 0.0423 -0.9991
vn -0.0314 0.0515 -0.9982
vn 0.2049 0.6278 -0.7510
vn 0.0114 0.0338 -0.9994
vn -0.0295 0.1044 -0.9941
vn 0.5654 -0.3467 -0.7484
vn -0.1810 0.0961 -0.9788
vn 0.0896 0.6323 -0.7695
vn 0.0084 -0.0592 -0.9982
vn -0.0052 -0.0272 -0.9996
vn -0.8512 0.0582 -0.5217
vn 0.1238 0.0393 -0.9915
vn 0.1336 -0.0175 -0.9909
vn -0.8007 -0.2479 -0.5454
vn 0.0988 0.0520 -0.9937
vn 0.0170 -0.0551 -0.9983
vn 0.0107 -0.0093 -0.9999
vn 0.1426 -0.2585 -0.9554
vn 0.0202 0.4046 -0.9143
vn 0.3935 -0.2963 -0.8703
vn 0.1078 -0.1091 -0.9882
vn 0.0103 -0.0262 -0.9996
vn 0.0008 0.0364 -0.9993
vn 0.4583 -0.6503 -0.6058
vn 0.4044 -0.7348 -0.5445
vn 0.3911 -0.6045 -0.6940
vn 0.1999 -0.6082 -0.7682
vn 0.0099 -0.6356 -0.7719
vn 0.0642 -0.6719 -0.7378
vn 0.8045 0.2453 -0.5408
vn -0.3917 0.6019 -0.6959
vn 0.0531 0.7010 -0.7112
vn 0.0652 -0.0890 -0.9939
vn -0.5467 0.5401 -0.6398
vn 0.1153 -0.0459 -0.9923
vn 0.0308 -0.0018 -0.9995
vn -0.7193 0.5259 -0.4539
vn -0.2734 0.6750 -0.6853
vn 0.0408 -0.0092 -0.9991
vn 0.1711 0.0372 -0.9845
vn -0.0608 0.0647 -0.9961
vn -0.5784 0.3860 -0.7186
vn -0.0255 0.0022 -0.9997
vn 0.2165 -0.5274 -0.8216
vn 0.0696 -0.1477 -0.9866
vn 0.8761 -0.1699 -0.4512
vn 0.3401 -0.4063 -0.8481
vn 0.3848 -0.4849 -0.7854
vn 0.5655 -0.3410 -0.7509
vn 0.6352 -0.3989 -0.6614
vn 0.0082 0.0227 -0.9997
vn -0.5169 -0.4888 -0.7028
vn 0.0332 -0.0029 -0.9994
vn -0.1006 0.0050 -0.9949
vn 0.5127 0.5323 -0.6736
vn -0.0856 -0.0620 -0.9944
vn 0.2711 0.6694 -0.6917
vn -0.0380 -0.0720 -0.9967
vn -0.0218 0.7160 -0.6978
vn 0.0036 -0.0787 -0.9969
vn 0.0283 -0.0658 -0.9974
vn -0.1991 0.7465 -0.6349
vn 0.0620 -0.0612 -0.9962
vn -0.4506 0.6298 -0.6327
vn 0.0673 -0.0333 -0.9972
vn -0.6794 0.1333 -0.7216
vn 0.1165 -0.0256 -0.9929
vn -0.2068 -0.1717 -0.9632
vn -0.1058 -0.6970 -0.7093
vn -0.1890 0.0605 -0.9801
vn 0.0987 0.0990 -0.9902
vn -0.5760 0.1532 -0.8030
vn -0.0445 -0.0068 -0.9990
vn -0.6729 -0.3502 -0.6516
vn -0.6072 -0.2013 -0.7686
vn 0.0946 -0.0052 -0.9955
vn -0.0400 -0.3345 -0.9416
vn 0.1201 -0.0380 -0.9920
vn -0.6846 -0.3736 -0.6259
vn -0.4730 -0.6334 -0.6125
vn -0.2061 -0.7606 -0.6157
vn 0.2719 -0.7010 -0.6592
vn 0.4982 -0.5681 -0.6550
vn 0.6649 -0.3664 -0.6509
vn 0.7506 -0.0655 -0.6575
vn 0.5695 0.1650 -0.8053
vn 0.5329 0.3381 -0.7757
vn 0.5588 0.3680 -0.7431
vn 0.6175 0.4655 -0.6341
vn 0.6708 -0.0272 -0.7411
vn -0.2416 -0.0432 -0.9694
vn 0.4748 0.3139 -0.8222
vn -0.0086 0.1102 -0.9939
vn 0.2282 0.5723 -0.7877
vn 0.0042 -0.2029 -0.9792
vn -0.0358 -0.1064 -0.9937
vn -0.7295 0.2480 -0.6375
vn -0.5239 0.5770 -0.6266
vn -0.0339 -0.0727 -0.9968
vn -0.0445 -0.6632 -0.7471
vn -0.0851 0.5294 -0.8441
vn -0.0000 -0.0000 -1.0000
vn 0.3398 0.4725 -0.8132
vn 0.0023 0.1261 -0.9920
vn -0.0661 0.0148 -0.9977
vn 0.1093 0.1409 -0.9840
vn 0.2137 -0.3267 -0.9206
vn -0.2656 -0.0717 -0.9614
vn -0.5905 -0.4504 -0.6696
vn 0.7848 -0.1888 -0.5902
vn 0.7162 -0.3786 -0.5862
vn -0.0465 0.0263 -0.9986
vn 0.6133 -0.5394 -0.5770
vn -0.0351 0.0407 -0.9986
vn 0.5361 -0.6313 -0.5604
vn -0.0293 0.0337 -0.9990
vn 0.2190 0.5229 -0.8238
vn 0.7404 -0.1977 -0.6425
vn -0.0972 0.1784 -0.9791
vn -0.0906 -0.0213 -0.9957
vn 0.3748 0.7663 -0.5219
vn -0.0778 -0.1197 -0.9898
vn -0.0230 0.8466 -0.5317
vn 0.0098 -0.1507 -0.9885
vn 0.0674 -0.1248 -0.9899
vn 0.1550 -0.0837 -0.9844
vn -0.7069 -0.4000 -0.5833
vn 0.0304 -0.0811 -0.9962
vn -0.2332 -0.1831 -0.9550
vn -0.1281 -0.5703 -0.8114
vn -0.0105 0.2360 -0.9717
vn 0.0177 0.0898 -0.9958
vn 0.0579 -0.3303 -0.9421
vn 0.1273 0.1263 -0.9838
vn 0.5822 0.5400 -0.6078
vn 0.1377 0.6549 -0.7431
vn 0.6519 -0.2062 -0.7298
vn -0.0875 -0.1925 -0.9774
vn -0.1504 -0.7768 -0.6115
vn -0.1262 0.0208 -0.9918
vn 0.1284 0.1508 -0.9802
vn -0.0070 0.0261 -0.9996
vn 0.6463 0.1080 -0.7554
vn -0.1429 0.1618 -0.9764
vn -0.0951 0.0026 -0.9955
vn 0.0828 -0.0657 -0.9944
vn 0.3711 0.3834 -0.8458
vn 0.4817 0.0423 -0.8753
vn -0.4151 0.6891 -0.5940
vn -0.6308 -0.6199 -0.4667
vn -0.3661 -0.8280 -0.4246
vn 0.3687 -0.7912 -0.4879
vn 0.8809 -0.0984 -0.4629
vn 0.2615 0.7174 -0.6458
vn 0.3076 0.7710 -0.5576
vn -0.0465 0.1114 -0.9927
vn -0.1716 0.4674 -0.8672
vn -0.5469 0.6329 -0.5480
vn -0.1346 -0.0002 -0.9909
vn -0.4422 -0.4256 -0.7895
vn -0.2004 -0.0846 -0.9761
vn -0.0491 0.3655 -0.9295
vn -0.7317 0.4179 -0.5385
vn -0.6856 -0.4569 -0.5667
vn -0.6767 -0.5148 -0.5263
vn -0.6960 -0.5192 -0.4959
vn 0.2209 0.6010 -0.7681
vn 0.0099 -0.1188 -0.9929
vn -0.3700 0.6783 -0.6348
vn 0.3741 -0.0177 -0.9272
vn 0.0041 0.1304 -0.9915
vn 0.8303 0.3937 -0.3945
vn -0.0619 -0.0707 -0.9956
vn 0.0906 -0.0503 -0.9946
vn -0.4522 0.6275 -0.6339
vn 0.3111 0.2643 -0.9129
vn 0.0504 -0.7992 -0.5989
vn 0.9064 0.0531 -0.4191
vn -0.3863 0.8186 -0.4250
vn 0.1121 -0.1563 -0.9813
vn -0.2379 0.0371 -0.9706
vn 0.1622 -0.0885 -0.9828
vn 0.3114 -0.2530 -0.9160
vn -0.8703 0.0398 -0.4909
vn 0.5546 0.7504 -0.3596
vn 0.6229 -0.6105 -0.4892
vn 0.6703 -0.5482 -0.5002
vn 0.8073 -0.4670 -0.3608
vn -0.4236 -0.8323 -0.3577
vn -0.8323 -0.1128 -0.5427
vn -0.4072 0.3947 -0.8236
vn -0.0017 0.0008 -1.0000
vn 0.0130 -0.0446 -0.9989
vn -0.1430 0.2643 -0.9538
vn -0.0146 0.0122 -0.9998
vn -0.0793 0.3569 -0.9308
vn -0.6197 0.3541 -0.7004
vn -0.1193 0.1404 -0.9829
vn -0.3798 0.1634 -0.9105
vn 0.1442 -0.0582 -0.9878
vn -0.5333 0.5755 -0.6200
vn 0.3696 -0.4263 -0.8256
vn -0.5683 0.4371 -0.6971
vn 0.0331 0.2465 -0.9686
vn -0.0655 0.0559 -0.9963
vn -0.0116 -0.4528 -0.8915
vn 0.0458 0.0337 -0.9984
vn 0.2506 0.8169 -0.5195
vn 0.0071 0.0140 -0.9999
vn -0.3789 0.5498 -0.7444
vn 0.1084 -0.0580 -0.9924
vn 0.0578 -0.0749 -0.9955
vn -0.6796 -0.0678 -0.7305
vn 0.1904 0.0198 -0.9815
vn 0.1176 0.1602 -0.9801
vn -0.5309 -0.5640 -0.6325
vn -0.0147 0.1767 -0.9842
vn -0.0206 -0.7725 -0.6346
vn -0.1301 0.1356 -0.9822
vn 0.7028 -0.1360 -0.6982
vn -0.2222 0.0294 -0.9746
vn 0.4639 0.5253 -0.7134
vn -0.1667 -0.1747 -0.9704
vn 0.1864 -0.2314 -0.9548
vn -0.0337 0.8187 -0.5733
vn 0.2633 0.0457 -0.9636
vn -0.1667 0.5902 -0.7898
vn -0.0742 0.0582 -0.9955
vn -0.0277 -0.0001 -0.9996
vn -0.0423 0.6053 -0.7949
vn 0.0427 0.1634 -0.9856
vn 0.0372 0.6441 -0.7640
vn 0.0144 -0.0191 -0.9997
vn -0.0572 -0.1364 -0.9890
vn 0.3367 0.0429 -0.9406
vn 0.0932 0.6012 -0.7937
vn 0.5310 0.4455 -0.7208
vn 0.0733 0.0889 -0.9933
vn 0.1154 0.0895 -0.9893
vn -0.2054 0.0112 -0.9786
vn 0.0591 0.3632 -0.9298
vn -0.0278 -0.0713 -0.9971
vn -0.8192 -0.1075 -0.5633
vn -0.6344 0.1592 -0.7564
vn 0.0422 -0.5794 -0.8139
vn -0.0442 -0.7500 -0.6599
vn 0.5982 -0.3954 -0.6970
vn 0.7691 0.1029 -0.6308
vn 0.5182 0.5897 -0.6194
vn -0.0382 0.7890 -0.6132
vn -0.5505 0.5717 -0.6084
vn -0.7863 0.0088 -0.6178
vn 0.1974 -0.7938 -0.5753
vn 0.6892 -0.5163 -0.5083
vn 0.4581 0.2417 -0.8554
vn 0.0091 -0.0101 -0.9999
vn 0.0195 0.0045 -0.9998
vn 0.6563 -0.0232 -0.7541
vn 0.0136 -0.0067 -0.9999
vn 0.7208 -0.0661 -0.6900
vn -0.0004 -0.0787 -0.9969
vn -0.0383 0.0678 -0.9970
vn -0.1629 0.7107 -0.6844
vn 0.0694 0.3104 -0.9481
vn 0.1413 0.7295 -0.6693
vn 0.0189 -0.0828 -0.9964
vn 0.3383 -0.1142 -0.9341
vn -0.1198 -0.0703 -0.9903
vn -0.3900 -0.5733 -0.7206
vn 0.3061 -0.6979 -0.6474
vn 0.2460 0.8253 -0.5083
vn -0.3935 -0.3143 -0.8639
vn -0.5180 -0.2205 -0.8265
vn -0.6362 -0.0822 -0.7671
vn -0.5685 -0.0899 -0.8178
vn -0.5477 0.3942 -0.7380
vn 0.0115 0.0124 -0.9999
vn -0.4707 0.3688 -0.8015
vn -0.1012 0.1337 -0.9858
vn 0.4944 -0.5267 -0.6915
vn 0.4919 -0.1930 -0.8490
vn 0.0275 -0.0528 -0.9982
vn -0.3016 0.4545 -0.8382
vn 0.0393 -0.2126 -0.9764
vn 0.0665 -0.5058 -0.8601
vn 0.0137 -0.0351 -0.9993
vn -0.0167 0.1140 -0.9933
vn 0.4668 -0.4787 -0.7436
vn 0.0912 -0.0709 -0.9933
vn 0.5233 -0.5979 -0.6072
vn 0.3483 -0.4574 -0.8182
vn 0.3565 -0.5524 -0.7535
vn 0.1987 0.3516 -0.9148
vn 0.0588 -0.0491 -0.9971
vn -0.7787 0.4232 -0.4633
vn -0.0425 0.3423 -0.9386
vn -0.0237 -0.0327 -0.9992
vn 0.0603 -0.0102 -0.9981
vn 0.0025 0.1063 -0.9943
vn 0.0782 -0.1018 -0.9917
vn -0.7836 0.0628 -0.6180
vn 0.1210 -0.5511 -0.8256
vn 0.4745 -0.3503 -0.8075
vn 0.2771 -0.5258 -0.8042
vn 0.2610 0.3737 -0.8901
vn 0.7601 0.1117 -0.6401
vn -0.0253 -0.0368 -0.9990
vn 0.7333 0.2981 -0.6111
vn -0.1314 -0.0609 -0.9895
vn 0.4892 0.6162 -0.6173
vn -0.1101 -0.1372 -0.9844
vn 0.0268 0.7745 -0.6320
vn -0.0044 -0.2045 -0.9789
vn -0.7944 -0.1281 -0.5938
vn 0.1516 0.1919 -0.9696
vn 0.2332 0.0453 -0.9714
vn -0.2085 -0.8675 -0.4515
vn -0.0768 0.2427 -0.9671
vn -0.3578 0.1626 -0.9195
vn 0.0821 -0.1348 -0.9875
vn -0.4265 0.7138 -0.5555
vn 0.1837 -0.0587 -0.9812
vn -0.7168 0.4186 -0.5577
vn -0.7629 0.3761 -0.5259
vn -0.2465 -0.2217 -0.9434
vn 0.1410 0.2811 -0.9493
vn -0.3159 0.5947 -0.7393
vn 0.0283 0.0400 -0.9988
vn 0.1499 -0.4224 -0.8940
vn -0.4500 0.3816 -0.8074
vn -0.0383 -0.0443 -0.9983
vn -0.0385 0.0570 -0.9976
vn -0.3373 0.5605 -0.7563
vn 0.0783 -0.0414 -0.9961
vn 0.8008 0.0558 -0.5963
vn 0.3800 -0.1275 -0.9162
vn 0.0168 -0.4284 -0.9034
vn -0.3325 0.5916 -0.7345
vn -0.7980 -0.2364 -0.5544
vn -0.7661 -0.3853 -0.5145
vn -0.4817 -0.7120 -0.5109
vn 0.8548 0.1110 -0.5069
vn 0.5879 0.6772 -0.4425
vn 0.0264 0.9111 -0.4113
vn 0.4498 -0.4221 -0.7871
vn 0.0187 0.6942 -0.7196
vn -0.4904 0.2471 -0.8357
vn 0.1368 -0.4510 -0.8820
vn 0.8091 0.4874 -0.3284
vn -0.1350 -0.5689 -0.8113
vn 0.2361 0.8375 -0.4928
vn -0.2560 -0.8139 -0.5216
vn -0.6456 0.3176 -0.6945
vn 0.5815 -0.5340 -0.6137
vn -0.5654 -0.5732 -0.5931
vn -0.3355 0.8974 -0.2864
vn -0.0648 0.7375 -0.6722
vn -0.0409 -0.8401 -0.5409
vn -0.6008 -0.6330 -0.4882
vn -0.4829 0.8104 -0.3319
vn -0.0653 -0.9762 -0.2067
vn -0.4882 0.0491 -0.8713
vn -0.1722 -0.7993 -0.5757
vn -0.8554 -0.0610 -0.5144
vn 0.7631 -0.2798 -0.5826
vn 0.6601 0.6430 -0.3884
vn 0.0127 -0.8783 -0.4780
vn 0.0718 0.6967 -0.7138
vn 0.8533 0.0958 -0.5125
vn 0.3875 -0.6984 -0.6016
vn -0.0297 0.8065 -0.5904
vn -0.2793 0.7336 -0.6196
vn -0.3459 0.9003 -0.2641
vn -0.2336 -0.6964 -0.6786
vn -0.4637 -0.6156 -0.6372
vn 0.4792 -0.5009 -0.7207
vn 0.5771 0.4331 -0.6924
vn 0.7614 0.3542 -0.5429
vn 0.0121 -0.7495 -0.6619
vn -0.7134 0.3107 -0.6282
vn 0.7388 0.0288 -0.6733
vn 0.8405 -0.5417 0.0117
vn 0.3811 0.0952 -0.9196
vn 0.4049 -0.7762 -0.4832
vn 0.8300 0.0037 -0.5577
vn 0.9574 0.2886 0.0029
vn 0.0337 -0.0284 0.9990
vn -0.4466 0.4345 0.7821
vn -0.2512 0.5503 0.7963
vn 0.0223 -0.0494 0.9985
vn -0.5400 0.2428 0.8059
vn 0.1033 -0.0434 0.9937
vn -0.5876 -0.1593 0.7933
vn 0.0905 -0.0302 0.9954
vn -0.5048 -0.3595 0.7848
vn 0.0889 0.0450 0.9950
vn -0.1723 -0.6013 0.7802
vn -0.0585 0.0743 0.9955
vn 0.0678 0.0616 0.9958
vn -0.0950 0.0734 0.9928
vn 0.5771 -0.2213 0.7861
vn 0.4356 -0.5109 0.7411
vn -0.0962 -0.0764 0.9924
vn -0.0896 0.1013 0.9908
vn 0.1052 -0.7314 0.6738
vn -0.0461 -0.1834 0.9820
vn 0.7016 0.0260 0.7121
vn 0.1684 -0.1508 0.9741
vn 0.4699 0.5125 0.7187
vn 0.2746 0.0019 0.9615
vn -0.0538 0.7400 0.6704
vn 0.1731 0.2521 0.9521
vn -0.6450 0.6335 0.4273
vn 0.0008 0.2740 0.9617
vn -0.8458 -0.0235 0.5329
vn -0.6369 0.3141 0.7040
vn -0.5140 -0.6431 0.5676
vn 0.3408 -0.5431 0.7674
vn 0.4745 -0.4586 0.7514
vn 0.6245 -0.2407 0.7430
vn 0.6523 0.1844 0.7352
vn 0.5107 0.4641 0.7237
vn 0.1874 0.6729 0.7156
vn -0.1544 0.6792 0.7175
vn -0.4326 0.5833 0.6875
vn -0.6322 0.3004 0.7142
vn -0.6901 -0.1056 0.7159
vn -0.4639 -0.5329 0.7077
vn 0.1428 -0.7333 0.6647
vn 0.6656 -0.5309 0.5246
vn 0.8670 0.1863 0.4621
vn 0.4347 0.6894 0.5795
vn -0.1640 0.7495 0.6413
vn 0.0161 -0.0657 0.9977
vn 0.6564 0.5556 0.5103
vn 0.7839 0.2701 0.5590
vn -0.0573 0.2434 0.9682
vn -0.6515 -0.3355 0.6804
vn 0.1231 0.1234 0.9847
vn -0.1977 0.1476 0.9691
vn -0.4517 -0.6844 0.5723
vn -0.2112 -0.1663 0.9632
vn 0.7607 -0.0612 0.6462
vn 0.6996 -0.2474 0.6704
vn 0.5008 -0.5193 0.6925
vn -0.2085 0.0821 0.9746
vn 0.0675 -0.8475 0.5265
vn -0.0748 0.0201 0.9970
vn -0.6877 -0.4863 0.5390
vn -0.7043 -0.4948 0.5091
vn 0.3493 0.7515 0.5596
vn -0.1490 0.8244 0.5461
vn -0.5976 0.5345 0.5977
vn -0.8021 0.0108 0.5971
vn -0.6261 -0.3524 0.6956
vn -0.1992 -0.6880 0.6978
vn 0.1479 0.1665 0.9749
vn 0.2918 0.4908 0.8210
vn 0.4783 0.5354 0.6961
vn -0.0787 -0.0329 0.9964
vn 0.0352 0.0596 0.9976
vn -0.3700 -0.4049 0.8361
vn -0.4260 -0.4438 0.7884
vn 0.1182 0.0062 0.9930
vn -0.0885 -0.1466 0.9852
vn -0.4991 -0.3708 0.7832
vn 0.4035 -0.1677 0.8995
vn -0.5778 -0.3541 0.7354
vn 0.4257 0.5312 0.7326
vn -0.1201 -0.0246 0.9925
vn 0.2280 0.5115 0.8285
vn -0.5301 -0.3097 0.7893
vn -0.0186 0.1258 0.9919
vn -0.0735 -0.0627 0.9953
vn -0.5028 0.0110 0.8644
vn 0.1804 -0.0653 0.9814
vn -0.3786 -0.8465 0.3744
vn 0.0992 0.1690 0.9806
vn 0.1895 0.1058 0.9762
vn -0.8116 -0.4487 0.3742
vn 0.1605 0.0350 0.9864
vn -0.9255 -0.0874 0.3686
vn -0.8139 0.4390 0.3805
vn 0.1768 -0.0978 0.9794
vn -0.5439 0.7491 0.3782
vn 0.1206 -0.1698 0.9781
vn -0.0265 0.9277 0.3725
vn 0.0087 -0.1844 0.9828
vn 0.3830 0.8462 0.3704
vn -0.0502 -0.1526 0.9870
vn 0.6853 0.5809 0.4392
vn -0.0443 -0.0641 0.9970
vn 0.2508 -0.3933 0.8846
vn -0.0563 0.0864 0.9947
vn 0.6293 0.2654 0.7305
vn -0.4095 -0.8519 0.3266
vn 0.0100 -0.9461 0.3237
vn 0.5492 -0.7703 0.3241
vn 0.8298 -0.4524 0.3268
vn 0.9417 0.0918 0.3238
vn 0.8140 0.4870 0.3166
vn 0.4045 0.8543 0.3263
vn 0.1808 0.8841 0.4309
vn -0.7785 0.0294 0.6269
vn 0.7593 0.4062 0.5084
vn 0.0274 -0.0931 0.9953
vn 0.7810 -0.0146 0.6243
vn -0.7531 0.2081 0.6241
vn 0.1221 -0.0344 0.9919
vn 0.0760 0.0354 0.9965
vn 0.2197 0.5316 0.8180
vn 0.6958 -0.2395 0.6771
vn 0.3107 0.7260 0.6135
vn 0.2814 -0.3030 0.9105
vn 0.7366 0.4534 0.5018
vn 0.0693 -0.3951 0.9160
vn 0.1509 -0.3393 0.9285
vn 0.6971 -0.4626 0.5478
vn 0.2361 -0.9091 0.3433
vn 0.2376 -0.1232 0.9635
vn 0.4403 0.4915 0.7514
vn -0.0345 0.2173 0.9755
vn 0.0311 -0.0632 0.9975
vn -0.0032 -0.6574 0.7535
vn -0.1639 0.6125 0.7733
vn -0.5938 0.4203 0.6862
vn -0.0542 0.5230 0.8506
vn -0.1342 0.1335 0.9819
vn -0.4134 -0.7442 0.5247
vn -0.0266 -0.8547 0.5184
vn 0.4194 -0.7557 0.5030
vn 0.0487 -0.0878 0.9950
vn 0.5536 -0.6067 0.5704
vn 0.0762 -0.0726 0.9944
vn 0.6606 -0.4194 0.6226
vn 0.0507 -0.0515 0.9974
vn -0.1788 -0.0043 0.9839
vn -0.6539 0.1701 0.7372
vn 0.0617 0.0432 0.9972
vn -0.6668 0.0845 0.7404
vn 0.1021 -0.0171 0.9946
vn 0.1537 -0.5013 0.8515
vn -0.6776 -0.6654 0.3131
vn -0.6856 0.3269 0.6505
vn -0.5383 0.5774 0.6139
vn -0.1871 0.7488 0.6359
vn 0.1124 -0.1010 0.9885
vn 0.3983 0.3854 0.8324
vn -0.0341 -0.1630 0.9860
vn 0.0090 -0.0134 0.9999
vn 0.2479 0.7174 0.6511
vn 0.0074 0.1241 0.9922
vn 0.1560 0.8130 0.5610
vn 0.7030 0.3726 0.6058
vn 0.3829 0.6994 0.6034
vn 0.1114 0.0129 0.9937
vn 0.7660 0.0134 0.6427
vn 0.0754 0.0186 0.9970
vn 0.0369 -0.0449 0.9983
vn 0.1233 -0.0170 0.9922
vn 0.7521 -0.3604 0.5518
vn 0.0541 -0.1364 0.9892
vn 0.4948 -0.6609 0.5643
vn -0.5297 -0.6226 0.5760
vn -0.0404 -0.8274 0.5602
vn -0.1619 -0.0499 0.9855
vn -0.8330 -0.0839 0.5469
vn -0.0880 0.1281 0.9879
vn -0.6568 0.5169 0.5490
vn -0.0074 0.2572 0.9663
vn -0.0120 0.8274 0.5615
vn 0.1725 0.0159 0.9849
vn 0.2500 0.0986 0.9632
vn 0.7876 0.1528 0.5969
vn 0.5782 0.5295 0.6208
vn -0.0541 0.1008 0.9934
vn 0.7877 0.0531 0.6138
vn -0.1589 0.0485 0.9861
vn 0.7338 -0.4270 0.5284
vn -0.1225 0.0593 0.9907
vn 0.4512 -0.7015 0.5516
vn -0.1007 0.1530 0.9831
vn 0.0169 0.1683 0.9856
vn -0.0803 -0.8342 0.5455
vn 0.1400 0.1422 0.9799
vn -0.5413 -0.6402 0.5452
vn 0.2194 0.0306 0.9752
vn -0.7924 -0.2731 0.5454
vn 0.1927 -0.1613 0.9679
vn -0.7030 0.4439 0.5557
vn 0.0024 -0.2110 0.9775
vn -0.2672 0.7884 0.5542
vn -0.1296 -0.1057 0.9859
vn 0.1981 0.7799 0.5937
vn -0.1073 0.1292 0.9858
vn 0.2982 0.7443 0.5975
vn -0.6457 -0.5132 0.5655
vn -0.3004 -0.7991 0.5207
vn 0.2303 -0.8520 0.4701
vn 0.7286 -0.5102 0.4570
vn 0.8514 0.2538 0.4591
vn 0.5641 0.6781 0.4712
vn 0.0766 0.8719 0.4836
vn -0.4558 0.7473 0.4835
vn -0.7504 0.4568 0.4777
vn -0.8437 0.0998 0.5275
vn -0.6883 -0.1846 0.7015
vn -0.2158 -0.7186 0.6611
vn -0.0720 -0.7885 0.6109
vn -0.2546 -0.7046 0.6623
vn -0.6642 -0.3134 0.6787
vn -0.7255 -0.0190 0.6879
vn -0.7270 0.2137 0.6526
vn -0.5602 0.5282 0.6381
vn -0.0437 0.7355 0.6761
vn 0.5235 0.5174 0.6769
vn 0.7657 -0.0133 0.6431
vn 0.5438 -0.4695 0.6956
vn 0.1113 -0.7452 0.6575
vn -0.2387 -0.6897 0.6836
vn 0.1058 -0.6990 0.7073
vn -0.4833 -0.5981 0.6393
vn 0.2453 -0.4817 0.8413
vn 0.2242 -0.8224 0.5228
vn 0.0674 0.0397 0.9969
vn -0.1183 -0.1346 0.9838
vn 0.6187 0.4151 0.6670
vn 0.0517 0.1080 0.9928
vn 0.1123 0.6844 0.7204
vn -0.6692 -0.1722 0.7228
vn -0.0450 -0.0903 0.9949
vn -0.4989 -0.3577 0.7894
vn -0.5174 -0.5083 0.6884
vn -0.6662 -0.2541 0.7012
vn -0.6780 -0.7350 -0.0000
vn -0.6893 -0.7245 -0.0000
vn 0.4760 0.8794 -0.0000
vn 0.6655 0.7464 -0.0000
vn 0.8924 -0.4512 -0.0000
vn 0.5378 -0.8431 -0.0000
vn 0.7152 -0.6989 -0.0000
vn -0.4031 0.9152 -0.0036
vn -0.9051 0.4252 -0.0000
vn -0.7095 0.7046 0.0145
vn 0.9396 -0.3424 -0.0000
vn -0.9750 -0.2071 0.0802
vn 0.9658 0.2592 -0.0000
vn 0.7289 0.6846 -0.0000
vn -0.2467 -0.9691 -0.0000
vn -0.7716 -0.6313 -0.0779
vn 0.2882 0.9576 -0.0000
vn -0.2441 0.9697 -0.0000
vn 0.2561 -0.9635 -0.0780
vn -0.5900 0.8074 -0.0000
vn 0.9837 0.1798 -0.0000
vn 0.9367 -0.3501 -0.0000
vn -0.9877 -0.1563 -0.0000
vn 0.6411 -0.7674 0.0065
vn -0.8819 0.4696 0.0415
vn 0.6213 0.7835 -0.0000
vn -0.6516 -0.7586 -0.0000
vn 0.1916 -0.9815 -0.0001
vn -0.1667 0.9859 -0.0152
vn 0.7909 -0.6119 -0.0001
vn -0.7665 0.6182 -0.1741
vn 0.9827 0.1854 -0.0000
vn -0.5856 -0.8106 -0.0000
vn -0.9928 -0.1101 0.0469
vn 0.5648 0.8252 0.0001
vn -0.1304 -0.8147 0.5650
vn -0.1225 0.9925 -0.0023
vn -0.8123 -0.5833 -0.0000
vn -0.7968 -0.6043 -0.0000
vn 0.5758 0.8176 -0.0000
vn 0.7480 0.6638 -0.0001
vn -0.9065 -0.4223 0.0001
vn 0.9457 0.3225 -0.0400
vn -0.8384 -0.5450 -0.0076
vn 0.5508 -0.8347 -0.0000
vn 0.0666 -0.9978 -0.0013
vn 0.9985 0.0542 -0.0001
vn 0.9999 -0.0121 -0.0000
vn -0.8966 -0.4428 -0.0000
vn -0.9940 -0.1096 -0.0000
vn 0.8807 0.4737 -0.0000
vn 0.4256 0.9049 -0.0000
vn 0.1331 -0.9911 -0.0000
vn -0.4707 -0.8822 -0.0139
vn -0.1493 0.9888 -0.0000
vn 0.7129 -0.7012 -0.0000
vn -0.9980 0.0636 -0.0000
vn 0.9723 -0.2311 -0.0347
vn -0.9138 -0.4062 -0.0006
vn -0.7582 0.6505 -0.0450
vn -0.5182 -0.8553 -0.0000
vn 0.8060 -0.5919 -0.0000
vn -0.1250 -0.9922 -0.0000
vn 0.6894 0.7121 -0.1328
vn 0.2958 0.8380 0.4586
vn 0.1862 0.9824 -0.0112
vn 0.4212 -0.9069 -0.0004
vn 0.1985 -0.9801 -0.0000
vn -0.3984 -0.9172 -0.0000
vn 0.2970 0.9503 0.0937
vn -0.8714 -0.4906 -0.0000
vn 0.8599 0.5104 -0.0000
vn 0.3841 0.9209 -0.0662
vn -0.9959 -0.0904 -0.0000
vn -0.8799 0.4752 -0.0000
vn 0.9974 0.0529 0.0488
vn -0.5889 0.8082 -0.0000
vn 0.5813 -0.8137 -0.0000
vn 0.9105 -0.4058 -0.0793
vn -0.0235 0.9997 -0.0000
vn 0.4264 0.9045 -0.0000
vn 0.0336 -0.9992 -0.0235
vn 0.7884 0.6152 -0.0001
vn -0.4247 -0.9053 -0.0022
vn 0.9627 0.2704 0.0039
vn 0.2224 -0.9750 -0.0000
vn -0.6827 -0.7307 0.0015
vn -0.9839 -0.1785 -0.0000
vn -0.9767 0.2146 -0.0000
vn -0.9106 0.4133 -0.0000
vn -0.6787 0.7344 -0.0000
vn 0.8322 -0.5544 0.0090
vn 0.2577 0.9662 -0.0000
vn 0.4395 -0.8983 0.0001
vn 0.3010 -0.9536 0.0001
vn 0.6690 -0.7431 0.0159
vn -0.2694 0.9626 -0.0269
vn -0.8122 -0.5834 -0.0000
vn -0.5818 -0.8133 -0.0001
vn 0.7740 0.6247 0.1035
vn -0.2608 -0.9654 -0.0000
vn 0.2642 0.9641 0.0248
vn -0.0891 -0.9960 -0.0000
vn 0.1153 0.9933 0.0054
vn -0.3426 -0.9395 0.0001
vn 0.8827 0.4700 -0.0000
vn 0.4355 0.8973 0.0728
vn -0.9061 -0.4231 -0.0000
vn 0.9998 0.0178 -0.0000
vn -0.9997 -0.0258 -0.0000
vn 0.9219 -0.3875 -0.0000
vn -0.9595 0.2818 -0.0000
vn -0.7143 0.6998 -0.0000
vn 0.6373 -0.7699 0.0343
vn -0.0617 0.9981 -0.0000
vn -0.6579 -0.7531 -0.0000
vn 0.0149 -0.9998 0.0103
vn 0.6926 0.7213 -0.0000
vn -0.9954 -0.0962 -0.0000
vn 0.9997 0.0257 -0.0001
vn 0.7621 -0.6474 -0.0000
vn -0.0564 0.9984 -0.0000
vn -0.7425 0.6661 0.0705
vn 0.1081 -0.9941 -0.0000
vn -0.4082 -0.9129 -0.0000
vn 0.9629 0.2698 -0.0000
vn 0.6759 0.7289 0.1093
vn -0.6953 -0.7187 -0.0033
vn 0.6820 0.7314 0.0002
vn -0.9280 -0.3725 -0.0000
vn -0.9733 -0.2279 -0.0258
vn 0.9951 0.0991 -0.0000
vn 0.8610 -0.5086 -0.0000
vn -0.8557 0.5175 -0.0000
vn -0.9934 0.1093 -0.0349
vn 0.5388 -0.8425 -0.0000
vn -0.0906 -0.9959 -0.0000
vn 0.0900 0.9959 -0.0000
vn -0.4844 0.8738 0.0434
vn -0.6408 -0.7677 -0.0000
vn -0.9419 -0.3359 -0.0000
vn 0.9579 0.2872 -0.0000
vn 0.6262 0.7794 -0.0190
vn -0.8317 0.5553 -0.0000
vn -0.3011 0.9536 -0.0000
vn 0.8240 -0.5665 0.0082
vn 0.2875 0.9578 -0.0001
vn 0.2320 -0.9716 0.0465
vn 0.4566 0.8897 -0.0021
vn -0.3818 -0.9215 0.0710
vn -0.9811 -0.1934 0.0001
vn -0.4534 -0.8324 0.3185
vn 0.2441 -0.9698 0.0002
vn 0.9742 -0.1768 0.1400
vn -0.8024 -0.5968 -0.0000
vn 0.2431 0.9700 -0.0000
vn 0.3626 0.9319 -0.0000
vn -0.9971 -0.0760 -0.0000
vn -0.9632 0.2689 -0.0000
vn -0.7925 0.6099 0.0030
vn 0.9974 0.0717 -0.0001
vn -0.2710 0.9626 -0.0007
vn 0.3773 0.9248 0.0488
vn -0.0983 0.9950 -0.0152
vn 0.5151 -0.8572 -0.0000
vn -0.7364 0.6766 -0.0000
vn -0.8711 -0.3484 0.3460
vn -0.8806 -0.4739 -0.0000
vn 0.0218 -0.0314 -0.9993
vn -0.4466 0.4345 -0.7821
vn 0.0392 -0.0465 -0.9981
vn -0.5401 0.2430 -0.8058
vn 0.1173 -0.0253 -0.9928
vn -0.5876 -0.1592 -0.7934
vn 0.1116 0.0093 -0.9937
vn -0.5051 -0.3593 -0.7847
vn 0.0778 0.0835 -0.9935
vn -0.1722 -0.6014 -0.7802
vn 0.0603 0.1039 -0.9928
vn -0.0519 0.0895 -0.9946
vn -0.0112 0.1129 -0.9935
vn 0.5770 -0.2215 -0.7861
vn -0.1376 0.0647 -0.9884
vn -0.1358 -0.0333 -0.9902
vn 0.1032 -0.7290 -0.6766
vn 0.6939 0.0250 -0.7196
vn -0.0989 -0.1698 -0.9805
vn 0.4694 0.5085 -0.7219
vn 0.1040 -0.1817 -0.9778
vn -0.0597 0.7506 -0.6581
vn 0.2312 -0.0747 -0.9700
vn -0.6160 0.6486 -0.4472
vn 0.2486 0.1654 -0.9544
vn -0.8487 -0.0220 -0.5283
vn 0.0676 0.2570 -0.9640
vn -0.5149 -0.6403 -0.5700
vn -0.1320 0.0674 -0.9890
vn 0.3409 -0.5431 -0.7673
vn 0.5748 -0.4379 -0.6913
vn 0.6954 -0.1446 -0.7039
vn 0.6768 0.2640 -0.6872
vn 0.4611 0.5600 -0.6883
vn -0.1868 0.6712 -0.7173
vn -0.4563 0.5701 -0.6832
vn -0.6925 -0.1325 -0.7092
vn -0.4430 -0.5478 -0.7097
vn 0.1692 -0.7181 -0.6751
vn 0.6657 -0.5000 -0.5539
vn 0.8701 0.1980 -0.4513
vn -0.1677 0.6702 -0.7229
vn 0.0035 -0.0474 -0.9989
vn 0.6562 0.5560 -0.5101
vn -0.0456 0.0203 -0.9988
vn -0.6215 -0.3802 -0.6850
vn 0.0405 0.2394 -0.9701
vn 0.1232 0.1233 -0.9847
vn -0.4488 -0.6749 -0.5858
vn -0.1152 0.2044 -0.9721
vn -0.1700 -0.1055 -0.9798
vn 0.7605 -0.0616 -0.6464
vn -0.0076 -0.3109 -0.9504
vn 0.5342 -0.4870 -0.6910
vn -0.2089 0.0817 -0.9745
vn 0.0490 -0.8316 -0.5532
vn -0.6875 -0.4866 -0.5391
vn 0.3272 0.7570 -0.5656
vn -0.1660 0.8149 -0.5554
vn -0.7975 -0.0268 -0.6027
vn -0.5550 -0.3913 -0.7341
vn 0.1479 0.1665 -0.9749
vn 0.2914 0.4901 -0.8215
vn -0.0347 -0.0004 -0.9994
vn 0.0351 0.0600 -0.9976
vn -0.0813 -0.1485 -0.9856
vn -0.3732 0.5744 -0.7285
vn -0.3700 -0.4049 -0.8362
vn 0.8250 0.3583 -0.4370
vn 0.1179 0.0069 -0.9930
vn 0.3915 -0.2619 -0.8821
vn -0.4358 -0.5549 -0.7087
vn -0.5778 -0.3540 -0.7354
vn -0.4822 -0.4951 -0.7227
vn 0.4257 0.5312 -0.7326
vn -0.1170 -0.0480 -0.9920
vn 0.2279 0.5116 -0.8285
vn -0.0193 0.1320 -0.9911
vn -0.6845 -0.5569 -0.4705
vn -0.6254 -0.3512 -0.6968
vn -0.0736 -0.0623 -0.9953
vn -0.5819 -0.2309 -0.7798
vn -0.0678 0.0324 -0.9972
vn -0.3640 -0.8507 -0.3792
vn 0.0424 -0.1433 -0.9888
vn 0.0992 0.1690 -0.9806
vn 0.1828 0.0149 -0.9830
vn 0.1276 -0.0566 -0.9902
vn -0.7929 -0.5020 -0.3454
vn -0.8156 0.4110 -0.4074
vn 0.1768 -0.0979 -0.9794
vn -0.5545 0.7476 -0.3655
vn 0.1206 -0.1698 -0.9781
vn -0.0430 0.9249 -0.3777
vn 0.0086 -0.1845 -0.9828
vn 0.3716 0.8509 -0.3713
vn -0.0503 -0.1526 -0.9870
vn 0.6748 0.5912 -0.4417
vn -0.0442 -0.0639 -0.9970
vn 0.3489 -0.1959 -0.9165
vn -0.4028 -0.8550 -0.3267
vn 0.0178 -0.9443 -0.3285
vn 0.5570 -0.7708 -0.3091
vn 0.8284 -0.4424 -0.3435
vn 0.9473 0.0975 -0.3050
vn 0.7966 0.5190 -0.3101
vn 0.1819 0.8958 -0.4055
vn -0.7414 -0.1243 -0.6595
vn 0.1843 -0.0036 -0.9829
vn 0.7518 0.3553 -0.5554
vn -0.7769 0.1608 -0.6087
vn 0.1231 -0.0321 -0.9919
vn 0.7960 -0.0633 -0.6020
vn 0.0254 0.0387 -0.9989
vn 0.0173 0.5559 -0.8311
vn 0.2463 0.7442 -0.6209
vn 0.5506 -0.1143 -0.8269
vn 0.2811 -0.3030 -0.9106
vn 0.6488 0.5109 -0.5639
vn 0.0625 -0.3873 -0.9198
vn 0.1973 -0.2114 -0.9573
vn 0.1828 -0.9224 -0.3402
vn 0.0916 -0.1904 -0.9774
vn 0.6364 0.4716 -0.6104
vn -0.0915 0.0680 -0.9935
vn 0.7670 0.0199 -0.6413
vn 0.0050 -0.1044 -0.9945
vn 0.0002 -0.6612 -0.7502
vn -0.3845 0.5139 -0.7669
vn -0.0759 0.1711 -0.9823
vn -0.1723 0.5469 -0.8193
vn -0.4906 0.5604 -0.6673
vn -0.3465 -0.7896 -0.5064
vn 0.4850 -0.6884 -0.5393
vn 0.5700 -0.5971 -0.5644
vn 0.0239 -0.1130 -0.9933
vn 0.0762 -0.0727 -0.9944
vn 0.6756 -0.4035 -0.6170
vn 0.0507 -0.0515 -0.9974
vn -0.1500 -0.0246 -0.9884
vn -0.6541 0.1704 -0.7370
vn -0.5687 -0.0037 -0.8225
vn 0.1021 -0.0171 -0.9946
vn 0.6583 0.1016 -0.7459
vn 0.1655 -0.5351 -0.8284
vn -0.1028 -0.0462 -0.9936
vn -0.6927 -0.6218 -0.3653
vn -0.7007 0.3078 -0.6436
vn -0.5557 0.5665 -0.6085
vn 0.3945 0.4419 -0.8057
vn -0.0333 -0.1735 -0.9843
vn -0.0340 -0.1631 -0.9860
vn 0.2736 0.7488 -0.6037
vn 0.0007 -0.0169 -0.9999
vn 0.1514 0.8005 -0.5799
vn 0.0575 0.1678 -0.9842
vn 0.7030 0.3724 -0.6058
vn 0.1344 0.0729 -0.9882
vn 0.7660 0.0136 -0.6427
vn 0.0863 0.0042 -0.9963
vn 0.1053 -0.0453 -0.9934
vn 0.7505 -0.3596 -0.5544
vn 0.1429 -0.1122 -0.9834
vn 0.4922 -0.6671 -0.5593
vn 0.0101 -0.1897 -0.9818
vn -0.5298 -0.6224 -0.5761
vn -0.1646 -0.1325 -0.9774
vn -0.8330 -0.0838 -0.5469
vn -0.2242 0.0096 -0.9745
vn -0.6566 0.5169 -0.5492
vn -0.2014 0.2180 -0.9549
vn -0.0119 0.8273 -0.5616
vn 0.0930 0.2370 -0.9671
vn 0.2673 0.0940 -0.9590
vn 0.7894 0.1538 -0.5943
vn 0.2108 -0.2113 -0.9544
vn 0.7881 0.0811 -0.6102
vn 0.0616 0.0819 -0.9947
vn -0.1589 0.0484 -0.9861
vn 0.7417 -0.4124 -0.5289
vn -0.1225 0.0594 -0.9907
vn 0.4674 -0.7003 -0.5395
vn -0.1007 0.1530 -0.9831
vn 0.0759 0.1289 -0.9887
vn 0.1672 0.0648 -0.9838
vn -0.0166 -0.8711 -0.4908
vn 0.2213 -0.0626 -0.9732
vn -0.4987 -0.7090 -0.4987
vn 0.1132 -0.2352 -0.9653
vn -0.8882 -0.2393 -0.3922
vn -0.0805 -0.2058 -0.9753
vn -0.7776 0.3745 -0.5051
vn -0.1903 -0.0664 -0.9795
vn -0.3077 0.8306 -0.4641
vn -0.5890 0.0787 -0.8043
vn 0.1841 0.8473 -0.4982
vn -0.6442 -0.5112 -0.5689
vn -0.3048 -0.8455 -0.4383
vn 0.2483 -0.8784 -0.4084
vn 0.7575 -0.4903 -0.4310
vn 0.9079 0.2303 -0.3504
vn 0.5286 0.7151 -0.4573
vn 0.0304 0.8884 -0.4580
vn -0.7554 0.4486 -0.4776
vn -0.8433 0.0877 -0.5302
vn -0.6830 -0.2127 -0.6988
vn -0.1944 -0.7300 -0.6552
vn -0.0579 -0.7907 -0.6095
vn -0.2471 -0.7178 -0.6509
vn -0.6825 -0.4076 -0.6067
vn -0.7358 0.1867 -0.6510
vn -0.5789 0.5181 -0.6296
vn -0.0706 0.7419 -0.6668
vn 0.5845 0.5892 -0.5578
vn 0.8328 0.0503 -0.5513
vn 0.6472 -0.5135 -0.5635
vn 0.2214 -0.7932 -0.5673
vn -0.2477 -0.7762 -0.5798
vn 0.2449 -0.4797 -0.8426
vn 0.0603 0.0377 -0.9975
vn -0.1181 -0.1348 -0.9838
vn -0.0657 0.0181 -0.9977
vn 0.5486 0.3430 -0.7625
vn 0.0504 0.1097 -0.9927
vn -0.2750 0.7496 -0.6021
vn -0.5710 -0.3429 -0.7460
vn -0.4988 -0.3578 -0.7894
vn -0.5365 -0.3019 -0.7881
vn -0.4746 -0.4891 -0.7318
vn 0.1606 0.7299 -0.6645
vn 0.4783 0.5354 -0.6961
vn 0.2018 0.6703 -0.7141
vn 0.5023 -0.6349 -0.5871
vn -0.7127 0.3729 -0.5942
vn 0.4435 0.6916 -0.5701
vn -0.4041 -0.8969 -0.1799
vn 0.8302 -0.2543 -0.4960
vn -0.6833 0.5091 -0.5234
vn -0.0788 -0.8434 -0.5314
vn 0.3002 0.9090 -0.2890
vn 0.2990 0.9104 -0.2859
vn -0.9302 -0.0062 -0.3670
vn 0.2229 -0.8215 -0.5248
vn 0.3163 0.8016 -0.5073
vn -0.7270 -0.0003 -0.6867
vn 0.0671 -0.8351 -0.5460
vn 0.5672 0.6632 -0.4883
vn -0.5297 -0.6268 -0.5714
vn -0.4218 0.8156 -0.3961
vn 0.3255 0.7657 -0.5547
vn -0.3429 0.2093 0.9158
vn -0.0000 -0.1943 0.9809
vn -0.0000 0.1618 0.9868
vn 0.6656 0.2761 0.6933
vn 0.4903 -0.1957 0.8493
vn 0.8492 -0.1964 0.4903
vn 0.8549 0.1599 0.4936
vn 0.9808 -0.1950 -0.0000
vn 0.9871 0.1599 -0.0000
vn 0.8496 -0.1940 -0.4905
vn 0.8549 0.1599 -0.4935
vn 0.4903 -0.1964 -0.8492
vn 0.4935 0.1608 -0.8548
vn -0.0000 -0.1940 -0.9810
vn -0.0000 0.1594 -0.9872
vn -0.4903 -0.1964 -0.8492
vn -0.4935 0.1608 -0.8548
vn -0.8494 -0.1950 -0.4904
vn -0.8550 0.1593 -0.4936
vn -0.9810 -0.1940 -0.0000
vn -0.9870 0.1608 -0.0000
vn -0.8492 -0.1964 0.4903
vn -0.8549 0.1599 0.4935
vn -0.6292 -0.4142 0.6577
vn -0.5000 -0.0000 0.8660
vn 0.5000 -0.0000 0.8660
vn 0.8660 -0.0000 0.5000
vn 1.0000 -0.0000 -0.0000
vn 0.8660 -0.0000 -0.5000
vn 0.5000 -0.0000 -0.8660
vn -0.5000 -0.0000 -0.8660
vn -0.8660 -0.0000 -0.5000
vn -1.0000 -0.0000 -0.0000
vn -0.8660 -0.0000 0.5000
vn -0.4930 -0.0173 0.8699
vn -0.0000 0.0226 0.9997
vn -0.0001 0.0024 1.0000
vn 0.8169 0.5681 0.0997
vn 0.5000 -0.0019 0.8660
vn 0.8660 0.0107 0.5000
vn 0.8660 -0.0040 0.5000
vn 0.9999 0.0107 -0.0000
vn 0.9999 -0.0129 -0.0000
vn 0.8660 0.0107 -0.5000
vn 0.8660 -0.0077 -0.5000
vn 0.5000 0.0096 -0.8660
vn 0.5000 -0.0041 -0.8660
vn -0.0000 0.0124 -0.9999
vn -0.0000 -0.0130 -0.9999
vn -0.5000 0.0096 -0.8660
vn -0.5000 -0.0040 -0.8660
vn -0.8660 0.0108 -0.5000
vn -0.8659 -0.0129 -0.5000
vn -0.9999 0.0107 -0.0000
vn -1.0000 -0.0077 -0.0000
vn -0.8659 0.0197 0.4999
vn -0.8660 0.0076 0.4999
vn -0.8065 -0.5805 0.1127
vn 0.9737 0.1946 -0.1186
vn 0.8547 -0.1616 0.4934
vn 0.9864 -0.1646 -0.0000
vn 0.8546 -0.1617 -0.4934
vn 0.8588 0.1285 -0.4958
vn 0.4934 -0.1616 -0.8546
vn 0.4958 0.1301 -0.8587
vn -0.1186 0.1945 -0.9737
vn -0.0000 -0.1645 -0.9864
vn -0.4934 -0.1616 -0.8546
vn -0.4958 0.1301 -0.8587
vn -0.9030 0.1940 -0.3834
vn -0.8545 -0.1624 -0.4934
vn -0.9866 -0.1631 -0.0000
vn -0.9916 0.1291 -0.0000
vn -0.8546 -0.1616 0.4934
vn -0.8587 0.1301 0.4957
vn -0.3841 0.1946 0.9025
vn -0.4934 -0.1624 0.8545
vn -0.0000 -0.1622 0.9868
vn -0.0000 0.1293 0.9916
vn 0.5896 0.1946 0.7839
vn 0.4934 -0.1624 0.8545
vn 0.7568 0.2709 0.5949
vn 0.6042 0.0533 0.7951
vn 0.8628 0.0868 0.4981
vn 0.8637 0.0734 0.4987
vn 0.5876 0.5083 -0.6295
vn 0.9963 0.0854 -0.0000
vn 0.8628 0.0866 -0.4981
vn 0.8637 0.0734 -0.4986
vn -0.2390 0.5142 -0.8237
vn 0.4982 0.0861 -0.8628
vn -0.6343 0.5056 -0.5848
vn -0.0000 0.0855 -0.9963
vn -0.4982 0.0861 -0.8628
vn -0.4990 0.0637 -0.8643
vn -0.8628 0.0868 -0.4981
vn -0.8637 0.0734 -0.4987
vn -0.5876 0.5083 0.6295
vn -0.9963 0.0855 -0.0000
vn -0.8628 0.0868 0.4981
vn -0.8639 0.0699 0.4988
vn 0.2514 0.5083 0.8237
vn -0.4982 0.0855 0.8628
vn -0.0000 0.0868 0.9962
vn -0.0000 0.0757 0.9971
vn 0.5375 0.1324 0.8328
vn 0.9181 0.1460 0.3684
vn 0.9911 -0.1331 -0.0000
vn 0.9941 0.1086 -0.0000
vn 0.8586 -0.1304 -0.4957
vn 0.8607 0.1108 -0.4969
vn 0.2718 0.2395 -0.9321
vn 0.4957 -0.1314 -0.8585
vn -0.2324 0.2385 -0.9429
vn -0.0000 -0.1363 -0.9907
vn -0.4956 -0.1321 -0.8584
vn -0.4971 0.1081 -0.8610
vn -0.8585 -0.1314 -0.4957
vn -0.8609 0.1081 -0.4971
vn -0.9911 -0.1331 -0.0000
vn -0.9941 0.1086 -0.0000
vn -0.8586 -0.1304 0.4957
vn -0.8608 0.1099 0.4970
vn -0.2703 0.2386 0.9327
vn -0.4955 -0.1333 0.8583
vn -0.0000 -0.1309 0.9914
vn -0.0000 0.1099 0.9939
vn 0.6726 0.2386 0.7005
vn 0.4955 -0.1333 0.8583
vn 0.6601 -0.3730 0.6520
vn 0.8740 0.0271 0.4852
vn 0.9997 0.0244 -0.0000
vn 0.9997 0.0261 -0.0000
vn 0.8658 0.0244 -0.4999
vn 0.8657 0.0267 -0.4998
vn 0.4999 0.0244 -0.8658
vn 0.4999 0.0275 -0.8657
vn -0.0000 0.0244 -0.9997
vn -0.0000 0.0261 -0.9997
vn -0.4999 0.0244 -0.8658
vn -0.4998 0.0275 -0.8657
vn -0.8658 0.0244 -0.4999
vn -0.8657 0.0267 -0.4998
vn -0.9997 0.0244 -0.0000
vn -0.9996 0.0274 -0.0000
vn -0.5733 0.3665 0.7328
vn -0.8658 0.0244 0.4999
vn -0.1290 0.3664 0.9215
vn -0.4999 0.0244 0.8658
vn -0.0000 0.0244 0.9997
vn -0.0000 0.0283 0.9996
vn 0.7332 0.3665 0.5728
vn 0.4999 0.0244 0.8658
vn 0.8658 0.0244 0.4999
vn 0.5101 0.8601 0.0082
vn 0.6736 0.6285 -0.3889
vn 0.4389 0.8621 -0.2534
vn 0.3890 0.6283 -0.6738
vn 0.2534 0.8621 -0.4389
vn 0.0084 0.8600 -0.5103
vn -0.0000 0.6284 -0.7779
vn -0.3890 0.6283 -0.6738
vn -0.2534 0.8621 -0.4389
vn -0.4377 0.8600 -0.2624
vn -0.6736 0.6285 -0.3889
vn -0.5103 0.8600 -0.0084
vn -0.7780 0.6283 -0.0000
vn -0.4461 0.8600 0.2479
vn -0.6735 0.6286 0.3889
vn -0.3889 0.6285 0.6736
vn -0.2534 0.8621 0.4389
vn -0.0000 0.6282 0.7781
vn -0.0000 0.8621 0.5068
vn 0.2479 0.8600 0.4461
vn 0.3889 0.6285 0.6736
vn 0.4377 0.8600 0.2624
vn 0.6735 0.6286 0.3889
vn 0.7622 0.6467 -0.0288
vn 0.8612 0.1056 -0.4972
vn 0.9944 0.1056 -0.0000
vn 0.4972 0.1056 -0.8612
vn -0.0000 0.1056 -0.9944
vn -0.4972 0.1056 -0.8612
vn -0.8612 0.1056 -0.4972
vn -0.9944 0.1056 -0.0000
vn -0.8612 0.1056 0.4972
vn -0.4972 0.1056 0.8612
vn -0.0000 0.1056 0.9944
vn 0.4972 0.1056 0.8612
vn 0.8612 0.1056 0.4972
vn -0.0041 0.0186 0.9998
vn 0.4939 -0.1563 0.8554
vn 0.4999 0.0195 0.8659
vn 0.8554 -0.1563 0.4939
vn 0.8659 0.0195 0.4999
vn 0.9999 0.0140 0.0086
vn 0.9877 -0.1563 -0.0000
vn 0.8554 -0.1563 -0.4939
vn 0.8659 0.0195 -0.4999
vn 0.5074 0.0140 -0.8616
vn 0.4938 -0.1563 -0.8554
vn -0.0000 -0.1563 -0.9877
vn -0.0000 0.0195 -0.9998
vn -0.4925 0.0140 -0.8702
vn -0.4939 -0.1563 -0.8554
vn -0.8554 -0.1563 -0.4938
vn -0.8659 0.0195 -0.4999
vn -0.9999 0.0140 -0.0086
vn -0.8554 -0.1563 0.4939
vn -0.8659 0.0195 0.4999
vn -0.5074 0.0140 0.8616
vn -0.4939 -0.1563 0.8554
vn -0.0076 -0.1642 0.9864
vn -0.0000 -0.2381 0.9713
vn 0.4856 -0.2381 0.8411
vn 0.8411 -0.2381 0.4856
vn 0.9713 -0.2381 -0.0000
vn 0.8411 -0.2381 -0.4856
vn 0.4856 -0.2381 -0.8411
vn -0.0000 -0.2381 -0.9713
vn -0.4856 -0.2381 -0.8411
vn -0.8411 -0.2381 -0.4856
vn -0.9713 -0.2381 -0.0000
vn -0.8411 -0.2381 0.4856
vn -0.4856 -0.2381 0.8411
vn 0.5260 0.2138 0.8232
vn -0.0439 0.2139 -0.9759
vn -0.4915 0.1838 0.8513
vn -0.5261 0.2321 -0.8181
vn -0.9830 0.1838 -0.0000
vn -0.8647 0.2321 -0.4454
vn 0.4731 0.4923 0.7307
vn 0.6590 0.6488 0.3805
vn 0.3801 0.6497 0.6583
vn 0.1438 0.6659 0.7320
vn -0.3963 0.4923 0.7750
vn -0.3801 0.6497 0.6583
vn -0.5634 0.6628 0.4932
vn 0.5071 0.1876 -0.8412
vn 0.9830 0.1838 -0.0000
vn 0.8647 0.2321 0.4455
vn -0.4731 0.4922 -0.7307
vn -0.6590 0.6488 -0.3805
vn -0.3802 0.6497 -0.6583
vn -0.1424 0.6686 -0.7299
vn 0.2412 0.6561 -0.7151
vn -0.0448 0.4936 -0.8685
vn 0.7306 0.4922 -0.4733
vn 0.6575 0.6507 -0.3798
vn -0.8880 0.4599 -0.0000
vn -0.7298 0.4936 0.4730
vn -0.3667 0.8645 -0.3436
vn 0.8879 0.4601 -0.0000
vn 0.3667 0.8646 0.3435
vn -0.0000 1.0000 -0.0001
vn 0.7745 0.4936 0.3956
vn 0.8328 0.2745 -0.4808
vn 0.4118 0.5362 -0.7368
vn -0.7743 0.4937 -0.3959
vn -0.8327 0.2747 0.4808
vn -0.0330 0.5258 0.8500
vn -0.0000 0.2745 0.9616
vn -0.0000 0.8754 0.4834
vn -0.3214 -0.8809 0.3473
vn -0.0000 -1.0000 -0.0000
vn -0.0000 -0.8620 0.5069
vn 0.2419 0.8751 0.4190
vn 0.1956 -0.8673 0.4578
vn -0.0000 -1.0000 -0.0001
vn 0.4189 0.8752 0.2418
vn 0.4393 -0.8618 0.2536
vn 0.4837 0.8753 -0.0000
vn 0.5066 -0.8622 -0.0000
vn 0.4188 0.8753 -0.2418
vn 0.4574 -0.8675 -0.1956
vn 0.2418 0.8753 -0.4189
vn 0.2990 -0.8670 -0.3985
vn -0.0000 0.8752 -0.4837
vn -0.0000 -0.8625 -0.5060
vn -0.2419 0.8752 -0.4190
vn -0.1957 -0.8670 -0.4582
vn -0.4186 0.8754 -0.2417
vn -0.4387 -0.8622 -0.2533
vn -0.4838 0.8752 -0.0000
vn -0.4943 -0.8673 -0.0595
vn -0.4189 0.8753 0.2418
vn -0.4390 -0.8620 0.2535
vn -0.0877 0.9111 0.4028
vn 0.4638 -0.7705 0.4373
vn 0.6771 -0.7359 -0.0000
vn 0.6146 -0.7488 -0.2482
vn 0.4094 -0.7477 -0.5228
vn -0.0000 -0.7359 -0.6771
vn -0.2481 -0.7477 -0.6159
vn -0.5857 -0.7366 -0.3381
vn -0.6771 -0.7359 -0.0000
vn -0.6154 -0.7481 0.2481
vn -0.4088 -0.7482 0.5226
vn -0.0000 -0.7359 0.6771
vn 0.2481 -0.7482 0.6154
vn 0.2566 -0.8269 0.5005
vn 0.4897 -0.8248 0.2827
vn 0.5616 -0.8269 0.0279
vn 0.5004 -0.8269 -0.2566
vn 0.3049 -0.8270 -0.4723
vn -0.0000 -0.8246 -0.5657
vn -0.2566 -0.8270 -0.5003
vn -0.4898 -0.8247 -0.2828
vn -0.5655 -0.8247 -0.0000
vn -0.5004 -0.8269 0.2566
vn -0.2828 -0.8247 0.4899
vn 0.0873 -0.8587 0.5050
vn -0.0000 0.0660 0.9978
vn 0.4991 0.0612 0.8644
vn 0.8641 0.0659 0.4989
vn 0.9980 0.0636 -0.0000
vn 0.8643 0.0636 -0.4990
vn 0.4990 0.0632 -0.8643
vn -0.0000 0.0612 -0.9981
vn -0.4990 0.0632 -0.8643
vn -0.8641 0.0659 -0.4989
vn -0.9982 0.0603 -0.0000
vn -0.8641 0.0659 0.4989
vn -0.7006 -0.2143 0.6807
vn 0.3433 0.9181 0.1982
vn 0.3970 0.9178 -0.0000
vn 0.4229 -0.9061 -0.0152
vn 0.3434 0.9180 -0.1983
vn 0.3608 -0.9091 -0.2083
vn 0.1981 0.9181 -0.3432
vn 0.2083 -0.9091 -0.3607
vn -0.0000 0.9179 -0.3969
vn -0.0000 -0.9090 -0.4168
vn -0.1981 0.9181 -0.3432
vn -0.2246 -0.9060 -0.3587
vn -0.3434 0.9180 -0.1983
vn -0.3738 -0.9061 -0.1981
vn -0.3970 0.9178 -0.0000
vn -0.4168 -0.9090 -0.0000
vn -0.3433 0.9181 0.1982
vn -0.3586 -0.9061 0.2246
vn -0.1982 0.9181 0.3433
vn -0.2083 -0.9091 0.3607
vn -0.0000 0.9179 0.3969
vn -0.0000 -0.9091 0.4166
vn 0.1982 0.9181 0.3433
vn 0.2084 -0.9090 0.3610
vn 0.3580 -0.9082 0.2167
vn 0.3667 0.8778 -0.3081
vn 0.5178 0.8555 -0.0000
vn 0.3081 0.8778 -0.3668
vn -0.3081 0.8778 -0.3667
vn 0.0922 0.8870 -0.4525
vn -0.4502 0.8778 -0.1635
vn -0.3667 0.8778 0.3083
vn -0.4525 0.8870 -0.0922
vn -0.1635 0.8778 0.4502
vn -0.0836 0.8778 0.4717
vn 0.1635 0.8778 0.4502
vn 0.3667 0.8778 0.3083
vn 0.8671 -0.0595 0.4946
vn 0.7797 -0.6261 -0.0000
vn 0.9981 -0.0618 -0.0000
vn 0.8622 -0.0603 -0.5030
vn 0.6752 -0.6262 -0.3898
vn 0.3899 -0.6260 -0.6754
vn 0.4990 -0.0618 -0.8644
vn -0.0045 -0.0602 -0.9982
vn -0.0000 -0.6264 -0.7795
vn -0.5030 -0.0603 -0.8622
vn -0.3897 -0.6264 -0.6750
vn -0.6753 -0.6260 -0.3899
vn -0.8644 -0.0619 -0.4990
vn -0.7797 -0.6261 -0.0000
vn -0.9981 -0.0618 -0.0000
vn -0.8622 -0.0603 0.5030
vn -0.6752 -0.6262 0.3898
vn -0.3899 -0.6260 0.6754
vn -0.4990 -0.0619 0.8644
vn 0.0045 -0.0603 0.9982
vn -0.0000 -0.6268 0.7792
vn 0.3899 -0.6260 0.6754
vn 0.4990 -0.0619 0.8644
vn 0.6142 -0.6719 0.4138
vn 0.2927 -0.8107 0.5070
vn 0.5070 -0.8107 0.2927
vn 0.5854 -0.8107 -0.0000
vn 0.5070 -0.8107 -0.2927
vn 0.2927 -0.8107 -0.5070
vn -0.0000 -0.8107 -0.5854
vn -0.2927 -0.8107 -0.5070
vn -0.5070 -0.8107 -0.2927
vn -0.5854 -0.8107 -0.0000
vn -0.5070 -0.8107 0.2927
vn -0.2927 -0.8107 0.5070
vn -0.0000 -0.8107 0.5854
vn -0.4369 0.2081 0.8751
vn -0.0000 0.1967 0.9805
vn 0.5394 0.2081 0.8159
vn 0.8492 0.1961 0.4903
vn 0.9806 0.1961 -0.0000
vn 0.8492 0.1962 -0.4903
vn 0.4903 0.1961 -0.8492
vn -0.0000 0.1961 -0.9806
vn -0.4903 0.1961 -0.8492
vn -0.8492 0.1961 -0.4903
vn -0.9806 0.1961 -0.0000
vn -0.8747 0.3366 0.3487
vn -0.1376 0.9873 0.0794
vn -0.1752 0.9366 0.3035
vn -0.0794 0.9873 0.1376
vn -0.0000 0.9381 0.3464
vn -0.0000 0.9873 0.1589
vn 0.0794 0.9873 0.1376
vn 0.1752 0.9366 0.3035
vn 0.1376 0.9873 0.0794
vn 0.3027 0.9369 0.1748
vn 0.1589 0.9873 -0.0000
vn 0.3484 0.9373 -0.0000
vn 0.1376 0.9873 -0.0794
vn 0.3055 0.9357 -0.1764
vn 0.1738 0.9376 -0.3011
vn 0.0794 0.9873 -0.1376
vn -0.0000 0.9873 -0.1589
vn -0.0000 0.9362 -0.3515
vn -0.1738 0.9376 -0.3011
vn -0.0794 0.9873 -0.1376
vn -0.1376 0.9873 -0.0794
vn -0.3051 0.9359 -0.1761
vn -0.3476 0.9376 -0.0000
vn -0.1589 0.9873 -0.0000
vn -0.5158 0.8536 0.0737
vn 0.4619 0.8459 0.2667
vn 0.4619 0.8459 -0.2667
vn 0.5334 0.8459 -0.0000
vn 0.2667 0.8459 -0.4619
vn -0.0000 0.8459 -0.5334
vn -0.2667 0.8459 -0.4619
vn -0.4619 0.8459 -0.2667
vn -0.5334 0.8459 -0.0000
vn -0.4619 0.8459 0.2667
vn -0.2667 0.8459 0.4619
vn -0.0000 0.8459 0.5334
vn 0.2667 0.8459 0.4619
vn 0.3027 0.7960 0.5242
vn 0.6048 0.7964 -0.0000
vn 0.4935 0.8471 0.1973
vn 0.5246 0.7956 -0.3029
vn 0.3026 0.7960 -0.5242
vn -0.0000 0.7964 -0.6048
vn -0.3026 0.7960 -0.5242
vn -0.5246 0.7956 -0.3029
vn -0.6046 0.7965 -0.0000
vn -0.5246 0.7957 0.3029
vn -0.3027 0.7960 0.5242
vn -0.0000 0.7967 0.6043
vn 0.0083 0.0965 0.9953
vn -0.0376 0.1007 0.9942
vn -0.1291 0.1956 0.9722
vn -0.1211 0.1845 0.9753
vn 0.1285 0.0602 0.9899
vn 0.9260 -0.0011 0.3775
vn -0.2390 -0.2823 0.9291
vn 0.3562 0.1491 0.9225
vn 0.2729 0.1830 0.9445
vn 0.2381 0.8009 0.5494
vn 0.1223 -0.0529 0.9911
vn 0.1426 -0.1120 0.9834
vn -0.5447 -0.1197 0.8300
vn 0.1408 -0.0175 0.9899
vn -0.3950 -0.1977 0.8971
vn 0.1144 -0.0441 0.9925
vn -0.4896 -0.1423 0.8602
vn 0.1005 -0.0690 0.9925
vn -0.1391 0.1361 0.9809
vn 0.0897 -0.0831 0.9925
vn -0.0670 -0.2768 0.9586
vn -0.1303 -0.0829 0.9880
vn -0.1351 -0.5835 0.8008
vn 0.1018 -0.2251 0.9690
vn 0.1829 -0.2994 0.9364
vn 0.0999 -0.2271 0.9687
vn 0.2415 -0.3045 0.9214
vn -0.0118 0.3236 0.9461
vn -0.0529 0.2854 0.9569
vn -0.1102 0.0218 0.9937
vn 0.3542 0.5186 0.7782
vn -0.0895 -0.2837 0.9547
vn -0.0375 -0.3668 0.9296
vn -0.4514 -0.6893 0.5667
vn -0.4253 -0.6883 0.5877
vn -0.6315 -0.3839 0.6737
vn 0.2364 -0.0220 0.9714
vn -0.5803 0.3850 -0.7176
vn -0.8342 0.3861 -0.3938
vn -0.8177 0.4596 -0.3465
vn -0.1220 0.1860 -0.9749
vn 0.1204 0.0559 -0.9912
vn 0.0294 -0.0645 -0.9975
vn 0.6955 0.5937 -0.4047
vn -0.1387 -0.3150 -0.9389
vn 0.2747 0.1843 -0.9437
vn -0.0722 0.1199 -0.9902
vn 0.4934 0.2624 -0.8293
vn 0.1464 -0.1146 -0.9826
vn -0.4644 -0.0825 -0.8818
vn 0.4213 0.4863 -0.7655
vn -0.5222 -0.2453 -0.8168
vn 0.4628 0.3782 -0.8018
vn -0.5737 -0.1309 -0.8086
vn 0.4055 0.2033 -0.8912
vn -0.2823 0.1258 -0.9510
vn 0.4071 0.1313 -0.9039
vn -0.0244 -0.3406 -0.9399
vn -0.1163 -0.0738 -0.9905
vn -0.0424 -0.2158 -0.9755
vn 0.3581 -0.1702 -0.9180
vn 0.1484 -0.8213 -0.5509
vn 0.2600 -0.2301 -0.9378
vn 0.1013 -0.2297 -0.9680
vn 0.4815 -0.2063 -0.8518
vn -0.0110 0.3048 -0.9524
vn -0.0588 0.2933 -0.9542
vn -0.0061 0.3610 -0.9325
vn -0.2768 -0.9501 -0.1440
vn -0.0357 -0.3473 -0.9371
vn 0.1275 -0.3403 -0.9316
vn 0.1418 -0.3732 -0.9169
vn -0.0410 0.9220 -0.3850
vn 0.0204 -0.9911 0.1312
vn 0.7357 -0.3844 -0.5577
vn -0.2673 -0.1188 -0.9563
vn 0.0735 -0.9429 0.3248
vn -0.7647 -0.6157 0.1902
vn -0.1856 -0.9599 -0.2100
vn -0.0973 0.2606 -0.9605
vn -0.0000 0.1531 0.9882
vn 0.8558 0.1530 0.4941
vn 0.8558 0.1531 0.4941
vn 0.8558 0.1531 -0.4941
vn 0.8558 0.1530 -0.4941
vn -0.0000 0.1531 -0.9882
vn -0.8558 0.1531 -0.4941
vn -0.8558 0.1530 -0.4941
vn -0.8558 0.1531 0.4941
vn -0.8558 0.1530 0.4941
vn -0.0000 -0.1530 -0.9882
vn -0.0000 -0.1531 -0.9882
vn -0.8558 -0.1531 -0.4941
vn -0.8558 -0.1531 0.4941
vn -0.0000 -0.1530 0.9882
vn -0.0000 -0.1531 0.9882
vn 0.8558 -0.1530 0.4941
vn 0.8558 -0.1531 0.4941
vn 0.8558 -0.1531 -0.4941
vn -0.0000 0.9882 -0.1530
vn -0.0000 0.9882 -0.1531
vn 0.9961 0.0870 -0.0135
vn -0.0000 -0.9882 0.1531
vn -0.9961 0.0870 -0.0135
vn -0.1325 0.9882 -0.0765
vn 0.4864 0.0870 -0.8694
vn 0.1326 -0.9882 0.0765
vn -0.5097 0.0870 0.8559
vn -0.1325 0.9882 0.0765
vn -0.5097 0.0870 -0.8559
vn 0.1326 -0.9882 -0.0765
vn 0.4864 0.0870 0.8694
vn -0.0000 0.9882 0.1530
vn -0.0000 0.9882 0.1531
vn -0.9961 0.0870 0.0135
vn -0.0000 -0.9882 -0.1531
vn 0.9961 0.0870 0.0135
vn 0.1325 0.9882 0.0765
vn -0.4864 0.0870 0.8694
vn -0.1326 -0.9882 -0.0766
vn -0.1326 -0.9882 -0.0765
vn 0.5097 0.0870 -0.8559
vn 0.1325 0.9882 -0.0765
vn 0.5097 0.0870 0.8559
vn -0.1326 -0.9882 0.0766
vn -0.1326 -0.9882 0.0765
vn -0.4864 0.0870 -0.8694
vn -0.4565 -0.4081 -0.7906
vn 0.4561 -0.4100 -0.7899
vn -0.9109 -0.4127 -0.0000
vn -0.4565 -0.4081 0.7906
vn 0.4560 -0.4099 0.7899
vn 0.9109 -0.4127 -0.0000
vn 0.4529 0.4235 -0.7845
vn -0.4530 0.4235 -0.7845
vn -0.9059 0.4235 -0.0000
vn -0.4529 0.4235 0.7845
vn 0.4530 0.4235 0.7845
vn 0.9059 0.4235 -0.0000
vn 0.6293 0.6112 -0.4800
vn -0.2146 0.9003 -0.3787
vn -0.3082 0.7881 -0.5329
vn -0.4349 0.9005 0.0003
vn -0.6199 0.7846 0.0012
vn -0.4984 0.7388 0.4537
vn -0.2175 0.8980 0.3825
vn 0.1376 0.7450 0.6527
vn 0.2252 0.8954 0.3840
vn 0.6326 0.7466 0.2062
vn 0.4454 0.8953 -0.0012
vn 0.2353 0.8957 -0.3773
vn 0.3548 -0.7045 -0.6146
vn -0.4293 -0.6676 -0.6083
vn -0.7421 -0.6671 0.0653
vn -0.3121 -0.6677 0.6759
vn 0.4293 -0.6677 0.6082
vn 0.7414 -0.6676 -0.0676
vn 0.3138 -0.7566 -0.5737
vn -0.7794 -0.6080 0.1515
vn -0.2680 -0.5973 -0.7559
vn -0.2591 -0.6082 0.7503
vn 0.5202 -0.6082 0.5996
vn 0.7793 -0.6082 -0.1510
vn 0.2365 0.8868 -0.3971
vn -0.3235 0.7624 -0.5604
vn -0.2278 0.8902 -0.3946
vn -0.4557 0.8901 -0.0019
vn -0.6479 0.7617 -0.0000
vn -0.3239 0.7618 0.5610
vn -0.2278 0.8902 0.3945
vn 0.3235 0.7625 0.5603
vn 0.2278 0.8902 0.3946
vn 0.4557 0.8901 0.0019
vn 0.6479 0.7617 -0.0000
vn 0.4888 0.6820 -0.5439
vn -0.3617 0.6904 -0.6265
vn 0.3621 0.6896 -0.6272
vn -0.3619 0.6901 0.6268
vn -0.7383 0.6743 -0.0139
vn 0.3563 0.6740 0.6472
vn 0.7384 0.6742 0.0142
vn -0.3694 0.3263 -0.8701
vn 0.4633 0.3762 -0.8024
vn -0.9379 0.3269 -0.1159
vn -0.5690 0.3265 0.7547
vn 0.3694 0.3263 0.8701
vn 0.9381 0.3265 0.1154
vn 0.3163 0.7660 -0.5596
vn -0.3179 0.7744 -0.5471
vn -0.6344 0.7730 0.0009
vn -0.3261 0.7671 0.5524
vn 0.3245 0.7576 0.5664
vn 0.6519 0.7583 0.0005
vn -0.2510 -0.8167 -0.5196
vn -0.1134 -0.9739 -0.1964
vn -0.1038 -0.9782 -0.1797
vn -0.2270 -0.9365 0.2672
vn -0.2369 -0.9715 -0.0000
vn -0.1134 -0.9739 0.1964
vn -0.1038 -0.9782 0.1798
vn 0.1781 -0.9659 -0.1878
vn -0.4322 -0.5026 -0.7487
vn -0.8654 -0.5010 -0.0000
vn -0.4322 -0.5026 0.7487
vn 0.1781 -0.9659 0.1878
vn 0.4326 -0.5013 0.7493
vn 0.8649 -0.5019 -0.0000
vn 0.2314 -0.9729 -0.0000
vn 0.4154 -0.4656 -0.7814
vn 0.3462 -0.9356 0.0692
vn 0.2270 -0.9365 -0.2672
vn -0.0526 0.9881 -0.1448
vn -0.1517 0.9881 -0.0269
vn -0.0991 0.9881 0.1179
vn 0.0525 0.9881 0.1448
vn 0.1517 0.9881 0.0269
vn -0.2232 0.2795 -0.9338
vn 0.2934 -0.8098 -0.5082
vn -0.2934 -0.8098 -0.5081
vn -0.5868 -0.8098 -0.0000
vn -0.2929 -0.8105 0.5073
vn 0.2938 -0.8092 0.5088
vn 0.5868 -0.8098 -0.0000
vn 0.0322 -0.9981 0.0530
vn -0.0300 -0.9982 0.0520
vn 0.0620 -0.9981 -0.0013
vn 0.0298 -0.9981 -0.0544
vn -0.0300 -0.9982 -0.0520
vn -0.0620 -0.9981 0.0013
vn 0.7120 -0.0083 -0.7021
vn 0.0108 -0.0000 -0.9999
vn -0.7071 -0.0000 -0.7071
vn -0.6994 -0.0000 -0.7147
vn -0.9999 -0.0000 -0.0109
vn -0.7071 -0.0000 0.7071
vn -0.7147 -0.0000 0.6994
vn -0.0109 -0.0000 0.9999
vn 0.7071 -0.0000 0.7071
vn 0.6994 -0.0000 0.7147
vn 0.9999 -0.0000 0.0109
vn 0.7071 -0.0000 -0.7071
vn -0.0000 -0.3315 -0.9434
vn -0.6671 -0.3316 -0.6671
vn -0.9429 -0.3332 -0.0000
vn -0.6671 -0.3315 0.6672
vn -0.0000 -0.3315 0.9434
vn 0.6671 -0.3315 0.6671
vn 0.9443 -0.3292 -0.0000
vn 0.7096 -0.6595 -0.2481
vn -0.0000 -1.0000 0.0001
vn 1.0000 -0.0000 0.0001
vn 0.8774 0.4798 -0.0000
vn 0.6204 0.4798 -0.6204
vn -0.0000 0.4798 -0.8774
vn -0.6204 0.4798 -0.6204
vn -0.8774 0.4798 -0.0000
vn -0.6204 0.4798 0.6204
vn -0.0000 0.4798 0.8774
vn 0.6204 0.4798 0.6204
vn 0.7347 -0.6784 -0.0000
vn -0.0000 0.1530 -0.9882
vt 0.298239 0.437005
vt 0.298055 0.434622
vt 0.298172 0.434502
vt 0.298190 0.437981
vt 0.298139 0.437001
vt 0.298395 0.441459
vt 0.298398 0.441391
vt 0.298403 0.441453
vt 0.298413 0.441459
vt 0.298343 0.440842
vt 0.298382 0.440839
vt 0.298411 0.441943
vt 0.298433 0.442254
vt 0.298421 0.442260
vt 0.298404 0.441751
vt 0.298422 0.441942
vt 0.298120 0.432068
vt 0.298155 0.430900
vt 0.298057 0.431072
vt 0.298095 0.432254
vt 0.298300 0.430364
vt 0.299579 0.430394
vt 0.298704 0.432003
vt 0.298119 0.430898
vt 0.298178 0.432159
vt 0.298421 0.429970
vt 0.298074 0.430517
vt 0.298022 0.430773
vt 0.298066 0.431192
vt 0.298168 0.431833
vt 0.298290 0.434369
vt 0.298353 0.437023
vt 0.298285 0.437972
vt 0.298380 0.437952
vt 0.298441 0.441448
vt 0.298407 0.441940
vt 0.298397 0.441751
vt 0.298391 0.441382
vt 0.298394 0.441463
vt 0.298390 0.441375
vt 0.298377 0.441473
vt 0.298421 0.442008
vt 0.298398 0.442001
vt 0.298408 0.442327
vt 0.298422 0.442556
vt 0.298432 0.442515
vt 0.298407 0.442327
vt 0.298409 0.442448
vt 0.298413 0.442627
vt 0.298402 0.442338
vt 0.298429 0.442687
vt 0.298408 0.442910
vt 0.298436 0.442026
vt 0.298416 0.442265
vt 0.298423 0.442232
vt 0.298438 0.442405
vt 0.298441 0.442539
vt 0.298455 0.442718
vt 0.298425 0.442899
vt 0.298449 0.442887
vt 0.298485 0.444063
vt 0.298524 0.445879
vt 0.298434 0.443995
vt 0.298381 0.440312
vt 0.298371 0.440735
vt 0.298363 0.440316
vt 0.298387 0.440759
vt 0.298379 0.441053
vt 0.298392 0.441063
vt 0.298388 0.441310
vt 0.298415 0.441681
vt 0.298401 0.441307
vt 0.298430 0.442077
vt 0.298400 0.441687
vt 0.298445 0.442472
vt 0.298414 0.442085
vt 0.298448 0.442838
vt 0.298429 0.442478
vt 0.298378 0.439886
vt 0.298442 0.439976
vt 0.298417 0.443085
vt 0.298384 0.443201
vt 0.298446 0.443178
vt 0.298437 0.443298
vt 0.298461 0.442845
vt 0.298457 0.442980
vt 0.298454 0.443023
vt 0.298463 0.443099
vt 0.298387 0.440307
vt 0.298398 0.440781
vt 0.298403 0.441072
vt 0.298412 0.441305
vt 0.298427 0.441675
vt 0.298441 0.442069
vt 0.298456 0.442467
vt 0.298467 0.442854
vt 0.298470 0.442997
vt 0.298476 0.443012
vt 0.298478 0.443148
vt 0.298478 0.443223
vt 0.298509 0.443321
vt 0.298539 0.444123
vt 0.298574 0.445905
vt 0.298613 0.445921
vt 0.298399 0.441350
vt 0.298397 0.441344
vt 0.298394 0.441327
vt 0.298395 0.441317
vt 0.298396 0.441339
vt 0.298402 0.441336
vt 0.298398 0.441343
vt 0.298390 0.441295
vt 0.298396 0.441289
vt 0.298404 0.441330
vt 0.298396 0.441317
vt 0.298401 0.441293
vt 0.298279 0.439853
vt 0.298376 0.440002
vt 0.298339 0.440058
vt 0.298319 0.439985
vt 0.298345 0.440401
vt 0.298368 0.440086
vt 0.298396 0.440142
vt 0.298422 0.440066
vt 0.298418 0.440838
vt 0.298367 0.440343
vt 0.298394 0.440769
vt 0.298375 0.440804
vt 0.298393 0.440895
vt 0.298387 0.440913
vt 0.298397 0.441054
vt 0.298390 0.441061
vt 0.298394 0.441205
vt 0.298394 0.441205
vt 0.298395 0.441205
vt 0.298399 0.441240
vt 0.298397 0.441271
vt 0.298397 0.441245
vt 0.298399 0.441272
vt 0.298398 0.441318
vt 0.298402 0.441373
vt 0.298400 0.441318
vt 0.298409 0.441496
vt 0.298409 0.441567
vt 0.298405 0.441493
vt 0.298409 0.441574
vt 0.298413 0.441578
vt 0.298405 0.441574
vt 0.298409 0.441537
vt 0.298411 0.441614
vt 0.298416 0.441748
vt 0.298401 0.441616
vt 0.298398 0.441609
vt 0.298402 0.441573
vt 0.298402 0.441540
vt 0.298399 0.441545
vt 0.298400 0.441229
vt 0.298401 0.441205
vt 0.298401 0.441178
vt 0.298396 0.441224
vt 0.298396 0.441202
vt 0.298394 0.441205
vt 0.298394 0.441206
vt 0.298393 0.441201
vt 0.298392 0.441222
vt 0.298394 0.441205
vt 0.298394 0.441209
vt 0.298394 0.441204
vt 0.298394 0.441205
vt 0.298394 0.441205
vt 0.298395 0.441179
vt 0.298399 0.441236
vt 0.298400 0.441273
vt 0.298401 0.441317
vt 0.298403 0.441374
vt 0.298410 0.441500
vt 0.298412 0.441592
vt 0.298394 0.441199
vt 0.298394 0.441200
vt 0.298394 0.441199
vt 0.298385 0.441069
vt 0.298390 0.441180
vt 0.298393 0.441182
vt 0.298394 0.441201
vt 0.298395 0.441198
vt 0.298394 0.441201
vt 0.298394 0.441199
vt 0.298394 0.441196
vt 0.298395 0.441188
vt 0.298401 0.441350
vt 0.298400 0.441347
vt 0.298400 0.441350
vt 0.298400 0.441355
vt 0.298400 0.441351
vt 0.298401 0.441372
vt 0.298399 0.441361
vt 0.298400 0.441359
vt 0.298399 0.441353
vt 0.298400 0.441353
vt 0.298402 0.441356
vt 0.298400 0.441354
vt 0.298399 0.441354
vt 0.298400 0.441372
vt 0.298403 0.441387
vt 0.298401 0.441382
vt 0.298401 0.441390
vt 0.298404 0.441400
vt 0.298400 0.441400
vt 0.298400 0.441376
vt 0.298403 0.441390
vt 0.298403 0.441394
vt 0.298403 0.441393
vt 0.298405 0.441399
vt 0.298401 0.441369
vt 0.298216 0.436520
vt 0.297928 0.432262
vt 0.298096 0.432146
vt 0.298230 0.429582
vt 0.299001 0.428189
vt 0.298044 0.431237
vt 0.298126 0.430223
vt 0.298147 0.429874
vt 0.298238 0.432025
vt 0.298048 0.431000
vt 0.297985 0.431441
vt 0.298443 0.436361
vt 0.298457 0.444410
vt 0.298463 0.444235
vt 0.298474 0.444243
vt 0.298484 0.444405
vt 0.298661 0.449539
vt 0.298672 0.453083
vt 0.298558 0.449503
vt 0.299450 0.467888
vt 0.299075 0.464608
vt 0.299312 0.464356
vt 0.299356 0.469438
vt 0.299255 0.467895
vt 0.299354 0.469606
vt 0.299438 0.469782
vt 0.299368 0.469583
vt 0.299361 0.469581
vt 0.299371 0.469582
vt 0.299370 0.469582
vt 0.299371 0.469582
vt 0.299371 0.469582
vt 0.299371 0.469582
vt 0.298601 0.446605
vt 0.298531 0.446013
vt 0.298571 0.446023
vt 0.298636 0.446992
vt 0.298508 0.446619
vt 0.298509 0.447629
vt 0.298690 0.447494
vt 0.298730 0.446858
vt 0.298665 0.446614
vt 0.298828 0.447172
vt 0.298536 0.447064
vt 0.298457 0.444664
vt 0.298468 0.444399
vt 0.298499 0.444827
vt 0.298467 0.444609
vt 0.298491 0.444663
vt 0.298468 0.445036
vt 0.298496 0.444567
vt 0.298507 0.444549
vt 0.298590 0.446021
vt 0.298787 0.449556
vt 0.298770 0.452997
vt 0.298880 0.452903
vt 0.299579 0.467896
vt 0.299460 0.470367
vt 0.299346 0.469623
vt 0.299369 0.469582
vt 0.299371 0.469581
vt 0.299371 0.469582
vt 0.299068 0.460132
vt 0.299088 0.460096
vt 0.299171 0.460093
vt 0.299048 0.460140
vt 0.299055 0.460127
vt 0.299046 0.460140
vt 0.299047 0.460139
vt 0.299001 0.457241
vt 0.298864 0.457352
vt 0.299063 0.458919
vt 0.298964 0.460571
vt 0.298945 0.458973
vt 0.299159 0.459967
vt 0.299101 0.458887
vt 0.299143 0.457214
vt 0.299111 0.460294
vt 0.299442 0.464142
vt 0.299221 0.460003
vt 0.299074 0.460139
vt 0.299048 0.460141
vt 0.299046 0.460140
vt 0.298445 0.443920
vt 0.298389 0.443318
vt 0.298467 0.443921
vt 0.298501 0.444257
vt 0.298485 0.443947
vt 0.298438 0.443253
vt 0.298489 0.444460
vt 0.298549 0.444613
vt 0.298584 0.444882
vt 0.298535 0.445083
vt 0.298585 0.445157
vt 0.298467 0.443451
vt 0.298449 0.444014
vt 0.298485 0.444161
vt 0.298528 0.443946
vt 0.298561 0.444300
vt 0.298485 0.443718
vt 0.298466 0.443570
vt 0.298455 0.443226
vt 0.298488 0.442925
vt 0.298528 0.445649
vt 0.298541 0.445648
vt 0.298521 0.445630
vt 0.298551 0.445447
vt 0.298486 0.445469
vt 0.298556 0.445873
vt 0.298535 0.445823
vt 0.298521 0.445634
vt 0.298550 0.445660
vt 0.298580 0.445464
vt 0.298574 0.445651
vt 0.298569 0.445866
vt 0.298526 0.445670
vt 0.298538 0.445652
vt 0.298541 0.445656
vt 0.298455 0.442062
vt 0.298424 0.441774
vt 0.298460 0.442088
vt 0.298406 0.441775
vt 0.298406 0.441483
vt 0.298385 0.441478
vt 0.298393 0.441189
vt 0.298386 0.440965
vt 0.298387 0.440965
vt 0.298387 0.440964
vt 0.298386 0.440965
vt 0.298386 0.440965
vt 0.298386 0.440965
vt 0.298365 0.440959
vt 0.298372 0.441180
vt 0.298385 0.440956
vt 0.298381 0.441001
vt 0.298387 0.440969
vt 0.298337 0.440468
vt 0.298359 0.440876
vt 0.298384 0.440938
vt 0.297987 0.436670
vt 0.298335 0.442137
vt 0.298259 0.442368
vt 0.298495 0.442080
vt 0.298378 0.442528
vt 0.298438 0.442578
vt 0.298386 0.442677
vt 0.298468 0.442260
vt 0.298478 0.442457
vt 0.298411 0.442381
vt 0.298424 0.443219
vt 0.298434 0.442022
vt 0.298396 0.441776
vt 0.298379 0.441474
vt 0.298367 0.441170
vt 0.298387 0.440963
vt 0.298386 0.440964
vt 0.298386 0.440965
vt 0.298025 0.430465
vt 0.297987 0.429370
vt 0.297898 0.426771
vt 0.298085 0.432214
vt 0.298228 0.436367
vt 0.298238 0.436661
vt 0.298086 0.432233
vt 0.298420 0.441951
vt 0.298435 0.442386
vt 0.298438 0.442455
vt 0.298454 0.442933
vt 0.298491 0.444000
vt 0.298500 0.444266
vt 0.298488 0.443915
vt 0.298504 0.444399
vt 0.298499 0.444228
vt 0.298509 0.444541
vt 0.298514 0.444679
vt 0.298504 0.444395
vt 0.298493 0.444051
vt 0.298521 0.444873
vt 0.298527 0.445041
vt 0.298531 0.445158
vt 0.298542 0.445476
vt 0.298555 0.445869
vt 0.298555 0.445881
vt 0.298560 0.445998
vt 0.298541 0.445451
vt 0.298548 0.445672
vt 0.298547 0.445626
vt 0.298548 0.445656
vt 0.298560 0.446007
vt 0.298579 0.446562
vt 0.298680 0.449507
vt 0.298616 0.447632
vt 0.298605 0.447313
vt 0.298684 0.449601
vt 0.298803 0.453078
vt 0.298797 0.452906
vt 0.298950 0.457330
vt 0.298942 0.457107
vt 0.299062 0.460584
vt 0.299048 0.460198
vt 0.299184 0.464144
vt 0.299200 0.464608
vt 0.299314 0.467923
vt 0.299364 0.469355
vt 0.299314 0.467898
vt 0.299420 0.470997
vt 0.299373 0.469624
vt 0.299371 0.469572
vt 0.299371 0.469582
vt 0.299371 0.469582
vt 0.299371 0.469581
vt 0.298088 0.432312
vt 0.298159 0.434374
vt 0.298250 0.437003
vt 0.298168 0.434616
vt 0.298251 0.437032
vt 0.298283 0.437978
vt 0.298282 0.437946
vt 0.298347 0.439838
vt 0.298351 0.439952
vt 0.298422 0.442007
vt 0.298414 0.441775
vt 0.298425 0.442092
vt 0.298404 0.441473
vt 0.298404 0.441483
vt 0.298414 0.441775
vt 0.298393 0.441166
vt 0.298394 0.441192
vt 0.298383 0.440863
vt 0.298387 0.440973
vt 0.298388 0.441012
vt 0.298386 0.440947
vt 0.298386 0.440962
vt 0.298386 0.440965
vt 0.298386 0.440964
vt 0.298386 0.440965
vt 0.298386 0.440965
vt 0.298386 0.440965
vt 0.298356 0.440098
vt 0.298365 0.440347
vt 0.298369 0.440467
vt 0.298379 0.440767
vt 0.298384 0.440891
vt 0.298389 0.441053
vt 0.298393 0.441167
vt 0.298390 0.441070
vt 0.298393 0.441174
vt 0.298395 0.441230
vt 0.298396 0.441236
vt 0.298397 0.441289
vt 0.298394 0.441201
vt 0.298394 0.441200
vt 0.298394 0.441199
vt 0.298394 0.441199
vt 0.298395 0.441206
vt 0.298395 0.441205
vt 0.298395 0.441205
vt 0.298396 0.441235
vt 0.298397 0.441273
vt 0.298397 0.441271
vt 0.298396 0.441246
vt 0.298398 0.441317
vt 0.298398 0.441318
vt 0.298400 0.441374
vt 0.298401 0.441391
vt 0.298400 0.441372
vt 0.298401 0.441399
vt 0.298405 0.441501
vt 0.298404 0.441492
vt 0.298401 0.441400
vt 0.298408 0.441596
vt 0.298407 0.441563
vt 0.298409 0.441624
vt 0.298406 0.441533
vt 0.298403 0.441463
vt 0.298401 0.441391
vt 0.298403 0.441452
vt 0.298400 0.441373
vt 0.298397 0.441290
vt 0.298399 0.441344
vt 0.298399 0.441344
vt 0.298399 0.441330
vt 0.298400 0.441357
vt 0.298400 0.441369
vt 0.298400 0.441376
vt 0.298400 0.441361
vt 0.298401 0.441379
vt 0.298400 0.441351
vt 0.298400 0.441354
vt 0.298359 0.440182
vt 0.298382 0.440839
vt 0.298404 0.441473
vt 0.298382 0.440842
vt 0.298403 0.441451
vt 0.298422 0.441997
vt 0.298423 0.442036
vt 0.298439 0.442504
vt 0.298444 0.442631
vt 0.298431 0.442266
vt 0.298420 0.441945
vt 0.298431 0.442254
vt 0.298420 0.441939
vt 0.298413 0.441748
vt 0.298413 0.441751
vt 0.298408 0.441607
vt 0.298447 0.442724
vt 0.298452 0.442887
vt 0.298456 0.442988
vt 0.298463 0.443198
vt 0.298453 0.442905
vt 0.298495 0.444129
vt 0.298491 0.444007
vt 0.298557 0.445924
vt 0.298555 0.445857
vt 0.298364 0.440306
vt 0.298380 0.440782
vt 0.298378 0.440734
vt 0.298364 0.440316
vt 0.298390 0.441072
vt 0.298389 0.441053
vt 0.298398 0.441305
vt 0.298398 0.441309
vt 0.298411 0.441676
vt 0.298424 0.442069
vt 0.298425 0.442085
vt 0.298411 0.441686
vt 0.298438 0.442468
vt 0.298451 0.442857
vt 0.298451 0.442834
vt 0.298438 0.442478
vt 0.298457 0.443013
vt 0.298455 0.442972
vt 0.299041 0.459997
vt 0.299046 0.460137
vt 0.299046 0.460128
vt 0.299045 0.460099
vt 0.299046 0.460141
vt 0.299046 0.460139
vt 0.299046 0.460140
vt 0.299046 0.460140
vt 0.298085 0.432221
vt 0.298058 0.431430
vt 0.298014 0.430165
vt 0.298050 0.431201
vt 0.298071 0.431819
vt 0.298400 0.441353
vt 0.298027 0.430534
vt 0.298400 0.441353
vt 0.298035 0.430766
vt 0.298433 0.442324
vt 0.298441 0.442543
vt 0.298464 0.443226
vt 0.298430 0.442230
vt 0.298467 0.443316
vt 0.298436 0.442406
vt 0.298596 0.447067
vt 0.298581 0.446617
vt 0.298399 0.441349
vt 0.298400 0.441355
vt 0.298396 0.441212
vt 0.298394 0.441196
vt 0.298395 0.441207
vt 0.298394 0.441186
vt 0.298395 0.441205
vt 0.298407 0.441573
vt 0.298395 0.441205
vt 0.298406 0.441545
vt 0.298394 0.441199
vt 0.298394 0.441177
vt 0.298394 0.441199
vt 0.298399 0.441349
vt 0.298401 0.441395
vt 0.298399 0.441347
vt 0.298001 0.429764
vt 0.298509 0.444530
vt 0.298506 0.444450
vt 0.299046 0.460140
vt 0.299006 0.458971
vt 0.298467 0.443315
vt 0.298445 0.442662
vt 0.298477 0.443597
vt 0.298489 0.443943
vt 0.298501 0.444304
vt 0.298464 0.443216
vt 0.298548 0.445652
vt 0.298548 0.445666
vt 0.298547 0.445648
vt 0.298440 0.442534
vt 0.298280 0.434615
vt 0.298261 0.437005
vt 0.298155 0.434502
vt 0.298377 0.437974
vt 0.298282 0.437972
vt 0.298411 0.441458
vt 0.298404 0.441391
vt 0.298410 0.441381
vt 0.298421 0.440840
vt 0.298394 0.441460
vt 0.298382 0.440839
vt 0.298428 0.442255
vt 0.298429 0.441942
vt 0.298441 0.442259
vt 0.298418 0.441942
vt 0.298422 0.441750
vt 0.297924 0.430907
vt 0.298040 0.432071
vt 0.298034 0.431073
vt 0.298077 0.432255
vt 0.297743 0.430383
vt 0.296469 0.430501
vt 0.297595 0.429998
vt 0.297961 0.430903
vt 0.297980 0.430520
vt 0.298049 0.430772
vt 0.297976 0.431840
vt 0.298029 0.434378
vt 0.298148 0.437030
vt 0.298365 0.441451
vt 0.298433 0.441939
vt 0.298413 0.441463
vt 0.298431 0.441471
vt 0.298423 0.442008
vt 0.298458 0.442326
vt 0.298460 0.442555
vt 0.298459 0.442325
vt 0.298447 0.442514
vt 0.298446 0.441999
vt 0.298465 0.442446
vt 0.298474 0.442625
vt 0.298462 0.442686
vt 0.298498 0.442907
vt 0.298481 0.442897
vt 0.298410 0.442027
vt 0.298465 0.442336
vt 0.298446 0.442264
vt 0.298437 0.442231
vt 0.298434 0.442406
vt 0.298440 0.442540
vt 0.298439 0.442719
vt 0.298501 0.444062
vt 0.298587 0.445877
vt 0.298539 0.445906
vt 0.298346 0.440313
vt 0.298386 0.440735
vt 0.298371 0.440760
vt 0.298399 0.441053
vt 0.298387 0.441063
vt 0.298409 0.441309
vt 0.298395 0.441308
vt 0.298407 0.441681
vt 0.298423 0.441686
vt 0.298419 0.442077
vt 0.298435 0.442084
vt 0.298431 0.442472
vt 0.298454 0.442837
vt 0.298441 0.442846
vt 0.298321 0.439888
vt 0.298185 0.437958
vt 0.298502 0.443082
vt 0.298479 0.443177
vt 0.298542 0.443196
vt 0.298496 0.443296
vt 0.298547 0.443991
vt 0.298455 0.442980
vt 0.298442 0.442998
vt 0.298460 0.443023
vt 0.298456 0.443099
vt 0.298340 0.440309
vt 0.298362 0.440782
vt 0.298377 0.441073
vt 0.298394 0.441677
vt 0.298408 0.442070
vt 0.298420 0.442468
vt 0.298436 0.442855
vt 0.298445 0.443149
vt 0.298450 0.443224
vt 0.298426 0.443324
vt 0.298451 0.444126
vt 0.298400 0.441350
vt 0.298404 0.441326
vt 0.298401 0.441343
vt 0.298402 0.441317
vt 0.298402 0.441339
vt 0.298396 0.441336
vt 0.298401 0.441317
vt 0.298411 0.441374
vt 0.298405 0.441294
vt 0.298399 0.441289
vt 0.298394 0.441330
vt 0.298416 0.439848
vt 0.298330 0.440004
vt 0.298371 0.440057
vt 0.298344 0.440087
vt 0.298388 0.440400
vt 0.298386 0.439983
vt 0.298320 0.440145
vt 0.298289 0.440070
vt 0.298262 0.439982
vt 0.298362 0.440343
vt 0.298365 0.440770
vt 0.298387 0.440804
vt 0.298375 0.440895
vt 0.298382 0.440913
vt 0.298382 0.441054
vt 0.298389 0.441061
vt 0.298395 0.441205
vt 0.298395 0.441205
vt 0.298395 0.441205
vt 0.298392 0.441241
vt 0.298397 0.441271
vt 0.298395 0.441272
vt 0.298399 0.441318
vt 0.298397 0.441318
vt 0.298398 0.441373
vt 0.298400 0.441497
vt 0.298405 0.441568
vt 0.298401 0.441579
vt 0.298406 0.441574
vt 0.298402 0.441537
vt 0.298410 0.441574
vt 0.298410 0.441540
vt 0.298406 0.441614
vt 0.298417 0.441615
vt 0.298430 0.441750
vt 0.298413 0.441573
vt 0.298391 0.441229
vt 0.298388 0.441206
vt 0.298386 0.441179
vt 0.298392 0.441179
vt 0.298395 0.441224
vt 0.298392 0.441203
vt 0.298395 0.441206
vt 0.298395 0.441204
vt 0.298395 0.441201
vt 0.298395 0.441205
vt 0.298398 0.441221
vt 0.298395 0.441209
vt 0.298395 0.441205
vt 0.298392 0.441236
vt 0.298394 0.441273
vt 0.298398 0.441374
vt 0.298399 0.441500
vt 0.298419 0.441608
vt 0.298395 0.441200
vt 0.298395 0.441199
vt 0.298395 0.441199
vt 0.298395 0.441068
vt 0.298395 0.441200
vt 0.298395 0.441182
vt 0.298394 0.441198
vt 0.298395 0.441201
vt 0.298395 0.441205
vt 0.298395 0.441199
vt 0.298395 0.441196
vt 0.298393 0.441188
vt 0.298400 0.441343
vt 0.298398 0.441350
vt 0.298399 0.441350
vt 0.298399 0.441355
vt 0.298399 0.441354
vt 0.298400 0.441361
vt 0.298400 0.441372
vt 0.298400 0.441359
vt 0.298399 0.441351
vt 0.298400 0.441353
vt 0.298397 0.441356
vt 0.298400 0.441354
vt 0.298400 0.441372
vt 0.298399 0.441387
vt 0.298400 0.441390
vt 0.298398 0.441400
vt 0.298399 0.441393
vt 0.298404 0.441493
vt 0.298401 0.441375
vt 0.298399 0.441390
vt 0.298399 0.441395
vt 0.298398 0.441399
vt 0.298399 0.441369
vt 0.298400 0.441382
vt 0.298245 0.432251
vt 0.298251 0.436519
vt 0.298070 0.432147
vt 0.297759 0.429598
vt 0.298038 0.431001
vt 0.296895 0.428262
vt 0.297907 0.430231
vt 0.298059 0.431236
vt 0.297862 0.429884
vt 0.297919 0.432036
vt 0.298132 0.431436
vt 0.298013 0.436376
vt 0.298535 0.444232
vt 0.298552 0.444406
vt 0.298524 0.444242
vt 0.298526 0.444404
vt 0.298701 0.449538
vt 0.298935 0.453074
vt 0.298831 0.452994
vt 0.299325 0.464599
vt 0.299176 0.467897
vt 0.299072 0.464364
vt 0.299377 0.469437
vt 0.299318 0.469786
vt 0.299390 0.469605
vt 0.299382 0.469581
vt 0.299375 0.469582
vt 0.299373 0.469582
vt 0.299372 0.469582
vt 0.299371 0.469582
vt 0.298589 0.446011
vt 0.298559 0.446606
vt 0.298550 0.446024
vt 0.298654 0.446614
vt 0.298552 0.446995
vt 0.298722 0.447622
vt 0.298533 0.447500
vt 0.298448 0.446868
vt 0.298372 0.447188
vt 0.298656 0.447060
vt 0.298570 0.444660
vt 0.298556 0.444606
vt 0.298540 0.444826
vt 0.298536 0.444661
vt 0.298584 0.445032
vt 0.298521 0.445083
vt 0.298525 0.444566
vt 0.298512 0.444548
vt 0.298531 0.446023
vt 0.298578 0.449564
vt 0.299048 0.467915
vt 0.299337 0.470371
vt 0.299400 0.469621
vt 0.299374 0.469582
vt 0.299372 0.469581
vt 0.299371 0.469582
vt 0.299002 0.460099
vt 0.299024 0.460134
vt 0.298918 0.460102
vt 0.299037 0.460128
vt 0.299045 0.460140
vt 0.299046 0.460139
vt 0.299046 0.460140
vt 0.298893 0.457245
vt 0.299158 0.460564
vt 0.298945 0.458923
vt 0.299067 0.458969
vt 0.298992 0.460298
vt 0.298922 0.459976
vt 0.298906 0.458894
vt 0.298748 0.457227
vt 0.298927 0.464160
vt 0.299037 0.457346
vt 0.298863 0.460016
vt 0.299018 0.460141
vt 0.299045 0.460141
vt 0.298531 0.443917
vt 0.298509 0.443920
vt 0.298546 0.443313
vt 0.298492 0.443251
vt 0.298498 0.444257
vt 0.298493 0.443947
vt 0.298504 0.443216
vt 0.298524 0.444459
vt 0.298475 0.444616
vt 0.298458 0.444886
vt 0.298477 0.443451
vt 0.298507 0.444160
vt 0.298450 0.443949
vt 0.298477 0.443718
vt 0.298486 0.443569
vt 0.298473 0.443225
vt 0.298441 0.444304
vt 0.298534 0.444011
vt 0.298567 0.445647
vt 0.298554 0.445648
vt 0.298557 0.445651
vt 0.298531 0.445448
vt 0.298554 0.445873
vt 0.298573 0.445633
vt 0.298546 0.445660
vt 0.298572 0.445629
vt 0.298476 0.445161
vt 0.298521 0.445653
vt 0.298541 0.445867
vt 0.298572 0.445821
vt 0.298570 0.445669
vt 0.298393 0.442064
vt 0.298405 0.441775
vt 0.298423 0.441774
vt 0.298402 0.441484
vt 0.298423 0.441477
vt 0.298395 0.441189
vt 0.298415 0.441178
vt 0.298386 0.440965
vt 0.298386 0.440965
vt 0.298386 0.440964
vt 0.298386 0.440965
vt 0.298407 0.440958
vt 0.298394 0.441001
vt 0.298387 0.440956
vt 0.298386 0.440969
vt 0.298401 0.440465
vt 0.298408 0.440875
vt 0.298387 0.440938
vt 0.298489 0.436653
vt 0.298518 0.442131
vt 0.298354 0.442085
vt 0.298502 0.442524
vt 0.298446 0.442577
vt 0.298459 0.442379
vt 0.298505 0.442673
vt 0.298394 0.442262
vt 0.298390 0.442090
vt 0.298398 0.442460
vt 0.298419 0.442927
vt 0.298610 0.442356
vt 0.298411 0.442022
vt 0.298432 0.441774
vt 0.298429 0.441473
vt 0.298385 0.440963
vt 0.298386 0.440964
vt 0.297453 0.432046
vt 0.298541 0.444397
vt 0.298596 0.445466
vt 0.298503 0.445466
vt 0.298554 0.445656
vt 0.298497 0.446620
vt 0.298802 0.449494
vt 0.298714 0.452909
vt 0.299372 0.467891
vt 0.299372 0.469582
vt 0.298360 0.436993
vt 0.298419 0.441168
vt 0.298386 0.440965
vt 0.298397 0.441180
vt 0.298394 0.441293
vt 0.298394 0.441199
vt 0.298395 0.441205
vt 0.298395 0.441245
vt 0.298396 0.441317
vt 0.298402 0.441399
vt 0.298404 0.441593
vt 0.298403 0.441453
vt 0.298413 0.441544
vt 0.298399 0.441347
vt 0.298400 0.441353
vt 0.298346 0.440840
vt 0.298410 0.441749
vt 0.298456 0.442887
vt 0.298501 0.445925
vt 0.298365 0.440316
vt 0.298384 0.441306
vt 0.298448 0.442477
vt 0.298438 0.443014
vt 0.299046 0.460140
vt 0.297988 0.432166
vt 0.298034 0.431193
vt 0.298394 0.441212
vt 0.298462 0.443154
vt 0.299870 0.460082
vt 0.299714 0.461862
vt 0.299746 0.460055
vt 0.299875 0.461921
vt 0.299780 0.464337
vt 0.299925 0.464251
vt 0.299773 0.465243
vt 0.299930 0.465399
vt 0.299778 0.467286
vt 0.299922 0.467287
vt 0.299807 0.468152
vt 0.299849 0.469566
vt 0.299915 0.468351
vt 0.299810 0.469517
vt 0.299826 0.469505
vt 0.299816 0.469490
vt 0.299828 0.469506
vt 0.299824 0.469509
vt 0.299794 0.469423
vt 0.299829 0.469505
vt 0.299829 0.469506
vt 0.299830 0.469505
vt 0.299829 0.469506
vt 0.299830 0.469505
vt 0.299963 0.460097
vt 0.299993 0.461971
vt 0.299998 0.464197
vt 0.299999 0.465506
vt 0.299987 0.467288
vt 0.299968 0.468526
vt 0.299885 0.469928
vt 0.299805 0.469546
vt 0.299824 0.469510
vt 0.299829 0.469506
vt 0.299829 0.469505
vt 0.299830 0.469505
vt 0.299851 0.457494
vt 0.299868 0.456512
vt 0.299911 0.457526
vt 0.299831 0.453512
vt 0.299831 0.453512
vt 0.299831 0.453512
vt 0.299831 0.453512
vt 0.299831 0.453512
vt 0.299831 0.453512
vt 0.299786 0.456316
vt 0.299786 0.457465
vt 0.299751 0.456130
vt 0.299819 0.458893
vt 0.299729 0.458987
vt 0.299827 0.458883
vt 0.299752 0.458873
vt 0.299830 0.459012
vt 0.299816 0.458890
vt 0.299777 0.458767
vt 0.299946 0.458505
vt 0.299839 0.458786
vt 0.299802 0.458636
vt 0.299999 0.458906
vt 0.299805 0.458289
vt 0.299843 0.454444
vt 0.299722 0.454113
vt 0.299863 0.453889
vt 0.299709 0.453891
vt 0.299770 0.453657
vt 0.299793 0.453406
vt 0.299788 0.453386
vt 0.299832 0.453494
vt 0.299831 0.453462
vt 0.299832 0.453464
vt 0.299833 0.453413
vt 0.299831 0.453412
vt 0.299833 0.453353
vt 0.299831 0.453354
vt 0.299831 0.453329
vt 0.299833 0.453329
vt 0.299831 0.453262
vt 0.299833 0.453262
vt 0.299831 0.453226
vt 0.299833 0.453226
vt 0.299832 0.453175
vt 0.299834 0.453172
vt 0.299840 0.453124
vt 0.299843 0.453110
vt 0.299848 0.453337
vt 0.299821 0.453226
vt 0.299866 0.453207
vt 0.299835 0.453170
vt 0.299834 0.453225
vt 0.299834 0.453261
vt 0.299833 0.453330
vt 0.299833 0.453352
vt 0.299834 0.453415
vt 0.299833 0.453466
vt 0.299832 0.453494
vt 0.299832 0.453512
vt 0.299831 0.453512
vt 0.299832 0.453511
vt 0.299832 0.453511
vt 0.299833 0.453513
vt 0.299834 0.453510
vt 0.299833 0.453522
vt 0.299857 0.453628
vt 0.299831 0.453497
vt 0.299832 0.453497
vt 0.299832 0.453496
vt 0.299832 0.453498
vt 0.299833 0.453496
vt 0.299836 0.453499
vt 0.299833 0.453500
vt 0.299831 0.453495
vt 0.299833 0.453501
vt 0.299833 0.453502
vt 0.299834 0.453510
vt 0.299837 0.453509
vt 0.299841 0.453490
vt 0.299834 0.453528
vt 0.299833 0.453519
vt 0.299839 0.453553
vt 0.299836 0.453509
vt 0.299833 0.453494
vt 0.299832 0.453495
vt 0.299832 0.453496
vt 0.299860 0.447559
vt 0.299921 0.448821
vt 0.299868 0.448884
vt 0.299940 0.450588
vt 0.299875 0.450633
vt 0.299844 0.453040
vt 0.299760 0.452918
vt 0.299853 0.452845
vt 0.299807 0.453149
vt 0.299900 0.453079
vt 0.299933 0.452925
vt 0.299842 0.453094
vt 0.299772 0.450689
vt 0.299778 0.448942
vt 0.299771 0.447507
vt 0.299676 0.444137
vt 0.299823 0.444939
vt 0.299792 0.445125
vt 0.299812 0.441563
vt 0.299848 0.443872
vt 0.299930 0.436823
vt 0.299948 0.441684
vt 0.299958 0.434881
vt 0.299998 0.436736
vt 0.299918 0.434871
vt 0.299980 0.433065
vt 0.299924 0.431526
vt 0.299920 0.433093
vt 0.299941 0.429218
vt 0.299985 0.431479
vt 0.299881 0.427663
vt 0.299987 0.429055
vt 0.299816 0.427685
vt 0.299894 0.427231
vt 0.299824 0.427720
vt 0.299829 0.427741
vt 0.299830 0.427744
vt 0.299833 0.427747
vt 0.299832 0.427747
vt 0.299833 0.427748
vt 0.299834 0.427748
vt 0.299833 0.427748
vt 0.299834 0.427748
vt 0.299834 0.427748
vt 0.299821 0.445397
vt 0.299829 0.445395
vt 0.299829 0.445395
vt 0.299832 0.445395
vt 0.299832 0.445395
vt 0.299832 0.445395
vt 0.299832 0.445395
vt 0.299831 0.445394
vt 0.299827 0.445394
vt 0.299647 0.444372
vt 0.299685 0.441455
vt 0.299783 0.436896
vt 0.299817 0.434855
vt 0.299779 0.433127
vt 0.299794 0.431599
vt 0.299819 0.429402
vt 0.299828 0.427923
vt 0.299828 0.427755
vt 0.299831 0.427748
vt 0.299833 0.427748
vt 0.299833 0.427748
vt 0.299834 0.427748
vt 0.299834 0.427748
vt 0.299862 0.445467
vt 0.299924 0.447611
vt 0.299830 0.445651
vt 0.299801 0.445320
vt 0.299810 0.445403
vt 0.299833 0.445396
vt 0.299788 0.445715
vt 0.299827 0.445390
vt 0.299815 0.445376
vt 0.299807 0.445356
vt 0.299761 0.445249
vt 0.299824 0.445380
vt 0.299831 0.458885
vt 0.299831 0.458743
vt 0.299831 0.459040
vt 0.299831 0.458880
vt 0.299831 0.458872
vt 0.299831 0.460090
vt 0.299830 0.461967
vt 0.299831 0.460082
vt 0.299830 0.464361
vt 0.299830 0.461861
vt 0.299830 0.464200
vt 0.299830 0.465224
vt 0.299830 0.465507
vt 0.299830 0.467292
vt 0.299830 0.468126
vt 0.299830 0.467308
vt 0.299830 0.468542
vt 0.299829 0.470387
vt 0.299830 0.469387
vt 0.299830 0.469558
vt 0.299830 0.469506
vt 0.299830 0.469503
vt 0.299830 0.469506
vt 0.299830 0.469482
vt 0.299830 0.469511
vt 0.299830 0.469506
vt 0.299830 0.469505
vt 0.299830 0.469505
vt 0.299831 0.458274
vt 0.299831 0.457453
vt 0.299831 0.454475
vt 0.299831 0.456527
vt 0.299831 0.453918
vt 0.299831 0.457494
vt 0.299831 0.456144
vt 0.299831 0.453320
vt 0.299831 0.453486
vt 0.299831 0.453499
vt 0.299831 0.453510
vt 0.299831 0.453512
vt 0.299831 0.453512
vt 0.299831 0.453512
vt 0.299831 0.453493
vt 0.299831 0.453499
vt 0.299831 0.453495
vt 0.299831 0.453498
vt 0.299831 0.453497
vt 0.299831 0.453497
vt 0.299831 0.453496
vt 0.299831 0.453493
vt 0.299831 0.453462
vt 0.299831 0.453493
vt 0.299831 0.453412
vt 0.299831 0.453415
vt 0.299831 0.453466
vt 0.299831 0.453353
vt 0.299831 0.453329
vt 0.299831 0.453352
vt 0.299831 0.453262
vt 0.299831 0.453261
vt 0.299831 0.453330
vt 0.299831 0.453226
vt 0.299831 0.453176
vt 0.299831 0.453225
vt 0.299831 0.453128
vt 0.299831 0.453169
vt 0.299831 0.453234
vt 0.299831 0.452861
vt 0.299831 0.453089
vt 0.299831 0.453369
vt 0.299831 0.452905
vt 0.299831 0.450669
vt 0.299832 0.448944
vt 0.299831 0.450582
vt 0.299832 0.445774
vt 0.299832 0.445492
vt 0.299832 0.447609
vt 0.299832 0.448818
vt 0.299832 0.447517
vt 0.299832 0.445355
vt 0.299832 0.445251
vt 0.299832 0.444907
vt 0.299832 0.444372
vt 0.299832 0.443890
vt 0.299832 0.441441
vt 0.299832 0.441700
vt 0.299833 0.436895
vt 0.299833 0.434880
vt 0.299833 0.436722
vt 0.299833 0.434868
vt 0.299833 0.433063
vt 0.299833 0.433129
vt 0.299833 0.431482
vt 0.299833 0.431584
vt 0.299834 0.429407
vt 0.299834 0.429039
vt 0.299834 0.427983
vt 0.299834 0.427676
vt 0.299834 0.426771
vt 0.299834 0.427767
vt 0.299834 0.427739
vt 0.299834 0.427750
vt 0.299834 0.427748
vt 0.299834 0.427748
vt 0.299834 0.427747
vt 0.299834 0.427748
vt 0.299832 0.445409
vt 0.299832 0.445389
vt 0.299832 0.445393
vt 0.299832 0.445395
vt 0.299832 0.445395
vt 0.299832 0.445394
vt 0.299831 0.458620
vt 0.299831 0.453638
vt 0.299831 0.453908
vt 0.299831 0.453136
vt 0.299831 0.453514
vt 0.299831 0.453523
vt 0.299831 0.453497
vt 0.299831 0.453531
vt 0.299831 0.453497
vt 0.299831 0.453561
vt 0.299832 0.445378
vt 0.299791 0.460082
vt 0.299947 0.461862
vt 0.299786 0.461921
vt 0.299880 0.464337
vt 0.299735 0.464251
vt 0.299887 0.465243
vt 0.299730 0.465399
vt 0.299882 0.467286
vt 0.299738 0.467287
vt 0.299852 0.468152
vt 0.299745 0.468351
vt 0.299811 0.469566
vt 0.299849 0.469517
vt 0.299833 0.469505
vt 0.299835 0.469509
vt 0.299831 0.469506
vt 0.299865 0.469423
vt 0.299830 0.469506
vt 0.299830 0.469505
vt 0.299830 0.469506
vt 0.299830 0.469505
vt 0.299698 0.460097
vt 0.299668 0.461971
vt 0.299662 0.464197
vt 0.299661 0.465506
vt 0.299672 0.467288
vt 0.299774 0.469928
vt 0.299854 0.469546
vt 0.299831 0.469506
vt 0.299830 0.469505
vt 0.299811 0.457494
vt 0.299794 0.456512
vt 0.299876 0.456316
vt 0.299831 0.453512
vt 0.299831 0.453512
vt 0.299831 0.453512
vt 0.299831 0.453512
vt 0.299876 0.457465
vt 0.299843 0.458893
vt 0.299932 0.458987
vt 0.299909 0.458873
vt 0.299831 0.459012
vt 0.299822 0.458786
vt 0.299915 0.460055
vt 0.299845 0.458890
vt 0.299751 0.457526
vt 0.299716 0.458505
vt 0.299662 0.458906
vt 0.299885 0.458767
vt 0.299857 0.458289
vt 0.299860 0.458636
vt 0.299819 0.454444
vt 0.299940 0.454113
vt 0.299799 0.453889
vt 0.299892 0.453657
vt 0.299911 0.456130
vt 0.299953 0.453891
vt 0.299869 0.453406
vt 0.299875 0.453386
vt 0.299841 0.453226
vt 0.299832 0.453462
vt 0.299830 0.453494
vt 0.299830 0.453464
vt 0.299829 0.453413
vt 0.299829 0.453353
vt 0.299831 0.453412
vt 0.299831 0.453329
vt 0.299829 0.453329
vt 0.299831 0.453262
vt 0.299829 0.453262
vt 0.299831 0.453226
vt 0.299829 0.453226
vt 0.299830 0.453175
vt 0.299828 0.453172
vt 0.299823 0.453124
vt 0.299820 0.453110
vt 0.299814 0.453337
vt 0.299828 0.453170
vt 0.299829 0.453225
vt 0.299829 0.453261
vt 0.299829 0.453330
vt 0.299829 0.453352
vt 0.299829 0.453415
vt 0.299830 0.453493
vt 0.299830 0.453512
vt 0.299830 0.453511
vt 0.299831 0.453512
vt 0.299829 0.453513
vt 0.299828 0.453510
vt 0.299830 0.453511
vt 0.299829 0.453522
vt 0.299806 0.453628
vt 0.299831 0.453497
vt 0.299831 0.453497
vt 0.299830 0.453496
vt 0.299830 0.453498
vt 0.299829 0.453496
vt 0.299827 0.453499
vt 0.299831 0.453495
vt 0.299830 0.453501
vt 0.299829 0.453502
vt 0.299829 0.453510
vt 0.299830 0.453500
vt 0.299825 0.453509
vt 0.299821 0.453490
vt 0.299828 0.453528
vt 0.299827 0.453509
vt 0.299824 0.453553
vt 0.299830 0.453519
vt 0.299830 0.453494
vt 0.299831 0.453496
vt 0.299742 0.448821
vt 0.299804 0.447559
vt 0.299795 0.448884
vt 0.299723 0.450588
vt 0.299788 0.450633
vt 0.299818 0.453040
vt 0.299902 0.452918
vt 0.299856 0.453149
vt 0.299763 0.453079
vt 0.299796 0.453207
vt 0.299729 0.452925
vt 0.299809 0.452845
vt 0.299820 0.453094
vt 0.299891 0.450689
vt 0.299885 0.448942
vt 0.299841 0.444939
vt 0.299988 0.444137
vt 0.299872 0.445125
vt 0.299817 0.443872
vt 0.299853 0.441563
vt 0.299717 0.441684
vt 0.299736 0.436823
vt 0.299709 0.434881
vt 0.299748 0.434871
vt 0.299686 0.433065
vt 0.299747 0.433093
vt 0.299743 0.431526
vt 0.299681 0.431479
vt 0.299726 0.429218
vt 0.299681 0.429055
vt 0.299787 0.427663
vt 0.299852 0.427685
vt 0.299843 0.427720
vt 0.299838 0.427741
vt 0.299838 0.427744
vt 0.299835 0.427747
vt 0.299835 0.427747
vt 0.299834 0.427748
vt 0.299834 0.427748
vt 0.299834 0.427748
vt 0.299835 0.445395
vt 0.299843 0.445397
vt 0.299835 0.445395
vt 0.299832 0.445395
vt 0.299832 0.445395
vt 0.299832 0.445395
vt 0.299832 0.445395
vt 0.299833 0.445394
vt 0.299837 0.445394
vt 0.300017 0.444372
vt 0.299980 0.441455
vt 0.299883 0.436896
vt 0.299849 0.434855
vt 0.299873 0.431599
vt 0.299848 0.429402
vt 0.299839 0.427923
vt 0.299839 0.427755
vt 0.299836 0.427748
vt 0.299835 0.427748
vt 0.299834 0.427748
vt 0.299834 0.427748
vt 0.299802 0.445467
vt 0.299834 0.445651
vt 0.299863 0.445320
vt 0.299849 0.445376
vt 0.299854 0.445403
vt 0.299831 0.445396
vt 0.299893 0.447507
vt 0.299836 0.445390
vt 0.299857 0.445356
vt 0.299840 0.445380
vt 0.299903 0.445249
vt 0.299876 0.445715
vt 0.299835 0.458883
vt 0.299691 0.468526
vt 0.299843 0.469490
vt 0.299835 0.469510
vt 0.299830 0.453495
vt 0.299831 0.453497
vt 0.299829 0.453466
vt 0.299831 0.453354
vt 0.299740 0.447611
vt 0.299667 0.436736
vt 0.299887 0.433127
vt 0.299774 0.427231
vt 0.299834 0.427748
vt 0.296225 0.430001
vt 0.296223 0.430141
vt 0.296225 0.430003
vt 0.296225 0.430002
vt 0.296223 0.430138
vt 0.296223 0.430141
vt 0.296225 0.430002
vt 0.296223 0.430140
vt 0.296225 0.430002
vt 0.296222 0.430138
vt 0.296225 0.430002
vt 0.296223 0.430140
vt 0.296225 0.430002
vt 0.296223 0.430139
vt 0.296225 0.430003
vt 0.296223 0.430140
vt 0.296225 0.430002
vt 0.296223 0.430140
vt 0.296225 0.430004
vt 0.296223 0.430138
vt 0.296225 0.430001
vt 0.296223 0.430141
vt 0.296225 0.430002
vt 0.296223 0.430138
vt 0.296221 0.430256
vt 0.296219 0.430360
vt 0.296221 0.430252
vt 0.296219 0.430360
vt 0.296221 0.430256
vt 0.296221 0.430252
vt 0.296219 0.430358
vt 0.296219 0.430360
vt 0.296221 0.430251
vt 0.296219 0.430360
vt 0.296221 0.430255
vt 0.296221 0.430255
vt 0.296219 0.430359
vt 0.296219 0.430360
vt 0.296221 0.430253
vt 0.296221 0.430254
vt 0.296219 0.430359
vt 0.296220 0.430359
vt 0.296221 0.430252
vt 0.296219 0.430361
vt 0.296221 0.430257
vt 0.296221 0.430252
vt 0.296219 0.430358
vt 0.296219 0.430360
vt 0.296218 0.430408
vt 0.288727 0.902089
vt 0.296218 0.430407
vt 0.296218 0.430408
vt 0.288727 0.902087
vt 0.288727 0.902087
vt 0.296218 0.430408
vt 0.288727 0.902087
vt 0.296218 0.430407
vt 0.288727 0.902087
vt 0.296219 0.430408
vt 0.288727 0.902086
vt 0.296219 0.430409
vt 0.288727 0.902089
vt 0.296219 0.430407
vt 0.288727 0.902087
vt 0.296219 0.430409
vt 0.288727 0.902087
vt 0.296219 0.430408
vt 0.288727 0.902087
vt 0.296219 0.430408
vt 0.288727 0.902087
vt 0.296219 0.430409
vt 0.288727 0.902088
vt 0.288726 0.902138
vt 0.288719 0.902565
vt 0.288726 0.902139
vt 0.288719 0.902559
vt 0.288726 0.902139
vt 0.288719 0.902564
vt 0.288726 0.902141
vt 0.288719 0.902569
vt 0.288726 0.902138
vt 0.288719 0.902564
vt 0.288726 0.902141
vt 0.288719 0.902560
vt 0.288726 0.902139
vt 0.288726 0.902139
vt 0.288719 0.902566
vt 0.288719 0.902560
vt 0.288726 0.902138
vt 0.288726 0.902138
vt 0.288719 0.902565
vt 0.288720 0.902568
vt 0.288726 0.902137
vt 0.288726 0.902138
vt 0.288720 0.902564
vt 0.288720 0.902559
vt 0.288717 0.902689
vt 0.288715 0.902830
vt 0.288715 0.902831
vt 0.288715 0.902829
vt 0.288717 0.902691
vt 0.288715 0.902829
vt 0.288717 0.902690
vt 0.288717 0.902688
vt 0.288715 0.902831
vt 0.288715 0.902829
vt 0.288718 0.902691
vt 0.288717 0.902691
vt 0.288715 0.902829
vt 0.288715 0.902831
vt 0.288717 0.902690
vt 0.288715 0.902830
vt 0.288717 0.902691
vt 0.288717 0.902688
vt 0.288715 0.902828
vt 0.288715 0.902831
vt 0.288718 0.902689
vt 0.288718 0.902689
vt 0.288715 0.902828
vt 0.288717 0.902691
vt 0.288713 0.902957
vt 0.288712 0.903035
vt 0.288713 0.902953
vt 0.288712 0.903034
vt 0.288713 0.902950
vt 0.288712 0.903035
vt 0.288713 0.902954
vt 0.288712 0.903035
vt 0.288713 0.902956
vt 0.288712 0.903037
vt 0.288713 0.902951
vt 0.288712 0.903035
vt 0.288713 0.902956
vt 0.288714 0.902954
vt 0.288712 0.903035
vt 0.288713 0.902950
vt 0.288712 0.903036
vt 0.288713 0.902954
vt 0.288713 0.902957
vt 0.288712 0.903037
vt 0.288712 0.903034
vt 0.288713 0.902951
vt 0.288712 0.903038
vt 0.288711 0.903085
vt 0.288679 0.905090
vt 0.288711 0.903082
vt 0.288711 0.903084
vt 0.288679 0.905090
vt 0.288679 0.905092
vt 0.288711 0.903082
vt 0.288711 0.903085
vt 0.288679 0.905092
vt 0.288711 0.903085
vt 0.288679 0.905088
vt 0.288679 0.905091
vt 0.288711 0.903085
vt 0.288679 0.905091
vt 0.288711 0.903082
vt 0.288711 0.903084
vt 0.288679 0.905091
vt 0.288679 0.905090
vt 0.288711 0.903081
vt 0.288711 0.903085
vt 0.288679 0.905091
vt 0.288679 0.905090
vt 0.288711 0.903083
vt 0.288675 0.905332
vt 0.288674 0.905407
vt 0.288675 0.905330
vt 0.288674 0.905402
vt 0.288675 0.905328
vt 0.288674 0.905408
vt 0.288675 0.905329
vt 0.288674 0.905402
vt 0.288675 0.905329
vt 0.288675 0.905407
vt 0.288675 0.905330
vt 0.288674 0.905412
vt 0.288675 0.905331
vt 0.288674 0.905407
vt 0.288675 0.905331
vt 0.288676 0.905329
vt 0.288674 0.905402
vt 0.288674 0.905409
vt 0.288676 0.905329
vt 0.288676 0.905330
vt 0.288675 0.905403
vt 0.288675 0.905407
vt 0.288676 0.905330
vt 0.288674 0.905412
vt 0.288673 0.905525
vt 0.288670 0.905688
vt 0.288673 0.905522
vt 0.288669 0.905688
vt 0.288672 0.905524
vt 0.288672 0.905525
vt 0.288669 0.905689
vt 0.288672 0.905524
vt 0.288669 0.905691
vt 0.288670 0.905688
vt 0.288673 0.905525
vt 0.288670 0.905687
vt 0.288672 0.905523
vt 0.288670 0.905690
vt 0.288672 0.905522
vt 0.288670 0.905687
vt 0.288672 0.905524
vt 0.288672 0.905524
vt 0.288670 0.905687
vt 0.288670 0.905690
vt 0.288672 0.905524
vt 0.288673 0.905525
vt 0.288670 0.905689
vt 0.288671 0.905689
vt 0.288667 0.905848
vt 0.288665 0.905963
vt 0.288668 0.905841
vt 0.288664 0.905961
vt 0.288667 0.905836
vt 0.288664 0.905957
vt 0.288667 0.905829
vt 0.288666 0.905837
vt 0.288665 0.905958
vt 0.288667 0.905844
vt 0.288665 0.905961
vt 0.288665 0.905959
vt 0.288667 0.905834
vt 0.288666 0.905960
vt 0.288667 0.905845
vt 0.288668 0.905839
vt 0.288666 0.905960
vt 0.288667 0.905959
vt 0.288668 0.905836
vt 0.288668 0.905831
vt 0.288667 0.905960
vt 0.288667 0.905962
vt 0.288667 0.905839
vt 0.288666 0.905966
vt 0.288666 0.906053
vt 0.288161 0.931205
vt 0.288665 0.906062
vt 0.288205 0.931159
vt 0.288663 0.906058
vt 0.288266 0.931139
vt 0.288662 0.906054
vt 0.288327 0.931164
vt 0.288662 0.906051
vt 0.288371 0.931211
vt 0.288663 0.906047
vt 0.288386 0.931279
vt 0.288663 0.906056
vt 0.288367 0.931346
vt 0.288663 0.906052
vt 0.288664 0.906048
vt 0.288322 0.931403
vt 0.288665 0.906055
vt 0.288262 0.931415
vt 0.288201 0.931399
vt 0.288666 0.906049
vt 0.288666 0.906056
vt 0.288158 0.931345
vt 0.288143 0.931280
vt 0.288087 0.931231
vt 0.288045 0.931033
vt 0.288163 0.931147
vt 0.288270 0.930983
vt 0.288267 0.931116
vt 0.288368 0.931156
vt 0.288490 0.931046
vt 0.288653 0.931216
vt 0.288444 0.931228
vt 0.288470 0.931340
vt 0.288714 0.931443
vt 0.288440 0.931457
vt 0.288647 0.931679
vt 0.288363 0.931542
vt 0.288482 0.931846
vt 0.288254 0.931908
vt 0.288259 0.931560
vt 0.288028 0.931847
vt 0.288158 0.931519
vt 0.288084 0.931446
vt 0.287867 0.931667
vt 0.288058 0.931345
vt 0.287813 0.931429
vt 0.287881 0.931205
vt 0.287533 0.930310
vt 0.286354 0.930506
vt 0.287181 0.929716
vt 0.288284 0.929452
vt 0.288268 0.930135
vt 0.289005 0.930353
vt 0.289382 0.929756
vt 0.290192 0.930564
vt 0.289558 0.930899
vt 0.289775 0.931657
vt 0.290526 0.931709
vt 0.290245 0.932857
vt 0.289562 0.932417
vt 0.289012 0.933027
vt 0.289392 0.933780
vt 0.288251 0.933215
vt 0.288245 0.934099
vt 0.287478 0.932955
vt 0.287049 0.933700
vt 0.286248 0.932789
vt 0.286928 0.932366
vt 0.286002 0.931621
vt 0.286747 0.931602
vt 0.286991 0.930850
vt 0.296244 0.428781
vt 0.296226 0.429903
vt 0.296244 0.428783
vt 0.296226 0.429904
vt 0.296244 0.428785
vt 0.296244 0.428787
vt 0.296226 0.429904
vt 0.296226 0.429904
vt 0.296244 0.428783
vt 0.296226 0.429904
vt 0.296244 0.428786
vt 0.296227 0.429904
vt 0.296244 0.428782
vt 0.296245 0.428785
vt 0.296227 0.429904
vt 0.296245 0.428782
vt 0.296227 0.429902
vt 0.296227 0.429904
vt 0.296244 0.428785
vt 0.296227 0.429904
vt 0.296244 0.428782
vt 0.296245 0.428779
vt 0.296227 0.429903
vt 0.296227 0.429901
vt 0.296250 0.428326
vt 0.296248 0.428529
vt 0.296249 0.428326
vt 0.296247 0.428528
vt 0.296248 0.428329
vt 0.296249 0.428328
vt 0.296247 0.428528
vt 0.296248 0.428531
vt 0.296250 0.428331
vt 0.296252 0.428330
vt 0.296248 0.428529
vt 0.296249 0.428531
vt 0.296253 0.428330
vt 0.296254 0.428327
vt 0.296249 0.428529
vt 0.296250 0.428530
vt 0.296255 0.428329
vt 0.296255 0.428326
vt 0.296249 0.428528
vt 0.296249 0.428528
vt 0.296253 0.428327
vt 0.296252 0.428325
vt 0.296248 0.428531
vt 0.296248 0.428531
vt 0.296245 0.428029
vt 0.296261 0.428036
vt 0.296257 0.428030
vt 0.296264 0.428037
vt 0.296267 0.428031
vt 0.296266 0.428035
vt 0.296225 0.427863
vt 0.296378 0.427343
vt 0.296401 0.427201
vt 0.296385 0.427056
vt 0.296260 0.427868
vt 0.296276 0.426771
vt 0.296170 0.427061
vt 0.296294 0.427130
vt 0.296257 0.428039
vt 0.296247 0.428038
vt 0.296246 0.428032
vt 0.296273 0.427877
vt 0.296155 0.427347
vt 0.296186 0.427406
vt 0.296218 0.427427
vt 0.296258 0.427459
vt 0.296269 0.427883
vt 0.296252 0.427885
vt 0.296300 0.427463
vt 0.296292 0.427866
vt 0.296270 0.427860
vt 0.296137 0.427209
vt 0.296239 0.427872
vt 0.296347 0.427404
vt 0.296264 0.427261
vt 0.296240 0.427362
vt 0.296239 0.427869
vt 0.296252 0.428035
vt 0.296261 0.427882
vt 0.296276 0.427868
vt 0.296262 0.428025
vt 0.296249 0.427858
vt 0.296251 0.428024
vt 0.296226 0.429948
vt 0.296222 0.430202
vt 0.296222 0.430200
vt 0.296226 0.429949
vt 0.296222 0.430202
vt 0.296225 0.429950
vt 0.296222 0.430198
vt 0.296225 0.429951
vt 0.296222 0.430202
vt 0.296225 0.429951
vt 0.296222 0.430204
vt 0.296226 0.429954
vt 0.296222 0.430197
vt 0.296226 0.429948
vt 0.296222 0.430205
vt 0.296226 0.429953
vt 0.296222 0.430197
vt 0.296226 0.429949
vt 0.296222 0.430202
vt 0.296226 0.429953
vt 0.296222 0.430203
vt 0.296226 0.429951
vt 0.296222 0.430200
vt 0.296226 0.429949
vt 0.288714 0.902898
vt 0.288714 0.902897
vt 0.288714 0.902900
vt 0.288714 0.902896
vt 0.288714 0.902897
vt 0.288714 0.902896
vt 0.288714 0.902900
vt 0.288714 0.902897
vt 0.288714 0.902898
vt 0.288714 0.902899
vt 0.288714 0.902898
vt 0.288714 0.902899
vt 0.288676 0.905280
vt 0.288676 0.905284
vt 0.288676 0.905283
vt 0.288676 0.905281
vt 0.288676 0.905277
vt 0.288676 0.905282
vt 0.288676 0.905279
vt 0.288676 0.905282
vt 0.288676 0.905283
vt 0.288676 0.905281
vt 0.288676 0.905281
vt 0.288676 0.905282
vt 0.288677 0.905235
vt 0.288677 0.905231
vt 0.288677 0.905236
vt 0.288677 0.905234
vt 0.288677 0.905233
vt 0.288677 0.905231
vt 0.288677 0.905234
vt 0.288677 0.905231
vt 0.288677 0.905235
vt 0.288677 0.905233
vt 0.288677 0.905234
vt 0.288677 0.905231
vt 0.288673 0.905475
vt 0.288673 0.905475
vt 0.288669 0.905736
vt 0.288674 0.905476
vt 0.288668 0.905743
vt 0.288673 0.905478
vt 0.288668 0.905742
vt 0.288673 0.905472
vt 0.288668 0.905743
vt 0.288674 0.905478
vt 0.288670 0.905743
vt 0.288673 0.905476
vt 0.288669 0.905737
vt 0.288673 0.905474
vt 0.288669 0.905741
vt 0.288674 0.905475
vt 0.288669 0.905738
vt 0.288673 0.905480
vt 0.288669 0.905743
vt 0.288673 0.905472
vt 0.288668 0.905741
vt 0.288674 0.905480
vt 0.288669 0.905747
vt 0.288671 0.905742
vt 0.288664 0.906011
vt 0.288666 0.906011
vt 0.288663 0.906008
vt 0.288664 0.906004
vt 0.288663 0.906002
vt 0.288664 0.906009
vt 0.288665 0.906004
vt 0.288664 0.906003
vt 0.288666 0.906008
vt 0.288666 0.906005
vt 0.288667 0.906008
vt 0.288666 0.906008
vt 0.287574 0.931491
vt 0.287414 0.931050
vt 0.287689 0.931152
vt 0.287931 0.930892
vt 0.287770 0.930667
vt 0.288284 0.930559
vt 0.288273 0.930822
vt 0.288605 0.930911
vt 0.288762 0.930711
vt 0.288846 0.931168
vt 0.289124 0.931062
vt 0.289285 0.931581
vt 0.288950 0.931511
vt 0.289122 0.932095
vt 0.288841 0.931860
vt 0.288597 0.932126
vt 0.288764 0.932503
vt 0.288232 0.932620
vt 0.288246 0.932212
vt 0.287907 0.932109
vt 0.287740 0.932463
vt 0.287380 0.932080
vt 0.287668 0.931849
vt 0.287237 0.931553
vt 0.288128 0.939432
vt 0.293160 0.939570
vt 0.288095 0.941894
vt 0.283069 0.939452
vt 0.284336 0.937821
vt 0.282150 0.934736
vt 0.280425 0.935404
vt 0.280095 0.931048
vt 0.281784 0.931282
vt 0.281713 0.927328
vt 0.283015 0.928273
vt 0.284703 0.924886
vt 0.285392 0.926278
vt 0.288384 0.924079
vt 0.288356 0.925614
vt 0.292033 0.925020
vt 0.291294 0.926385
vt 0.294927 0.927569
vt 0.293595 0.928464
vt 0.296401 0.931336
vt 0.294712 0.931510
vt 0.295922 0.935648
vt 0.294233 0.934927
vt 0.291943 0.937901
vt 0.288147 0.938314
vt 0.284845 0.937097
vt 0.282868 0.934427
vt 0.282498 0.931361
vt 0.283573 0.928662
vt 0.285689 0.926865
vt 0.288343 0.926264
vt 0.290975 0.926960
vt 0.293026 0.928832
vt 0.293997 0.931566
vt 0.293533 0.934599
vt 0.291450 0.937156
vt 0.288719 0.902632
vt 0.288718 0.902631
vt 0.288718 0.902633
vt 0.288718 0.902633
vt 0.288718 0.902632
vt 0.288718 0.902631
vt 0.288719 0.902631
vt 0.288718 0.902635
vt 0.288718 0.902630
vt 0.288718 0.902635
vt 0.288718 0.902634
vt 0.288718 0.902630
vt 0.300085 0.437861
vt 0.305328 0.443103
vt 0.300085 0.443103
vt 0.300085 0.443171
vt 0.305328 0.448414
vt 0.300085 0.448414
vt 0.300085 0.448482
vt 0.305328 0.453725
vt 0.300085 0.453725
vt 0.305396 0.443103
vt 0.310638 0.437861
vt 0.310638 0.443103
vt 0.307606 0.443171
vt 0.310638 0.448414
vt 0.307606 0.448414
vt 0.307582 0.448482
vt 0.310638 0.453725
vt 0.307582 0.453725
vt 0.302271 0.453793
vt 0.305328 0.459036
vt 0.302271 0.459036
vt 0.307582 0.453793
vt 0.310638 0.459036
vt 0.307582 0.459036
vt 0.312227 0.426771
vt 0.315284 0.432014
vt 0.312227 0.432014
vt 0.310041 0.432082
vt 0.312866 0.437324
vt 0.310041 0.437324
vt 0.310706 0.437861
vt 0.313531 0.443103
vt 0.310706 0.443103
vt 0.310706 0.443171
vt 0.313531 0.448414
vt 0.310706 0.448414
vt 0.310706 0.448482
vt 0.313531 0.453725
vt 0.310706 0.453725
vt 0.313531 0.443171
vt 0.315949 0.448414
vt 0.313531 0.437861
vt 0.315949 0.443103
vt 0.312866 0.432082
vt 0.315284 0.437324
vt 0.313531 0.448482
vt 0.315949 0.453725
vt 0.310706 0.453793
vt 0.313446 0.459036
vt 0.310706 0.459036
vt 0.300085 0.459103
vt 0.302824 0.464346
vt 0.300085 0.464346
vt 0.305396 0.459103
vt 0.308135 0.464346
vt 0.305396 0.464346
vt 0.310706 0.459103
vt 0.313446 0.464346
vt 0.310706 0.464346
vt 0.308135 0.459103
vt 0.309418 0.464346
vt 0.302824 0.459103
vt 0.304108 0.464346
vt 0.313446 0.453793
vt 0.314729 0.459036
vt 0.313446 0.459103
vt 0.314729 0.464346
vt 0.315352 0.426771
vt 0.320595 0.432014
vt 0.315352 0.432014
vt 0.315352 0.437324
vt 0.320595 0.432082
vt 0.320595 0.437324
vt 0.316017 0.437861
vt 0.321260 0.443103
vt 0.316017 0.443103
vt 0.316017 0.443171
vt 0.321260 0.448414
vt 0.316017 0.448414
vt 0.316017 0.448482
vt 0.321260 0.453725
vt 0.316017 0.453725
vt 0.316017 0.456481
vt 0.317291 0.453793
vt 0.317291 0.456481
vt 0.318690 0.456481
vt 0.321260 0.453793
vt 0.321260 0.456481
vt 0.318690 0.453793
vt 0.321260 0.459036
vt 0.318690 0.459036
vt 0.317291 0.459036
vt 0.316017 0.459036
vt 0.309418 0.459103
vt 0.310638 0.464346
vt 0.304108 0.459103
vt 0.305328 0.464346
vt 0.314729 0.453793
vt 0.315949 0.459036
vt 0.314729 0.459103
vt 0.315949 0.464346
vt 0.305396 0.443171
vt 0.305396 0.448414
vt 0.310041 0.426771
vt 0.310041 0.432014
vt 0.305396 0.448482
vt 0.305396 0.453725
vt 0.300085 0.453793
vt 0.300085 0.459036
vt 0.305396 0.453793
vt 0.305396 0.459036
vt 0.305396 0.437861
vt 0.321260 0.464346
vt 0.318203 0.459103
vt 0.318203 0.464346
vt 0.305328 0.469657
vt 0.302271 0.464414
vt 0.302271 0.469657
vt 0.308220 0.469657
vt 0.305396 0.464414
vt 0.305396 0.469657
vt 0.313531 0.469657
vt 0.310706 0.464414
vt 0.310706 0.469657
vt 0.315949 0.469657
vt 0.313531 0.464414
vt 0.310638 0.469657
vt 0.308220 0.464414
vt 0.318756 0.469657
vt 0.316017 0.464414
vt 0.316017 0.469657
vt 0.323402 0.432014
vt 0.320663 0.426771
vt 0.320663 0.432014
vt 0.324686 0.432014
vt 0.323402 0.426771
vt 0.320040 0.469657
vt 0.318756 0.464414
vt 0.315352 0.432082
vt 0.316017 0.453793
vt 0.325906 0.432014
vt 0.324686 0.426771
vt 0.321260 0.469657
vt 0.320040 0.464414
vt 0.316017 0.459103
vt 0.316017 0.464346
vt 0.300085 0.464414
vt 0.300085 0.469657
vt 0.305328 0.437861
vt 0.305328 0.443171
vt 0.305328 0.448482
vt 0.310638 0.443171
vt 0.310638 0.453793
vt 0.315949 0.443171
vt 0.320595 0.426771
vt 0.321260 0.437861
vt 0.321260 0.448482
vt 0.310638 0.459103
vt 0.305051 0.432272
vt 0.305058 0.432180
vt 0.305031 0.432253
vt 0.305495 0.427177
vt 0.305353 0.427152
vt 0.309560 0.429921
vt 0.309636 0.430044
vt 0.305015 0.432177
vt 0.305010 0.432265
vt 0.300633 0.429170
vt 0.300600 0.429314
vt 0.305213 0.427153
vt 0.304931 0.432303
vt 0.305006 0.432290
vt 0.300370 0.434403
vt 0.300424 0.434532
vt 0.300480 0.429400
vt 0.305006 0.432374
vt 0.305033 0.432300
vt 0.304592 0.437387
vt 0.304734 0.437412
vt 0.300500 0.434656
vt 0.305104 0.432354
vt 0.305052 0.432293
vt 0.309405 0.435360
vt 0.309436 0.435216
vt 0.304874 0.437410
vt 0.305128 0.432258
vt 0.309688 0.430173
vt 0.309557 0.435132
vt 0.305032 0.432249
vt 0.305113 0.432218
vt 0.305057 0.432268
vt 0.305513 0.427082
vt 0.305057 0.432177
vt 0.305392 0.426771
vt 0.309640 0.429868
vt 0.309973 0.429864
vt 0.304954 0.432202
vt 0.305016 0.432174
vt 0.305007 0.432263
vt 0.300495 0.429070
vt 0.300085 0.428970
vt 0.305214 0.427057
vt 0.305003 0.432292
vt 0.304930 0.432237
vt 0.300282 0.434441
vt 0.304928 0.432306
vt 0.300085 0.434715
vt 0.300335 0.429311
vt 0.305030 0.432307
vt 0.304946 0.432342
vt 0.304574 0.437482
vt 0.305006 0.432378
vt 0.304697 0.437793
vt 0.300419 0.434709
vt 0.305054 0.432294
vt 0.305047 0.432381
vt 0.309543 0.435460
vt 0.305107 0.432355
vt 0.309951 0.435559
vt 0.304873 0.437506
vt 0.305130 0.432320
vt 0.309776 0.430136
vt 0.305131 0.432255
vt 0.309702 0.435221
vt 0.305109 0.432220
vt 0.304958 0.432203
vt 0.304949 0.432342
vt 0.305049 0.432377
vt 0.305129 0.432318
vt 0.296469 0.471475
vt 0.297178 0.471065
vt 0.297162 0.471856
vt 0.296469 0.472294
vt 0.297178 0.472703
vt 0.297888 0.472294
vt 0.297888 0.471475
vt 0.299375 0.472294
vt 0.298665 0.472703
vt 0.298649 0.471856
vt 0.297956 0.472294
vt 0.297956 0.471475
vt 0.298665 0.471065
vt 0.299375 0.471475
vt 0.325906 0.432082
vt 0.325906 0.437324
vt 0.326571 0.437861
vt 0.326571 0.443103
vt 0.326571 0.448414
vt 0.326571 0.443171
vt 0.326571 0.453725
vt 0.326571 0.448482
vt 0.326571 0.459036
vt 0.326571 0.453793
vt 0.326571 0.459103
vt 0.326571 0.464346
vt 0.326571 0.464414
vt 0.321328 0.469657
vt 0.321328 0.464414
vt 0.305328 0.469725
vt 0.300085 0.474968
vt 0.300085 0.469725
vt 0.310638 0.469725
vt 0.305396 0.474968
vt 0.305396 0.469725
vt 0.315949 0.469725
vt 0.310706 0.474968
vt 0.310706 0.469725
vt 0.321260 0.469725
vt 0.316017 0.474968
vt 0.316017 0.469725
vt 0.326571 0.469725
vt 0.321328 0.474968
vt 0.321328 0.469725
vt 0.310041 0.437392
vt 0.320663 0.437324
vt 0.320663 0.432082
vt 0.321328 0.443103
vt 0.321328 0.437861
vt 0.321328 0.448414
vt 0.321328 0.443171
vt 0.321328 0.453725
vt 0.321328 0.448482
vt 0.321328 0.459036
vt 0.321328 0.453793
vt 0.321328 0.464346
vt 0.321328 0.459103
vt 0.310041 0.437460
vt 0.327831 0.428589
vt 0.327829 0.428588
vt 0.327831 0.428589
vt 0.327829 0.428587
vt 0.327831 0.428589
vt 0.327830 0.428587
vt 0.327831 0.428589
vt 0.327831 0.428588
vt 0.327831 0.428589
vt 0.327831 0.428589
vt 0.327831 0.428589
vt 0.327831 0.428589
vt 0.327831 0.428589
vt 0.327830 0.428590
vt 0.327831 0.428589
vt 0.327829 0.428589
vt 0.327829 0.428590
vt 0.327828 0.428588
vt 0.327829 0.428587
vt 0.327830 0.428587
vt 0.327831 0.428587
vt 0.327831 0.428588
vt 0.327831 0.428590
vt 0.327830 0.428590
vt 0.327737 0.428553
vt 0.327789 0.428499
vt 0.327863 0.428498
vt 0.327915 0.428549
vt 0.327919 0.428623
vt 0.327869 0.428679
vt 0.327793 0.428680
vt 0.327739 0.428628
vt 0.327706 0.428539
vt 0.327752 0.428418
vt 0.327778 0.428470
vt 0.327892 0.428412
vt 0.327875 0.428467
vt 0.327999 0.428505
vt 0.327948 0.428534
vt 0.328004 0.428650
vt 0.327949 0.428634
vt 0.327911 0.428760
vt 0.327882 0.428707
vt 0.327763 0.428771
vt 0.327781 0.428713
vt 0.327650 0.428672
vt 0.327705 0.428643
vt 0.327648 0.428520
vt 0.327611 0.428505
vt 0.327737 0.428384
vt 0.327904 0.428377
vt 0.328039 0.428663
vt 0.328027 0.428491
vt 0.327929 0.428795
vt 0.327749 0.428809
vt 0.327605 0.428692
vt 0.327584 0.428493
vt 0.327727 0.428358
vt 0.327913 0.428351
vt 0.328052 0.428478
vt 0.328065 0.428672
vt 0.327942 0.428821
vt 0.327738 0.428837
vt 0.327577 0.428705
vt 0.327460 0.428759
vt 0.325973 0.427806
vt 0.327480 0.428444
vt 0.327162 0.426771
vt 0.327692 0.428264
vt 0.327949 0.428254
vt 0.328640 0.426879
vt 0.329573 0.427897
vt 0.328147 0.428431
vt 0.328161 0.428703
vt 0.329568 0.429296
vt 0.328608 0.430357
vt 0.327999 0.428923
vt 0.327704 0.428942
vt 0.327100 0.430438
vt 0.325973 0.429379
vt 0.298086 0.432257
vt 0.310638 0.448482
vt 0.305328 0.453793
vt 0.315284 0.426771
vt 0.315949 0.437861
vt 0.315284 0.432082
vt 0.315949 0.448482
vt 0.321260 0.443171
vt 0.305328 0.459103
vt 0.315949 0.453793
vt 0.315949 0.459103
vt 0.321260 0.459103
vt 0.305328 0.464414
vt 0.315949 0.464414
vt 0.310638 0.464414
vt 0.325906 0.426771
vt 0.321260 0.464414
vt 0.304933 0.432240
vt 0.326571 0.469657
vt 0.305328 0.474968
vt 0.310638 0.474968
vt 0.315949 0.474968
vt 0.321260 0.474968
vt 0.326571 0.474968
s 1
g off
g lamparaPublica2.002_lamparatexture.001
usemtl lamparatexture.001
f 246/25/7 99/26/8 245/27/9
f 246/25/7 103/28/10 101/29/11
f 252/30/12 173/31/13 171/32/14
f 261/33/15 187/34/16 260/35/17
f 265/36/18 197/37/19 264/38/20
f 266/39/21 199/40/22 265/36/18
f 268/41/23 243/42/24 267/43/25
f 245/27/9 26/44/26 268/41/23
f 30/45/27 239/46/28 25/47/29
f 240/48/30 26/44/26 237/49/31
f 243/42/24 238/50/32 30/45/27
f 269/51/33 243/42/24 30/45/27
f 267/43/25 33/52/34 244/53/35
f 267/43/25 34/54/36 268/41/23
f 268/41/23 100/55/37 245/27/9
f 245/27/9 102/56/38 246/25/7
f 247/57/39 102/56/38 104/58/40
f 260/35/17 190/59/41 261/33/15
f 264/38/20 200/60/42 265/36/18
f 266/39/21 200/60/42 201/61/43
f 253/62/44 172/63/45 174/64/46
f 189/65/47 262/66/48 191/67/49
f 271/68/50 263/69/51 193/70/52
f 193/70/52 264/38/20 197/37/19
f 270/71/53 191/67/49 262/66/48
f 277/72/54 194/73/55 272/74/56
f 278/75/57 206/76/58 194/73/55
f 192/77/59 261/33/15 190/59/41
f 270/71/53 194/73/55 263/69/51
f 198/78/60 263/69/51 194/73/55
f 272/74/56 262/66/48 192/77/59
f 279/79/61 272/74/56 192/77/59
f 277/72/54 195/80/62 273/81/63
f 278/75/57 273/81/63 196/82/64
f 274/83/65 196/82/64 205/84/66
f 282/85/67 211/86/68 209/87/69
f 284/88/70 216/89/71 214/90/72
f 285/91/73 218/92/74 216/89/71
f 286/93/75 220/94/76 218/92/74
f 288/95/77 220/94/76 287/96/78
f 289/97/79 222/98/80 288/95/77
f 290/99/81 224/100/82 289/97/79
f 290/99/81 228/101/83 226/102/84
f 248/103/85 104/58/40 106/104/86
f 206/76/58 275/105/87 203/106/88
f 294/107/89 203/106/88 275/105/87
f 295/108/90 209/87/69 203/106/88
f 291/109/91 1034/110/92 228/101/83
f 204/111/93 274/83/65 205/84/66
f 296/112/94 275/105/87 204/111/93
f 285/91/73 213/113/95 215/114/96
f 286/93/75 215/114/96 217/115/97
f 287/96/78 217/115/97 219/116/98
f 287/96/78 221/117/99 288/95/77
f 288/95/77 223/118/100 289/97/79
f 289/97/79 225/119/101 290/99/81
f 291/109/91 225/119/101 227/120/102
f 1033/121/103 227/120/102 1040/122/104
f 294/107/89 208/123/105 276/124/106
f 295/108/90 276/124/106 207/125/107
f 282/85/67 207/125/107 210/126/108
f 283/127/109 210/126/108 212/128/110
f 253/62/44 175/129/111 173/31/13
f 305/130/112 254/131/113 304/132/114
f 176/133/115 256/134/116 177/135/117
f 254/131/113 174/64/46 139/136/118
f 304/132/114 139/136/118 303/137/119
f 178/138/120 255/139/121 140/140/122
f 247/57/39 105/141/123 103/28/10
f 292/142/124 107/143/125 306/144/126
f 297/145/127 105/141/123 306/144/126
f 249/146/128 187/34/16 107/143/125
f 108/147/129 284/88/70 214/90/72
f 249/146/128 293/148/130 108/147/129
f 260/35/17 108/147/129 188/149/131
f 106/104/86 292/142/124 248/103/85
f 213/113/95 293/148/130 106/104/86
f 306/144/126 248/103/85 292/142/124
f 306/144/126 130/150/132 297/145/127
f 297/145/127 131/151/133 298/152/134
f 298/152/134 132/153/135 299/154/136
f 299/154/136 134/155/137 300/156/138
f 303/137/119 255/139/121 304/132/114
f 305/130/112 255/139/121 176/133/115
f 311/157/139 148/158/140 150/159/141
f 312/160/142 154/161/143 152/162/144
f 313/163/145 156/164/146 154/161/143
f 315/165/147 156/164/146 314/166/148
f 318/167/149 166/168/150 164/169/151
f 320/170/152 166/168/150 319/171/153
f 321/172/154 168/173/155 320/170/152
f 168/173/155 252/30/12 171/32/14
f 266/39/21 167/174/156 202/175/157
f 250/176/158 201/61/43 169/177/159
f 322/178/160 251/179/161 321/172/154
f 172/63/45 251/179/161 170/180/162
f 312/160/142 138/181/163 323/182/164
f 136/183/165 300/156/138 134/155/137
f 323/182/164 302/184/166 324/185/167
f 303/137/119 138/181/163 140/140/122
f 310/186/168 142/187/169 148/158/140
f 326/188/170 302/184/166 137/189/171
f 327/190/172 137/189/171 308/191/173
f 302/184/166 139/136/118 137/189/171
f 325/192/174 308/191/173 142/187/169
f 310/186/168 149/193/175 147/194/176
f 323/182/164 301/195/177 136/183/165
f 323/182/164 151/196/178 312/160/142
f 313/163/145 151/196/178 153/197/179
f 314/166/148 153/197/179 155/198/180
f 314/166/148 157/199/181 315/165/147
f 319/171/153 163/200/182 165/201/183
f 319/171/153 167/174/156 320/170/152
f 320/170/152 250/176/158 321/172/154
f 321/172/154 169/177/159 322/178/160
f 328/202/184 145/203/185 329/204/186
f 133/205/187 301/195/177 135/206/188
f 331/207/189 307/208/190 330/209/191
f 330/209/191 141/210/192 328/202/184
f 325/192/174 147/194/176 141/210/192
f 325/192/174 307/208/190 327/190/172
f 326/188/170 307/208/190 135/206/188
f 301/195/177 326/188/170 135/206/188
f 329/204/186 144/211/193 328/202/184
f 328/202/184 309/212/194 330/209/191
f 330/209/191 143/213/195 331/207/189
f 177/135/117 257/214/196 179/215/197
f 333/216/198 258/217/199 181/218/200
f 335/219/201 182/220/202 334/221/203
f 181/218/200 259/222/204 185/223/205
f 180/224/206 256/134/116 178/138/120
f 332/225/207 182/220/202 258/217/199
f 186/226/208 258/217/199 182/220/202
f 158/227/209 316/228/210 160/229/211
f 337/230/212 317/231/213 162/232/214
f 317/231/213 164/169/151 162/232/214
f 337/230/212 184/233/215 335/219/201
f 159/234/216 315/165/147 157/199/181
f 338/235/217 317/231/213 336/236/218
f 318/167/149 161/237/219 163/200/182
f 333/216/198 257/214/196 332/225/207
f 334/221/203 257/214/196 180/224/206
f 334/221/203 183/238/220 335/219/201
f 335/219/201 160/229/211 337/230/212
f 337/230/212 316/228/210 336/236/218
f 336/236/218 159/234/216 338/235/217
f 339/239/221 32/240/222 342/241/223
f 240/48/30 29/242/224 238/50/32
f 27/243/225 238/50/32 29/242/224
f 343/244/226 31/245/227 344/246/228
f 240/48/30 28/247/229 241/248/230
f 342/241/223 242/249/231 343/244/226
f 344/246/228 241/248/230 343/244/226
f 343/244/226 28/247/229 342/241/223
f 342/241/223 35/250/232 339/239/221
f 345/251/233 48/252/234 348/253/235
f 348/253/235 49/254/236 345/251/233
f 354/255/237 73/256/238 71/257/239
f 359/258/240 79/259/241 358/260/242
f 359/258/240 83/261/243 81/262/244
f 361/263/245 83/261/243 360/264/246
f 362/265/247 85/266/248 361/263/245
f 363/267/249 87/268/250 362/265/247
f 363/267/249 91/269/251 89/270/252
f 364/271/253 93/269/254 91/269/251
f 366/269/255 93/269/254 365/269/256
f 367/269/257 95/269/258 366/269/255
f 368/272/259 59/273/260 353/274/261
f 369/275/262 67/276/263 368/272/259
f 354/255/237 69/277/264 370/278/265
f 211/86/68 280/279/266 68/280/267
f 70/281/268 283/127/109 212/128/110
f 370/278/265 281/282/269 369/275/262
f 345/251/233 52/283/270 50/284/271
f 372/285/272 346/286/273 371/287/274
f 372/285/272 57/288/275 52/283/270
f 346/286/273 49/254/236 51/289/276
f 371/287/274 51/289/276 373/290/277
f 368/272/259 60/291/278 68/280/267
f 368/272/259 280/279/266 369/275/262
f 369/275/262 70/281/268 370/278/265
f 370/278/265 72/292/279 354/255/237
f 355/293/280 72/292/279 74/294/281
f 358/260/242 82/295/282 359/258/240
f 359/258/240 84/296/283 360/264/246
f 360/264/246 86/297/284 361/263/245
f 361/263/245 88/298/285 362/265/247
f 362/265/247 90/299/286 363/267/249
f 364/271/253 90/299/286 92/300/287
f 365/269/256 92/300/287 94/269/288
f 365/269/256 96/269/289 366/269/255
f 366/269/255 98/269/290 367/269/257
f 375/301/291 230/302/292 374/303/293
f 376/304/294 234/305/295 375/301/291
f 377/306/296 232/307/297 376/304/294
f 73/256/238 356/308/298 78/309/299
f 378/310/300 75/311/301 379/312/302
f 75/311/301 358/260/242 79/259/241
f 374/303/293 76/313/303 380/314/304
f 77/315/305 355/293/280 74/294/281
f 380/314/304 357/316/306 378/310/300
f 80/317/307 357/316/306 76/313/303
f 378/310/300 78/309/299 356/308/298
f 380/314/304 356/308/298 77/315/305
f 380/314/304 229/318/308 374/303/293
f 374/303/293 233/319/309 375/301/291
f 375/301/291 231/320/310 376/304/294
f 376/304/294 235/321/311 377/306/296
f 42/322/312 348/253/235 48/252/234
f 384/323/313 349/324/314 42/322/312
f 47/325/315 349/324/314 41/326/316
f 383/327/317 41/326/316 349/324/314
f 371/287/274 53/328/318 347/329/319
f 372/285/272 347/329/319 54/330/320
f 350/331/321 54/330/320 58/332/322
f 41/326/316 381/333/323 45/334/324
f 386/335/325 385/336/326 44/337/327
f 387/338/328 43/339/329 385/336/326
f 347/329/319 44/337/327 54/330/320
f 386/335/325 53/328/318 45/334/324
f 387/338/328 45/334/324 381/333/323
f 388/340/330 381/333/323 46/341/331
f 389/342/332 65/343/333 63/344/334
f 57/288/275 351/345/335 55/346/336
f 352/347/337 59/273/260 61/348/338
f 392/349/339 351/345/335 391/350/340
f 392/349/339 63/344/334 55/346/336
f 351/345/335 58/332/322 56/351/341
f 393/352/342 351/345/335 56/351/341
f 353/274/261 62/353/343 60/291/278
f 391/350/340 62/353/343 352/347/337
f 391/350/340 61/348/338 392/349/339
f 392/349/339 64/354/344 389/342/332
f 390/355/345 64/354/344 66/356/346
f 394/357/347 112/358/348 110/359/349
f 395/360/350 114/361/351 112/358/348
f 396/362/352 116/363/353 114/361/351
f 399/364/354 122/365/355 398/366/356
f 399/364/354 126/367/357 124/368/358
f 401/369/359 126/367/357 400/367/360
f 402/370/361 116/363/353 397/371/362
f 403/372/363 118/373/364 402/370/361
f 398/366/356 120/374/365 403/372/363
f 129/375/366 298/152/134 117/376/367
f 117/376/367 299/154/136 119/377/368
f 119/377/368 300/156/138 133/205/187
f 36/378/369 340/379/370 38/380/371
f 37/381/372 339/239/221 35/250/232
f 405/382/373 341/383/374 40/384/375
f 383/327/317 40/384/375 341/383/374
f 406/385/376 110/359/349 39/386/377
f 404/387/378 39/386/377 341/383/374
f 382/388/379 341/383/374 39/386/377
f 46/341/331 382/388/379 39/386/377
f 404/387/378 38/380/371 340/379/370
f 404/387/378 37/381/372 406/385/376
f 394/357/347 37/381/372 109/389/380
f 395/360/350 109/389/380 111/390/381
f 396/362/352 111/390/381 113/391/382
f 397/371/362 113/391/382 115/392/383
f 397/371/362 117/376/367 402/370/361
f 402/370/361 119/377/368 403/372/363
f 403/372/363 121/393/384 398/366/356
f 398/366/356 123/394/385 399/364/354
f 399/364/354 125/395/386 400/367/360
f 401/369/359 125/395/386 127/369/387
f 25/47/29 408/396/388 30/45/27
f 27/243/225 410/397/389 409/398/390
f 35/250/232 411/399/391 412/400/392
f 32/240/222 414/401/393 413/402/394
f 35/250/232 415/403/395 37/381/372
f 36/378/369 416/404/396 414/401/393
f 46/341/331 417/405/397 418/406/398
f 45/334/324 419/407/399 41/326/316
f 47/325/315 419/407/399 421/408/400
f 48/252/234 422/409/401 42/322/312
f 47/325/315 424/410/402 49/254/236
f 50/284/271 423/411/403 48/252/234
f 51/289/276 424/410/402 426/412/404
f 50/284/271 427/413/405 425/414/406
f 53/328/318 420/415/407 45/334/324
f 44/337/327 430/416/408 54/330/320
f 52/283/270 431/417/409 427/413/405
f 58/332/322 430/416/408 432/418/410
f 55/346/336 431/417/409 57/288/275
f 56/351/341 432/418/410 434/419/411
f 59/273/260 435/420/412 61/348/338
f 60/291/278 437/421/413 438/422/414
f 63/344/334 433/423/415 55/346/336
f 64/354/344 435/420/412 440/424/416
f 65/343/333 439/425/417 63/344/334
f 66/356/346 440/424/416 442/426/418
f 67/276/263 436/427/419 59/273/260
f 60/291/278 444/428/420 68/280/267
f 69/277/264 446/429/421 445/430/422
f 72/292/279 447/431/423 448/432/424
f 71/257/239 449/433/425 446/429/421
f 74/294/281 448/432/424 450/434/426
f 73/256/238 451/435/427 449/433/425
f 74/294/281 452/436/428 77/315/305
f 79/259/241 453/437/429 75/311/301
f 80/317/307 455/438/430 456/439/431
f 81/262/244 454/440/432 79/259/241
f 82/295/282 456/439/431 458/441/433
f 81/262/244 459/442/434 457/443/435
f 84/296/283 458/441/433 460/444/436
f 85/266/248 459/442/434 83/261/243
f 84/296/283 462/445/437 86/297/284
f 87/268/250 461/446/438 85/266/248
f 86/297/284 464/447/439 88/298/285
f 87/268/250 465/448/440 463/448/441
f 90/299/286 464/447/439 466/449/442
f 89/270/252 467/269/443 465/448/440
f 92/300/287 466/449/442 468/300/444
f 91/269/251 469/269/445 467/269/443
f 94/269/288 468/300/444 470/269/446
f 95/269/258 469/269/445 93/269/254
f 94/269/288 472/269/447 96/269/289
f 97/269/448 471/269/449 95/269/258
f 96/269/289 474/269/450 98/269/290
f 99/26/8 475/450/451 26/44/26
f 34/54/36 478/451/452 100/55/37
f 99/26/8 479/452/453 476/453/454
f 102/56/38 478/451/452 480/454/455
f 101/29/11 481/455/456 479/452/453
f 104/58/40 480/454/455 482/456/457
f 103/28/10 483/457/458 481/455/456
f 104/58/40 484/458/459 106/104/86
f 109/389/380 415/403/395 485/459/460
f 110/359/349 417/405/397 39/386/377
f 111/390/381 485/459/460 487/460/461
f 112/358/348 486/461/462 110/359/349
f 113/391/382 487/460/461 489/462/463
f 112/358/348 490/463/464 488/464/465
f 115/392/383 489/462/463 491/465/466
f 114/361/351 492/466/467 490/463/464
f 115/392/383 493/467/468 117/376/367
f 118/373/364 492/466/467 116/363/353
f 118/373/364 495/468/469 494/469/470
f 121/393/384 496/470/471 497/471/472
f 120/374/365 498/472/473 495/468/469
f 121/393/384 499/473/474 123/394/385
f 122/365/355 500/474/475 498/472/473
f 125/395/386 499/473/474 501/475/476
f 124/368/358 502/476/477 500/474/475
f 127/369/387 501/475/476 503/369/478
f 128/369/479 502/476/477 126/367/357
f 129/375/366 483/457/458 105/141/123
f 130/150/132 506/477/480 507/478/481
f 129/375/366 493/467/468 505/479/482
f 131/151/133 507/478/481 508/480/483
f 132/153/135 508/480/483 509/481/484
f 133/205/187 496/470/471 119/377/368
f 134/155/137 509/481/484 511/482/485
f 133/205/187 512/483/486 510/484/487
f 134/155/137 513/485/488 136/183/165
f 139/136/118 514/486/489 137/189/171
f 140/140/122 516/487/490 517/488/491
f 145/203/185 518/489/492 519/490/493
f 146/491/494 520/492/495 144/211/193
f 147/194/176 518/489/492 141/210/192
f 142/187/169 524/493/496 148/158/140
f 149/193/175 522/494/497 147/194/176
f 150/159/141 524/493/496 526/495/498
f 151/196/178 513/485/488 527/496/499
f 152/162/144 516/487/490 138/181/163
f 153/197/179 527/496/499 529/497/500
f 152/162/144 530/498/501 528/499/502
f 155/198/180 529/497/500 531/500/503
f 154/161/143 532/501/504 530/498/501
f 155/198/180 533/502/505 157/199/181
f 158/227/209 532/501/504 156/164/146
f 157/199/181 535/503/506 159/234/216
f 160/229/211 534/504/507 158/227/209
f 163/200/182 537/505/508 538/506/509
f 162/232/214 540/507/510 539/508/511
f 163/200/182 541/509/512 165/201/183
f 164/169/151 542/510/513 540/507/510
f 165/201/183 543/511/514 167/174/156
f 166/168/150 544/512/515 542/510/513
f 171/32/14 544/512/515 168/173/155
f 170/180/162 547/513/516 172/63/45
f 171/32/14 548/514/517 545/515/518
f 172/63/45 549/516/519 174/64/46
f 175/129/111 548/514/517 173/31/13
f 174/64/46 515/517/520 139/136/118
f 176/133/115 552/518/521 551/519/522
f 178/138/120 517/488/491 553/520/523
f 179/215/197 552/518/521 177/135/117
f 178/138/120 555/521/524 180/224/206
f 183/238/220 555/521/524 556/522/525
f 182/220/202 558/523/526 557/524/527
f 183/238/220 536/525/528 160/229/211
f 184/233/215 539/508/511 558/523/526
f 185/223/205 559/526/529 181/218/200
f 186/226/208 557/524/527 561/527/530
f 187/34/16 506/477/480 107/143/125
f 188/149/131 563/528/531 564/529/532
f 187/34/16 565/530/533 562/531/534
f 190/59/41 564/529/532 566/532/535
f 189/65/47 567/533/536 565/530/533
f 192/77/59 566/532/535 568/534/537
f 197/37/19 569/535/538 193/70/52
f 198/78/60 571/536/539 572/537/540
f 197/37/19 573/538/541 570/539/542
f 200/60/42 572/537/540 574/540/543
f 199/40/22 575/541/544 573/538/541
f 201/61/43 574/540/543 576/542/545
f 169/177/159 576/542/545 577/543/546
f 202/175/157 543/511/514 575/541/544
f 206/76/58 571/536/539 194/73/55
f 205/84/66 579/544/547 580/545/548
f 205/84/66 581/546/549 204/111/93
f 206/76/58 582/547/550 578/548/551
f 209/87/69 582/547/550 203/106/88
f 207/125/107 585/549/552 210/126/108
f 211/86/68 583/550/553 209/87/69
f 212/128/110 585/549/552 587/551/554
f 211/86/68 444/428/420 586/552/555
f 212/128/110 447/431/423 70/281/268
f 213/113/95 484/458/459 588/553/556
f 214/90/72 563/528/531 108/147/129
f 213/113/95 590/554/557 215/114/96
f 214/90/72 591/555/558 589/556/559
f 217/115/97 590/554/557 592/557/560
f 216/89/71 593/558/561 591/555/558
f 219/116/98 592/557/560 594/559/562
f 218/92/74 595/560/563 593/558/561
f 219/116/98 596/561/564 221/117/99
f 222/98/80 595/560/563 220/94/76
f 223/118/100 596/561/564 598/562/565
f 222/98/80 599/563/566 597/564/567
f 223/118/100 600/565/568 225/119/101
f 226/102/84 599/563/566 224/100/82
f 227/120/102 600/565/568 602/566/569
f 226/102/84 603/567/570 601/568/571
f 227/120/102 1039/569/572 1040/122/104
f 228/101/83 1035/570/573 603/567/570
f 77/315/305 605/571/574 229/318/308
f 230/302/292 455/438/430 76/313/303
f 233/319/309 605/571/574 607/572/575
f 230/302/292 608/573/576 606/574/577
f 233/319/309 609/575/578 231/320/310
f 234/305/295 610/576/579 608/573/576
f 235/321/311 609/575/578 611/577/580
f 232/307/297 612/578/581 610/576/579
f 237/49/31 475/450/451 613/579/582
f 237/49/31 411/399/391 28/247/229
f 32/240/222 614/580/583 242/249/231
f 31/245/227 614/580/583 615/581/584
f 33/52/34 617/582/585 244/53/35
f 244/53/35 477/583/586 34/54/36
f 186/226/208 618/584/587 259/222/204
f 269/51/33 408/396/388 619/585/588
f 185/223/205 618/584/587 560/586/589
f 269/51/33 616/587/590 33/52/34
f 271/68/50 569/535/538 620/588/591
f 195/80/62 622/589/592 273/81/63
f 271/68/50 567/533/536 191/67/49
f 196/82/64 622/589/592 579/544/547
f 208/123/105 623/590/593 276/124/106
f 279/79/61 568/534/537 624/591/594
f 207/125/107 623/590/593 584/592/595
f 195/80/62 624/591/594 621/593/596
f 69/277/264 625/594/597 281/282/269
f 67/276/263 625/594/597 443/595/598
f 305/130/112 551/519/522 626/596/599
f 305/130/112 550/597/600 175/129/111
f 137/189/171 627/598/601 308/191/173
f 144/211/193 628/599/602 309/212/194
f 142/187/169 627/598/601 523/600/603
f 143/213/195 628/599/602 629/601/604
f 150/159/141 630/602/605 311/157/139
f 169/177/159 631/603/606 322/178/160
f 149/193/175 630/602/605 525/604/607
f 170/180/162 631/603/606 546/605/608
f 145/203/185 632/606/609 329/204/186
f 331/207/189 629/601/604 633/607/610
f 146/491/494 632/606/609 521/608/611
f 331/207/189 512/483/486 135/206/188
f 181/218/200 634/609/612 333/216/198
f 159/234/216 635/610/613 338/235/217
f 333/216/198 554/611/614 179/215/197
f 161/237/219 635/610/613 537/505/508
f 344/246/228 615/581/584 636/612/615
f 344/246/228 410/397/389 29/242/224
f 98/269/290 637/269/616 367/269/257
f 373/290/277 426/412/404 638/613/617
f 97/269/448 637/269/616 473/269/618
f 373/290/277 428/614/619 53/328/318
f 235/321/311 639/615/620 377/306/296
f 379/312/302 453/437/429 640/616/621
f 236/578/622 639/615/620 612/578/581
f 78/309/299 640/616/621 451/435/427
f 384/323/313 422/409/401 641/617/623
f 384/323/313 642/618/624 40/384/375
f 385/336/326 643/619/625 644/620/626
f 385/336/326 429/621/627 44/337/327
f 46/341/331 645/622/628 388/340/330
f 43/339/329 645/622/628 643/619/625
f 66/356/346 646/623/629 390/355/345
f 56/351/341 647/624/630 393/352/342
f 65/343/333 646/623/629 441/625/631
f 393/352/342 437/421/413 62/353/343
f 127/369/387 648/369/632 401/369/359
f 405/382/373 642/618/624 649/626/633
f 128/369/479 648/369/632 504/369/634
f 38/380/371 649/626/633 416/404/396
f 724/627/635 871/628/636 870/629/637
f 871/628/636 728/630/638 872/631/639
f 877/632/640 798/633/641 878/634/642
f 812/635/643 886/636/644 885/637/645
f 822/638/646 890/639/647 889/640/648
f 824/641/649 891/642/650 890/639/647
f 868/643/651 893/644/652 892/645/653
f 651/646/654 870/629/637 893/644/652
f 655/647/655 864/648/656 863/649/657
f 865/650/658 651/646/654 868/643/651
f 868/643/651 863/649/657 865/650/658
f 894/651/659 868/643/651 892/645/653
f 892/645/653 658/652/660 894/651/659
f 659/653/661 892/645/653 893/644/652
f 725/654/662 893/644/652 870/629/637
f 727/655/663 870/629/637 871/628/636
f 872/631/639 727/655/663 871/628/636
f 815/656/664 885/637/645 886/636/644
f 825/657/665 889/640/648 890/639/647
f 891/642/650 825/657/665 890/639/647
f 878/634/642 797/658/666 877/632/640
f 814/659/667 887/660/668 886/636/644
f 896/661/669 888/662/670 895/663/671
f 818/664/672 889/640/648 888/662/670
f 895/663/671 816/665/673 896/661/669
f 902/666/674 819/667/675 903/668/676
f 903/668/676 831/669/677 899/670/678
f 817/671/679 886/636/644 887/660/668
f 895/663/671 819/667/675 897/672/680
f 823/673/681 888/662/670 889/640/648
f 897/672/680 887/660/668 895/663/671
f 904/674/682 897/672/680 902/666/674
f 902/666/674 820/675/683 904/674/682
f 903/668/676 898/676/684 902/666/674
f 899/670/678 821/677/685 903/668/676
f 907/678/686 836/679/687 908/680/688
f 909/681/689 841/682/690 910/683/691
f 910/683/691 843/684/692 911/685/693
f 911/685/693 845/686/694 912/687/695
f 845/686/694 913/688/696 912/687/695
f 847/689/697 914/690/698 913/688/696
f 849/691/699 915/692/700 914/690/698
f 915/692/700 853/693/701 916/694/702
f 873/695/703 729/696/704 872/631/639
f 831/669/677 900/697/705 899/670/678
f 919/698/706 828/699/707 920/700/708
f 920/700/708 834/701/709 907/678/686
f 916/694/702 1036/702/710 1037/703/711
f 829/704/712 899/670/678 900/697/705
f 921/705/713 900/697/705 919/698/706
f 910/683/691 838/706/714 909/681/689
f 911/685/693 840/707/715 910/683/691
f 912/687/695 842/708/716 911/685/693
f 846/709/717 912/687/695 913/688/696
f 848/710/718 913/688/696 914/690/698
f 850/711/719 914/690/698 915/692/700
f 916/694/702 850/711/719 915/692/700
f 1037/703/711 852/712/720 916/694/702
f 919/698/706 833/713/721 921/705/713
f 920/700/708 901/714/722 919/698/706
f 907/678/686 832/715/723 920/700/708
f 908/680/688 835/716/724 907/678/686
f 878/634/642 800/717/725 879/718/726
f 879/718/726 930/719/727 929/720/728
f 801/721/729 881/722/730 880/723/731
f 879/718/726 799/724/732 878/634/642
f 764/725/733 929/720/728 928/726/734
f 803/727/735 880/723/731 881/722/730
f 872/631/639 730/728/736 873/695/703
f 917/729/737 732/730/738 874/731/739
f 730/728/736 922/732/740 931/733/741
f 874/731/739 812/635/643 885/637/645
f 733/734/742 909/681/689 918/735/743
f 874/731/739 918/735/743 917/729/737
f 885/637/645 733/734/742 874/731/739
f 731/736/744 917/729/737 918/735/743
f 838/706/714 918/735/743 909/681/689
f 873/695/703 931/733/741 917/729/737
f 755/737/745 931/733/741 922/732/740
f 756/738/746 922/732/740 923/739/747
f 757/740/748 923/739/747 924/741/749
f 759/742/750 924/741/749 925/743/751
f 880/723/731 928/726/734 929/720/728
f 930/719/727 880/723/731 929/720/728
f 936/744/752 773/745/753 935/746/754
f 937/747/755 779/748/756 938/749/757
f 938/749/757 781/750/758 939/751/759
f 781/750/758 940/752/760 939/751/759
f 943/753/761 791/754/762 944/755/763
f 791/754/762 945/756/764 944/755/763
f 793/757/765 946/758/766 945/756/764
f 793/757/765 877/632/640 876/759/767
f 891/642/650 792/760/768 875/761/769
f 875/761/769 826/762/770 891/642/650
f 876/759/767 947/763/771 946/758/766
f 797/658/666 876/759/767 877/632/640
f 763/764/772 937/747/755 948/765/773
f 761/766/774 925/743/751 926/767/775
f 927/768/776 948/765/773 949/769/777
f 928/726/734 763/764/772 927/768/776
f 935/746/754 767/770/778 950/771/779
f 951/772/780 927/768/776 949/769/777
f 952/773/781 762/774/782 951/772/780
f 927/768/776 764/725/733 928/726/734
f 950/771/779 933/775/783 952/773/781
f 935/746/754 774/776/784 936/744/752
f 948/765/773 926/767/775 949/769/777
f 776/777/785 948/765/773 937/747/755
f 938/749/757 776/777/785 937/747/755
f 939/751/759 778/778/786 938/749/757
f 782/779/787 939/751/759 940/752/760
f 944/755/763 788/780/788 943/753/761
f 792/760/768 944/755/763 945/756/764
f 875/761/769 945/756/764 946/758/766
f 794/781/789 946/758/766 947/763/771
f 770/782/790 953/783/791 954/784/792
f 758/785/793 926/767/775 925/743/751
f 932/786/794 956/787/795 955/788/796
f 766/789/797 955/788/796 953/783/791
f 950/771/779 772/790/798 935/746/754
f 932/786/794 950/771/779 952/773/781
f 951/772/780 932/786/794 952/773/781
f 926/767/775 951/772/780 949/769/777
f 769/791/799 954/784/792 953/783/791
f 934/792/800 953/783/791 955/788/796
f 768/793/801 955/788/796 956/787/795
f 802/794/802 882/795/803 881/722/730
f 958/796/804 883/797/805 957/798/806
f 807/799/807 960/800/808 959/801/809
f 806/802/810 884/803/811 883/797/805
f 805/804/812 881/722/730 882/795/803
f 957/798/806 807/799/807 959/801/809
f 811/805/813 883/797/805 884/803/811
f 783/806/814 941/807/815 940/752/760
f 962/808/816 942/809/817 961/810/818
f 942/809/817 789/811/819 943/753/761
f 809/812/820 962/808/816 960/800/808
f 784/813/821 940/752/760 941/807/815
f 942/809/817 963/814/822 961/810/818
f 943/753/761 786/815/823 942/809/817
f 882/795/803 958/796/804 957/798/806
f 959/801/809 882/795/803 957/798/806
f 808/816/824 959/801/809 960/800/808
f 785/817/825 960/800/808 962/808/816
f 941/807/815 962/808/816 961/810/818
f 784/813/821 961/810/818 963/814/822
f 657/818/826 964/819/827 967/820/828
f 865/650/658 654/821/829 866/822/830
f 652/823/831 863/649/657 864/648/656
f 656/824/832 968/825/833 969/826/834
f 653/827/835 865/650/658 866/822/830
f 867/828/836 967/820/828 968/825/833
f 866/822/830 969/826/834 968/825/833
f 653/827/835 968/825/833 967/820/828
f 660/829/837 967/820/828 964/819/827
f 673/830/838 970/831/839 973/832/840
f 674/833/841 973/832/840 970/831/839
f 979/834/842 698/835/843 980/836/844
f 704/837/845 984/838/846 983/839/847
f 984/838/846 708/840/848 985/841/849
f 708/840/848 986/842/850 985/841/849
f 710/843/851 987/844/852 986/842/850
f 712/845/853 988/846/854 987/844/852
f 988/846/854 716/847/855 989/847/856
f 989/847/856 718/269/857 990/269/858
f 718/269/857 991/269/859 990/269/858
f 720/269/860 992/269/861 991/269/859
f 684/848/862 993/849/863 978/850/864
f 692/851/865 994/852/866 993/849/863
f 694/853/867 979/834/842 995/854/868
f 836/679/687 905/855/869 908/680/688
f 695/856/870 908/680/688 905/855/869
f 906/857/871 995/854/868 994/852/866
f 970/831/839 677/858/872 971/859/873
f 971/859/873 997/860/874 996/861/875
f 997/860/874 682/862/876 975/863/877
f 971/859/873 674/833/841 970/831/839
f 676/864/878 996/861/875 998/865/879
f 993/849/863 685/866/880 978/850/864
f 905/855/869 993/849/863 994/852/866
f 695/856/870 994/852/866 995/854/868
f 697/867/881 995/854/868 979/834/842
f 980/836/844 697/867/881 979/834/842
f 707/868/882 983/839/847 984/838/846
f 709/869/883 984/838/846 985/841/849
f 711/870/884 985/841/849 986/842/850
f 713/871/885 986/842/850 987/844/852
f 715/872/886 987/844/852 988/846/854
f 989/847/856 715/872/886 988/846/854
f 990/269/858 717/873/887 989/847/856
f 721/269/888 990/269/858 991/269/859
f 723/269/889 991/269/859 992/269/861
f 855/874/890 1000/875/891 999/876/892
f 859/877/893 1001/878/894 1000/875/891
f 857/879/895 1002/880/896 1001/878/894
f 698/835/843 981/881/897 980/836/844
f 700/882/898 1003/883/899 1004/884/900
f 700/882/898 983/839/847 982/885/901
f 701/886/902 999/876/892 1005/887/903
f 702/888/904 980/836/844 981/881/897
f 982/885/901 1005/887/903 1003/883/899
f 705/889/905 982/885/901 983/839/847
f 1003/883/899 703/890/906 1004/884/900
f 1005/887/903 981/881/897 1003/883/899
f 854/891/907 1005/887/903 999/876/892
f 858/892/908 999/876/892 1000/875/891
f 856/893/909 1000/875/891 1001/878/894
f 860/577/910 1001/878/894 1002/880/896
f 667/894/911 973/832/840 974/895/912
f 1009/896/913 974/895/912 1008/897/914
f 672/898/915 974/895/912 973/832/840
f 1008/897/914 666/899/916 1007/900/917
f 996/861/875 678/901/918 998/865/879
f 997/860/874 972/902/919 996/861/875
f 975/863/877 679/903/920 997/860/874
f 666/899/916 1006/904/921 1007/900/917
f 1011/905/922 1010/906/923 1012/907/924
f 1012/907/924 668/908/925 1013/909/926
f 972/902/919 669/910/927 1011/905/922
f 1011/905/922 678/901/918 972/902/919
f 1012/907/924 670/911/928 1011/905/922
f 1013/909/926 1006/904/921 1012/907/924
f 1014/912/929 690/913/930 1015/914/931
f 682/862/876 976/915/932 975/863/877
f 977/916/933 684/848/862 978/850/864
f 976/915/932 1017/917/934 1016/918/935
f 1017/917/934 688/919/936 1014/912/929
f 976/915/932 683/920/937 975/863/877
f 1018/921/938 976/915/932 1016/918/935
f 687/922/939 978/850/864 685/866/880
f 1016/918/935 687/922/939 1018/921/938
f 686/923/940 1016/918/935 1017/917/934
f 689/924/941 1017/917/934 1014/912/929
f 1015/914/931 689/924/941 1014/912/929
f 1019/925/942 737/926/943 1020/927/944
f 1020/927/944 739/928/945 1021/929/946
f 1021/929/946 741/930/947 1022/931/948
f 747/932/949 1024/933/950 1023/934/951
f 1024/933/950 751/935/952 1025/935/953
f 751/935/952 1026/369/954 1025/935/953
f 741/930/947 1027/936/955 1022/931/948
f 743/937/956 1028/938/957 1027/936/955
f 745/939/958 1023/934/951 1028/938/957
f 754/940/959 923/739/747 922/732/740
f 742/941/960 924/741/749 923/739/747
f 744/942/961 925/743/751 924/741/749
f 661/943/962 965/944/963 964/819/827
f 662/945/964 964/819/827 965/944/963
f 1030/946/965 966/947/966 1029/948/967
f 1008/897/914 665/949/968 1009/896/913
f 1031/950/969 735/951/970 1019/925/942
f 1029/948/967 664/952/971 1031/950/969
f 1007/900/917 966/947/966 1008/897/914
f 671/953/972 1007/900/917 1006/904/921
f 1029/948/967 663/954/973 1030/946/965
f 662/945/964 1029/948/967 1031/950/969
f 1019/925/942 662/945/964 1031/950/969
f 1020/927/944 734/955/974 1019/925/942
f 1021/929/946 736/956/975 1020/927/944
f 1022/931/948 738/957/976 1021/929/946
f 742/941/960 1022/931/948 1027/936/955
f 744/942/961 1027/936/955 1028/938/957
f 746/958/977 1028/938/957 1023/934/951
f 748/959/978 1023/934/951 1024/933/950
f 750/475/979 1024/933/950 1025/935/953
f 1026/369/954 750/475/979 1025/935/953
f 408/396/388 650/960/980 655/647/655
f 652/823/831 410/397/389 654/821/829
f 660/829/837 411/399/391 653/827/835
f 657/818/826 414/401/393 661/943/962
f 415/403/395 660/829/837 662/945/964
f 661/943/962 416/404/396 663/954/973
f 671/953/972 417/405/397 664/952/971
f 419/407/399 670/911/928 666/899/916
f 672/898/915 419/407/399 666/899/916
f 422/409/401 673/830/838 667/894/911
f 424/410/402 672/898/915 674/833/841
f 423/411/403 675/961/981 673/830/838
f 676/864/878 424/410/402 674/833/841
f 675/961/981 427/413/405 677/858/872
f 420/415/407 678/901/918 670/911/928
f 430/416/408 669/910/927 679/903/920
f 677/858/872 431/417/409 682/862/876
f 683/920/937 430/416/408 679/903/920
f 431/417/409 680/962/982 682/862/876
f 681/963/983 432/418/410 683/920/937
f 435/420/412 684/848/862 686/923/940
f 685/866/880 437/421/413 687/922/939
f 433/423/415 688/919/936 680/962/982
f 689/924/941 435/420/412 686/923/940
f 439/425/417 690/913/930 688/919/936
f 691/964/984 440/424/416 689/924/941
f 436/427/419 692/851/865 684/848/862
f 444/428/420 685/866/880 693/965/985
f 694/853/867 446/429/421 696/966/986
f 697/867/881 447/431/423 695/856/870
f 696/966/986 449/433/425 698/835/843
f 699/967/987 448/432/424 697/867/881
f 698/835/843 451/435/427 703/890/906
f 452/436/428 699/967/987 702/888/904
f 453/437/429 704/837/845 700/882/898
f 705/889/905 455/438/430 701/886/902
f 454/440/432 706/968/988 704/837/845
f 707/868/882 456/439/431 705/889/905
f 706/968/988 459/442/434 708/840/848
f 709/869/883 458/441/433 707/868/882
f 459/442/434 710/843/851 708/840/848
f 462/445/437 709/869/883 711/870/884
f 461/446/438 712/845/853 710/843/851
f 464/447/439 711/870/884 713/871/885
f 712/845/853 465/448/440 714/969/989
f 715/872/886 464/447/439 713/871/885
f 714/969/989 467/269/443 716/847/855
f 717/873/887 466/449/442 715/872/886
f 716/847/855 469/269/445 718/269/857
f 719/269/990 468/300/444 717/873/887
f 469/269/445 720/269/860 718/269/857
f 472/269/447 719/269/990 721/269/888
f 471/269/449 722/269/991 720/269/860
f 474/269/450 721/269/888 723/269/889
f 475/450/451 724/627/635 651/646/654
f 478/451/452 659/653/661 725/654/662
f 724/627/635 479/452/453 726/970/992
f 727/655/663 478/451/452 725/654/662
f 726/970/992 481/455/456 728/630/638
f 729/696/704 480/454/455 727/655/663
f 728/630/638 483/457/458 730/728/736
f 484/458/459 729/696/704 731/736/744
f 734/955/974 415/403/395 662/945/964
f 417/405/397 735/951/970 664/952/971
f 736/956/975 485/459/460 734/955/974
f 486/461/462 737/926/943 735/951/970
f 738/957/976 487/460/461 736/956/975
f 737/926/943 490/463/464 739/928/945
f 740/971/993 489/462/463 738/957/976
f 739/928/945 492/466/467 741/930/947
f 493/467/468 740/971/993 742/941/960
f 492/466/467 743/937/956 741/930/947
f 743/937/956 495/468/469 745/939/958
f 746/958/977 496/470/471 744/942/961
f 745/939/958 498/472/473 747/932/949
f 499/473/474 746/958/977 748/959/978
f 747/932/949 500/474/475 749/972/994
f 750/475/979 499/473/474 748/959/978
f 749/972/994 502/476/477 751/935/952
f 752/369/995 501/475/476 750/475/979
f 502/476/477 753/369/996 751/935/952
f 483/457/458 754/940/959 730/728/736
f 755/737/745 506/477/480 732/730/738
f 754/940/959 493/467/468 742/941/960
f 756/738/746 507/478/481 755/737/745
f 757/740/748 508/480/483 756/738/746
f 496/470/471 758/785/793 744/942/961
f 759/742/750 509/481/484 757/740/748
f 758/785/793 512/483/486 760/973/997
f 513/485/488 759/742/750 761/766/774
f 514/486/489 764/725/733 762/774/782
f 765/974/998 516/487/490 763/764/772
f 770/782/790 518/489/492 766/789/797
f 520/492/495 771/975/999 769/791/799
f 518/489/492 772/790/798 766/789/797
f 524/493/496 767/770/778 773/745/753
f 522/494/497 774/776/784 772/790/798
f 775/976/1000 524/493/496 773/745/753
f 776/777/785 513/485/488 761/766/774
f 516/487/490 777/977/1001 763/764/772
f 778/778/786 527/496/499 776/777/785
f 777/977/1001 530/498/501 779/748/756
f 780/978/1002 529/497/500 778/778/786
f 779/748/756 532/501/504 781/750/758
f 533/502/505 780/978/1002 782/779/787
f 532/501/504 783/806/814 781/750/758
f 535/503/506 782/779/787 784/813/821
f 534/504/507 785/817/825 783/806/814
f 788/780/788 537/505/508 786/815/823
f 787/979/1003 540/507/510 789/811/819
f 541/509/512 788/780/788 790/980/1004
f 789/811/819 542/510/513 791/754/762
f 543/511/514 790/980/1004 792/760/768
f 791/754/762 544/512/515 793/757/765
f 544/512/515 796/981/1005 793/757/765
f 547/513/516 795/982/1006 797/658/666
f 796/981/1005 548/514/517 798/633/641
f 549/516/519 797/658/666 799/724/732
f 548/514/517 800/717/725 798/633/641
f 515/517/520 799/724/732 764/725/733
f 801/721/729 552/518/521 802/794/802
f 803/727/735 517/488/491 765/974/998
f 552/518/521 804/983/1007 802/794/802
f 555/521/524 803/727/735 805/804/812
f 808/816/824 555/521/524 805/804/812
f 807/799/807 558/523/526 809/812/820
f 536/525/528 808/816/824 785/817/825
f 809/812/820 539/508/511 787/979/1003
f 559/526/529 810/984/1008 806/802/810
f 811/805/813 557/524/527 807/799/807
f 506/477/480 812/635/643 732/730/738
f 813/985/1009 563/528/531 733/734/742
f 812/635/643 565/530/533 814/659/667
f 815/656/664 564/529/532 813/985/1009
f 814/659/667 567/533/536 816/665/673
f 817/671/679 566/532/535 815/656/664
f 569/535/538 822/638/646 818/664/672
f 823/673/681 571/536/539 819/667/675
f 822/638/646 573/538/541 824/641/649
f 825/657/665 572/537/540 823/673/681
f 824/641/649 575/541/544 827/986/1010
f 826/762/770 574/540/543 825/657/665
f 794/781/789 576/542/545 826/762/770
f 827/986/1010 543/511/514 792/760/768
f 571/536/539 831/669/677 819/667/675
f 830/987/1011 579/544/547 821/677/685
f 581/546/549 830/987/1011 829/704/712
f 831/669/677 582/547/550 828/699/707
f 582/547/550 834/701/709 828/699/707
f 585/549/552 832/715/723 835/716/724
f 583/550/553 836/679/687 834/701/709
f 837/988/1012 585/549/552 835/716/724
f 836/679/687 444/428/420 693/965/985
f 447/431/423 837/988/1012 695/856/870
f 838/706/714 484/458/459 731/736/744
f 563/528/531 839/989/1013 733/734/742
f 590/554/557 838/706/714 840/707/715
f 839/989/1013 591/555/558 841/682/690
f 842/708/716 590/554/557 840/707/715
f 841/682/690 593/558/561 843/684/692
f 844/990/1014 592/557/560 842/708/716
f 843/684/692 595/560/563 845/686/694
f 596/561/564 844/990/1014 846/709/717
f 595/560/563 847/689/697 845/686/694
f 848/710/718 596/561/564 846/709/717
f 847/689/697 599/563/566 849/691/699
f 600/565/568 848/710/718 850/711/719
f 599/563/566 851/991/1015 849/691/699
f 852/712/720 600/565/568 850/711/719
f 851/991/1015 603/567/570 853/693/701
f 1039/569/572 852/712/720 1038/992/1016
f 853/693/701 1035/570/573 1036/702/710
f 605/571/574 702/888/904 854/891/907
f 455/438/430 855/874/890 701/886/902
f 858/892/908 605/571/574 854/891/907
f 855/874/890 608/573/576 859/877/893
f 609/575/578 858/892/908 856/893/909
f 859/877/893 610/576/579 857/879/895
f 860/577/910 609/575/578 856/893/909
f 857/879/895 612/578/581 861/993/1017
f 862/994/1018 475/450/451 651/646/654
f 411/399/391 862/994/1018 653/827/835
f 614/580/583 657/818/826 867/828/836
f 656/824/832 614/580/583 867/828/836
f 617/582/585 658/652/660 869/995/1019
f 477/583/586 869/995/1019 659/653/661
f 618/584/587 811/805/813 884/803/811
f 894/651/659 408/396/388 655/647/655
f 810/984/1008 618/584/587 884/803/811
f 616/587/590 894/651/659 658/652/660
f 896/661/669 569/535/538 818/664/672
f 622/589/592 820/675/683 898/676/684
f 567/533/536 896/661/669 816/665/673
f 821/677/685 622/589/592 898/676/684
f 623/590/593 833/713/721 901/714/722
f 904/674/682 568/534/537 817/671/679
f 832/715/723 623/590/593 901/714/722
f 820/675/683 624/591/594 904/674/682
f 625/594/597 694/853/867 906/857/871
f 692/851/865 625/594/597 906/857/871
f 930/719/727 551/519/522 801/721/729
f 550/597/600 930/719/727 800/717/725
f 1032/996/1020 762/774/782 933/775/783
f 628/599/602 769/791/799 934/792/800
f 767/770/778 1032/996/1020 933/775/783
f 768/793/801 628/599/602 934/792/800
f 630/602/605 775/976/1000 936/744/752
f 631/603/606 794/781/789 947/763/771
f 774/776/784 630/602/605 936/744/752
f 795/982/1006 631/603/606 947/763/771
f 632/606/609 770/782/790 954/784/792
f 956/787/795 629/601/604 768/793/801
f 771/975/999 632/606/609 954/784/792
f 512/483/486 956/787/795 760/973/997
f 634/609/612 806/802/810 958/796/804
f 635/610/613 784/813/821 963/814/822
f 554/611/614 958/796/804 804/983/1007
f 786/815/823 635/610/613 963/814/822
f 969/826/834 615/581/584 656/824/832
f 410/397/389 969/826/834 654/821/829
f 637/269/616 723/269/889 992/269/861
f 998/865/879 426/412/404 676/864/878
f 722/269/991 637/269/616 992/269/861
f 428/614/619 998/865/879 678/901/918
f 639/615/620 860/577/910 1002/880/896
f 1004/884/900 453/437/429 700/882/898
f 861/993/1017 639/615/620 1002/880/896
f 703/890/906 640/616/621 1004/884/900
f 1009/896/913 422/409/401 667/894/911
f 642/618/624 1009/896/913 665/949/968
f 1010/906/923 643/619/625 668/908/925
f 429/621/627 1010/906/923 669/910/927
f 645/622/628 671/953/972 1013/909/926
f 668/908/925 645/622/628 1013/909/926
f 646/623/629 691/964/984 1015/914/931
f 647/624/630 681/963/983 1018/921/938
f 690/913/930 646/623/629 1015/914/931
f 437/421/413 1018/921/938 687/922/939
f 648/369/632 752/369/995 1026/369/954
f 1030/946/965 642/618/624 665/949/968
f 753/369/996 648/369/632 1026/369/954
f 663/954/973 649/626/633 1030/946/965
f 1033/121/103 204/111/93 1034/110/92
f 1034/110/92 581/546/549 1035/570/573
f 1036/702/710 581/546/549 829/704/712
f 1037/703/711 829/704/712 921/705/713
f 921/705/713 1038/992/1016 1037/703/711
f 604/997/1021 1038/992/1016 833/713/721
f 1040/122/104 604/997/1021 208/123/105
f 296/112/94 1040/122/104 208/123/105
f 1198/998/1022 1047/999/1023 1050/1000/1024
f 1199/1001/1025 1051/1002/1026 1047/999/1023
f 1200/1003/1027 1053/1004/1028 1051/1002/1026
f 1201/1005/1029 1055/1006/1030 1053/1004/1028
f 1202/1007/1031 1057/1008/1032 1055/1006/1030
f 1204/1009/1033 1057/1008/1032 1203/1010/1034
f 1205/1011/1035 1061/1012/1036 1065/1013/1037
f 1207/1014/1038 1061/1012/1036 1206/1015/1039
f 1205/1011/1035 1059/1016/1040 1204/1009/1033
f 1208/1017/1041 1063/1018/1042 1207/1014/1038
f 1209/1019/1043 1067/1020/1044 1208/1017/1041
f 1210/1021/1045 1069/1019/1046 1209/1019/1043
f 1211/1021/1047 1071/1021/1048 1210/1021/1045
f 1212/1021/1049 1073/1021/1050 1211/1021/1047
f 1213/1021/1051 1075/1021/1052 1212/1021/1049
f 1199/1001/1025 1049/1022/1053 1048/1023/1054
f 1200/1003/1027 1048/1023/1054 1052/1024/1055
f 1201/1005/1029 1052/1024/1055 1054/1025/1056
f 1202/1007/1031 1054/1025/1056 1056/1026/1057
f 1203/1010/1034 1056/1026/1057 1058/1027/1058
f 1203/1010/1034 1060/1028/1059 1204/1009/1033
f 1204/1009/1033 1066/1029/1060 1205/1011/1035
f 1206/1015/1039 1066/1029/1060 1062/1030/1061
f 1206/1015/1039 1064/1031/1062 1207/1014/1038
f 1207/1014/1038 1068/1032/1063 1208/1017/1041
f 1208/1017/1041 1070/1033/1064 1209/1019/1043
f 1209/1019/1043 1072/1021/1065 1210/1021/1045
f 1210/1021/1045 1074/1021/1066 1211/1021/1047
f 1212/1021/1049 1074/1021/1066 1076/1021/1067
f 1212/1021/1049 1078/1021/1068 1213/1021/1051
f 1218/1034/1069 1081/1035/1070 1083/1036/1071
f 1224/1037/1072 1093/1038/1073 1223/1039/1074
f 1225/1040/1075 1095/1041/1076 1224/1037/1072
f 1226/1042/1077 1099/1042/1078 1101/1042/1079
f 1226/1042/1077 1097/1042/1080 1228/1042/1081
f 1228/1042/1081 1104/1042/1082 1225/1040/1075
f 1216/1043/1083 1084/1044/1084 1082/1045/1085
f 1223/1039/1074 1096/1037/1086 1224/1037/1072
f 1224/1037/1072 1103/1042/1087 1225/1040/1075
f 1228/1042/1081 1103/1042/1087 1098/1042/1088
f 1228/1042/1081 1102/1042/1089 1226/1042/1077
f 1226/1042/1077 1100/1042/1090 1227/1042/1091
f 1196/1046/1092 1044/1047/1093 1043/1048/1094
f 1195/1049/1095 1215/1050/1096 1044/1047/1093
f 1215/1050/1096 1050/1000/1024 1044/1047/1093
f 1195/1049/1095 1041/1051/1097 1042/1052/1098
f 1083/1036/1071 1197/1053/1099 1218/1034/1069
f 1214/1054/1100 1042/1052/1098 1229/1055/1101
f 1046/1056/1102 1214/1054/1100 1197/1053/1099
f 1198/998/1022 1046/1056/1102 1049/1022/1053
f 1218/1034/1069 1045/1057/1103 1084/1044/1084
f 1229/1055/1101 1197/1053/1099 1214/1054/1100
f 1216/1043/1083 1080/1058/1104 1081/1035/1070
f 1217/1059/1105 1231/1060/1106 1080/1058/1104
f 1217/1059/1105 1082/1045/1085 1079/1061/1107
f 1230/1062/1108 1079/1061/1107 1234/1063/1109
f 1132/1064/1110 1234/1063/1109 1079/1061/1107
f 1238/1065/1111 1113/1066/1112 1239/1067/1113
f 1240/1068/1114 1113/1066/1112 1115/1069/1115
f 1241/1070/1116 1115/1069/1115 1117/1071/1117
f 1241/1070/1116 1119/1072/1118 1242/1073/1119
f 1242/1073/1119 1121/1074/1120 1243/1075/1121
f 1243/1075/1121 1123/1076/1122 1244/1077/1123
f 1244/1077/1123 1125/1078/1124 1245/1079/1125
f 1245/1079/1125 1127/1080/1126 1248/1081/1127
f 1085/1082/1128 1232/1083/1129 1129/1084/1130
f 1248/1081/1127 1126/1085/1131 1245/1079/1125
f 1245/1079/1125 1124/1086/1132 1244/1077/1123
f 1244/1077/1123 1122/1087/1133 1243/1075/1121
f 1243/1075/1121 1120/1088/1134 1242/1073/1119
f 1242/1073/1119 1118/1089/1135 1241/1070/1116
f 1240/1068/1114 1118/1089/1135 1116/1090/1136
f 1239/1067/1113 1116/1090/1136 1114/1091/1137
f 1239/1067/1113 1112/1092/1138 1238/1065/1111
f 1091/1093/1139 1223/1039/1074 1093/1038/1073
f 1094/1094/1140 1222/1095/1141 1092/1096/1142
f 1222/1095/1141 1249/1097/1143 1221/1098/1144
f 1221/1098/1144 1092/1096/1142 1222/1095/1141
f 1219/1099/1145 1234/1063/1109 1085/1082/1128
f 1086/1100/1146 1230/1062/1108 1219/1099/1145
f 1252/1101/1147 1109/1102/1148 1251/1103/1149
f 1251/1103/1149 1106/1104/1150 1253/1105/1151
f 1254/1106/1152 1106/1104/1150 1089/1107/1153
f 1111/1108/1154 1247/1109/1155 1089/1107/1153
f 1090/1110/1156 1238/1065/1111 1112/1092/1138
f 1246/1111/1157 1090/1110/1156 1221/1098/1144
f 1254/1106/1152 1247/1109/1155 1246/1111/1157
f 1220/1112/1158 1085/1082/1128 1087/1113/1159
f 1256/1114/1160 1246/1111/1157 1088/1115/1161
f 1219/1099/1145 1250/1116/1162 1086/1100/1146
f 1221/1098/1144 1088/1115/1161 1246/1111/1157
f 1255/1117/1163 1250/1116/1162 1220/1112/1158
f 1254/1106/1152 1220/1112/1158 1087/1113/1159
f 1253/1105/1151 1087/1113/1159 1105/1118/1164
f 1251/1103/1149 1105/1118/1164 1110/1119/1165
f 1251/1103/1149 1107/1120/1166 1252/1101/1147
f 1258/1121/1167 1139/1122/1168 1257/1123/1169
f 1257/1123/1169 1134/1124/1170 1260/1125/1171
f 1236/1126/1172 1131/1127/1173 1233/1128/1174
f 1237/1129/1175 1232/1083/1129 1132/1064/1110
f 1127/1080/1126 1235/1130/1176 1248/1081/1127
f 1232/1083/1129 1235/1130/1176 1129/1084/1130
f 1260/1125/1171 1130/1131/1177 1233/1128/1174
f 1130/1131/1177 1236/1126/1172 1233/1128/1174
f 1128/1132/1178 1235/1130/1176 1130/1131/1177
f 1233/1128/1174 1133/1133/1179 1260/1125/1171
f 1260/1125/1171 1140/1134/1180 1257/1123/1169
f 1258/1121/1167 1140/1134/1180 1135/1135/1181
f 1262/1136/1182 1143/1137/1183 1261/1138/1184
f 1263/1139/1185 1145/1140/1186 1262/1136/1182
f 1264/1141/1187 1147/1142/1188 1263/1139/1185
f 1264/1141/1187 1151/1143/1189 1149/1144/1190
f 1265/1145/1191 1153/1146/1192 1151/1143/1189
f 1267/1147/1193 1153/1146/1192 1266/1148/1194
f 1268/1149/1195 1155/1150/1196 1267/1147/1193
f 1269/1151/1197 1157/1152/1198 1268/1149/1195
f 1269/1151/1197 1161/1153/1199 1159/1154/1200
f 1270/1155/1201 1163/1156/1202 1161/1153/1199
f 1271/1157/1203 1165/1158/1204 1163/1156/1202
f 1272/1159/1205 1167/1160/1206 1165/1158/1204
f 1274/1161/1207 1167/1160/1206 1273/1162/1208
f 1274/1161/1207 1171/1163/1209 1169/1164/1210
f 1276/1165/1211 1173/1166/1212 1277/1167/1213
f 1277/1167/1213 1177/1168/1214 1278/1169/1215
f 1278/1169/1215 1179/1170/1216 1279/1170/1217
f 1280/1170/1218 1179/1170/1216 1181/1170/1219
f 1281/1170/1220 1181/1170/1219 1183/1170/1221
f 1282/1170/1222 1183/1170/1221 1185/1170/1223
f 1283/1170/1224 1185/1170/1223 1187/1170/1225
f 1284/1170/1226 1187/1170/1225 1189/1170/1227
f 1285/1170/1228 1189/1170/1227 1191/1170/1229
f 1286/1170/1230 1191/1170/1229 1193/1170/1231
f 1285/1170/1228 1194/1170/1232 1192/1170/1233
f 1284/1170/1226 1192/1170/1233 1190/1170/1234
f 1283/1170/1224 1190/1170/1234 1188/1170/1235
f 1282/1170/1222 1188/1170/1235 1186/1170/1236
f 1281/1170/1220 1186/1170/1236 1184/1170/1237
f 1280/1170/1218 1184/1170/1237 1182/1170/1238
f 1279/1170/1217 1182/1170/1238 1180/1170/1239
f 1279/1170/1217 1178/1171/1240 1278/1169/1215
f 1278/1169/1215 1174/1172/1241 1277/1167/1213
f 1277/1167/1213 1175/1173/1242 1276/1165/1211
f 1261/1138/1184 1146/1174/1243 1262/1136/1182
f 1262/1136/1182 1148/1175/1244 1263/1139/1185
f 1263/1139/1185 1150/1176/1245 1264/1141/1187
f 1265/1145/1191 1150/1176/1245 1152/1177/1246
f 1266/1148/1194 1152/1177/1246 1154/1178/1247
f 1266/1148/1194 1156/1179/1248 1267/1147/1193
f 1267/1147/1193 1158/1180/1249 1268/1149/1195
f 1268/1149/1195 1160/1181/1250 1269/1151/1197
f 1270/1155/1201 1160/1181/1250 1162/1182/1251
f 1271/1157/1203 1162/1182/1251 1164/1183/1252
f 1272/1159/1205 1164/1183/1252 1166/1184/1253
f 1273/1162/1208 1166/1184/1253 1168/1185/1254
f 1274/1161/1207 1168/1185/1254 1170/1186/1255
f 1275/1163/1256 1170/1186/1255 1172/1187/1257
f 1258/1121/1167 1138/1188/1258 1136/1189/1259
f 1259/1190/1260 1287/1191/1261 1138/1188/1258
f 1138/1188/1258 1261/1138/1184 1143/1137/1183
f 1176/1192/1262 1288/1193/1263 1137/1194/1264
f 1259/1190/1260 1135/1135/1181 1137/1194/1264
f 1141/1195/1265 1276/1165/1211 1175/1173/1242
f 1289/1196/1266 1142/1197/1267 1287/1191/1261
f 1144/1198/1268 1287/1191/1261 1142/1197/1267
f 1289/1196/1266 1137/1194/1264 1288/1193/1263
f 1290/1199/1269 1288/1193/1263 1141/1195/1265
f 1042/1052/1098 1291/1200/1270 1292/1201/1271
f 1043/1048/1094 1294/1202/1272 1293/1203/1273
f 1050/1000/1024 1294/1202/1272 1044/1047/1093
f 1049/1022/1053 1296/1204/1274 1297/1205/1275
f 1048/1023/1054 1297/1205/1275 1298/1206/1276
f 1047/999/1023 1295/1207/1277 1050/1000/1024
f 1047/999/1023 1300/1208/1278 1299/1209/1279
f 1052/1024/1055 1298/1206/1276 1301/1210/1280
f 1053/1004/1028 1300/1208/1278 1051/1002/1026
f 1055/1006/1030 1302/1211/1281 1053/1004/1028
f 1056/1026/1057 1304/1212/1282 1305/1213/1283
f 1055/1006/1030 1306/1214/1284 1303/1215/1285
f 1058/1027/1058 1305/1213/1283 1307/1216/1286
f 1059/1016/1040 1306/1214/1284 1057/1008/1032
f 1060/1028/1059 1307/1216/1286 1309/1217/1287
f 1065/1013/1037 1308/1218/1288 1059/1016/1040
f 1060/1028/1059 1311/1219/1289 1066/1029/1060
f 1061/1012/1036 1313/1220/1290 1312/1221/1291
f 1062/1030/1061 1315/1222/1292 1064/1031/1062
f 1065/1013/1037 1312/1221/1291 1310/1223/1293
f 1062/1030/1061 1311/1219/1289 1314/1224/1294
f 1063/1018/1042 1316/1225/1295 1313/1220/1290
f 1068/1032/1063 1315/1222/1292 1317/1226/1296
f 1069/1019/1046 1316/1225/1295 1067/1020/1044
f 1068/1032/1063 1319/1227/1297 1070/1033/1064
f 1071/1021/1048 1318/1021/1298 1069/1019/1046
f 1070/1033/1064 1321/1021/1299 1072/1021/1065
f 1073/1021/1050 1320/1021/1300 1071/1021/1048
f 1072/1021/1065 1323/1021/1301 1074/1021/1066
f 1073/1021/1050 1324/1021/1302 1322/1021/1303
f 1076/1021/1067 1323/1021/1301 1325/1021/1304
f 1077/1021/1305 1324/1021/1302 1075/1021/1052
f 1076/1021/1067 1327/1021/1306 1078/1021/1068
f 1052/1024/1055 1304/1212/1282 1054/1025/1056
f 1084/1044/1084 1328/1228/1307 1329/1229/1308
f 1083/1036/1071 1296/1204/1274 1046/1056/1102
f 1081/1035/1070 1332/1230/1309 1331/1231/1310
f 1082/1045/1085 1334/1232/1311 1079/1061/1107
f 1081/1035/1070 1330/1233/1312 1083/1036/1071
f 1082/1045/1085 1329/1229/1308 1333/1234/1313
f 1087/1113/1159 1335/1235/1314 1336/1236/1315
f 1092/1096/1142 1337/1237/1316 1338/1238/1317
f 1091/1093/1139 1340/1239/1318 1339/1240/1319
f 1092/1096/1142 1341/1241/1320 1094/1094/1140
f 1095/1041/1076 1340/1239/1318 1093/1038/1073
f 1094/1094/1140 1343/1042/1321 1096/1037/1086
f 1095/1041/1076 1344/1042/1322 1342/1239/1323
f 1096/1037/1086 1345/1042/1324 1103/1042/1087
f 1101/1042/1079 1346/1042/1325 1097/1042/1080
f 1098/1042/1088 1349/1042/1326 1102/1042/1089
f 1099/1042/1078 1347/1042/1327 1101/1042/1079
f 1100/1042/1090 1349/1042/1326 1351/1042/1328
f 1098/1042/1088 1345/1042/1324 1348/1042/1329
f 1104/1042/1082 1346/1042/1325 1344/1042/1322
f 1105/1118/1164 1336/1236/1315 1352/1242/1330
f 1106/1104/1150 1353/1243/1331 1089/1107/1153
f 1110/1119/1165 1352/1242/1330 1355/1244/1332
f 1109/1102/1148 1354/1245/1333 1106/1104/1150
f 1108/1246/1334 1356/1247/1335 1109/1102/1148
f 1107/1120/1166 1355/1244/1332 1358/1248/1336
f 1111/1108/1154 1353/1243/1331 1359/1249/1337
f 1112/1092/1138 1337/1237/1316 1090/1110/1156
f 1113/1066/1112 1359/1249/1337 1361/1250/1338
f 1114/1091/1137 1360/1251/1339 1112/1092/1138
f 1113/1066/1112 1363/1252/1340 1115/1069/1115
f 1114/1091/1137 1364/1253/1341 1362/1254/1342
f 1115/1069/1115 1365/1255/1343 1117/1071/1117
f 1118/1089/1135 1364/1253/1341 1116/1090/1136
f 1119/1072/1118 1365/1255/1343 1367/1256/1344
f 1120/1088/1134 1366/1257/1345 1118/1089/1135
f 1121/1074/1120 1367/1256/1344 1369/1258/1346
f 1120/1088/1134 1370/1259/1347 1368/1260/1348
f 1123/1076/1122 1369/1258/1346 1371/1261/1349
f 1124/1086/1132 1370/1259/1347 1122/1087/1133
f 1125/1078/1124 1371/1261/1349 1373/1262/1350
f 1126/1085/1131 1372/1263/1351 1124/1086/1132
f 1125/1078/1124 1375/1264/1352 1127/1080/1126
f 1128/1132/1178 1374/1265/1353 1126/1085/1131
f 1127/1080/1126 1377/1266/1354 1129/1084/1130
f 1128/1132/1178 1378/1267/1355 1376/1268/1356
f 1079/1061/1107 1379/1269/1357 1132/1064/1110
f 1129/1084/1130 1335/1235/1314 1085/1082/1128
f 1133/1133/1179 1380/1270/1358 1381/1271/1359
f 1134/1124/1170 1378/1267/1355 1130/1131/1177
f 1140/1134/1180 1381/1271/1359 1383/1272/1360
f 1139/1122/1168 1382/1273/1361 1134/1124/1170
f 1135/1135/1181 1386/1274/1362 1137/1194/1264
f 1136/1189/1259 1388/1275/1363 1387/1276/1364
f 1136/1189/1259 1384/1277/1365 1139/1122/1168
f 1140/1134/1180 1385/1278/1366 1135/1135/1181
f 1143/1137/1183 1388/1275/1363 1138/1188/1258
f 1144/1198/1268 1390/1279/1367 1391/1280/1368
f 1145/1140/1186 1389/1281/1369 1143/1137/1183
f 1144/1198/1268 1393/1282/1370 1146/1174/1243
f 1147/1142/1188 1392/1283/1371 1145/1140/1186
f 1146/1174/1243 1395/1284/1372 1148/1175/1244
f 1149/1144/1190 1394/1285/1373 1147/1142/1188
f 1148/1175/1244 1397/1286/1374 1150/1176/1245
f 1149/1144/1190 1398/1287/1375 1396/1288/1376
f 1150/1176/1245 1399/1289/1377 1152/1177/1246
f 1151/1143/1189 1400/1290/1378 1398/1287/1375
f 1154/1178/1247 1399/1289/1377 1401/1291/1379
f 1153/1146/1192 1402/1292/1380 1400/1290/1378
f 1154/1178/1247 1403/1293/1381 1156/1179/1248
f 1157/1152/1198 1402/1292/1380 1155/1150/1196
f 1158/1180/1249 1403/1293/1381 1405/1294/1382
f 1159/1154/1200 1404/1295/1383 1157/1152/1198
f 1158/1180/1249 1407/1296/1384 1160/1181/1250
f 1159/1154/1200 1408/1297/1385 1406/1298/1386
f 1160/1181/1250 1409/1299/1387 1162/1182/1251
f 1161/1153/1199 1410/1300/1388 1408/1297/1385
f 1164/1183/1252 1409/1299/1387 1411/1301/1389
f 1165/1158/1204 1410/1300/1388 1163/1156/1202
f 1164/1183/1252 1413/1302/1390 1166/1184/1253
f 1165/1158/1204 1414/1303/1391 1412/1304/1392
f 1168/1185/1254 1413/1302/1390 1415/1187/1393
f 1169/1164/1210 1414/1303/1391 1167/1160/1206
f 1168/1185/1254 1417/1187/1394 1170/1186/1255
f 1169/1164/1210 1418/1187/1395 1416/1305/1396
f 1172/1187/1257 1417/1187/1394 1419/1187/1397
f 1176/1192/1262 1386/1274/1362 1420/1306/1398
f 1175/1173/1242 1421/1307/1399 1141/1195/1265
f 1174/1172/1241 1422/1308/1400 1175/1173/1242
f 1173/1166/1212 1420/1306/1398 1424/1309/1401
f 1177/1168/1214 1424/1309/1401 1425/1310/1402
f 1174/1172/1241 1426/1170/1403 1423/1311/1404
f 1177/1168/1214 1427/1170/1405 1179/1170/1216
f 1180/1170/1239 1426/1170/1403 1178/1171/1240
f 1181/1170/1219 1427/1170/1405 1429/1170/1406
f 1180/1170/1239 1430/1170/1407 1428/1170/1408
f 1181/1170/1219 1431/1170/1409 1183/1170/1221
f 1184/1170/1237 1430/1170/1407 1182/1170/1238
f 1185/1170/1223 1431/1170/1409 1433/1170/1410
f 1184/1170/1237 1434/1170/1411 1432/1170/1412
f 1187/1170/1225 1433/1170/1410 1435/1170/1413
f 1188/1170/1235 1434/1170/1411 1186/1170/1236
f 1189/1170/1227 1435/1170/1413 1437/1170/1414
f 1190/1170/1234 1436/1170/1415 1188/1170/1235
f 1191/1170/1229 1437/1170/1414 1439/1170/1416
f 1192/1170/1233 1438/1170/1417 1190/1170/1234
f 1193/1170/1231 1439/1170/1416 1441/1170/1418
f 1194/1170/1232 1440/1170/1419 1192/1170/1233
f 1078/1021/1068 1443/1021/1420 1213/1021/1051
f 1077/1021/1305 1443/1021/1420 1326/1021/1421
f 1100/1042/1090 1444/1042/1422 1227/1042/1091
f 1099/1042/1078 1444/1042/1422 1350/1042/1423
f 1229/1055/1101 1292/1201/1271 1445/1312/1424
f 1045/1057/1103 1445/1312/1424 1328/1228/1307
f 1231/1060/1106 1446/1313/1425 1447/1314/1426
f 1231/1060/1106 1332/1230/1309 1080/1058/1104
f 1237/1129/1175 1379/1269/1357 1448/1315/1427
f 1131/1127/1173 1448/1315/1427 1380/1270/1358
f 1249/1097/1143 1339/1240/1319 1449/1316/1428
f 1249/1097/1143 1450/1317/1429 1088/1115/1161
f 1250/1116/1162 1446/1313/1425 1086/1100/1146
f 1107/1120/1166 1452/1318/1430 1252/1101/1147
f 1088/1115/1161 1453/1319/1431 1256/1114/1160
f 1108/1246/1334 1452/1318/1430 1357/1320/1432
f 1256/1114/1160 1451/1321/1433 1250/1116/1162
f 1172/1187/1257 1454/1187/1434 1275/1163/1256
f 1193/1170/1231 1455/1170/1435 1286/1170/1230
f 1171/1163/1209 1454/1187/1434 1418/1187/1395
f 1194/1170/1232 1455/1170/1435 1442/1170/1436
f 1141/1195/1265 1456/1322/1437 1290/1199/1269
f 1290/1199/1269 1390/1279/1367 1142/1197/1267
f 1614/1323/1438 1463/1324/1439 1615/1325/1440
f 1615/1325/1440 1467/1326/1441 1616/1327/1442
f 1616/1327/1442 1469/1328/1443 1617/1329/1444
f 1617/1329/1444 1471/1330/1445 1618/1331/1446
f 1618/1331/1446 1473/1332/1447 1619/1333/1448
f 1473/1332/1447 1620/1334/1449 1619/1333/1448
f 1621/1335/1450 1477/1336/1451 1622/1337/1452
f 1477/1336/1451 1623/1338/1453 1622/1337/1452
f 1475/1339/1454 1621/1335/1450 1620/1334/1449
f 1479/1340/1455 1624/1341/1456 1623/1338/1453
f 1483/1342/1457 1625/1343/1458 1624/1341/1456
f 1485/1021/1459 1626/1021/1460 1625/1343/1458
f 1487/1021/1461 1627/1021/1462 1626/1021/1460
f 1489/1021/1463 1628/1021/1464 1627/1021/1462
f 1491/1021/1465 1629/1021/1466 1628/1021/1464
f 1615/1325/1440 1465/1344/1467 1614/1323/1438
f 1616/1327/1442 1464/1345/1468 1615/1325/1440
f 1617/1329/1444 1468/1346/1469 1616/1327/1442
f 1618/1331/1446 1470/1347/1470 1617/1329/1444
f 1619/1333/1448 1472/1348/1471 1618/1331/1446
f 1476/1349/1472 1619/1333/1448 1620/1334/1449
f 1482/1350/1473 1620/1334/1449 1621/1335/1450
f 1622/1337/1452 1482/1350/1473 1621/1335/1450
f 1480/1351/1474 1622/1337/1452 1623/1338/1453
f 1484/1352/1475 1623/1338/1453 1624/1341/1456
f 1486/1227/1476 1624/1341/1456 1625/1343/1458
f 1488/1021/1477 1625/1343/1458 1626/1021/1460
f 1490/1021/1478 1626/1021/1460 1627/1021/1462
f 1628/1021/1464 1490/1021/1478 1627/1021/1462
f 1494/1021/1479 1628/1021/1464 1629/1021/1466
f 1634/1353/1480 1497/1354/1481 1632/1355/1482
f 1509/1356/1483 1640/1357/1484 1639/1358/1485
f 1511/1359/1486 1641/1042/1487 1640/1357/1484
f 1642/1042/1488 1515/1042/1489 1643/1042/1490
f 1513/1042/1491 1642/1042/1488 1644/1042/1492
f 1520/1042/1493 1644/1042/1492 1641/1042/1487
f 1632/1355/1482 1500/1360/1494 1634/1353/1480
f 1512/1359/1495 1639/1358/1485 1640/1357/1484
f 1519/1042/1496 1640/1357/1484 1641/1042/1487
f 1644/1042/1492 1519/1042/1496 1641/1042/1487
f 1518/1042/1497 1644/1042/1492 1642/1042/1488
f 1516/1042/1498 1642/1042/1488 1643/1042/1490
f 1612/1361/1499 1460/1362/1500 1611/1363/1501
f 1611/1363/1501 1631/1364/1502 1630/1365/1503
f 1631/1364/1502 1466/1366/1504 1614/1323/1438
f 1611/1363/1501 1457/1367/1505 1612/1361/1499
f 1499/1368/1506 1613/1369/1507 1462/1370/1508
f 1630/1365/1503 1458/1371/1509 1611/1363/1501
f 1462/1370/1508 1630/1365/1503 1631/1364/1502
f 1614/1323/1438 1462/1370/1508 1631/1364/1502
f 1634/1353/1480 1461/1372/1510 1613/1369/1507
f 1613/1369/1507 1645/1373/1511 1630/1365/1503
f 1632/1355/1482 1496/1374/1512 1633/1375/1513
f 1633/1375/1513 1647/1376/1514 1646/1377/1515
f 1633/1375/1513 1498/1378/1516 1632/1355/1482
f 1495/1379/1517 1646/1377/1515 1650/1380/1518
f 1548/1381/1519 1650/1380/1518 1648/1382/1520
f 1529/1383/1521 1654/1384/1522 1655/1385/1523
f 1656/1386/1524 1529/1383/1521 1655/1385/1523
f 1657/1387/1525 1531/1388/1526 1656/1386/1524
f 1535/1389/1527 1657/1387/1525 1658/1390/1528
f 1537/1391/1529 1658/1390/1528 1659/1392/1530
f 1539/1393/1531 1659/1392/1530 1660/1394/1532
f 1541/1395/1533 1660/1394/1532 1661/1396/1534
f 1543/1397/1535 1661/1396/1534 1664/1398/1536
f 1501/1399/1537 1648/1382/1520 1650/1380/1518
f 1542/1400/1538 1664/1398/1536 1661/1396/1534
f 1540/1401/1539 1661/1396/1534 1660/1394/1532
f 1538/1402/1540 1660/1394/1532 1659/1392/1530
f 1536/1403/1541 1659/1392/1530 1658/1390/1528
f 1534/1404/1542 1658/1390/1528 1657/1387/1525
f 1656/1386/1524 1534/1404/1542 1657/1387/1525
f 1655/1385/1523 1532/1405/1543 1656/1386/1524
f 1528/1406/1544 1655/1385/1523 1654/1384/1522
f 1507/1407/1545 1639/1358/1485 1638/1408/1546
f 1510/1409/1547 1638/1408/1546 1639/1358/1485
f 1665/1410/1548 1638/1408/1546 1637/1411/1549
f 1508/1412/1550 1637/1411/1549 1638/1408/1546
f 1635/1413/1551 1650/1380/1518 1646/1377/1515
f 1502/1414/1552 1646/1377/1515 1647/1376/1514
f 1525/1415/1553 1668/1416/1554 1667/1417/1555
f 1522/1418/1556 1667/1417/1555 1669/1419/1557
f 1670/1420/1558 1522/1418/1556 1669/1419/1557
f 1527/1421/1559 1663/1422/1560 1654/1384/1522
f 1506/1423/1561 1654/1384/1522 1663/1422/1560
f 1662/1424/1562 1506/1423/1561 1663/1422/1560
f 1662/1424/1562 1505/1425/1563 1670/1420/1558
f 1501/1399/1537 1636/1426/1564 1503/1427/1565
f 1672/1428/1566 1662/1424/1562 1671/1429/1567
f 1666/1430/1568 1635/1413/1551 1502/1414/1552
f 1637/1411/1549 1504/1431/1569 1665/1410/1548
f 1671/1429/1567 1666/1430/1568 1672/1428/1566
f 1670/1420/1558 1636/1426/1564 1671/1429/1567
f 1669/1419/1557 1503/1427/1565 1670/1420/1558
f 1667/1417/1555 1521/1432/1570 1669/1419/1557
f 1523/1433/1571 1667/1417/1555 1668/1416/1554
f 1555/1434/1572 1674/1435/1573 1673/1436/1574
f 1550/1437/1575 1673/1436/1574 1676/1438/1576
f 1652/1439/1577 1547/1440/1578 1653/1441/1579
f 1653/1441/1579 1648/1382/1520 1652/1439/1577
f 1543/1397/1535 1651/1442/1580 1545/1443/1581
f 1648/1382/1520 1651/1442/1580 1652/1439/1577
f 1546/1444/1582 1676/1438/1576 1649/1445/1583
f 1546/1444/1582 1652/1439/1577 1651/1442/1580
f 1544/1446/1584 1651/1442/1580 1664/1398/1536
f 1549/1447/1585 1649/1445/1583 1676/1438/1576
f 1556/1448/1586 1676/1438/1576 1673/1436/1574
f 1674/1435/1573 1556/1448/1586 1673/1436/1574
f 1559/1449/1587 1678/1450/1588 1677/1451/1589
f 1561/1452/1590 1679/1453/1591 1678/1450/1588
f 1563/1454/1592 1680/1455/1593 1679/1453/1591
f 1680/1455/1593 1567/1456/1594 1681/1457/1595
f 1681/1457/1595 1569/1458/1596 1682/1459/1597
f 1569/1458/1596 1683/1460/1598 1682/1459/1597
f 1571/1461/1599 1684/1462/1600 1683/1460/1598
f 1573/1463/1601 1685/1464/1602 1684/1462/1600
f 1685/1464/1602 1577/1465/1603 1686/1466/1604
f 1686/1466/1604 1579/1467/1605 1687/1468/1606
f 1687/1468/1606 1581/1469/1607 1688/1470/1608
f 1688/1470/1608 1583/1471/1609 1689/1472/1610
f 1583/1471/1609 1690/1473/1611 1689/1472/1610
f 1690/1473/1611 1587/1187/1612 1691/1187/1613
f 1589/1474/1614 1692/1475/1615 1693/1476/1616
f 1593/1477/1617 1693/1476/1616 1694/1478/1618
f 1595/1479/1619 1694/1478/1618 1695/1479/1620
f 1696/1170/1621 1595/1479/1619 1695/1479/1620
f 1697/1170/1622 1597/1170/1623 1696/1170/1621
f 1698/1170/1624 1599/1170/1625 1697/1170/1622
f 1699/1170/1626 1601/1170/1627 1698/1170/1624
f 1700/1170/1628 1603/1170/1629 1699/1170/1626
f 1701/1170/1630 1605/1170/1631 1700/1170/1628
f 1702/1170/1632 1607/1170/1633 1701/1170/1630
f 1701/1170/1630 1610/1170/1634 1702/1170/1632
f 1700/1170/1628 1608/1170/1635 1701/1170/1630
f 1699/1170/1626 1606/1170/1636 1700/1170/1628
f 1698/1170/1624 1604/1170/1637 1699/1170/1626
f 1697/1170/1622 1602/1170/1638 1698/1170/1624
f 1696/1170/1621 1600/1170/1639 1697/1170/1622
f 1695/1479/1620 1598/1170/1640 1696/1170/1621
f 1594/1480/1641 1695/1479/1620 1694/1478/1618
f 1590/1481/1642 1694/1478/1618 1693/1476/1616
f 1591/1482/1643 1693/1476/1616 1692/1475/1615
f 1562/1483/1644 1677/1451/1589 1678/1450/1588
f 1564/1484/1645 1678/1450/1588 1679/1453/1591
f 1566/1485/1646 1679/1453/1591 1680/1455/1593
f 1681/1457/1595 1566/1485/1646 1680/1455/1593
f 1682/1459/1597 1568/1486/1647 1681/1457/1595
f 1572/1487/1648 1682/1459/1597 1683/1460/1598
f 1574/1488/1649 1683/1460/1598 1684/1462/1600
f 1576/1489/1650 1684/1462/1600 1685/1464/1602
f 1686/1466/1604 1576/1489/1650 1685/1464/1602
f 1687/1468/1606 1578/1490/1651 1686/1466/1604
f 1688/1470/1608 1580/1491/1652 1687/1468/1606
f 1689/1472/1610 1582/1492/1653 1688/1470/1608
f 1690/1473/1611 1584/1493/1654 1689/1472/1610
f 1691/1187/1613 1586/1494/1655 1690/1473/1611
f 1674/1435/1573 1554/1495/1656 1675/1496/1657
f 1675/1496/1657 1703/1497/1658 1705/1498/1659
f 1554/1495/1656 1677/1451/1589 1703/1497/1658
f 1592/1499/1660 1704/1500/1661 1692/1475/1615
f 1675/1496/1657 1551/1501/1662 1674/1435/1573
f 1557/1502/1663 1692/1475/1615 1704/1500/1661
f 1705/1498/1659 1558/1503/1664 1706/1504/1665
f 1560/1505/1666 1703/1497/1658 1677/1451/1589
f 1705/1498/1659 1553/1506/1667 1675/1496/1657
f 1706/1504/1665 1704/1500/1661 1705/1498/1659
f 1458/1371/1509 1291/1200/1270 1457/1367/1505
f 1459/1507/1668 1294/1202/1272 1460/1362/1500
f 1294/1202/1272 1466/1366/1504 1460/1362/1500
f 1465/1344/1467 1296/1204/1274 1462/1370/1508
f 1464/1345/1468 1297/1205/1275 1465/1344/1467
f 1295/1207/1277 1463/1324/1439 1466/1366/1504
f 1463/1324/1439 1300/1208/1278 1467/1326/1441
f 1468/1346/1469 1298/1206/1276 1464/1345/1468
f 1300/1208/1278 1469/1328/1443 1467/1326/1441
f 1302/1211/1281 1471/1330/1445 1469/1328/1443
f 1472/1348/1471 1304/1212/1282 1470/1347/1470
f 1471/1330/1445 1306/1214/1284 1473/1332/1447
f 1474/1508/1669 1305/1213/1283 1472/1348/1471
f 1306/1214/1284 1475/1339/1454 1473/1332/1447
f 1476/1349/1472 1307/1216/1286 1474/1508/1669
f 1308/1218/1288 1481/1509/1670 1475/1339/1454
f 1311/1219/1289 1476/1349/1472 1482/1350/1473
f 1477/1336/1451 1313/1220/1290 1479/1340/1455
f 1315/1222/1292 1478/1510/1671 1480/1351/1474
f 1481/1509/1670 1312/1221/1291 1477/1336/1451
f 1478/1510/1671 1311/1219/1289 1482/1350/1473
f 1479/1340/1455 1316/1225/1295 1483/1342/1457
f 1484/1352/1475 1315/1222/1292 1480/1351/1474
f 1316/1225/1295 1485/1021/1459 1483/1342/1457
f 1319/1227/1297 1484/1352/1475 1486/1227/1476
f 1318/1021/1298 1487/1021/1461 1485/1021/1459
f 1321/1021/1299 1486/1227/1476 1488/1021/1477
f 1320/1021/1300 1489/1021/1463 1487/1021/1461
f 1323/1021/1301 1488/1021/1477 1490/1021/1478
f 1489/1021/1463 1324/1021/1302 1491/1021/1465
f 1492/1021/1672 1323/1021/1301 1490/1021/1478
f 1324/1021/1302 1493/1021/1673 1491/1021/1465
f 1327/1021/1306 1492/1021/1672 1494/1021/1479
f 1304/1212/1282 1468/1346/1469 1470/1347/1470
f 1500/1360/1494 1328/1228/1307 1461/1372/1510
f 1296/1204/1274 1499/1368/1506 1462/1370/1508
f 1497/1354/1481 1332/1230/1309 1496/1374/1512
f 1334/1232/1311 1498/1378/1516 1495/1379/1517
f 1330/1233/1312 1497/1354/1481 1499/1368/1506
f 1498/1378/1516 1329/1229/1308 1500/1360/1494
f 1503/1427/1565 1335/1235/1314 1501/1399/1537
f 1508/1412/1550 1337/1237/1316 1506/1423/1561
f 1507/1407/1545 1340/1239/1318 1509/1356/1483
f 1341/1241/1320 1508/1412/1550 1510/1409/1547
f 1340/1239/1318 1511/1359/1486 1509/1356/1483
f 1343/1042/1321 1510/1409/1547 1512/1359/1495
f 1511/1359/1486 1344/1042/1322 1520/1042/1493
f 1345/1042/1324 1512/1359/1495 1519/1042/1496
f 1346/1042/1325 1517/1042/1674 1513/1042/1491
f 1349/1042/1326 1514/1042/1675 1518/1042/1497
f 1347/1042/1327 1515/1042/1489 1517/1042/1674
f 1516/1042/1498 1349/1042/1326 1518/1042/1497
f 1514/1042/1675 1345/1042/1324 1519/1042/1496
f 1520/1042/1493 1346/1042/1325 1513/1042/1491
f 1521/1432/1570 1336/1236/1315 1503/1427/1565
f 1353/1243/1331 1522/1418/1556 1505/1425/1563
f 1526/1511/1676 1352/1242/1330 1521/1432/1570
f 1354/1245/1333 1525/1415/1553 1522/1418/1556
f 1356/1247/1335 1524/1512/1677 1525/1415/1553
f 1523/1433/1571 1355/1244/1332 1526/1511/1676
f 1527/1421/1559 1353/1243/1331 1505/1425/1563
f 1337/1237/1316 1528/1406/1544 1506/1423/1561
f 1529/1383/1521 1359/1249/1337 1527/1421/1559
f 1360/1251/1339 1530/1513/1678 1528/1406/1544
f 1363/1252/1340 1529/1383/1521 1531/1388/1526
f 1530/1513/1678 1364/1253/1341 1532/1405/1543
f 1365/1255/1343 1531/1388/1526 1533/1514/1679
f 1364/1253/1341 1534/1404/1542 1532/1405/1543
f 1535/1389/1527 1365/1255/1343 1533/1514/1679
f 1366/1257/1345 1536/1403/1541 1534/1404/1542
f 1537/1391/1529 1367/1256/1344 1535/1389/1527
f 1536/1403/1541 1370/1259/1347 1538/1402/1540
f 1539/1393/1531 1369/1258/1346 1537/1391/1529
f 1370/1259/1347 1540/1401/1539 1538/1402/1540
f 1541/1395/1533 1371/1261/1349 1539/1393/1531
f 1372/1263/1351 1542/1400/1538 1540/1401/1539
f 1375/1264/1352 1541/1395/1533 1543/1397/1535
f 1374/1265/1353 1544/1446/1584 1542/1400/1538
f 1377/1266/1354 1543/1397/1535 1545/1443/1581
f 1544/1446/1584 1378/1267/1355 1546/1444/1582
f 1379/1269/1357 1495/1379/1517 1548/1381/1519
f 1335/1235/1314 1545/1443/1581 1501/1399/1537
f 1549/1447/1585 1380/1270/1358 1547/1440/1578
f 1378/1267/1355 1550/1437/1575 1546/1444/1582
f 1556/1448/1586 1381/1271/1359 1549/1447/1585
f 1382/1273/1361 1555/1434/1572 1550/1437/1575
f 1386/1274/1362 1551/1501/1662 1553/1506/1667
f 1552/1515/1680 1388/1275/1363 1554/1495/1656
f 1384/1277/1365 1552/1515/1680 1555/1434/1572
f 1385/1278/1366 1556/1448/1586 1551/1501/1662
f 1388/1275/1363 1559/1449/1587 1554/1495/1656
f 1560/1505/1666 1390/1279/1367 1558/1503/1664
f 1389/1281/1369 1561/1452/1590 1559/1449/1587
f 1393/1282/1370 1560/1505/1666 1562/1483/1644
f 1392/1283/1371 1563/1454/1592 1561/1452/1590
f 1395/1284/1372 1562/1483/1644 1564/1484/1645
f 1394/1285/1373 1565/1516/1681 1563/1454/1592
f 1397/1286/1374 1564/1484/1645 1566/1485/1646
f 1565/1516/1681 1398/1287/1375 1567/1456/1594
f 1399/1289/1377 1566/1485/1646 1568/1486/1647
f 1567/1456/1594 1400/1290/1378 1569/1458/1596
f 1570/1517/1682 1399/1289/1377 1568/1486/1647
f 1569/1458/1596 1402/1292/1380 1571/1461/1599
f 1403/1293/1381 1570/1517/1682 1572/1487/1648
f 1402/1292/1380 1573/1463/1601 1571/1461/1599
f 1574/1488/1649 1403/1293/1381 1572/1487/1648
f 1404/1295/1383 1575/1518/1683 1573/1463/1601
f 1407/1296/1384 1574/1488/1649 1576/1489/1650
f 1575/1518/1683 1408/1297/1385 1577/1465/1603
f 1409/1299/1387 1576/1489/1650 1578/1490/1651
f 1577/1465/1603 1410/1300/1388 1579/1467/1605
f 1580/1491/1652 1409/1299/1387 1578/1490/1651
f 1410/1300/1388 1581/1469/1607 1579/1467/1605
f 1413/1302/1390 1580/1491/1652 1582/1492/1653
f 1581/1469/1607 1414/1303/1391 1583/1471/1609
f 1584/1493/1654 1413/1302/1390 1582/1492/1653
f 1414/1303/1391 1585/1519/1684 1583/1471/1609
f 1417/1187/1394 1584/1493/1654 1586/1494/1655
f 1585/1519/1684 1418/1187/1395 1587/1187/1612
f 1588/1187/1685 1417/1187/1394 1586/1494/1655
f 1592/1499/1660 1386/1274/1362 1553/1506/1667
f 1421/1307/1399 1591/1482/1643 1557/1502/1663
f 1422/1308/1400 1590/1481/1642 1591/1482/1643
f 1589/1474/1614 1420/1306/1398 1592/1499/1660
f 1593/1477/1617 1424/1309/1401 1589/1474/1614
f 1590/1481/1642 1426/1170/1403 1594/1480/1641
f 1427/1170/1405 1593/1477/1617 1595/1479/1619
f 1426/1170/1403 1596/1479/1686 1594/1480/1641
f 1597/1170/1623 1427/1170/1405 1595/1479/1619
f 1596/1479/1686 1430/1170/1407 1598/1170/1640
f 1431/1170/1409 1597/1170/1623 1599/1170/1625
f 1430/1170/1407 1600/1170/1639 1598/1170/1640
f 1601/1170/1627 1431/1170/1409 1599/1170/1625
f 1600/1170/1639 1434/1170/1411 1602/1170/1638
f 1603/1170/1629 1433/1170/1410 1601/1170/1627
f 1434/1170/1411 1604/1170/1637 1602/1170/1638
f 1605/1170/1631 1435/1170/1413 1603/1170/1629
f 1436/1170/1415 1606/1170/1636 1604/1170/1637
f 1607/1170/1633 1437/1170/1414 1605/1170/1631
f 1438/1170/1417 1608/1170/1635 1606/1170/1636
f 1609/1170/1687 1439/1170/1416 1607/1170/1633
f 1440/1170/1419 1610/1170/1634 1608/1170/1635
f 1443/1021/1420 1494/1021/1479 1629/1021/1466
f 1493/1021/1673 1443/1021/1420 1629/1021/1466
f 1444/1042/1422 1516/1042/1498 1643/1042/1490
f 1515/1042/1489 1444/1042/1422 1643/1042/1490
f 1645/1373/1511 1292/1201/1271 1458/1371/1509
f 1461/1372/1510 1445/1312/1424 1645/1373/1511
f 1647/1376/1514 1446/1313/1425 1502/1414/1552
f 1332/1230/1309 1647/1376/1514 1496/1374/1512
f 1653/1441/1579 1379/1269/1357 1548/1381/1519
f 1547/1440/1578 1448/1315/1427 1653/1441/1579
f 1665/1410/1548 1339/1240/1319 1507/1407/1545
f 1450/1317/1429 1665/1410/1548 1504/1431/1569
f 1446/1313/1425 1666/1430/1568 1502/1414/1552
f 1452/1318/1430 1523/1433/1571 1668/1416/1554
f 1453/1319/1431 1504/1431/1569 1672/1428/1566
f 1524/1512/1677 1452/1318/1430 1668/1416/1554
f 1451/1321/1433 1672/1428/1566 1666/1430/1568
f 1454/1187/1434 1588/1187/1685 1691/1187/1613
f 1455/1170/1435 1609/1170/1687 1702/1170/1632
f 1587/1187/1612 1454/1187/1434 1691/1187/1613
f 1610/1170/1634 1455/1170/1435 1702/1170/1632
f 1456/1322/1437 1557/1502/1663 1706/1504/1665
f 1390/1279/1367 1706/1504/1665 1558/1503/1664
f 2226/1520/1688 2252/1521/1689 2229/1522/1690
f 2231/1523/1691 2252/1521/1689 2254/1524/1692
f 2231/1523/1691 2256/1525/1693 2233/1526/1694
f 2233/1526/1694 2258/1527/1695 2235/1528/1696
f 2235/1528/1696 2260/1529/1697 2237/1530/1698
f 2237/1530/1698 2262/1531/1699 2239/1532/1700
f 2239/1532/1700 2264/1533/1701 2241/1534/1702
f 2241/1534/1702 2266/1535/1703 2243/1536/1704
f 2243/1536/1704 2268/1537/1705 2245/1538/1706
f 2245/1538/1706 2270/1539/1707 2247/1540/1708
f 2247/1540/1708 2272/1541/1709 2249/1542/1710
f 2249/1542/1710 2250/1543/1711 2226/1520/1688
s 2
f 1866/1544/1712 1869/1545/124 1867/1546/124
f 1867/1546/124 1871/1547/1713 1870/1548/1713
f 1872/1549/1714 1871/1547/1713 1873/1550/1714
f 1872/1549/1714 1875/1551/1715 1874/1552/1715
f 1874/1552/1715 1877/1553/1716 1876/1554/1716
f 1878/1555/1717 1877/1553/1716 1879/1556/1717
f 1878/1555/1717 1881/1557/737 1880/1558/737
f 1882/1559/1718 1881/1557/737 1883/1560/1718
f 1882/1559/1718 1885/1561/1719 1884/1562/1719
f 1884/1562/1719 1887/1563/1720 1886/1564/1720
f 1888/1565/1721 1887/1563/1720 1889/1566/1721
f 1888/1565/1721 1868/1567/1712 1866/1544/1712
s 1
f 1731/1568/1722 1753/1569/1723 1732/1570/1724
f 1733/1571/1725 1753/1569/1723 1754/1572/1726
f 1733/1571/1725 1743/1573/1727 1734/1574/1728
f 1734/1574/1728 1744/1575/1729 1735/1576/1730
f 1735/1576/1730 1745/1577/1731 1736/1578/1732
f 1736/1578/1732 1746/1579/1733 1737/1580/1734
f 1737/1580/1734 1747/1581/1735 1738/1582/1736
f 1738/1582/1736 1748/1583/1737 1739/1584/1738
f 1739/1584/1738 1749/1585/1739 1740/1586/1740
f 1740/1586/1740 1750/1587/1741 1741/1588/1742
f 1741/1588/1742 1751/1589/1743 1742/1590/1744
f 1731/1568/1722 1751/1589/1743 1752/1591/1745
s 2
f 2202/1592/1714 2205/1593/1715 2203/1594/1715
f 2203/1594/1715 2207/1595/1716 2206/1596/1716
f 2206/1596/1716 2209/1597/1717 2208/1598/1717
f 2208/1598/1717 2211/1599/737 2210/1600/737
f 2210/1600/737 2213/1601/1718 2212/1602/1718
f 2212/1602/1718 2215/1603/1719 2214/1604/1719
f 2216/1605/1720 2215/1603/1719 2217/1606/1720
f 2216/1605/1720 2219/1607/1721 2218/1608/1721
f 2220/1609/1712 2219/1607/1721 2221/1610/1712
f 2220/1609/1712 2223/1611/124 2222/1612/124
f 2224/1613/1713 2223/1611/124 2225/1614/1713
f 2224/1613/1713 2204/1615/1714 2202/1592/1714
s 1
f 2157/1616/1746 2178/1617/1747 2180/1618/1748
f 2157/1616/1746 2182/1619/1749 2159/1620/1750
f 2159/1620/1750 2184/1621/1751 2161/1622/1752
f 2163/1623/1753 2184/1621/1751 2186/1624/1754
f 2163/1623/1753 2188/1625/1755 2165/1626/1756
f 2167/1627/1757 2188/1625/1755 2190/1628/1758
f 2167/1627/1757 2192/1629/1759 2169/1630/1760
f 2169/1630/1760 2194/1631/1761 2171/1632/1762
f 2173/1633/1763 2194/1631/1761 2196/1634/1764
f 2173/1633/1763 2198/1635/1765 2175/1636/1766
f 2177/1637/1767 2198/1635/1765 2200/1638/1768
f 2177/1637/1767 2178/1617/1747 2154/1639/1769
s 2
f 1890/1640/1713 1893/1641/1714 1891/1642/1714
f 1891/1642/1714 1895/1643/1715 1894/1644/1715
f 1894/1644/1715 1897/1645/1716 1896/1646/1716
f 1896/1646/1716 1899/1647/1717 1898/1648/1717
f 1898/1648/1717 1901/1649/737 1900/1650/737
f 1900/1650/737 1903/1651/1718 1902/1652/1718
f 1902/1652/1718 1905/1645/1719 1904/1653/1719
f 1904/1653/1719 1907/1654/1720 1906/1655/1720
f 1906/1655/1720 1909/1656/1721 1908/1657/1721
f 1910/1658/1712 1909/1656/1721 1911/1659/1712
f 1910/1658/1712 1913/1660/124 1912/1661/124
f 1890/1640/1713 1913/1660/124 1892/1662/1713
s 1
f 1755/1663/1770 1917/1664/1771 1756/1665/1772
f 1757/1666/1773 1917/1664/1771 1918/1667/1774
f 1757/1666/1773 1919/1668/1775 1758/1669/1776
f 1759/1670/1777 1919/1668/1775 1920/1671/1778
f 1760/1672/1779 1920/1671/1778 1921/1673/1780
f 1760/1672/1779 1922/1674/1781 1761/1675/1782
f 1761/1675/1782 1923/1676/1783 1762/1677/1784
f 1763/1678/1785 1923/1676/1783 1924/1679/1786
f 1763/1678/1785 1925/1680/1787 1764/1681/1788
f 1765/1682/1789 1925/1680/1787 1914/1683/1790
f 1765/1682/1789 1915/1684/1791 1766/1685/1792
f 1755/1663/1770 1915/1684/1791 1916/1680/1793
s 2
f 1767/1686/1715 1781/1687/1716 1768/1688/1716
f 1768/1688/1716 1782/1689/1717 1769/1690/1717
f 1769/1690/1717 1783/1691/737 1770/1692/737
f 1770/1692/737 1784/1693/1718 1771/1694/1718
f 1771/1694/1718 1785/1695/1719 1772/1696/1719
f 1772/1696/1719 1786/1697/1720 1773/1698/1720
f 1773/1698/1720 1787/1699/1721 1774/1700/1721
f 1775/1701/1712 1787/1699/1721 1788/1702/1712
f 1775/1701/1712 1789/1703/124 1776/1704/124
f 1777/1705/1713 1789/1703/124 1790/1706/1713
f 1777/1705/1713 1779/1707/1714 1778/1708/1714
f 1778/1708/1714 1780/1709/1715 1767/1686/1715
s 1
f 2058/1710/1794 2084/1711/1795 2061/1712/1796
f 2061/1712/1796 2086/1713/1797 2063/1714/1798
f 2065/1715/1799 2086/1713/1797 2088/1716/1800
f 2067/1717/1801 2088/1716/1800 2090/1718/1802
f 2067/1717/1801 2092/1719/1803 2069/1720/1804
f 2069/1720/1804 2094/1721/1805 2071/1722/1806
f 2071/1722/1806 2096/1723/1807 2073/1724/1808
f 2073/1724/1808 2098/1725/1809 2075/1726/1810
f 2077/1727/1811 2098/1725/1809 2100/1728/1812
f 2077/1727/1811 2102/1729/1813 2079/1730/1814
f 2081/1731/1815 2102/1729/1813 2104/1732/1816
f 2081/1731/1815 2082/1733/1817 2058/1710/1794
s 2
f 1926/1734/1715 1929/1735/1716 1927/1736/1716
f 1927/1736/1716 1931/1737/1717 1930/1738/1717
f 1930/1738/1717 1933/1739/737 1932/1740/737
f 1934/1741/1718 1933/1739/737 1935/1742/1718
f 1936/1743/1719 1935/1742/1718 1937/1744/1719
f 1936/1743/1719 1939/1745/1720 1938/1746/1720
f 1938/1746/1720 1941/1747/1721 1940/1748/1721
f 1942/1749/1712 1941/1747/1721 1943/1750/1712
f 1942/1749/1712 1945/1751/124 1944/1752/124
f 1946/1753/1713 1945/1751/124 1947/1754/1713
f 1946/1753/1713 1949/1755/1714 1948/1756/1714
f 1948/1756/1714 1928/1757/1715 1926/1734/1715
s 1
f 2107/1758/1818 2035/1759/1819 2109/1760/1820
f 2109/1760/1820 2036/1761/1821 2111/1762/1822
f 2111/1762/1822 2038/1763/1823 2113/1764/1824
f 2113/1764/1824 2040/1765/1825 2115/1766/1826
f 2115/1766/1826 2042/1767/1827 2117/1768/1828
f 2117/1768/1828 2044/1769/1829 2119/1770/1830
f 2119/1770/1830 2046/1771/1831 2121/1772/1832
f 2123/1773/1833 2046/1771/1831 2048/1774/1834
f 2125/1775/1835 2048/1774/1834 2050/1776/1836
f 2125/1775/1835 2052/1777/1837 2127/1778/1838
f 2129/1779/1839 2052/1777/1837 2054/1780/1840
f 2129/1779/1839 2056/1781/1841 2107/1758/1818
s 2
f 2034/1782/1842 1965/1783/1843 2037/1784/1844
f 2037/1784/1844 1966/1785/1845 2039/1786/1846
f 2041/1787/1847 1966/1785/1845 1967/1788/1848
f 2041/1787/1847 1968/1789/1849 2043/1790/1850
f 2045/1791/1851 1968/1789/1849 1969/1792/1852
f 2047/1793/1853 1969/1792/1852 1970/1794/1854
f 2049/1795/1855 1970/1794/1854 1971/1796/1856
f 2049/1795/1855 1972/1797/1857 2051/1798/1858
f 2051/1798/1858 1973/1799/1859 2053/1800/1860
f 2055/1801/1861 1973/1799/1859 1962/1802/1862
f 2057/1803/1863 1962/1802/1862 1963/1804/1864
f 2057/1803/1863 1964/1805/1865 2034/1782/1842
s 1
f 1792/1806/1866 1991/1807/1867 1992/1808/1866
f 1792/1806/1866 1993/1809/1868 1793/1810/1868
f 1794/1811/1869 1993/1809/1868 1994/1812/1869
f 1794/1811/1869 1995/1813/1870 1795/1814/1870
f 1796/1815/1871 1995/1813/1870 1996/1816/1871
f 1796/1815/1871 1997/1817/1872 1797/1818/1872
f 1798/1819/1873 1997/1817/1872 1986/1820/1873
f 1799/1821/1874 1986/1820/1873 1987/1822/1874
f 1800/1823/1875 1987/1822/1874 1988/1824/1875
f 1800/1823/1875 1989/1825/1876 1801/1826/1876
f 1801/1826/1876 1990/1827/1877 1802/1828/1877
f 1802/1828/1877 1991/1807/1867 1791/1829/1867
s 2
f 1803/1830/124 1721/1831/1713 1804/1832/1713
f 1804/1832/1713 1722/1833/1714 1805/1834/1714
f 1806/1835/1715 1722/1833/1714 1723/1836/1715
f 1806/1835/1715 1724/1837/1716 1807/1838/1716
f 1807/1838/1716 1725/1839/1717 1808/1840/1717
f 1808/1840/1717 1726/1841/737 1809/1842/737
f 1810/1843/1718 1726/1841/737 1727/1844/1718
f 1811/1845/1719 1727/1844/1718 1728/1846/1719
f 1811/1845/1719 1729/1847/1720 1812/1848/1720
f 1812/1848/1720 1730/1849/1721 1813/1850/1721
f 1814/1851/1712 1730/1849/1721 1719/1852/1712
f 1814/1851/1712 1720/1853/124 1803/1830/124
s 1
f 1815/1854/1878 1828/1855/1879 1816/1856/1880
f 1816/1856/1880 1829/1857/1881 1817/1858/1882
f 1818/1859/1883 1829/1857/1881 1830/1860/1884
f 1818/1859/1883 1831/1861/1885 1819/1862/1886
f 1820/1863/1887 1831/1861/1885 1832/1864/1888
f 1820/1863/1887 1833/1865/1889 1821/1866/1890
f 1822/1867/1891 1833/1865/1889 1834/1868/1892
f 1822/1867/1891 1835/1869/1893 1823/1870/1894
f 1824/1871/1895 1835/1869/1893 1836/1872/1292
f 1824/1871/1895 1837/1873/1896 1825/1874/1897
f 1826/1875/1898 1837/1873/1896 1838/1876/1899
f 1815/1854/1878 1838/1876/1899 1827/1877/1900
f 1828/1855/1879 1803/1830/1901 1804/1832/1902
f 1829/1857/1881 1804/1832/1902 1805/1834/1903
f 1830/1860/1884 1805/1834/1903 1806/1835/1904
f 1830/1860/1884 1807/1838/1905 1831/1861/1885
f 1832/1864/1888 1807/1838/1905 1808/1840/1906
f 1833/1865/1889 1808/1840/1906 1809/1842/1907
f 1834/1868/1892 1809/1842/1907 1810/1843/1908
f 1835/1869/1893 1810/1843/1908 1811/1845/1909
f 1836/1872/1292 1811/1845/1909 1812/1848/1910
f 1836/1872/1292 1813/1850/1911 1837/1873/1896
f 1837/1873/1896 1814/1851/1912 1838/1876/1899
f 1827/1877/1900 1814/1851/1912 1803/1830/1901
f 1840/1878/1913 1815/1854/1878 1816/1856/1880
f 1845/1879/1914 1820/1863/1887 1821/1866/1890
f 1822/1867/1891 1845/1879/1914 1821/1866/1890
f 1815/1854/1878 1850/1880/1915 1826/1875/1898
f 1817/1858/1882 1840/1878/1913 1816/1856/1880
f 1823/1870/1894 1846/1881/1916 1822/1867/1891
f 1850/1880/1915 1825/1874/1897 1826/1875/1898
f 1823/1870/1894 1848/1882/1917 1847/1883/1918
f 1825/1874/1897 1848/1882/1917 1824/1871/1895
f 1854/1884/1919 1707/1885/1920 1708/1886/1921
f 1709/1887/1922 1854/1884/1919 1708/1886/1921
f 1864/1888/1923 1709/1887/1922 1710/1889/1924
f 1711/1890/1925 1864/1888/1923 1710/1889/1924
f 1852/1891/629 1710/1889/1924 1709/1887/1922
f 1852/1891/629 1708/1886/1921 1707/1885/1920
f 1844/1892/1926 1819/1862/1886 1820/1863/1887
f 1817/1858/1882 1842/1893/1927 1841/1894/1928
f 1819/1862/1886 1842/1893/1927 1818/1859/1883
f 1860/1895/1929 1713/1896/1930 1714/1897/1931
f 1715/1898/1932 1860/1895/1929 1714/1897/1931
f 1716/1899/1933 1859/1900/1934 1715/1898/1932
f 1857/1901/1935 1716/1899/1933 1717/1902/1936
f 1711/1890/1925 1862/1903/1937 1863/1904/1938
f 1713/1896/1930 1862/1903/1937 1712/1905/1939
f 1717/1902/1936 1856/1906/1940 1857/1901/1935
f 1707/1885/1920 1856/1906/1940 1718/1907/1941
f 1851/1908/1942 1717/1902/1936 1853/1909/629
f 1851/1908/1942 1711/1890/1925 1852/1891/629
f 1853/1909/629 1714/1897/1931 1713/1896/1930
f 1851/1908/1942 1707/1885/1920 1718/1907/1941
f 1853/1909/629 1716/1899/1933 1715/1898/1932
f 1713/1896/1930 1851/1908/1942 1853/1909/629
f 1854/1884/1919 1841/1894/1928 1855/1910/1943
f 1855/1910/1943 1842/1893/1927 1856/1906/1940
f 1857/1901/1935 1842/1893/1927 1843/1911/1944
f 1857/1901/1935 1844/1892/1926 1858/1912/1945
f 1859/1900/1934 1844/1892/1926 1845/1879/1914
f 1859/1900/1934 1846/1881/1916 1860/1895/1929
f 1860/1895/1929 1847/1883/1918 1861/1913/1946
f 1862/1903/1937 1847/1883/1918 1848/1882/1917
f 1863/1904/1938 1848/1882/1917 1849/1914/1947
f 1864/1888/1923 1849/1914/1947 1850/1880/1915
f 1865/1915/1948 1850/1880/1915 1839/1916/1949
f 1865/1915/1948 1840/1878/1913 1854/1884/1919
f 1719/1852/629 2228/1917/1950 1720/1853/629
f 2251/1918/1951 1867/1546/1952 2253/1919/1953
f 1721/1831/629 2228/1917/1950 2230/1920/1954
f 2255/1921/1955 1867/1546/1952 1870/1548/1956
f 1721/1831/629 2232/1922/1957 1722/1833/629
f 2255/1921/1955 1872/1549/1952 2257/1923/1958
f 1722/1833/629 2234/1924/1959 1723/1836/629
f 2257/1923/1958 1874/1552/1952 2259/1925/1960
f 1723/1836/629 2236/1926/1961 1724/1837/629
f 2261/1927/1962 1874/1552/1952 1876/1554/1952
f 1724/1837/629 2238/1928/1963 1725/1839/629
f 2263/1929/1964 1876/1554/1952 1878/1555/1952
f 1726/1841/629 2238/1928/1963 2240/1930/1965
f 2263/1929/1964 1880/1558/1952 2265/1931/1966
f 1726/1841/629 2242/1932/1967 1727/1844/629
f 2267/1933/1968 1880/1558/1952 1882/1559/1952
f 1727/1844/629 2244/1934/1969 1728/1846/629
f 2267/1933/1968 1884/1562/1952 2269/1935/1970
f 1729/1847/629 2244/1934/1969 2246/1936/1971
f 2271/1937/1972 1884/1562/1952 1886/1564/1952
f 1730/1849/629 2246/1936/1971 2248/1938/1973
f 2271/1937/1972 1888/1565/1952 2273/1939/1974
f 1719/1852/629 2248/1938/1973 2227/1940/1975
f 2251/1918/1951 1888/1565/1952 1866/1544/1952
f 1731/1568/1722 1869/1545/629 1868/1567/629
f 1733/1571/1725 1869/1545/629 1732/1570/1724
f 1734/1574/1728 1871/1547/629 1733/1571/1725
f 1734/1574/1728 1875/1551/629 1873/1550/629
f 1736/1578/1732 1875/1551/629 1735/1576/1730
f 1737/1580/1734 1877/1553/629 1736/1578/1732
f 1737/1580/1734 1881/1557/629 1879/1556/629
f 1739/1584/1738 1881/1557/629 1738/1582/1736
f 1739/1584/1738 1885/1561/629 1883/1560/629
f 1741/1588/1742 1885/1561/629 1740/1586/1740
f 1742/1590/1744 1887/1563/629 1741/1588/1742
f 1742/1590/1744 1868/1567/629 1889/1566/1942
f 2179/1941/1976 1894/1644/1952 2181/1942/1977
f 2183/1943/1978 1894/1644/1952 1896/1646/1952
f 2185/1944/1979 1896/1646/1952 1898/1648/1952
f 2185/1944/1979 1900/1650/1952 2187/1945/1980
f 2189/1946/1981 1900/1650/1952 1902/1652/1952
f 2189/1946/1981 1904/1653/1952 2191/1947/1982
f 2191/1947/1982 1906/1655/1952 2193/1948/1983
f 2195/1949/1984 1906/1655/1952 1908/1657/1952
f 2197/1950/1985 1908/1657/1952 1910/1658/1952
f 2197/1950/1985 1912/1661/1952 2199/1951/1986
f 2201/1952/1987 1912/1661/1952 1890/1640/1952
f 2201/1952/1987 1891/1642/1952 2179/1941/1976
f 1756/1665/1772 1892/1662/629 1755/1663/1770
f 1757/1666/1773 1893/1641/629 1756/1665/1772
f 1758/1669/1776 1895/1643/629 1757/1666/1773
f 1759/1670/1777 1897/1645/629 1758/1669/1776
f 1759/1670/1777 1901/1649/629 1899/1647/629
f 1761/1675/1782 1901/1649/629 1760/1672/1779
f 1761/1675/1782 1905/1645/629 1903/1651/629
f 1762/1677/1784 1907/1654/629 1905/1645/629
f 1763/1678/1785 1909/1656/629 1907/1654/629
f 1765/1682/1789 1909/1656/629 1764/1681/1788
f 1766/1685/1792 1911/1659/629 1765/1682/1789
f 1766/1685/1792 1892/1662/629 1913/1660/629
f 2133/1953/1988 1776/1704/1952 1777/1705/1952
f 2133/1953/1988 1778/1708/1952 2135/1954/1989
f 2137/1955/1990 1778/1708/1952 1767/1686/1952
f 2139/1956/1991 1767/1686/1952 1768/1688/1952
f 2141/1957/1992 1768/1688/1952 1769/1690/1952
f 2141/1957/1992 1770/1692/1952 2143/1958/1993
f 2145/1959/1994 1770/1692/1952 1771/1694/1952
f 2145/1959/1994 1772/1696/1952 2147/1960/1995
f 2147/1960/1995 1773/1698/1952 2149/1961/1996
f 2151/1962/1997 1773/1698/1952 1774/1700/1952
f 2151/1962/1997 1775/1701/1952 2153/1963/1998
f 2153/1963/1998 1776/1704/1952 2131/1964/1999
f 1914/1683/1790 2130/1965/2000 1915/1684/1791
f 1916/1680/1793 2130/1965/2000 2132/1966/2001
f 1916/1680/1793 2134/1967/2002 1917/1664/1771
f 1918/1667/1774 2134/1967/2002 2136/1968/2003
f 1919/1668/1775 2136/1968/2003 2138/1969/2004
f 1920/1671/1778 2138/1969/2004 2140/1970/2005
f 1921/1673/1780 2140/1970/2005 2142/1971/2006
f 1921/1673/1780 2144/1972/2007 1922/1674/1781
f 1922/1674/1781 2146/1973/2008 1923/1676/1783
f 1924/1679/1786 2146/1973/2008 2148/1974/2009
f 1924/1679/1786 2150/1975/2010 1925/1680/1787
f 1914/1683/1790 2150/1975/2010 2152/1976/2011
f 1780/1709/629 2059/1977/2012 2060/1978/2013
f 2085/1979/2014 1948/1756/1952 1926/1734/1952
f 1780/1709/629 2062/1980/2015 1781/1687/629
f 2085/1979/2014 1927/1736/1952 2087/1981/2016
f 1781/1687/629 2064/1982/2017 1782/1689/629
f 2087/1981/2016 1930/1738/1952 2089/1983/2018
f 1783/1691/629 2064/1982/2017 2066/1984/2019
f 2089/1983/2018 1932/1740/1952 2091/1985/2020
f 1783/1691/629 2068/1986/2021 1784/1693/629
f 2093/1987/2022 1932/1740/1952 1934/1741/1952
f 1785/1695/629 2068/1986/2021 2070/1988/2023
f 2095/1989/2024 1934/1741/1952 1936/1743/1952
f 1786/1697/629 2070/1988/2023 2072/1990/2025
f 2095/1989/2024 1938/1746/1952 2097/1991/2026
f 1786/1697/629 2074/1992/2027 1787/1699/629
f 2099/1993/2028 1938/1746/1952 1940/1748/1952
f 1787/1699/629 2076/1994/2029 1788/1702/629
f 2099/1993/2028 1942/1749/1952 2101/1995/2030
f 1789/1703/629 2076/1994/2029 2078/1996/2031
f 2101/1995/2030 1944/1752/1952 2103/1997/2032
f 1789/1703/629 2080/1998/2033 1790/1706/629
f 2103/1997/2032 1946/1753/1952 2105/1999/2034
f 1779/1707/629 2080/1998/2033 2059/1977/2012
f 2083/2000/2035 1946/1753/1952 1948/1756/1952
f 2110/2001/2036 1928/1757/629 2108/2002/2037
f 2110/2001/2036 1931/1737/629 1929/1735/629
f 2112/2003/2038 1933/1739/629 1931/1737/629
f 2116/2004/2039 1933/1739/629 2114/2005/2040
f 2118/2006/2041 1935/1742/629 2116/2004/2039
f 2118/2006/2041 1939/1745/629 1937/1744/629
f 2122/2007/2042 1939/1745/629 2120/2008/2043
f 2124/2009/2044 1941/1747/629 2122/2007/2042
f 2124/2009/2044 1945/1751/629 1943/1750/629
f 2126/2010/2045 1947/1754/629 1945/1751/629
f 2128/2011/2046 1949/1755/629 1947/1754/629
f 2106/2012/2047 1928/1757/629 1949/1755/629
s 2
f 1950/2013/2048 1976/2014/2049 1951/2015/2050
f 1952/2016/2051 1976/2014/2049 1977/2017/2052
f 1952/2016/2051 1978/2018/2053 1953/2019/2054
f 1954/2020/2055 1978/2018/2053 1979/2021/2056
f 1955/2022/2057 1979/2021/2056 1980/2023/2058
f 1955/2022/2057 1981/2024/2059 1956/2025/2060
f 1956/2025/2060 1982/2026/2061 1957/2027/2062
f 1958/2028/2063 1982/2026/2061 1983/2029/2064
f 1958/2028/2063 1984/2030/2065 1959/2031/2066
f 1960/2032/2067 1984/2030/2065 1985/2033/2068
f 1960/2032/2067 1974/2034/2069 1961/2035/2070
f 1950/2013/2048 1974/2034/2069 1975/2036/2071
f 1963/1804/1864 1961/2035/2070 1950/2013/2048
f 1964/1805/1865 1950/2013/2048 1951/2015/2050
f 1964/1805/1865 1952/2016/2051 1965/1783/1843
f 1966/1785/1845 1952/2016/2051 1953/2019/2054
f 1967/1788/1848 1953/2019/2054 1954/2020/2055
f 1967/1788/1848 1955/2022/2057 1968/1789/1849
f 1968/1789/1849 1956/2025/2060 1969/1792/1852
f 1970/1794/1854 1956/2025/2060 1957/2027/2062
f 1970/1794/1854 1958/2028/2063 1971/1796/1856
f 1971/1796/1856 1959/2031/2066 1972/1797/1857
f 1973/1799/1859 1959/2031/2066 1960/2032/2067
f 1973/1799/1859 1961/2035/2070 1962/1802/1862
f 1975/2036/2071 1801/1826/2072 1802/1828/2073
f 1975/2036/2071 1791/1829/2074 1976/2014/2049
f 1977/2017/2052 1791/1829/2074 1792/1806/2075
f 1977/2017/2052 1793/1810/2076 1978/2018/2053
f 1978/2018/2053 1794/1811/2077 1979/2021/2056
f 1980/2023/2058 1794/1811/2077 1795/1814/2078
f 1981/2024/2059 1795/1814/2078 1796/1815/2079
f 1981/2024/2059 1797/1818/2080 1982/2026/2061
f 1983/2029/2064 1797/1818/2080 1798/1819/2081
f 1983/2029/2064 1799/1821/2082 1984/2030/2065
f 1984/2030/2065 1800/1823/2083 1985/2033/2068
f 1974/2034/2069 1800/1823/2083 1801/1826/2072
f 2013/2037/2084 1998/2038/1721 1999/2039/1712
f 2013/2037/2084 2000/2040/124 2015/2041/2085
f 2017/2042/2086 2000/2040/124 2001/2043/1713
f 2017/2042/2086 2002/2044/1714 2019/2045/2087
f 2019/2045/2087 2003/2046/1715 2021/2047/2088
f 2021/2047/2088 2004/2048/1716 2023/2049/2089
f 2023/2049/2089 2005/2050/1717 2025/2051/2090
f 2025/2051/2090 2006/2052/737 2027/2053/2091
f 2027/2053/2091 2007/2054/1718 2029/2055/2092
f 2029/2055/2092 2008/2056/1719 2031/2057/2093
f 2031/2057/2093 2009/2058/1720 2033/2059/2094
f 2033/2059/2094 1998/2038/1721 2010/2060/2095
f 1986/1820/2096 2012/2061/2097 1987/1822/2098
f 1987/1822/2098 2014/2062/2099 1988/1824/2100
f 1989/1825/2101 2014/2062/2099 2016/2063/2102
f 1990/1827/2103 2016/2063/2102 2018/2064/2104
f 1991/1807/2105 2018/2064/2104 2020/2065/2106
f 1992/1808/2107 2020/2065/2106 2022/2066/2108
f 1992/1808/2107 2024/2067/2109 1993/1809/2110
f 1994/1812/2111 2024/2067/2109 2026/2068/2112
f 1994/1812/2111 2028/2069/2113 1995/1813/2114
f 1996/1816/2115 2028/2069/2113 2030/2070/2116
f 1996/1816/2115 2032/2071/2117 1997/1817/2118
f 1986/1820/2096 2032/2071/2117 2011/2072/2119
f 2011/2072/2119 2033/2059/2094 2010/2060/2095
f 2010/2060/2095 2012/2061/2097 2011/2072/2119
f 2012/2061/2097 2015/2041/2085 2014/2062/2099
f 2015/2041/2085 2016/2063/2102 2014/2062/2099
f 2016/2063/2102 2019/2045/2087 2018/2064/2104
f 2018/2064/2104 2021/2047/2088 2020/2065/2106
f 2021/2047/2088 2022/2066/2108 2020/2065/2106
f 2022/2066/2108 2025/2051/2090 2024/2067/2109
f 2024/2067/2109 2027/2053/2091 2026/2068/2112
f 2027/2053/2091 2028/2069/2113 2026/2068/2112
f 2029/2055/2092 2030/2070/2116 2028/2069/2113
f 2031/2057/2093 2032/2071/2117 2030/2070/2116
f 2034/1782/1842 2056/1781/2120 2057/1803/1863
f 2034/1782/1842 2036/1761/2121 2035/1759/2122
f 2036/1761/2121 2039/1786/1846 2038/1763/2123
f 2039/1786/1846 2040/1765/2124 2038/1763/2123
f 2040/1765/2124 2043/1790/1850 2042/1767/2125
f 2043/1790/1850 2044/1769/2126 2042/1767/2125
f 2044/1769/2126 2047/1793/1853 2046/1771/2127
f 2047/1793/1853 2048/1774/2128 2046/1771/2127
f 2049/1795/1855 2050/1776/2129 2048/1774/2128
f 2051/1798/1858 2052/1777/2130 2050/1776/2129
f 2052/1777/2130 2055/1801/1861 2054/1780/2131
f 2054/1780/2131 2057/1803/1863 2056/1781/2120
s 1
f 2058/1710/1794 2080/1998/2033 2081/1731/1815
f 2058/1710/1794 2060/1978/2013 2059/1977/2012
f 2060/1978/2013 2063/1714/1798 2062/1980/2015
f 2062/1980/2015 2065/1715/1799 2064/1982/2017
f 2064/1982/2017 2067/1717/1801 2066/1984/2019
f 2067/1717/1801 2068/1986/2021 2066/1984/2019
f 2069/1720/1804 2070/1988/2023 2068/1986/2021
f 2071/1722/1806 2072/1990/2025 2070/1988/2023
f 2072/1990/2025 2075/1726/1810 2074/1992/2027
f 2075/1726/1810 2076/1994/2029 2074/1992/2027
f 2076/1994/2029 2079/1730/1814 2078/1996/2031
f 2079/1730/1814 2080/1998/2033 2078/1996/2031
f 2083/2000/2035 2104/1732/1816 2105/1999/2034
f 2082/1733/1817 2085/1979/2014 2084/1711/1795
f 2085/1979/2014 2086/1713/1797 2084/1711/1795
f 2087/1981/2016 2088/1716/1800 2086/1713/1797
f 2088/1716/1800 2091/1985/2020 2090/1718/1802
f 2091/1985/2020 2092/1719/1803 2090/1718/1802
f 2093/1987/2022 2094/1721/1805 2092/1719/1803
f 2094/1721/1805 2097/1991/2026 2096/1723/1807
f 2097/1991/2026 2098/1725/1809 2096/1723/1807
f 2099/1993/2028 2100/1728/1812 2098/1725/1809
f 2100/1728/1812 2103/1997/2032 2102/1729/1813
f 2103/1997/2032 2104/1732/1816 2102/1729/1813
f 2107/1758/1818 2128/2011/2046 2129/1779/1839
f 2106/2012/2047 2109/1760/1820 2108/2002/2037
f 2109/1760/1820 2110/2001/2036 2108/2002/2037
f 2111/1762/1822 2112/2003/2038 2110/2001/2036
f 2112/2003/2038 2115/1766/1826 2114/2005/2040
f 2115/1766/1826 2116/2004/2039 2114/2005/2040
f 2116/2004/2039 2119/1770/1830 2118/2006/2041
f 2118/2006/2041 2121/1772/1832 2120/2008/2043
f 2121/1772/1832 2122/2007/2042 2120/2008/2043
f 2123/1773/1833 2124/2009/2044 2122/2007/2042
f 2125/1775/1835 2126/2010/2045 2124/2009/2044
f 2127/1778/1838 2128/2011/2046 2126/2010/2045
f 2131/1964/1999 2152/1976/2011 2153/1963/1998
f 2131/1964/1999 2132/1966/2001 2130/1965/2000
f 2132/1966/2001 2135/1954/1989 2134/1967/2002
f 2134/1967/2002 2137/1955/1990 2136/1968/2003
f 2136/1968/2003 2139/1956/1991 2138/1969/2004
f 2138/1969/2004 2141/1957/1992 2140/1970/2005
f 2141/1957/1992 2142/1971/2006 2140/1970/2005
f 2142/1971/2006 2145/1959/1994 2144/1972/2007
f 2145/1959/1994 2146/1973/2008 2144/1972/2007
f 2147/1960/1995 2148/1974/2009 2146/1973/2008
f 2149/1961/1996 2150/1975/2010 2148/1974/2009
f 2151/1962/1997 2152/1976/2011 2150/1975/2010
f 2154/1639/1769 2176/2073/2132 2177/1637/1767
f 2154/1639/1769 2156/2074/2133 2155/2075/2134
f 2156/2074/2133 2159/1620/1750 2158/2076/2135
f 2159/1620/1750 2160/2077/2136 2158/2076/2135
f 2161/1622/1752 2162/2078/2137 2160/2077/2136
f 2162/2078/2137 2165/1626/1756 2164/2079/2138
f 2164/2079/2138 2167/1627/1757 2166/2080/2139
f 2167/1627/1757 2168/2081/2140 2166/2080/2139
f 2169/1630/1760 2170/2082/2141 2168/2081/2140
f 2171/1632/1762 2172/2083/2142 2170/2082/2141
f 2172/2083/2142 2175/1636/1766 2174/2084/2143
f 2175/1636/1766 2176/2073/2132 2174/2084/2143
f 2179/1941/1976 2200/1638/1768 2201/1952/1987
f 2178/1617/1747 2181/1942/1977 2180/1618/1748
f 2181/1942/1977 2182/1619/1749 2180/1618/1748
f 2182/1619/1749 2185/1944/1979 2184/1621/1751
f 2184/1621/1751 2187/1945/1980 2186/1624/1754
f 2187/1945/1980 2188/1625/1755 2186/1624/1754
f 2189/1946/1981 2190/1628/1758 2188/1625/1755
f 2190/1628/1758 2193/1948/1983 2192/1629/1759
f 2193/1948/1983 2194/1631/1761 2192/1629/1759
f 2195/1949/1984 2196/1634/1764 2194/1631/1761
f 2196/1634/1764 2199/1951/1986 2198/1635/1765
f 2199/1951/1986 2200/1638/1768 2198/1635/1765
f 1744/1575/1729 2202/1592/1952 2203/1594/1952
f 2205/1593/629 2155/2075/2134 2156/2074/2133
f 1745/1577/1731 2203/1594/1952 2206/1596/1952
f 2158/2076/2135 2205/1593/629 2156/2074/2133
f 1746/1579/1733 2206/1596/1952 2208/1598/1952
f 2209/1597/629 2158/2076/2135 2160/2077/2136
f 1746/1579/1733 2210/1600/1952 1747/1581/1735
f 2211/1599/629 2160/2077/2136 2162/2078/2137
f 1748/1583/1737 2210/1600/1952 2212/1602/1952
f 2164/2079/2138 2211/1599/629 2162/2078/2137
f 1748/1583/1737 2214/1604/1952 1749/1585/1739
f 2166/2080/2139 2213/1601/629 2164/2079/2138
f 1749/1585/1739 2216/1605/1952 1750/1587/1741
f 2217/1606/629 2166/2080/2139 2168/2081/2140
f 1750/1587/1741 2218/1608/1952 1751/1589/1743
f 2170/2082/2141 2217/1606/629 2168/2081/2140
f 1751/1589/1743 2220/1609/1952 1752/1591/1745
f 2221/1610/629 2170/2082/2141 2172/2083/2142
f 1752/1591/1745 2222/1612/1952 1753/1569/1723
f 2223/1611/629 2172/2083/2142 2174/2084/2143
f 1754/1572/1726 2222/1612/1952 2224/1613/1952
f 2176/2073/2132 2223/1611/629 2174/2084/2143
f 1743/1573/1727 2224/1613/1952 2202/1592/1952
f 2155/2075/2134 2225/1614/629 2176/2073/2132
f 2226/1520/1688 2248/1938/1973 2249/1542/1710
f 2227/1940/1975 2229/1522/1690 2228/1917/1950
f 2229/1522/1690 2230/1920/1954 2228/1917/1950
f 2231/1523/1691 2232/1922/1957 2230/1920/1954
f 2233/1526/1694 2234/1924/1959 2232/1922/1957
f 2235/1528/1696 2236/1926/1961 2234/1924/1959
f 2237/1530/1698 2238/1928/1963 2236/1926/1961
f 2238/1928/1963 2241/1534/1702 2240/1930/1965
f 2241/1534/1702 2242/1932/1967 2240/1930/1965
f 2242/1932/1967 2245/1538/1706 2244/1934/1969
f 2245/1538/1706 2246/1936/1971 2244/1934/1969
f 2246/1936/1971 2249/1542/1710 2248/1938/1973
f 2250/1543/1711 2273/1939/1974 2251/1918/1951
f 2250/1543/1711 2253/1919/1953 2252/1521/1689
f 2253/1919/1953 2254/1524/1692 2252/1521/1689
f 2254/1524/1692 2257/1923/1958 2256/1525/1693
f 2257/1923/1958 2258/1527/1695 2256/1525/1693
f 2259/1925/1960 2260/1529/1697 2258/1527/1695
f 2260/1529/1697 2263/1929/1964 2262/1531/1699
f 2263/1929/1964 2264/1533/1701 2262/1531/1699
f 2264/1533/1701 2267/1933/1968 2266/1535/1703
f 2267/1933/1968 2268/1537/1705 2266/1535/1703
f 2269/1935/1970 2270/1539/1707 2268/1537/1705
f 2270/1539/1707 2273/1939/1974 2272/1541/1709
f 2340/2085/124 2343/2086/2144 2341/2087/124
f 2341/2088/124 2345/2089/2145 2344/2090/124
f 2344/2091/124 2347/2092/2146 2346/2093/2147
f 2340/2094/124 2349/2095/2148 2342/2096/2149
f 2351/2097/2150 2353/2098/2151 2350/2099/2152
f 2355/2100/124 2357/2101/124 2354/2102/124
f 2358/2103/124 2356/2104/124 2355/2105/124
f 2360/2106/2153 2359/2107/124 2358/2108/124
f 2354/2109/124 2363/2110/2154 2362/2111/2155
f 2356/2112/124 2365/2113/124 2357/2114/124
f 2359/2115/124 2364/2116/124 2356/2117/124
f 2361/2118/2156 2366/2119/124 2359/2120/124
f 2357/2121/124 2368/2122/2157 2363/2123/2154
f 2367/2124/2158 2370/2125/124 2366/2119/124
f 2366/2126/124 2371/2127/124 2364/2116/124
f 2364/2128/124 2372/2129/124 2365/2113/124
f 2365/2130/124 2373/2131/2159 2368/2122/2157
f 2371/2132/124 2375/2133/124 2372/2134/124
f 2370/2135/124 2374/2136/124 2371/2137/124
f 2369/2138/2160 2376/2139/124 2370/2140/124
f 2372/2141/124 2378/2142/2161 2373/2143/2159
f 2377/2144/2162 2380/2145/124 2376/2139/124
f 2376/2146/124 2381/2147/124 2374/2136/124
f 2374/2148/124 2382/2149/124 2375/2133/124
f 2375/2150/124 2383/2151/2163 2378/2142/2161
f 2385/2152/124 2387/2153/2164 2384/2154/124
f 2385/2155/124 2389/2156/2165 2386/2157/2166
f 2389/2158/2165 2391/2159/2167 2386/2160/2166
f 2384/2161/124 2393/2162/2168 2392/2163/2169
f 2387/2164/2164 2395/2165/2170 2393/2166/2168
f 2379/2167/124 2396/2168/2171 2397/2169/124
f 2399/2170/124 2400/2171/2172 2401/2172/2173
f 2397/2169/124 2398/2173/2174 2399/2170/124
f 2399/2170/124 2403/2174/2175 2402/2175/2176
f 2404/2176/2177 2399/2170/124 2402/2175/2176
f 2405/2177/2178 2397/2169/124 2404/2176/2177
f 2379/2178/124 2388/2179/2179 2380/2145/124
f 2380/2180/124 2385/2181/124 2381/2147/124
f 2381/2182/124 2384/2183/124 2382/2149/124
f 2382/2184/124 2392/2185/2169 2383/2151/2163
f 2348/2186/2180 2350/2099/2152 2349/2187/2148
f 2340/2188/124 2362/2111/2155 2348/2189/2180
f 2341/2190/124 2354/2102/124 2340/2191/124
f 2344/2192/124 2355/2105/124 2341/2193/124
f 2346/2194/2147 2358/2108/124 2344/2195/124
f 2280/2086/2181 2274/2085/737 2275/2087/737
f 2281/2089/2182 2275/2088/737 2276/2090/737
f 2282/2092/2183 2276/2091/737 2277/2093/2184
f 2274/2094/737 2283/2095/2185 2278/2196/2186
f 2285/2098/2187 2334/2097/2188 2333/2099/2189
f 2286/2197/737 2337/2198/737 2336/2199/737
f 2287/2200/737 2338/2201/737 2337/2202/737
f 2288/2107/737 2339/2106/2190 2338/2108/737
f 2290/2110/2191 2336/2109/737 2335/2111/2192
f 2299/2203/737 2287/2204/737 2286/2205/737
f 2298/2206/737 2288/2207/737 2287/2208/737
f 2297/2119/737 2289/2118/2193 2288/2120/737
f 2300/2122/2194 2286/2121/737 2290/2123/2191
f 2293/2125/737 2296/2124/2195 2297/2119/737
f 2292/2209/737 2297/2210/737 2298/2206/737
f 2291/2211/737 2298/2212/737 2299/2203/737
f 2295/2131/2196 2299/2130/737 2300/2122/2194
f 2309/2213/737 2292/2214/737 2291/2215/737
f 2308/2216/737 2293/2217/737 2292/2218/737
f 2307/2139/737 2294/2138/2197 2293/2140/737
f 2310/2142/2198 2291/2141/737 2295/2143/2196
f 2329/2145/737 2306/2144/2199 2307/2139/737
f 2330/2219/737 2307/2220/737 2308/2216/737
f 2331/2221/737 2308/2222/737 2309/2213/737
f 2332/2151/2200 2309/2150/737 2310/2142/2198
f 2311/2153/2201 2302/2152/737 2301/2154/737
f 2302/2155/737 2313/2156/2202 2303/2223/2203
f 2314/2159/2204 2313/2158/2202 2312/2160/2205
f 2316/2162/2206 2301/2161/737 2305/2163/2207
f 2317/2165/2208 2311/2164/2201 2316/2166/2206
f 2328/2167/737 2323/2168/2209 2306/2224/2199
f 2326/2170/737 2319/2171/2210 2321/2173/2211
f 2327/2169/737 2321/2173/2211 2323/2168/2209
f 2320/2174/2212 2326/2170/737 2322/2175/2213
f 2324/2176/2214 2326/2170/737 2327/2169/737
f 2304/2177/2215 2327/2169/737 2328/2167/737
f 2303/2179/2203 2328/2178/737 2329/2145/737
f 2302/2225/737 2329/2226/737 2330/2219/737
f 2301/2227/737 2330/2228/737 2331/2221/737
f 2305/2185/2207 2331/2184/737 2332/2151/2200
f 2333/2099/2189 2278/2186/2186 2283/2187/2185
f 2335/2111/2192 2274/2188/737 2278/2189/2186
f 2336/2199/737 2275/2229/737 2274/2230/737
f 2337/2202/737 2276/2231/737 2275/2232/737
f 2338/2108/737 2277/2194/2184 2276/2195/737
f 2280/2086/2181 2342/2233/2149 2279/2233/2216
f 2281/2089/2182 2343/2234/2144 2280/2234/2181
f 2282/2092/2183 2345/2235/2145 2281/2235/2182
f 2277/2093/2184 2347/2092/2146 2282/2092/2183
f 2279/2096/2216 2349/2095/2148 2283/2095/2185
f 2334/2097/2188 2352/2236/2217 2351/2097/2150
f 2285/2098/2187 2352/2236/2217 2284/2236/2218
f 2333/2099/2189 2353/2098/2151 2285/2098/2187
f 2289/2237/2193 2360/2106/2153 2339/2106/2190
f 2335/2111/2192 2363/2110/2154 2290/2110/2191
f 2289/2118/2193 2367/2124/2158 2361/2118/2156
f 2290/2123/2191 2368/2122/2157 2300/2122/2194
f 2296/2124/2195 2369/2238/2160 2367/2124/2158
f 2300/2122/2194 2373/2131/2159 2295/2131/2196
f 2294/2138/2197 2377/2144/2162 2369/2138/2160
f 2295/2143/2196 2378/2142/2161 2310/2142/2198
f 2310/2142/2198 2383/2151/2163 2332/2151/2200
f 2311/2153/2201 2386/2239/2166 2312/2239/2205
f 2303/2223/2203 2389/2156/2165 2388/2223/2179
f 2315/2240/2219 2389/2158/2165 2313/2158/2202
f 2315/2240/2219 2391/2159/2167 2390/2240/2220
f 2312/2160/2205 2391/2159/2167 2314/2159/2204
f 2305/2163/2207 2393/2162/2168 2316/2162/2206
f 2311/2164/2201 2394/2241/2221 2387/2164/2164
f 2317/2165/2208 2394/2241/2221 2318/2241/2222
f 2316/2166/2206 2395/2165/2170 2317/2165/2208
f 2306/2224/2199 2396/2168/2171 2377/2224/2162
f 2319/2171/2210 2398/2173/2174 2321/2173/2211
f 2325/2172/2223 2400/2171/2172 2319/2171/2210
f 2321/2173/2211 2396/2168/2171 2323/2168/2209
f 2325/2172/2223 2403/2174/2175 2401/2172/2173
f 2320/2174/2212 2402/2175/2176 2403/2174/2175
f 2324/2176/2214 2402/2175/2176 2322/2175/2213
f 2304/2177/2215 2404/2176/2177 2324/2176/2214
f 2303/2179/2203 2405/2242/2178 2304/2242/2215
f 2332/2151/2200 2392/2185/2169 2305/2185/2207
f 2278/2186/2186 2351/2097/2150 2348/2186/2180
f 2283/2187/2185 2350/2099/2152 2333/2099/2189
f 2278/2189/2186 2362/2111/2155 2335/2111/2192
f 2339/2106/2190 2346/2194/2147 2277/2194/2184
f 2442/2243/2224 2444/2244/2224 2443/2245/2224
f 2443/2245/2224 2447/2246/2224 2446/2247/2224
s 2
f 2446/2247/2224 2449/2248/2224 2448/2249/2224
f 2449/2248/2224 2442/2243/2224 2448/2249/2224
f 2452/2250/2225 2450/2251/2226 2443/2245/2225
f 2450/2251/2226 2454/2252/2226 2453/2253/2226
s 4
f 2454/2252/2226 2446/2247/2226 2453/2253/2226
f 2455/2254/2226 2443/2245/2226 2446/2247/2226
s 1
f 2450/2251/2227 2457/2255/2228 2456/2256/2228
f 2456/2256/2228 2460/2257/2227 2459/2258/2227
s 8
f 2459/2258/2227 2461/2259/2227 2453/2253/2227
f 2461/2259/2227 2450/2251/2227 2453/2253/2227
s 2
f 2456/2256/2229 2463/2260/2229 2462/2261/2229
f 2462/2261/2229 2466/2262/2229 2465/2263/2229
s 4
f 2465/2263/2229 2467/2264/2229 2459/2258/2229
f 2467/2264/2229 2456/2256/2229 2459/2258/2229
s 1
f 2462/2261/2230 2469/2265/2230 2468/2266/2231
f 2468/2266/2231 2472/2267/2230 2471/2268/2230
s 8
f 2471/2268/2230 2473/2269/2230 2465/2263/2230
f 2473/2269/2230 2462/2261/2230 2465/2263/2230
s 4
f 2468/2266/2232 2474/2270/2233 2442/2243/2233
f 2442/2243/2233 2476/2271/2232 2448/2249/2232
s 16
f 2448/2249/2232 2477/2272/2232 2471/2268/2232
f 2477/2272/2232 2468/2266/2232 2471/2268/2232
s 1
f 2407/2273/2234 2418/2274/2234 2406/2275/2234
s 2
f 2407/2273/2235 2420/2276/2235 2419/2277/2235
f 2413/2278/2235 2421/2279/2235 2420/2276/2235
s 1
f 2406/2275/2234 2421/2279/2235 2412/2280/2235
s 4
f 2407/2273/2236 2423/2281/2236 2422/2282/2236
s 1
f 2408/2283/2236 2424/2284/2236 2423/2281/2236
f 2414/2285/2236 2425/2286/2236 2424/2284/2236
s 4
f 2407/2273/2236 2425/2286/2236 2413/2278/2236
s 2
f 2409/2287/2237 2426/2288/2237 2408/2283/2237
s 4
f 2409/2287/2237 2428/2289/2237 2427/2290/2237
f 2414/2285/2237 2428/2289/2237 2415/2291/2237
s 2
f 2408/2283/2237 2429/2292/2237 2414/2285/2237
s 1
f 2410/2293/2238 2430/2294/2238 2409/2287/2238
s 2
f 2410/2293/2239 2432/2295/2239 2431/2296/2239
f 2415/2291/2239 2432/2295/2239 2416/2297/2239
s 1
f 2409/2287/2238 2433/2298/2239 2415/2291/2239
s 4
f 2411/2299/2240 2434/2300/2241 2410/2293/2241
s 1
f 2411/2299/2241 2436/2301/2241 2435/2302/2241
f 2417/2303/2241 2437/2304/2241 2436/2301/2241
s 4
f 2410/2293/2241 2437/2304/2241 2416/2297/2241
s 2
f 2406/2275/2242 2438/2305/2242 2411/2299/2242
s 4
f 2406/2275/2242 2440/2306/2242 2439/2307/2242
f 2417/2303/2242 2440/2306/2242 2412/2280/2242
s 2
f 2411/2299/2242 2441/2308/2242 2417/2303/2242
s 4
f 2444/2244/2243 2418/2274/2244 2419/2277/2243
s 8
f 2420/2276/2245 2444/2244/2245 2419/2277/2245
s 4
f 2449/2248/2246 2420/2276/2246 2421/2279/2246
s 8
f 2445/2309/2247 2421/2279/2247 2418/2274/2247
f 2423/2281/2248 2452/2250/2248 2422/2282/2248
s 16
f 2424/2284/2249 2451/2310/2249 2423/2281/2249
s 8
f 2455/2254/2250 2424/2284/2250 2425/2286/2250
s 16
f 2422/2282/2251 2455/2254/2251 2425/2286/2251
f 2457/2255/2252 2426/2288/2252 2427/2290/2252
s 32
f 2428/2289/2253 2457/2255/2253 2427/2290/2253
s 16
f 2429/2292/2254 2460/2257/2254 2428/2289/2254
s 32
f 2426/2288/2255 2461/2259/2255 2429/2292/2255
s 8
f 2463/2260/2256 2430/2294/2257 2431/2296/2256
s 16
f 2466/2262/2258 2431/2296/2258 2432/2295/2258
s 8
f 2467/2264/2259 2432/2295/2259 2433/2298/2259
s 16
f 2464/2311/2260 2433/2298/2260 2430/2294/2260
s 2
f 2469/2265/2261 2434/2300/2261 2435/2302/2261
s 16
f 2436/2301/2262 2469/2265/2262 2435/2302/2262
s 2
f 2473/2269/2263 2436/2301/2264 2437/2304/2263
s 16
f 2470/2312/2265 2437/2304/2265 2434/2300/2265
s 1
f 2474/2270/2266 2438/2305/2266 2439/2307/2266
s 8
f 2476/2271/2267 2439/2307/2267 2440/2306/2267
s 1
f 2477/2272/2268 2440/2306/2269 2441/2308/2268
s 8
f 2475/2313/2270 2441/2308/2270 2438/2305/2270
s 1
f 2570/2314/2271 2569/2315/2272 2571/2316/1952
f 2572/2317/2273 2570/2314/2271 2571/2316/1952
f 2573/2318/2274 2572/2317/2273 2571/2316/1952
f 2574/2319/2275 2573/2318/2274 2571/2316/1952
f 2575/2320/2276 2574/2319/2275 2571/2316/1952
f 2569/2315/2272 2575/2320/2276 2571/2316/1952
f 2526/2321/2277 2527/2322/2278 2528/2323/629
f 2527/2322/2278 2529/2324/2279 2528/2323/629
f 2529/2324/2279 2530/2325/2280 2528/2323/629
f 2530/2325/2280 2531/2326/2281 2528/2323/629
f 2531/2326/2281 2532/2327/2282 2528/2323/629
f 2532/2327/2282 2526/2321/2277 2528/2323/629
f 2490/2321/2283 2548/2322/2284 2491/2322/2285
f 2491/2322/2285 2549/2324/2286 2492/2324/2287
f 2493/2325/2288 2549/2324/2286 2550/2325/2289
f 2494/2326/2290 2550/2325/2289 2545/2326/2291
f 2495/2327/2292 2545/2326/2291 2546/2327/2293
f 2495/2327/2292 2547/2321/2294 2490/2321/2283
f 2491/2322/2285 2496/2321/2295 2490/2321/2283
f 2492/2324/2287 2497/2322/2296 2491/2322/2285
f 2493/2325/2288 2498/2324/2297 2492/2324/2287
f 2494/2326/2290 2499/2325/2298 2493/2325/2288
f 2495/2327/2292 2500/2326/2299 2494/2326/2290
f 2490/2321/2283 2501/2327/2300 2495/2327/2292
f 2508/2321/2301 2536/2322/1718 2537/2321/1717
f 2512/2324/2302 2536/2322/1718 2509/2322/2303
f 2514/2325/2304 2535/2324/1720 2512/2324/2302
f 2516/2326/2305 2534/2325/1712 2514/2325/2304
f 2518/2327/2306 2533/2326/1713 2516/2326/2305
f 2518/2327/2306 2537/2321/1717 2538/2327/1715
f 2496/2321/2295 2509/2322/2303 2508/2321/2301
f 2502/2321/2307 2510/2322/2308 2503/2322/2309
f 2497/2322/2296 2512/2324/2302 2509/2322/2303
f 2504/2324/2310 2510/2322/2308 2513/2324/2311
f 2499/2325/2298 2512/2324/2302 2498/2324/2297
f 2504/2324/2310 2515/2325/2312 2505/2325/2313
f 2500/2326/2299 2514/2325/2304 2499/2325/2298
f 2505/2325/2313 2517/2326/2314 2506/2326/2315
f 2501/2327/2300 2516/2326/2305 2500/2326/2299
f 2507/2327/2316 2517/2326/2314 2519/2327/2317
f 2496/2321/2295 2518/2327/2306 2501/2327/2300
f 2507/2327/2316 2511/2321/2318 2502/2321/2307
f 2502/2321/2307 2542/2322/2319 2543/2321/2320
f 2504/2324/2310 2542/2322/2319 2503/2322/2309
f 2504/2324/2310 2540/2325/2321 2541/2324/2322
f 2506/2326/2315 2540/2325/2321 2505/2325/2313
f 2507/2327/2316 2539/2326/2323 2506/2326/2315
f 2507/2327/2316 2543/2321/2320 2544/2327/2324
f 2521/2322/2325 2526/2321/2277 2520/2321/2326
f 2522/2324/2327 2527/2322/2278 2521/2322/2325
f 2523/2325/2328 2529/2324/2279 2522/2324/2327
f 2524/2326/2329 2530/2325/2280 2523/2325/2328
f 2525/2327/2330 2531/2326/2281 2524/2326/2329
f 2520/2321/2326 2532/2327/2282 2525/2327/2330
f 2534/2325/1712 2517/2326/2314 2515/2325/2312
f 2534/2325/1712 2513/2324/2311 2535/2324/1720
f 2536/2322/1718 2513/2324/2311 2510/2322/2308
f 2536/2322/1718 2511/2321/2318 2537/2321/1717
f 2537/2321/1717 2519/2327/2317 2538/2327/1715
f 2533/2326/1713 2519/2327/2317 2517/2326/2314
f 2540/2325/2321 2524/2326/2329 2523/2325/2328
f 2541/2324/2322 2523/2325/2328 2522/2324/2327
f 2541/2324/2322 2521/2322/2325 2542/2322/2319
f 2543/2321/2320 2521/2322/2325 2520/2321/2326
f 2543/2321/2320 2525/2327/2330 2544/2327/2324
f 2544/2327/2324 2524/2326/2329 2539/2326/2323
f 2548/2328/2284 2554/2329/2331 2553/2328/2332
f 2549/2330/2286 2553/2331/2332 2556/2330/2333
f 2549/2332/2286 2558/2333/2334 2550/2333/2289
f 2550/2334/2289 2560/2335/2335 2545/2335/2291
f 2545/2336/2291 2562/2337/2336 2546/2337/2293
f 2547/2338/2294 2562/2339/2336 2554/2338/2331
f 2478/2315/2337 2564/2314/2338 2479/2314/2339
f 2480/2317/2340 2564/2314/2338 2565/2317/2341
f 2480/2317/2340 2566/2318/2342 2481/2318/2343
f 2563/2315/2344 2579/2314/2345 2564/2314/2338
f 2565/2317/2341 2579/2314/2345 2580/2317/2346
f 2565/2317/2341 2581/2318/2347 2566/2318/2342
f 2567/2319/2348 2581/2318/2347 2576/2319/2349
f 2567/2319/2348 2577/2320/2350 2568/2320/2351
f 2563/2315/2344 2577/2320/2350 2578/2315/2352
f 2577/2320/2350 2574/2319/2275 2575/2320/2276
f 2577/2320/2350 2569/2315/2272 2578/2315/2352
f 2578/2315/2352 2570/2314/2271 2579/2314/2345
f 2580/2317/2346 2570/2314/2271 2572/2317/2273
f 2580/2317/2346 2573/2318/2274 2581/2318/2347
f 2576/2319/2349 2573/2318/2274 2574/2319/2275
f 2482/2319/2353 2566/2318/2342 2567/2319/2348
f 2483/2320/2354 2567/2319/2348 2568/2320/2351
f 2563/2315/2344 2483/2320/2354 2568/2320/2351
f 2583/2340/2355 2478/2341/2337 2479/2342/2339
f 2584/2343/2356 2479/2344/2339 2480/2345/2340
f 2585/2346/2357 2480/2347/2340 2481/2348/2343
f 2586/2349/2358 2481/2350/2343 2482/2351/2353
f 2587/2352/2359 2482/2353/2353 2483/2354/2354
f 2582/2355/2360 2483/2356/2354 2478/2357/2337
f 2588/2358/629 2587/2358/2359 2582/2358/2360
f 2588/2358/629 2585/2358/2357 2586/2358/2358
f 2588/2358/629 2582/2358/2360 2583/2358/2355
f 2588/2358/629 2584/2358/2356 2585/2358/2357
f 2587/2358/2359 2588/2358/629 2586/2358/2358
f 2584/2358/2356 2588/2358/629 2583/2358/2355
f 2553/2328/2332 2551/2359/2361 2552/2360/2362
f 2556/2330/2333 2552/2361/2362 2555/2362/2363
f 2558/2333/2334 2555/2363/2363 2557/2364/2364
f 2560/2335/2335 2557/2365/2364 2559/2366/2365
f 2562/2337/2336 2559/2367/2365 2561/2368/2366
f 2554/2338/2331 2561/2369/2366 2551/2370/2361
f 2485/2360/2367 2551/2359/2361 2484/2359/2368
f 2486/2362/2369 2552/2361/2362 2485/2361/2367
f 2487/2364/2370 2555/2363/2363 2486/2363/2369
f 2559/2366/2365 2487/2365/2370 2488/2366/2371
f 2489/2368/2372 2559/2367/2365 2488/2367/2371
f 2484/2370/2368 2561/2369/2366 2489/2369/2372
f 2485/2371/2367 2589/2371/1952 2486/2371/2369
f 2489/2371/2372 2589/2371/1952 2484/2371/2368
f 2488/2371/2371 2589/2371/1952 2489/2371/2372
f 2486/2371/2369 2589/2371/1952 2487/2371/2370
f 2589/2371/1952 2485/2371/2367 2484/2371/2368
f 2589/2371/1952 2488/2371/2371 2487/2371/2370
f 2590/2372/2373 2600/2373/737 2591/2374/2374
f 2591/2374/2374 2601/2375/2375 2592/2376/2376
f 2592/2376/2376 2602/2377/1720 2593/2378/2377
f 2593/2378/2377 2603/2379/2378 2594/2380/2379
f 2594/2380/2379 2604/2381/124 2595/2382/2380
f 2595/2382/2380 2605/2383/2381 2596/2384/2382
f 2596/2384/2382 2598/2385/1715 2597/2386/2383
f 2597/2386/2383 2599/2387/2384 2590/2372/2373
s 2
f 2598/2385/1952 2607/2388/1952 2599/2387/1952
f 2599/2387/1952 2608/2389/1952 2600/2373/1952
f 2601/2375/1952 2608/2389/1952 2609/2390/1952
f 2601/2375/1952 2610/2391/1952 2602/2377/1952
f 2603/2379/1952 2610/2391/1952 2611/2392/1952
f 2603/2379/1952 2612/2393/1952 2604/2381/1952
f 2605/2383/1952 2612/2393/1952 2613/2394/1952
f 2598/2385/1952 2613/2394/1952 2606/2395/1952
s 1
f 2606/2395/1715 2622/2396/2384 2607/2388/2384
f 2607/2388/2384 2623/2397/737 2608/2389/737
f 2608/2389/737 2624/2398/2375 2609/2390/2375
f 2609/2390/2375 2625/2399/1720 2610/2391/1720
f 2610/2391/1720 2626/2400/2378 2611/2392/2378
f 2611/2392/2378 2627/2401/124 2612/2393/124
f 2612/2393/124 2628/2402/2381 2613/2394/2381
f 2613/2394/2381 2629/2403/1715 2606/2395/1715
f 2630/2404/2384 2633/2405/2385 2631/2406/737
f 2631/2406/737 2635/2407/2386 2634/2408/2375
f 2634/2408/2375 2637/2409/2387 2636/2410/1720
f 2636/2410/1720 2639/2411/2388 2638/2412/2378
f 2638/2412/2378 2641/2413/2389 2640/2414/124
f 2640/2414/124 2643/2415/2390 2642/2416/2381
f 2642/2416/2381 2645/2417/2391 2644/2418/1715
f 2644/2418/1715 2632/2419/2392 2630/2404/2384
s 2
f 2622/2396/629 2631/2406/629 2623/2397/629
s 1
f 2615/2420/1952 2633/2405/2385 2632/2419/2392
s 2
f 2624/2398/629 2631/2406/629 2634/2408/629
s 1
f 2616/2421/1952 2635/2407/2386 2633/2405/2385
s 2
f 2625/2399/629 2634/2408/629 2636/2410/629
s 1
f 2617/2422/1956 2637/2409/2387 2635/2407/2386
s 2
f 2625/2399/629 2638/2412/629 2626/2400/629
s 1
f 2619/2423/2393 2637/2409/2387 2618/2424/1952
s 2
f 2626/2400/629 2640/2414/629 2627/2401/629
s 1
f 2620/2425/1952 2639/2411/2388 2619/2423/2393
s 2
f 2628/2402/629 2640/2414/629 2642/2416/629
s 1
f 2621/2426/1952 2641/2413/2389 2620/2425/1952
s 2
f 2629/2403/629 2642/2416/629 2644/2418/629
s 1
f 2614/2427/1952 2643/2415/2390 2621/2426/1952
s 2
f 2629/2403/629 2630/2404/629 2622/2396/629
s 1
f 2614/2427/1952 2632/2419/2392 2645/2417/2391
s 2
f 2614/2427/2394 2647/2428/2384 2615/2420/2384
f 2615/2420/2384 2648/2429/737 2616/2421/737
f 2616/2421/737 2649/2430/2375 2617/2422/2375
f 2617/2422/2375 2650/2431/1720 2618/2424/1720
f 2618/2424/1720 2651/2432/2378 2619/2423/2378
f 2619/2423/2378 2652/2433/124 2620/2425/124
f 2620/2425/124 2653/2434/2381 2621/2426/2381
f 2621/2426/2381 2646/2435/2394 2614/2427/2394
s 1
f 2654/2436/2395 2657/2437/2396 2655/2438/2396
f 2655/2438/2396 2659/2439/2397 2658/2440/2397
f 2660/2441/2398 2659/2439/2397 2661/2442/2398
f 2660/2441/2398 2663/2443/2399 2662/2444/2399
f 2664/2445/2400 2663/2443/2399 2665/2446/2400
f 2664/2445/2400 2667/2447/2401 2666/2448/2401
f 2668/2449/2402 2667/2447/2401 2669/2450/2402
f 2668/2449/2402 2656/2451/2395 2654/2436/2395
s 4
f 2646/2435/629 2655/2438/629 2647/2428/629
f 2647/2428/629 2658/2440/629 2648/2429/629
f 2648/2429/629 2660/2441/629 2649/2430/629
f 2649/2430/629 2662/2444/629 2650/2431/629
f 2651/2432/629 2662/2444/629 2664/2445/629
f 2652/2433/629 2664/2445/629 2666/2448/629
f 2653/2434/629 2666/2448/629 2668/2449/629
f 2646/2435/629 2668/2449/629 2654/2436/629
s 1
f 246/25/7 101/29/11 99/26/8
f 246/25/7 247/57/39 103/28/10
f 252/30/12 253/62/44 173/31/13
f 261/33/15 189/65/47 187/34/16
f 265/36/18 199/40/22 197/37/19
f 266/39/21 202/175/157 199/40/22
f 268/41/23 26/44/26 243/42/24
f 245/27/9 99/26/8 26/44/26
f 30/45/27 238/50/32 239/46/28
f 240/48/30 243/42/24 26/44/26
f 243/42/24 240/48/30 238/50/32
f 269/51/33 267/43/25 243/42/24
f 267/43/25 269/51/33 33/52/34
f 267/43/25 244/53/35 34/54/36
f 268/41/23 34/54/36 100/55/37
f 245/27/9 100/55/37 102/56/38
f 247/57/39 246/25/7 102/56/38
f 260/35/17 188/149/131 190/59/41
f 264/38/20 198/78/60 200/60/42
f 266/39/21 265/36/18 200/60/42
f 253/62/44 252/30/12 172/63/45
f 189/65/47 261/33/15 262/66/48
f 271/68/50 270/71/53 263/69/51
f 193/70/52 263/69/51 264/38/20
f 270/71/53 271/68/50 191/67/49
f 277/72/54 278/75/57 194/73/55
f 278/75/57 274/83/65 206/76/58
f 192/77/59 262/66/48 261/33/15
f 270/71/53 272/74/56 194/73/55
f 198/78/60 264/38/20 263/69/51
f 272/74/56 270/71/53 262/66/48
f 279/79/61 277/72/54 272/74/56
f 277/72/54 279/79/61 195/80/62
f 278/75/57 277/72/54 273/81/63
f 274/83/65 278/75/57 196/82/64
f 282/85/67 283/127/109 211/86/68
f 284/88/70 285/91/73 216/89/71
f 285/91/73 286/93/75 218/92/74
f 286/93/75 287/96/78 220/94/76
f 288/95/77 222/98/80 220/94/76
f 289/97/79 224/100/82 222/98/80
f 290/99/81 226/102/84 224/100/82
f 290/99/81 291/109/91 228/101/83
f 248/103/85 247/57/39 104/58/40
f 206/76/58 274/83/65 275/105/87
f 294/107/89 295/108/90 203/106/88
f 295/108/90 282/85/67 209/87/69
f 291/109/91 1033/121/103 1034/110/92
f 204/111/93 275/105/87 274/83/65
f 296/112/94 294/107/89 275/105/87
f 285/91/73 284/88/70 213/113/95
f 286/93/75 285/91/73 215/114/96
f 287/96/78 286/93/75 217/115/97
f 287/96/78 219/116/98 221/117/99
f 288/95/77 221/117/99 223/118/100
f 289/97/79 223/118/100 225/119/101
f 291/109/91 290/99/81 225/119/101
f 1033/121/103 291/109/91 227/120/102
f 294/107/89 296/112/94 208/123/105
f 295/108/90 294/107/89 276/124/106
f 282/85/67 295/108/90 207/125/107
f 283/127/109 282/85/67 210/126/108
f 253/62/44 254/131/113 175/129/111
f 305/130/112 175/129/111 254/131/113
f 176/133/115 255/139/121 256/134/116
f 254/131/113 253/62/44 174/64/46
f 304/132/114 254/131/113 139/136/118
f 178/138/120 256/134/116 255/139/121
f 247/57/39 248/103/85 105/141/123
f 292/142/124 249/146/128 107/143/125
f 297/145/127 129/375/366 105/141/123
f 249/146/128 260/35/17 187/34/16
f 108/147/129 293/148/130 284/88/70
f 249/146/128 292/142/124 293/148/130
f 260/35/17 249/146/128 108/147/129
f 106/104/86 293/148/130 292/142/124
f 213/113/95 284/88/70 293/148/130
f 306/144/126 105/141/123 248/103/85
f 306/144/126 107/143/125 130/150/132
f 297/145/127 130/150/132 131/151/133
f 298/152/134 131/151/133 132/153/135
f 299/154/136 132/153/135 134/155/137
f 303/137/119 140/140/122 255/139/121
f 305/130/112 304/132/114 255/139/121
f 311/157/139 310/186/168 148/158/140
f 312/160/142 313/163/145 154/161/143
f 313/163/145 314/166/148 156/164/146
f 315/165/147 158/227/209 156/164/146
f 318/167/149 319/171/153 166/168/150
f 320/170/152 168/173/155 166/168/150
f 321/172/154 251/179/161 168/173/155
f 168/173/155 251/179/161 252/30/12
f 266/39/21 250/176/158 167/174/156
f 250/176/158 266/39/21 201/61/43
f 322/178/160 170/180/162 251/179/161
f 172/63/45 252/30/12 251/179/161
f 312/160/142 152/162/144 138/181/163
f 136/183/165 301/195/177 300/156/138
f 323/182/164 138/181/163 302/184/166
f 303/137/119 302/184/166 138/181/163
f 310/186/168 325/192/174 142/187/169
f 326/188/170 324/185/167 302/184/166
f 327/190/172 326/188/170 137/189/171
f 302/184/166 303/137/119 139/136/118
f 325/192/174 327/190/172 308/191/173
f 310/186/168 311/157/139 149/193/175
f 323/182/164 324/185/167 301/195/177
f 323/182/164 136/183/165 151/196/178
f 313/163/145 312/160/142 151/196/178
f 314/166/148 313/163/145 153/197/179
f 314/166/148 155/198/180 157/199/181
f 319/171/153 318/167/149 163/200/182
f 319/171/153 165/201/183 167/174/156
f 320/170/152 167/174/156 250/176/158
f 321/172/154 250/176/158 169/177/159
f 328/202/184 141/210/192 145/203/185
f 133/205/187 300/156/138 301/195/177
f 331/207/189 135/206/188 307/208/190
f 330/209/191 307/208/190 141/210/192
f 325/192/174 310/186/168 147/194/176
f 325/192/174 141/210/192 307/208/190
f 326/188/170 327/190/172 307/208/190
f 301/195/177 324/185/167 326/188/170
f 329/204/186 146/491/494 144/211/193
f 328/202/184 144/211/193 309/212/194
f 330/209/191 309/212/194 143/213/195
f 177/135/117 256/134/116 257/214/196
f 333/216/198 332/225/207 258/217/199
f 335/219/201 184/233/215 182/220/202
f 181/218/200 258/217/199 259/222/204
f 180/224/206 257/214/196 256/134/116
f 332/225/207 334/221/203 182/220/202
f 186/226/208 259/222/204 258/217/199
f 158/227/209 315/165/147 316/228/210
f 337/230/212 336/236/218 317/231/213
f 317/231/213 318/167/149 164/169/151
f 337/230/212 162/232/214 184/233/215
f 159/234/216 316/228/210 315/165/147
f 338/235/217 161/237/219 317/231/213
f 318/167/149 317/231/213 161/237/219
f 333/216/198 179/215/197 257/214/196
f 334/221/203 332/225/207 257/214/196
f 334/221/203 180/224/206 183/238/220
f 335/219/201 183/238/220 160/229/211
f 337/230/212 160/229/211 316/228/210
f 336/236/218 316/228/210 159/234/216
f 339/239/221 36/378/369 32/240/222
f 240/48/30 241/248/230 29/242/224
f 27/243/225 239/46/28 238/50/32
f 343/244/226 242/249/231 31/245/227
f 240/48/30 237/49/31 28/247/229
f 342/241/223 32/240/222 242/249/231
f 344/246/228 29/242/224 241/248/230
f 343/244/226 241/248/230 28/247/229
f 342/241/223 28/247/229 35/250/232
f 345/251/233 50/284/271 48/252/234
f 348/253/235 47/325/315 49/254/236
f 354/255/237 355/293/280 73/256/238
f 359/258/240 81/262/244 79/259/241
f 359/258/240 360/264/246 83/261/243
f 361/263/245 85/266/248 83/261/243
f 362/265/247 87/268/250 85/266/248
f 363/267/249 89/270/252 87/268/250
f 363/267/249 364/271/253 91/269/251
f 364/271/253 365/269/256 93/269/254
f 366/269/255 95/269/258 93/269/254
f 367/269/257 97/269/448 95/269/258
f 368/272/259 67/276/263 59/273/260
f 369/275/262 281/282/269 67/276/263
f 354/255/237 71/257/239 69/277/264
f 211/86/68 283/127/109 280/279/266
f 70/281/268 280/279/266 283/127/109
f 370/278/265 69/277/264 281/282/269
f 345/251/233 346/286/273 52/283/270
f 372/285/272 52/283/270 346/286/273
f 372/285/272 350/331/321 57/288/275
f 346/286/273 345/251/233 49/254/236
f 371/287/274 346/286/273 51/289/276
f 368/272/259 353/274/261 60/291/278
f 368/272/259 68/280/267 280/279/266
f 369/275/262 280/279/266 70/281/268
f 370/278/265 70/281/268 72/292/279
f 355/293/280 354/255/237 72/292/279
f 358/260/242 80/317/307 82/295/282
f 359/258/240 82/295/282 84/296/283
f 360/264/246 84/296/283 86/297/284
f 361/263/245 86/297/284 88/298/285
f 362/265/247 88/298/285 90/299/286
f 364/271/253 363/267/249 90/299/286
f 365/269/256 364/271/253 92/300/287
f 365/269/256 94/269/288 96/269/289
f 366/269/255 96/269/289 98/269/290
f 375/301/291 234/305/295 230/302/292
f 376/304/294 232/307/297 234/305/295
f 377/306/296 236/578/622 232/307/297
f 73/256/238 355/293/280 356/308/298
f 378/310/300 357/316/306 75/311/301
f 75/311/301 357/316/306 358/260/242
f 374/303/293 230/302/292 76/313/303
f 77/315/305 356/308/298 355/293/280
f 380/314/304 76/313/303 357/316/306
f 80/317/307 358/260/242 357/316/306
f 378/310/300 379/312/302 78/309/299
f 380/314/304 378/310/300 356/308/298
f 380/314/304 77/315/305 229/318/308
f 374/303/293 229/318/308 233/319/309
f 375/301/291 233/319/309 231/320/310
f 376/304/294 231/320/310 235/321/311
f 42/322/312 349/324/314 348/253/235
f 384/323/313 383/327/317 349/324/314
f 47/325/315 348/253/235 349/324/314
f 383/327/317 382/388/379 41/326/316
f 371/287/274 373/290/277 53/328/318
f 372/285/272 371/287/274 347/329/319
f 350/331/321 372/285/272 54/330/320
f 41/326/316 382/388/379 381/333/323
f 386/335/325 387/338/328 385/336/326
f 387/338/328 388/340/330 43/339/329
f 347/329/319 386/335/325 44/337/327
f 386/335/325 347/329/319 53/328/318
f 387/338/328 386/335/325 45/334/324
f 388/340/330 387/338/328 381/333/323
f 389/342/332 390/355/345 65/343/333
f 57/288/275 350/331/321 351/345/335
f 352/347/337 353/274/261 59/273/260
f 392/349/339 55/346/336 351/345/335
f 392/349/339 389/342/332 63/344/334
f 351/345/335 350/331/321 58/332/322
f 393/352/342 391/350/340 351/345/335
f 353/274/261 352/347/337 62/353/343
f 391/350/340 393/352/342 62/353/343
f 391/350/340 352/347/337 61/348/338
f 392/349/339 61/348/338 64/354/344
f 390/355/345 389/342/332 64/354/344
f 394/357/347 395/360/350 112/358/348
f 395/360/350 396/362/352 114/361/351
f 396/362/352 397/371/362 116/363/353
f 399/364/354 124/368/358 122/365/355
f 399/364/354 400/367/360 126/367/357
f 401/369/359 128/369/479 126/367/357
f 402/370/361 118/373/364 116/363/353
f 403/372/363 120/374/365 118/373/364
f 398/366/356 122/365/355 120/374/365
f 129/375/366 297/145/127 298/152/134
f 117/376/367 298/152/134 299/154/136
f 119/377/368 299/154/136 300/156/138
f 36/378/369 339/239/221 340/379/370
f 37/381/372 340/379/370 339/239/221
f 405/382/373 404/387/378 341/383/374
f 383/327/317 384/323/313 40/384/375
f 406/385/376 394/357/347 110/359/349
f 404/387/378 406/385/376 39/386/377
f 382/388/379 383/327/317 341/383/374
f 46/341/331 381/333/323 382/388/379
f 404/387/378 405/382/373 38/380/371
f 404/387/378 340/379/370 37/381/372
f 394/357/347 406/385/376 37/381/372
f 395/360/350 394/357/347 109/389/380
f 396/362/352 395/360/350 111/390/381
f 397/371/362 396/362/352 113/391/382
f 397/371/362 115/392/383 117/376/367
f 402/370/361 117/376/367 119/377/368
f 403/372/363 119/377/368 121/393/384
f 398/366/356 121/393/384 123/394/385
f 399/364/354 123/394/385 125/395/386
f 401/369/359 400/367/360 125/395/386
f 25/47/29 407/2452/2403 408/396/388
f 27/243/225 29/242/224 410/397/389
f 35/250/232 28/247/229 411/399/391
f 32/240/222 36/378/369 414/401/393
f 35/250/232 412/400/392 415/403/395
f 36/378/369 38/380/371 416/404/396
f 46/341/331 39/386/377 417/405/397
f 45/334/324 420/415/407 419/407/399
f 47/325/315 41/326/316 419/407/399
f 48/252/234 423/411/403 422/409/401
f 47/325/315 421/408/400 424/410/402
f 50/284/271 425/414/406 423/411/403
f 51/289/276 49/254/236 424/410/402
f 50/284/271 52/283/270 427/413/405
f 53/328/318 428/614/619 420/415/407
f 44/337/327 429/621/627 430/416/408
f 52/283/270 57/288/275 431/417/409
f 58/332/322 54/330/320 430/416/408
f 55/346/336 433/423/415 431/417/409
f 56/351/341 58/332/322 432/418/410
f 59/273/260 436/427/419 435/420/412
f 60/291/278 62/353/343 437/421/413
f 63/344/334 439/425/417 433/423/415
f 64/354/344 61/348/338 435/420/412
f 65/343/333 441/625/631 439/425/417
f 66/356/346 64/354/344 440/424/416
f 67/276/263 443/595/598 436/427/419
f 60/291/278 438/422/414 444/428/420
f 69/277/264 71/257/239 446/429/421
f 72/292/279 70/281/268 447/431/423
f 71/257/239 73/256/238 449/433/425
f 74/294/281 72/292/279 448/432/424
f 73/256/238 78/309/299 451/435/427
f 74/294/281 450/434/426 452/436/428
f 79/259/241 454/440/432 453/437/429
f 80/317/307 76/313/303 455/438/430
f 81/262/244 457/443/435 454/440/432
f 82/295/282 80/317/307 456/439/431
f 81/262/244 83/261/243 459/442/434
f 84/296/283 82/295/282 458/441/433
f 85/266/248 461/446/438 459/442/434
f 84/296/283 460/444/436 462/445/437
f 87/268/250 463/448/441 461/446/438
f 86/297/284 462/445/437 464/447/439
f 87/268/250 89/270/252 465/448/440
f 90/299/286 88/298/285 464/447/439
f 89/270/252 91/269/251 467/269/443
f 92/300/287 90/299/286 466/449/442
f 91/269/251 93/269/254 469/269/445
f 94/269/288 92/300/287 468/300/444
f 95/269/258 471/269/449 469/269/445
f 94/269/288 470/269/446 472/269/447
f 97/269/448 473/269/618 471/269/449
f 96/269/289 472/269/447 474/269/450
f 99/26/8 476/453/454 475/450/451
f 34/54/36 477/583/586 478/451/452
f 99/26/8 101/29/11 479/452/453
f 102/56/38 100/55/37 478/451/452
f 101/29/11 103/28/10 481/455/456
f 104/58/40 102/56/38 480/454/455
f 103/28/10 105/141/123 483/457/458
f 104/58/40 482/456/457 484/458/459
f 109/389/380 37/381/372 415/403/395
f 110/359/349 486/461/462 417/405/397
f 111/390/381 109/389/380 485/459/460
f 112/358/348 488/464/465 486/461/462
f 113/391/382 111/390/381 487/460/461
f 112/358/348 114/361/351 490/463/464
f 115/392/383 113/391/382 489/462/463
f 114/361/351 116/363/353 492/466/467
f 115/392/383 491/465/466 493/467/468
f 118/373/364 494/469/470 492/466/467
f 118/373/364 120/374/365 495/468/469
f 121/393/384 119/377/368 496/470/471
f 120/374/365 122/365/355 498/472/473
f 121/393/384 497/471/472 499/473/474
f 122/365/355 124/368/358 500/474/475
f 125/395/386 123/394/385 499/473/474
f 124/368/358 126/367/357 502/476/477
f 127/369/387 125/395/386 501/475/476
f 128/369/479 504/369/634 502/476/477
f 129/375/366 505/479/482 483/457/458
f 130/150/132 107/143/125 506/477/480
f 129/375/366 117/376/367 493/467/468
f 131/151/133 130/150/132 507/478/481
f 132/153/135 131/151/133 508/480/483
f 133/205/187 510/484/487 496/470/471
f 134/155/137 132/153/135 509/481/484
f 133/205/187 135/206/188 512/483/486
f 134/155/137 511/482/485 513/485/488
f 139/136/118 515/517/520 514/486/489
f 140/140/122 138/181/163 516/487/490
f 145/203/185 141/210/192 518/489/492
f 146/491/494 521/608/611 520/492/495
f 147/194/176 522/494/497 518/489/492
f 142/187/169 523/600/603 524/493/496
f 149/193/175 525/604/607 522/494/497
f 150/159/141 148/158/140 524/493/496
f 151/196/178 136/183/165 513/485/488
f 152/162/144 528/499/502 516/487/490
f 153/197/179 151/196/178 527/496/499
f 152/162/144 154/161/143 530/498/501
f 155/198/180 153/197/179 529/497/500
f 154/161/143 156/164/146 532/501/504
f 155/198/180 531/500/503 533/502/505
f 158/227/209 534/504/507 532/501/504
f 157/199/181 533/502/505 535/503/506
f 160/229/211 536/525/528 534/504/507
f 163/200/182 161/237/219 537/505/508
f 162/232/214 164/169/151 540/507/510
f 163/200/182 538/506/509 541/509/512
f 164/169/151 166/168/150 542/510/513
f 165/201/183 541/509/512 543/511/514
f 166/168/150 168/173/155 544/512/515
f 171/32/14 545/515/518 544/512/515
f 170/180/162 546/605/608 547/513/516
f 171/32/14 173/31/13 548/514/517
f 172/63/45 547/513/516 549/516/519
f 175/129/111 550/597/600 548/514/517
f 174/64/46 549/516/519 515/517/520
f 176/133/115 177/135/117 552/518/521
f 178/138/120 140/140/122 517/488/491
f 179/215/197 554/611/614 552/518/521
f 178/138/120 553/520/523 555/521/524
f 183/238/220 180/224/206 555/521/524
f 182/220/202 184/233/215 558/523/526
f 183/238/220 556/522/525 536/525/528
f 184/233/215 162/232/214 539/508/511
f 185/223/205 560/586/589 559/526/529
f 186/226/208 182/220/202 557/524/527
f 187/34/16 562/531/534 506/477/480
f 188/149/131 108/147/129 563/528/531
f 187/34/16 189/65/47 565/530/533
f 190/59/41 188/149/131 564/529/532
f 189/65/47 191/67/49 567/533/536
f 192/77/59 190/59/41 566/532/535
f 197/37/19 570/539/542 569/535/538
f 198/78/60 194/73/55 571/536/539
f 197/37/19 199/40/22 573/538/541
f 200/60/42 198/78/60 572/537/540
f 199/40/22 202/175/157 575/541/544
f 201/61/43 200/60/42 574/540/543
f 169/177/159 201/61/43 576/542/545
f 202/175/157 167/174/156 543/511/514
f 206/76/58 578/548/551 571/536/539
f 205/84/66 196/82/64 579/544/547
f 205/84/66 580/545/548 581/546/549
f 206/76/58 203/106/88 582/547/550
f 209/87/69 583/550/553 582/547/550
f 207/125/107 584/592/595 585/549/552
f 211/86/68 586/552/555 583/550/553
f 212/128/110 210/126/108 585/549/552
f 211/86/68 68/280/267 444/428/420
f 212/128/110 587/551/554 447/431/423
f 213/113/95 106/104/86 484/458/459
f 214/90/72 589/556/559 563/528/531
f 213/113/95 588/553/556 590/554/557
f 214/90/72 216/89/71 591/555/558
f 217/115/97 215/114/96 590/554/557
f 216/89/71 218/92/74 593/558/561
f 219/116/98 217/115/97 592/557/560
f 218/92/74 220/94/76 595/560/563
f 219/116/98 594/559/562 596/561/564
f 222/98/80 597/564/567 595/560/563
f 223/118/100 221/117/99 596/561/564
f 222/98/80 224/100/82 599/563/566
f 223/118/100 598/562/565 600/565/568
f 226/102/84 601/568/571 599/563/566
f 227/120/102 225/119/101 600/565/568
f 226/102/84 228/101/83 603/567/570
f 227/120/102 602/566/569 1039/569/572
f 228/101/83 1034/110/92 1035/570/573
f 77/315/305 452/436/428 605/571/574
f 230/302/292 606/574/577 455/438/430
f 233/319/309 229/318/308 605/571/574
f 230/302/292 234/305/295 608/573/576
f 233/319/309 607/572/575 609/575/578
f 234/305/295 232/307/297 610/576/579
f 235/321/311 231/320/310 609/575/578
f 232/307/297 236/578/622 612/578/581
f 237/49/31 26/44/26 475/450/451
f 237/49/31 613/579/582 411/399/391
f 32/240/222 413/402/394 614/580/583
f 31/245/227 242/249/231 614/580/583
f 33/52/34 616/587/590 617/582/585
f 244/53/35 617/582/585 477/583/586
f 186/226/208 561/527/530 618/584/587
f 269/51/33 30/45/27 408/396/388
f 185/223/205 259/222/204 618/584/587
f 269/51/33 619/585/588 616/587/590
f 271/68/50 193/70/52 569/535/538
f 195/80/62 621/593/596 622/589/592
f 271/68/50 620/588/591 567/533/536
f 196/82/64 273/81/63 622/589/592
f 208/123/105 604/997/1021 623/590/593
f 279/79/61 192/77/59 568/534/537
f 207/125/107 276/124/106 623/590/593
f 195/80/62 279/79/61 624/591/594
f 69/277/264 445/430/422 625/594/597
f 67/276/263 281/282/269 625/594/597
f 305/130/112 176/133/115 551/519/522
f 305/130/112 626/596/599 550/597/600
f 137/189/171 514/486/489 627/598/601
f 144/211/193 520/492/495 628/599/602
f 142/187/169 308/191/173 627/598/601
f 143/213/195 309/212/194 628/599/602
f 150/159/141 526/495/498 630/602/605
f 169/177/159 577/543/546 631/603/606
f 149/193/175 311/157/139 630/602/605
f 170/180/162 322/178/160 631/603/606
f 145/203/185 519/490/493 632/606/609
f 331/207/189 143/213/195 629/601/604
f 146/491/494 329/204/186 632/606/609
f 331/207/189 633/607/610 512/483/486
f 181/218/200 559/526/529 634/609/612
f 159/234/216 535/503/506 635/610/613
f 333/216/198 634/609/612 554/611/614
f 161/237/219 338/235/217 635/610/613
f 344/246/228 31/245/227 615/581/584
f 344/246/228 636/612/615 410/397/389
f 98/269/290 474/269/450 637/269/616
f 373/290/277 51/289/276 426/412/404
f 97/269/448 367/269/257 637/269/616
f 373/290/277 638/613/617 428/614/619
f 235/321/311 611/577/580 639/615/620
f 379/312/302 75/311/301 453/437/429
f 236/578/622 377/306/296 639/615/620
f 78/309/299 379/312/302 640/616/621
f 384/323/313 42/322/312 422/409/401
f 384/323/313 641/617/623 642/618/624
f 385/336/326 43/339/329 643/619/625
f 385/336/326 644/620/626 429/621/627
f 46/341/331 418/406/398 645/622/628
f 43/339/329 388/340/330 645/622/628
f 66/356/346 442/426/418 646/623/629
f 56/351/341 434/419/411 647/624/630
f 65/343/333 390/355/345 646/623/629
f 393/352/342 647/624/630 437/421/413
f 127/369/387 503/369/478 648/369/632
f 405/382/373 40/384/375 642/618/624
f 128/369/479 401/369/359 648/369/632
f 38/380/371 405/382/373 649/626/633
f 724/627/635 726/970/992 871/628/636
f 871/628/636 726/970/992 728/630/638
f 877/632/640 796/981/1005 798/633/641
f 812/635/643 814/659/667 886/636/644
f 822/638/646 824/641/649 890/639/647
f 824/641/649 827/986/1010 891/642/650
f 868/643/651 651/646/654 893/644/652
f 651/646/654 724/627/635 870/629/637
f 655/647/655 650/960/980 864/648/656
f 865/650/658 862/994/1018 651/646/654
f 868/643/651 655/647/655 863/649/657
f 894/651/659 655/647/655 868/643/651
f 892/645/653 869/995/1019 658/652/660
f 659/653/661 869/995/1019 892/645/653
f 725/654/662 659/653/661 893/644/652
f 727/655/663 725/654/662 870/629/637
f 872/631/639 729/696/704 727/655/663
f 815/656/664 813/985/1009 885/637/645
f 825/657/665 823/673/681 889/640/648
f 891/642/650 826/762/770 825/657/665
f 878/634/642 799/724/732 797/658/666
f 814/659/667 816/665/673 887/660/668
f 896/661/669 818/664/672 888/662/670
f 818/664/672 822/638/646 889/640/648
f 895/663/671 887/660/668 816/665/673
f 902/666/674 897/672/680 819/667/675
f 903/668/676 819/667/675 831/669/677
f 817/671/679 815/656/664 886/636/644
f 895/663/671 888/662/670 819/667/675
f 823/673/681 819/667/675 888/662/670
f 897/672/680 817/671/679 887/660/668
f 904/674/682 817/671/679 897/672/680
f 902/666/674 898/676/684 820/675/683
f 903/668/676 821/677/685 898/676/684
f 899/670/678 830/987/1011 821/677/685
f 907/678/686 834/701/709 836/679/687
f 909/681/689 839/989/1013 841/682/690
f 910/683/691 841/682/690 843/684/692
f 911/685/693 843/684/692 845/686/694
f 845/686/694 847/689/697 913/688/696
f 847/689/697 849/691/699 914/690/698
f 849/691/699 851/991/1015 915/692/700
f 915/692/700 851/991/1015 853/693/701
f 873/695/703 731/736/744 729/696/704
f 831/669/677 828/699/707 900/697/705
f 919/698/706 900/697/705 828/699/707
f 920/700/708 828/699/707 834/701/709
f 916/694/702 853/693/701 1036/702/710
f 829/704/712 830/987/1011 899/670/678
f 921/705/713 829/704/712 900/697/705
f 910/683/691 840/707/715 838/706/714
f 911/685/693 842/708/716 840/707/715
f 912/687/695 844/990/1014 842/708/716
f 846/709/717 844/990/1014 912/687/695
f 848/710/718 846/709/717 913/688/696
f 850/711/719 848/710/718 914/690/698
f 916/694/702 852/712/720 850/711/719
f 1037/703/711 1038/992/1016 852/712/720
f 919/698/706 901/714/722 833/713/721
f 920/700/708 832/715/723 901/714/722
f 907/678/686 835/716/724 832/715/723
f 908/680/688 837/988/1012 835/716/724
f 878/634/642 798/633/641 800/717/725
f 879/718/726 800/717/725 930/719/727
f 801/721/729 802/794/802 881/722/730
f 879/718/726 764/725/733 799/724/732
f 764/725/733 879/718/726 929/720/728
f 803/727/735 765/974/998 880/723/731
f 872/631/639 728/630/638 730/728/736
f 917/729/737 931/733/741 732/730/738
f 730/728/736 754/940/959 922/732/740
f 874/731/739 732/730/738 812/635/643
f 733/734/742 839/989/1013 909/681/689
f 874/731/739 733/734/742 918/735/743
f 885/637/645 813/985/1009 733/734/742
f 731/736/744 873/695/703 917/729/737
f 838/706/714 731/736/744 918/735/743
f 873/695/703 730/728/736 931/733/741
f 755/737/745 732/730/738 931/733/741
f 756/738/746 755/737/745 922/732/740
f 757/740/748 756/738/746 923/739/747
f 759/742/750 757/740/748 924/741/749
f 880/723/731 765/974/998 928/726/734
f 930/719/727 801/721/729 880/723/731
f 936/744/752 775/976/1000 773/745/753
f 937/747/755 777/977/1001 779/748/756
f 938/749/757 779/748/756 781/750/758
f 781/750/758 783/806/814 940/752/760
f 943/753/761 789/811/819 791/754/762
f 791/754/762 793/757/765 945/756/764
f 793/757/765 876/759/767 946/758/766
f 793/757/765 796/981/1005 877/632/640
f 891/642/650 827/986/1010 792/760/768
f 875/761/769 794/781/789 826/762/770
f 876/759/767 795/982/1006 947/763/771
f 797/658/666 795/982/1006 876/759/767
f 763/764/772 777/977/1001 937/747/755
f 761/766/774 759/742/750 925/743/751
f 927/768/776 763/764/772 948/765/773
f 928/726/734 765/974/998 763/764/772
f 935/746/754 773/745/753 767/770/778
f 951/772/780 762/774/782 927/768/776
f 952/773/781 933/775/783 762/774/782
f 927/768/776 762/774/782 764/725/733
f 950/771/779 767/770/778 933/775/783
f 935/746/754 772/790/798 774/776/784
f 948/765/773 761/766/774 926/767/775
f 776/777/785 761/766/774 948/765/773
f 938/749/757 778/778/786 776/777/785
f 939/751/759 780/978/1002 778/778/786
f 782/779/787 780/978/1002 939/751/759
f 944/755/763 790/980/1004 788/780/788
f 792/760/768 790/980/1004 944/755/763
f 875/761/769 792/760/768 945/756/764
f 794/781/789 875/761/769 946/758/766
f 770/782/790 766/789/797 953/783/791
f 758/785/793 760/973/997 926/767/775
f 932/786/794 760/973/997 956/787/795
f 766/789/797 932/786/794 955/788/796
f 950/771/779 766/789/797 772/790/798
f 932/786/794 766/789/797 950/771/779
f 951/772/780 760/973/997 932/786/794
f 926/767/775 760/973/997 951/772/780
f 769/791/799 771/975/999 954/784/792
f 934/792/800 769/791/799 953/783/791
f 768/793/801 934/792/800 955/788/796
f 802/794/802 804/983/1007 882/795/803
f 958/796/804 806/802/810 883/797/805
f 807/799/807 809/812/820 960/800/808
f 806/802/810 810/984/1008 884/803/811
f 805/804/812 803/727/735 881/722/730
f 957/798/806 883/797/805 807/799/807
f 811/805/813 807/799/807 883/797/805
f 783/806/814 785/817/825 941/807/815
f 962/808/816 787/979/1003 942/809/817
f 942/809/817 787/979/1003 789/811/819
f 809/812/820 787/979/1003 962/808/816
f 784/813/821 782/779/787 940/752/760
f 942/809/817 786/815/823 963/814/822
f 943/753/761 788/780/788 786/815/823
f 882/795/803 804/983/1007 958/796/804
f 959/801/809 805/804/812 882/795/803
f 808/816/824 805/804/812 959/801/809
f 785/817/825 808/816/824 960/800/808
f 941/807/815 785/817/825 962/808/816
f 784/813/821 941/807/815 961/810/818
f 657/818/826 661/943/962 964/819/827
f 865/650/658 863/649/657 654/821/829
f 652/823/831 654/821/829 863/649/657
f 656/824/832 867/828/836 968/825/833
f 653/827/835 862/994/1018 865/650/658
f 867/828/836 657/818/826 967/820/828
f 866/822/830 654/821/829 969/826/834
f 653/827/835 866/822/830 968/825/833
f 660/829/837 653/827/835 967/820/828
f 673/830/838 675/961/981 970/831/839
f 674/833/841 672/898/915 973/832/840
f 979/834/842 696/966/986 698/835/843
f 704/837/845 706/968/988 984/838/846
f 984/838/846 706/968/988 708/840/848
f 708/840/848 710/843/851 986/842/850
f 710/843/851 712/845/853 987/844/852
f 712/845/853 714/969/989 988/846/854
f 988/846/854 714/969/989 716/847/855
f 989/847/856 716/847/855 718/269/857
f 718/269/857 720/269/860 991/269/859
f 720/269/860 722/269/991 992/269/861
f 684/848/862 692/851/865 993/849/863
f 692/851/865 906/857/871 994/852/866
f 694/853/867 696/966/986 979/834/842
f 836/679/687 693/965/985 905/855/869
f 695/856/870 837/988/1012 908/680/688
f 906/857/871 694/853/867 995/854/868
f 970/831/839 675/961/981 677/858/872
f 971/859/873 677/858/872 997/860/874
f 997/860/874 677/858/872 682/862/876
f 971/859/873 676/864/878 674/833/841
f 676/864/878 971/859/873 996/861/875
f 993/849/863 693/965/985 685/866/880
f 905/855/869 693/965/985 993/849/863
f 695/856/870 905/855/869 994/852/866
f 697/867/881 695/856/870 995/854/868
f 980/836/844 699/967/987 697/867/881
f 707/868/882 705/889/905 983/839/847
f 709/869/883 707/868/882 984/838/846
f 711/870/884 709/869/883 985/841/849
f 713/871/885 711/870/884 986/842/850
f 715/872/886 713/871/885 987/844/852
f 989/847/856 717/873/887 715/872/886
f 990/269/858 719/269/990 717/873/887
f 721/269/888 719/269/990 990/269/858
f 723/269/889 721/269/888 991/269/859
f 855/874/890 859/877/893 1000/875/891
f 859/877/893 857/879/895 1001/878/894
f 857/879/895 861/993/1017 1002/880/896
f 698/835/843 703/890/906 981/881/897
f 700/882/898 982/885/901 1003/883/899
f 700/882/898 704/837/845 983/839/847
f 701/886/902 855/874/890 999/876/892
f 702/888/904 699/967/987 980/836/844
f 982/885/901 701/886/902 1005/887/903
f 705/889/905 701/886/902 982/885/901
f 1003/883/899 981/881/897 703/890/906
f 1005/887/903 702/888/904 981/881/897
f 854/891/907 702/888/904 1005/887/903
f 858/892/908 854/891/907 999/876/892
f 856/893/909 858/892/908 1000/875/891
f 860/577/910 856/893/909 1001/878/894
f 667/894/911 673/830/838 973/832/840
f 1009/896/913 667/894/911 974/895/912
f 672/898/915 666/899/916 974/895/912
f 1008/897/914 974/895/912 666/899/916
f 996/861/875 972/902/919 678/901/918
f 997/860/874 679/903/920 972/902/919
f 975/863/877 683/920/937 679/903/920
f 666/899/916 670/911/928 1006/904/921
f 1011/905/922 669/910/927 1010/906/923
f 1012/907/924 1010/906/923 668/908/925
f 972/902/919 679/903/920 669/910/927
f 1011/905/922 670/911/928 678/901/918
f 1012/907/924 1006/904/921 670/911/928
f 1013/909/926 671/953/972 1006/904/921
f 1014/912/929 688/919/936 690/913/930
f 682/862/876 680/962/982 976/915/932
f 977/916/933 686/923/940 684/848/862
f 976/915/932 680/962/982 1017/917/934
f 1017/917/934 680/962/982 688/919/936
f 976/915/932 681/963/983 683/920/937
f 1018/921/938 681/963/983 976/915/932
f 687/922/939 977/916/933 978/850/864
f 1016/918/935 977/916/933 687/922/939
f 686/923/940 977/916/933 1016/918/935
f 689/924/941 686/923/940 1017/917/934
f 1015/914/931 691/964/984 689/924/941
f 1019/925/942 735/951/970 737/926/943
f 1020/927/944 737/926/943 739/928/945
f 1021/929/946 739/928/945 741/930/947
f 747/932/949 749/972/994 1024/933/950
f 1024/933/950 749/972/994 751/935/952
f 751/935/952 753/369/996 1026/369/954
f 741/930/947 743/937/956 1027/936/955
f 743/937/956 745/939/958 1028/938/957
f 745/939/958 747/932/949 1023/934/951
f 754/940/959 742/941/960 923/739/747
f 742/941/960 744/942/961 924/741/749
f 744/942/961 758/785/793 925/743/751
f 661/943/962 663/954/973 965/944/963
f 662/945/964 660/829/837 964/819/827
f 1030/946/965 665/949/968 966/947/966
f 1008/897/914 966/947/966 665/949/968
f 1031/950/969 664/952/971 735/951/970
f 1029/948/967 966/947/966 664/952/971
f 1007/900/917 664/952/971 966/947/966
f 671/953/972 664/952/971 1007/900/917
f 1029/948/967 965/944/963 663/954/973
f 662/945/964 965/944/963 1029/948/967
f 1019/925/942 734/955/974 662/945/964
f 1020/927/944 736/956/975 734/955/974
f 1021/929/946 738/957/976 736/956/975
f 1022/931/948 740/971/993 738/957/976
f 742/941/960 740/971/993 1022/931/948
f 744/942/961 742/941/960 1027/936/955
f 746/958/977 744/942/961 1028/938/957
f 748/959/978 746/958/977 1023/934/951
f 750/475/979 748/959/978 1024/933/950
f 1026/369/954 752/369/995 750/475/979
f 408/396/388 407/2452/2403 650/960/980
f 652/823/831 409/398/390 410/397/389
f 660/829/837 412/400/392 411/399/391
f 657/818/826 413/402/394 414/401/393
f 415/403/395 412/400/392 660/829/837
f 661/943/962 414/401/393 416/404/396
f 671/953/972 418/406/398 417/405/397
f 419/407/399 420/415/407 670/911/928
f 672/898/915 421/408/400 419/407/399
f 422/409/401 423/411/403 673/830/838
f 424/410/402 421/408/400 672/898/915
f 423/411/403 425/414/406 675/961/981
f 676/864/878 426/412/404 424/410/402
f 675/961/981 425/414/406 427/413/405
f 420/415/407 428/614/619 678/901/918
f 430/416/408 429/621/627 669/910/927
f 677/858/872 427/413/405 431/417/409
f 683/920/937 432/418/410 430/416/408
f 431/417/409 433/423/415 680/962/982
f 681/963/983 434/419/411 432/418/410
f 435/420/412 436/427/419 684/848/862
f 685/866/880 438/422/414 437/421/413
f 433/423/415 439/425/417 688/919/936
f 689/924/941 440/424/416 435/420/412
f 439/425/417 441/625/631 690/913/930
f 691/964/984 442/426/418 440/424/416
f 436/427/419 443/595/598 692/851/865
f 444/428/420 438/422/414 685/866/880
f 694/853/867 445/430/422 446/429/421
f 697/867/881 448/432/424 447/431/423
f 696/966/986 446/429/421 449/433/425
f 699/967/987 450/434/426 448/432/424
f 698/835/843 449/433/425 451/435/427
f 452/436/428 450/434/426 699/967/987
f 453/437/429 454/440/432 704/837/845
f 705/889/905 456/439/431 455/438/430
f 454/440/432 457/443/435 706/968/988
f 707/868/882 458/441/433 456/439/431
f 706/968/988 457/443/435 459/442/434
f 709/869/883 460/444/436 458/441/433
f 459/442/434 461/446/438 710/843/851
f 462/445/437 460/444/436 709/869/883
f 461/446/438 463/448/441 712/845/853
f 464/447/439 462/445/437 711/870/884
f 712/845/853 463/448/441 465/448/440
f 715/872/886 466/449/442 464/447/439
f 714/969/989 465/448/440 467/269/443
f 717/873/887 468/300/444 466/449/442
f 716/847/855 467/269/443 469/269/445
f 719/269/990 470/269/446 468/300/444
f 469/269/445 471/269/449 720/269/860
f 472/269/447 470/269/446 719/269/990
f 471/269/449 473/269/618 722/269/991
f 474/269/450 472/269/447 721/269/888
f 475/450/451 476/453/454 724/627/635
f 478/451/452 477/583/586 659/653/661
f 724/627/635 476/453/454 479/452/453
f 727/655/663 480/454/455 478/451/452
f 726/970/992 479/452/453 481/455/456
f 729/696/704 482/456/457 480/454/455
f 728/630/638 481/455/456 483/457/458
f 484/458/459 482/456/457 729/696/704
f 734/955/974 485/459/460 415/403/395
f 417/405/397 486/461/462 735/951/970
f 736/956/975 487/460/461 485/459/460
f 486/461/462 488/464/465 737/926/943
f 738/957/976 489/462/463 487/460/461
f 737/926/943 488/464/465 490/463/464
f 740/971/993 491/465/466 489/462/463
f 739/928/945 490/463/464 492/466/467
f 493/467/468 491/465/466 740/971/993
f 492/466/467 494/469/470 743/937/956
f 743/937/956 494/469/470 495/468/469
f 746/958/977 497/471/472 496/470/471
f 745/939/958 495/468/469 498/472/473
f 499/473/474 497/471/472 746/958/977
f 747/932/949 498/472/473 500/474/475
f 750/475/979 501/475/476 499/473/474
f 749/972/994 500/474/475 502/476/477
f 752/369/995 503/369/478 501/475/476
f 502/476/477 504/369/634 753/369/996
f 483/457/458 505/479/482 754/940/959
f 755/737/745 507/478/481 506/477/480
f 754/940/959 505/479/482 493/467/468
f 756/738/746 508/480/483 507/478/481
f 757/740/748 509/481/484 508/480/483
f 496/470/471 510/484/487 758/785/793
f 759/742/750 511/482/485 509/481/484
f 758/785/793 510/484/487 512/483/486
f 513/485/488 511/482/485 759/742/750
f 514/486/489 515/517/520 764/725/733
f 765/974/998 517/488/491 516/487/490
f 770/782/790 519/490/493 518/489/492
f 520/492/495 521/608/611 771/975/999
f 518/489/492 522/494/497 772/790/798
f 524/493/496 523/600/603 767/770/778
f 522/494/497 525/604/607 774/776/784
f 775/976/1000 526/495/498 524/493/496
f 776/777/785 527/496/499 513/485/488
f 516/487/490 528/499/502 777/977/1001
f 778/778/786 529/497/500 527/496/499
f 777/977/1001 528/499/502 530/498/501
f 780/978/1002 531/500/503 529/497/500
f 779/748/756 530/498/501 532/501/504
f 533/502/505 531/500/503 780/978/1002
f 532/501/504 534/504/507 783/806/814
f 535/503/506 533/502/505 782/779/787
f 534/504/507 536/525/528 785/817/825
f 788/780/788 538/506/509 537/505/508
f 787/979/1003 539/508/511 540/507/510
f 541/509/512 538/506/509 788/780/788
f 789/811/819 540/507/510 542/510/513
f 543/511/514 541/509/512 790/980/1004
f 791/754/762 542/510/513 544/512/515
f 544/512/515 545/515/518 796/981/1005
f 547/513/516 546/605/608 795/982/1006
f 796/981/1005 545/515/518 548/514/517
f 549/516/519 547/513/516 797/658/666
f 548/514/517 550/597/600 800/717/725
f 515/517/520 549/516/519 799/724/732
f 801/721/729 551/519/522 552/518/521
f 803/727/735 553/520/523 517/488/491
f 552/518/521 554/611/614 804/983/1007
f 555/521/524 553/520/523 803/727/735
f 808/816/824 556/522/525 555/521/524
f 807/799/807 557/524/527 558/523/526
f 536/525/528 556/522/525 808/816/824
f 809/812/820 558/523/526 539/508/511
f 559/526/529 560/586/589 810/984/1008
f 811/805/813 561/527/530 557/524/527
f 506/477/480 562/531/534 812/635/643
f 813/985/1009 564/529/532 563/528/531
f 812/635/643 562/531/534 565/530/533
f 815/656/664 566/532/535 564/529/532
f 814/659/667 565/530/533 567/533/536
f 817/671/679 568/534/537 566/532/535
f 569/535/538 570/539/542 822/638/646
f 823/673/681 572/537/540 571/536/539
f 822/638/646 570/539/542 573/538/541
f 825/657/665 574/540/543 572/537/540
f 824/641/649 573/538/541 575/541/544
f 826/762/770 576/542/545 574/540/543
f 794/781/789 577/543/546 576/542/545
f 827/986/1010 575/541/544 543/511/514
f 571/536/539 578/548/551 831/669/677
f 830/987/1011 580/545/548 579/544/547
f 581/546/549 580/545/548 830/987/1011
f 831/669/677 578/548/551 582/547/550
f 582/547/550 583/550/553 834/701/709
f 585/549/552 584/592/595 832/715/723
f 583/550/553 586/552/555 836/679/687
f 837/988/1012 587/551/554 585/549/552
f 836/679/687 586/552/555 444/428/420
f 447/431/423 587/551/554 837/988/1012
f 838/706/714 588/553/556 484/458/459
f 563/528/531 589/556/559 839/989/1013
f 590/554/557 588/553/556 838/706/714
f 839/989/1013 589/556/559 591/555/558
f 842/708/716 592/557/560 590/554/557
f 841/682/690 591/555/558 593/558/561
f 844/990/1014 594/559/562 592/557/560
f 843/684/692 593/558/561 595/560/563
f 596/561/564 594/559/562 844/990/1014
f 595/560/563 597/564/567 847/689/697
f 848/710/718 598/562/565 596/561/564
f 847/689/697 597/564/567 599/563/566
f 600/565/568 598/562/565 848/710/718
f 599/563/566 601/568/571 851/991/1015
f 852/712/720 602/566/569 600/565/568
f 851/991/1015 601/568/571 603/567/570
f 1039/569/572 602/566/569 852/712/720
f 853/693/701 603/567/570 1035/570/573
f 605/571/574 452/436/428 702/888/904
f 455/438/430 606/574/577 855/874/890
f 858/892/908 607/572/575 605/571/574
f 855/874/890 606/574/577 608/573/576
f 609/575/578 607/572/575 858/892/908
f 859/877/893 608/573/576 610/576/579
f 860/577/910 611/577/580 609/575/578
f 857/879/895 610/576/579 612/578/581
f 862/994/1018 613/579/582 475/450/451
f 411/399/391 613/579/582 862/994/1018
f 614/580/583 413/402/394 657/818/826
f 656/824/832 615/581/584 614/580/583
f 617/582/585 616/587/590 658/652/660
f 477/583/586 617/582/585 869/995/1019
f 618/584/587 561/527/530 811/805/813
f 894/651/659 619/585/588 408/396/388
f 810/984/1008 560/586/589 618/584/587
f 616/587/590 619/585/588 894/651/659
f 896/661/669 620/588/591 569/535/538
f 622/589/592 621/593/596 820/675/683
f 567/533/536 620/588/591 896/661/669
f 821/677/685 579/544/547 622/589/592
f 623/590/593 604/997/1021 833/713/721
f 904/674/682 624/591/594 568/534/537
f 832/715/723 584/592/595 623/590/593
f 820/675/683 621/593/596 624/591/594
f 625/594/597 445/430/422 694/853/867
f 692/851/865 443/595/598 625/594/597
f 930/719/727 626/596/599 551/519/522
f 550/597/600 626/596/599 930/719/727
f 1032/996/1020 514/486/489 762/774/782
f 628/599/602 520/492/495 769/791/799
f 767/770/778 523/600/603 1032/996/1020
f 768/793/801 629/601/604 628/599/602
f 630/602/605 526/495/498 775/976/1000
f 631/603/606 577/543/546 794/781/789
f 774/776/784 525/604/607 630/602/605
f 795/982/1006 546/605/608 631/603/606
f 632/606/609 519/490/493 770/782/790
f 956/787/795 633/607/610 629/601/604
f 771/975/999 521/608/611 632/606/609
f 512/483/486 633/607/610 956/787/795
f 634/609/612 559/526/529 806/802/810
f 635/610/613 535/503/506 784/813/821
f 554/611/614 634/609/612 958/796/804
f 786/815/823 537/505/508 635/610/613
f 969/826/834 636/612/615 615/581/584
f 410/397/389 636/612/615 969/826/834
f 637/269/616 474/269/450 723/269/889
f 998/865/879 638/613/617 426/412/404
f 722/269/991 473/269/618 637/269/616
f 428/614/619 638/613/617 998/865/879
f 639/615/620 611/577/580 860/577/910
f 1004/884/900 640/616/621 453/437/429
f 861/993/1017 612/578/581 639/615/620
f 703/890/906 451/435/427 640/616/621
f 1009/896/913 641/617/623 422/409/401
f 642/618/624 641/617/623 1009/896/913
f 1010/906/923 644/620/626 643/619/625
f 429/621/627 644/620/626 1010/906/923
f 645/622/628 418/406/398 671/953/972
f 668/908/925 643/619/625 645/622/628
f 646/623/629 442/426/418 691/964/984
f 647/624/630 434/419/411 681/963/983
f 690/913/930 441/625/631 646/623/629
f 437/421/413 647/624/630 1018/921/938
f 648/369/632 503/369/478 752/369/995
f 1030/946/965 649/626/633 642/618/624
f 753/369/996 504/369/634 648/369/632
f 663/954/973 416/404/396 649/626/633
f 1033/121/103 296/112/94 204/111/93
f 1034/110/92 204/111/93 581/546/549
f 1036/702/710 1035/570/573 581/546/549
f 1037/703/711 1036/702/710 829/704/712
f 921/705/713 833/713/721 1038/992/1016
f 604/997/1021 1039/569/572 1038/992/1016
f 1040/122/104 1039/569/572 604/997/1021
f 296/112/94 1033/121/103 1040/122/104
f 1198/998/1022 1199/1001/1025 1047/999/1023
f 1199/1001/1025 1200/1003/1027 1051/1002/1026
f 1200/1003/1027 1201/1005/1029 1053/1004/1028
f 1201/1005/1029 1202/1007/1031 1055/1006/1030
f 1202/1007/1031 1203/1010/1034 1057/1008/1032
f 1204/1009/1033 1059/1016/1040 1057/1008/1032
f 1205/1011/1035 1206/1015/1039 1061/1012/1036
f 1207/1014/1038 1063/1018/1042 1061/1012/1036
f 1205/1011/1035 1065/1013/1037 1059/1016/1040
f 1208/1017/1041 1067/1020/1044 1063/1018/1042
f 1209/1019/1043 1069/1019/1046 1067/1020/1044
f 1210/1021/1045 1071/1021/1048 1069/1019/1046
f 1211/1021/1047 1073/1021/1050 1071/1021/1048
f 1212/1021/1049 1075/1021/1052 1073/1021/1050
f 1213/1021/1051 1077/1021/1305 1075/1021/1052
f 1199/1001/1025 1198/998/1022 1049/1022/1053
f 1200/1003/1027 1199/1001/1025 1048/1023/1054
f 1201/1005/1029 1200/1003/1027 1052/1024/1055
f 1202/1007/1031 1201/1005/1029 1054/1025/1056
f 1203/1010/1034 1202/1007/1031 1056/1026/1057
f 1203/1010/1034 1058/1027/1058 1060/1028/1059
f 1204/1009/1033 1060/1028/1059 1066/1029/1060
f 1206/1015/1039 1205/1011/1035 1066/1029/1060
f 1206/1015/1039 1062/1030/1061 1064/1031/1062
f 1207/1014/1038 1064/1031/1062 1068/1032/1063
f 1208/1017/1041 1068/1032/1063 1070/1033/1064
f 1209/1019/1043 1070/1033/1064 1072/1021/1065
f 1210/1021/1045 1072/1021/1065 1074/1021/1066
f 1212/1021/1049 1211/1021/1047 1074/1021/1066
f 1212/1021/1049 1076/1021/1067 1078/1021/1068
f 1218/1034/1069 1216/1043/1083 1081/1035/1070
f 1224/1037/1072 1095/1041/1076 1093/1038/1073
f 1225/1040/1075 1104/1042/1082 1095/1041/1076
f 1226/1042/1077 1227/1042/1091 1099/1042/1078
f 1226/1042/1077 1101/1042/1079 1097/1042/1080
f 1228/1042/1081 1097/1042/1080 1104/1042/1082
f 1216/1043/1083 1218/1034/1069 1084/1044/1084
f 1223/1039/1074 1094/1094/1140 1096/1037/1086
f 1224/1037/1072 1096/1037/1086 1103/1042/1087
f 1228/1042/1081 1225/1040/1075 1103/1042/1087
f 1228/1042/1081 1098/1042/1088 1102/1042/1089
f 1226/1042/1077 1102/1042/1089 1100/1042/1090
f 1196/1046/1092 1195/1049/1095 1044/1047/1093
f 1195/1049/1095 1214/1054/1100 1215/1050/1096
f 1215/1050/1096 1198/998/1022 1050/1000/1024
f 1195/1049/1095 1196/1046/1092 1041/1051/1097
f 1083/1036/1071 1046/1056/1102 1197/1053/1099
f 1214/1054/1100 1195/1049/1095 1042/1052/1098
f 1046/1056/1102 1215/1050/1096 1214/1054/1100
f 1198/998/1022 1215/1050/1096 1046/1056/1102
f 1218/1034/1069 1197/1053/1099 1045/1057/1103
f 1229/1055/1101 1045/1057/1103 1197/1053/1099
f 1216/1043/1083 1217/1059/1105 1080/1058/1104
f 1217/1059/1105 1230/1062/1108 1231/1060/1106
f 1217/1059/1105 1216/1043/1083 1082/1045/1085
f 1230/1062/1108 1217/1059/1105 1079/1061/1107
f 1132/1064/1110 1232/1083/1129 1234/1063/1109
f 1238/1065/1111 1111/1108/1154 1113/1066/1112
f 1240/1068/1114 1239/1067/1113 1113/1066/1112
f 1241/1070/1116 1240/1068/1114 1115/1069/1115
f 1241/1070/1116 1117/1071/1117 1119/1072/1118
f 1242/1073/1119 1119/1072/1118 1121/1074/1120
f 1243/1075/1121 1121/1074/1120 1123/1076/1122
f 1244/1077/1123 1123/1076/1122 1125/1078/1124
f 1245/1079/1125 1125/1078/1124 1127/1080/1126
f 1085/1082/1128 1234/1063/1109 1232/1083/1129
f 1248/1081/1127 1128/1132/1178 1126/1085/1131
f 1245/1079/1125 1126/1085/1131 1124/1086/1132
f 1244/1077/1123 1124/1086/1132 1122/1087/1133
f 1243/1075/1121 1122/1087/1133 1120/1088/1134
f 1242/1073/1119 1120/1088/1134 1118/1089/1135
f 1240/1068/1114 1241/1070/1116 1118/1089/1135
f 1239/1067/1113 1240/1068/1114 1116/1090/1136
f 1239/1067/1113 1114/1091/1137 1112/1092/1138
f 1091/1093/1139 1222/1095/1141 1223/1039/1074
f 1094/1094/1140 1223/1039/1074 1222/1095/1141
f 1222/1095/1141 1091/1093/1139 1249/1097/1143
f 1221/1098/1144 1090/1110/1156 1092/1096/1142
f 1219/1099/1145 1230/1062/1108 1234/1063/1109
f 1086/1100/1146 1231/1060/1106 1230/1062/1108
f 1252/1101/1147 1108/1246/1334 1109/1102/1148
f 1251/1103/1149 1109/1102/1148 1106/1104/1150
f 1254/1106/1152 1253/1105/1151 1106/1104/1150
f 1111/1108/1154 1238/1065/1111 1247/1109/1155
f 1090/1110/1156 1247/1109/1155 1238/1065/1111
f 1246/1111/1157 1247/1109/1155 1090/1110/1156
f 1246/1111/1157 1255/1117/1163 1254/1106/1152
f 1254/1106/1152 1089/1107/1153 1247/1109/1155
f 1220/1112/1158 1219/1099/1145 1085/1082/1128
f 1256/1114/1160 1255/1117/1163 1246/1111/1157
f 1219/1099/1145 1220/1112/1158 1250/1116/1162
f 1221/1098/1144 1249/1097/1143 1088/1115/1161
f 1255/1117/1163 1256/1114/1160 1250/1116/1162
f 1254/1106/1152 1255/1117/1163 1220/1112/1158
f 1253/1105/1151 1254/1106/1152 1087/1113/1159
f 1251/1103/1149 1253/1105/1151 1105/1118/1164
f 1251/1103/1149 1110/1119/1165 1107/1120/1166
f 1258/1121/1167 1136/1189/1259 1139/1122/1168
f 1257/1123/1169 1139/1122/1168 1134/1124/1170
f 1236/1126/1172 1237/1129/1175 1131/1127/1173
f 1237/1129/1175 1236/1126/1172 1232/1083/1129
f 1127/1080/1126 1129/1084/1130 1235/1130/1176
f 1232/1083/1129 1236/1126/1172 1235/1130/1176
f 1260/1125/1171 1134/1124/1170 1130/1131/1177
f 1130/1131/1177 1235/1130/1176 1236/1126/1172
f 1128/1132/1178 1248/1081/1127 1235/1130/1176
f 1233/1128/1174 1131/1127/1173 1133/1133/1179
f 1260/1125/1171 1133/1133/1179 1140/1134/1180
f 1258/1121/1167 1257/1123/1169 1140/1134/1180
f 1262/1136/1182 1145/1140/1186 1143/1137/1183
f 1263/1139/1185 1147/1142/1188 1145/1140/1186
f 1264/1141/1187 1149/1144/1190 1147/1142/1188
f 1264/1141/1187 1265/1145/1191 1151/1143/1189
f 1265/1145/1191 1266/1148/1194 1153/1146/1192
f 1267/1147/1193 1155/1150/1196 1153/1146/1192
f 1268/1149/1195 1157/1152/1198 1155/1150/1196
f 1269/1151/1197 1159/1154/1200 1157/1152/1198
f 1269/1151/1197 1270/1155/1201 1161/1153/1199
f 1270/1155/1201 1271/1157/1203 1163/1156/1202
f 1271/1157/1203 1272/1159/1205 1165/1158/1204
f 1272/1159/1205 1273/1162/1208 1167/1160/1206
f 1274/1161/1207 1169/1164/1210 1167/1160/1206
f 1274/1161/1207 1275/1163/1256 1171/1163/1209
f 1276/1165/1211 1176/1192/1262 1173/1166/1212
f 1277/1167/1213 1173/1166/1212 1177/1168/1214
f 1278/1169/1215 1177/1168/1214 1179/1170/1216
f 1280/1170/1218 1279/1170/1217 1179/1170/1216
f 1281/1170/1220 1280/1170/1218 1181/1170/1219
f 1282/1170/1222 1281/1170/1220 1183/1170/1221
f 1283/1170/1224 1282/1170/1222 1185/1170/1223
f 1284/1170/1226 1283/1170/1224 1187/1170/1225
f 1285/1170/1228 1284/1170/1226 1189/1170/1227
f 1286/1170/1230 1285/1170/1228 1191/1170/1229
f 1285/1170/1228 1286/1170/1230 1194/1170/1232
f 1284/1170/1226 1285/1170/1228 1192/1170/1233
f 1283/1170/1224 1284/1170/1226 1190/1170/1234
f 1282/1170/1222 1283/1170/1224 1188/1170/1235
f 1281/1170/1220 1282/1170/1222 1186/1170/1236
f 1280/1170/1218 1281/1170/1220 1184/1170/1237
f 1279/1170/1217 1280/1170/1218 1182/1170/1238
f 1279/1170/1217 1180/1170/1239 1178/1171/1240
f 1278/1169/1215 1178/1171/1240 1174/1172/1241
f 1277/1167/1213 1174/1172/1241 1175/1173/1242
f 1261/1138/1184 1144/1198/1268 1146/1174/1243
f 1262/1136/1182 1146/1174/1243 1148/1175/1244
f 1263/1139/1185 1148/1175/1244 1150/1176/1245
f 1265/1145/1191 1264/1141/1187 1150/1176/1245
f 1266/1148/1194 1265/1145/1191 1152/1177/1246
f 1266/1148/1194 1154/1178/1247 1156/1179/1248
f 1267/1147/1193 1156/1179/1248 1158/1180/1249
f 1268/1149/1195 1158/1180/1249 1160/1181/1250
f 1270/1155/1201 1269/1151/1197 1160/1181/1250
f 1271/1157/1203 1270/1155/1201 1162/1182/1251
f 1272/1159/1205 1271/1157/1203 1164/1183/1252
f 1273/1162/1208 1272/1159/1205 1166/1184/1253
f 1274/1161/1207 1273/1162/1208 1168/1185/1254
f 1275/1163/1256 1274/1161/1207 1170/1186/1255
f 1258/1121/1167 1259/1190/1260 1138/1188/1258
f 1259/1190/1260 1289/1196/1266 1287/1191/1261
f 1138/1188/1258 1287/1191/1261 1261/1138/1184
f 1176/1192/1262 1276/1165/1211 1288/1193/1263
f 1259/1190/1260 1258/1121/1167 1135/1135/1181
f 1141/1195/1265 1288/1193/1263 1276/1165/1211
f 1289/1196/1266 1290/1199/1269 1142/1197/1267
f 1144/1198/1268 1261/1138/1184 1287/1191/1261
f 1289/1196/1266 1259/1190/1260 1137/1194/1264
f 1290/1199/1269 1289/1196/1266 1288/1193/1263
f 1042/1052/1098 1041/1051/1097 1291/1200/1270
f 1043/1048/1094 1044/1047/1093 1294/1202/1272
f 1050/1000/1024 1295/1207/1277 1294/1202/1272
f 1049/1022/1053 1046/1056/1102 1296/1204/1274
f 1048/1023/1054 1049/1022/1053 1297/1205/1275
f 1047/999/1023 1299/1209/1279 1295/1207/1277
f 1047/999/1023 1051/1002/1026 1300/1208/1278
f 1052/1024/1055 1048/1023/1054 1298/1206/1276
f 1053/1004/1028 1302/1211/1281 1300/1208/1278
f 1055/1006/1030 1303/1215/1285 1302/1211/1281
f 1056/1026/1057 1054/1025/1056 1304/1212/1282
f 1055/1006/1030 1057/1008/1032 1306/1214/1284
f 1058/1027/1058 1056/1026/1057 1305/1213/1283
f 1059/1016/1040 1308/1218/1288 1306/1214/1284
f 1060/1028/1059 1058/1027/1058 1307/1216/1286
f 1065/1013/1037 1310/1223/1293 1308/1218/1288
f 1060/1028/1059 1309/1217/1287 1311/1219/1289
f 1061/1012/1036 1063/1018/1042 1313/1220/1290
f 1062/1030/1061 1314/1224/1294 1315/1222/1292
f 1065/1013/1037 1061/1012/1036 1312/1221/1291
f 1062/1030/1061 1066/1029/1060 1311/1219/1289
f 1063/1018/1042 1067/1020/1044 1316/1225/1295
f 1068/1032/1063 1064/1031/1062 1315/1222/1292
f 1069/1019/1046 1318/1021/1298 1316/1225/1295
f 1068/1032/1063 1317/1226/1296 1319/1227/1297
f 1071/1021/1048 1320/1021/1300 1318/1021/1298
f 1070/1033/1064 1319/1227/1297 1321/1021/1299
f 1073/1021/1050 1322/1021/1303 1320/1021/1300
f 1072/1021/1065 1321/1021/1299 1323/1021/1301
f 1073/1021/1050 1075/1021/1052 1324/1021/1302
f 1076/1021/1067 1074/1021/1066 1323/1021/1301
f 1077/1021/1305 1326/1021/1421 1324/1021/1302
f 1076/1021/1067 1325/1021/1304 1327/1021/1306
f 1052/1024/1055 1301/1210/1280 1304/1212/1282
f 1084/1044/1084 1045/1057/1103 1328/1228/1307
f 1083/1036/1071 1330/1233/1312 1296/1204/1274
f 1081/1035/1070 1080/1058/1104 1332/1230/1309
f 1082/1045/1085 1333/1234/1313 1334/1232/1311
f 1081/1035/1070 1331/1231/1310 1330/1233/1312
f 1082/1045/1085 1084/1044/1084 1329/1229/1308
f 1087/1113/1159 1085/1082/1128 1335/1235/1314
f 1092/1096/1142 1090/1110/1156 1337/1237/1316
f 1091/1093/1139 1093/1038/1073 1340/1239/1318
f 1092/1096/1142 1338/1238/1317 1341/1241/1320
f 1095/1041/1076 1342/1239/1323 1340/1239/1318
f 1094/1094/1140 1341/1241/1320 1343/1042/1321
f 1095/1041/1076 1104/1042/1082 1344/1042/1322
f 1096/1037/1086 1343/1042/1321 1345/1042/1324
f 1101/1042/1079 1347/1042/1327 1346/1042/1325
f 1098/1042/1088 1348/1042/1329 1349/1042/1326
f 1099/1042/1078 1350/1042/1423 1347/1042/1327
f 1100/1042/1090 1102/1042/1089 1349/1042/1326
f 1098/1042/1088 1103/1042/1087 1345/1042/1324
f 1104/1042/1082 1097/1042/1080 1346/1042/1325
f 1105/1118/1164 1087/1113/1159 1336/1236/1315
f 1106/1104/1150 1354/1245/1333 1353/1243/1331
f 1110/1119/1165 1105/1118/1164 1352/1242/1330
f 1109/1102/1148 1356/1247/1335 1354/1245/1333
f 1108/1246/1334 1357/1320/1432 1356/1247/1335
f 1107/1120/1166 1110/1119/1165 1355/1244/1332
f 1111/1108/1154 1089/1107/1153 1353/1243/1331
f 1112/1092/1138 1360/1251/1339 1337/1237/1316
f 1113/1066/1112 1111/1108/1154 1359/1249/1337
f 1114/1091/1137 1362/1254/1342 1360/1251/1339
f 1113/1066/1112 1361/1250/1338 1363/1252/1340
f 1114/1091/1137 1116/1090/1136 1364/1253/1341
f 1115/1069/1115 1363/1252/1340 1365/1255/1343
f 1118/1089/1135 1366/1257/1345 1364/1253/1341
f 1119/1072/1118 1117/1071/1117 1365/1255/1343
f 1120/1088/1134 1368/1260/1348 1366/1257/1345
f 1121/1074/1120 1119/1072/1118 1367/1256/1344
f 1120/1088/1134 1122/1087/1133 1370/1259/1347
f 1123/1076/1122 1121/1074/1120 1369/1258/1346
f 1124/1086/1132 1372/1263/1351 1370/1259/1347
f 1125/1078/1124 1123/1076/1122 1371/1261/1349
f 1126/1085/1131 1374/1265/1353 1372/1263/1351
f 1125/1078/1124 1373/1262/1350 1375/1264/1352
f 1128/1132/1178 1376/1268/1356 1374/1265/1353
f 1127/1080/1126 1375/1264/1352 1377/1266/1354
f 1128/1132/1178 1130/1131/1177 1378/1267/1355
f 1079/1061/1107 1334/1232/1311 1379/1269/1357
f 1129/1084/1130 1377/1266/1354 1335/1235/1314
f 1133/1133/1179 1131/1127/1173 1380/1270/1358
f 1134/1124/1170 1382/1273/1361 1378/1267/1355
f 1140/1134/1180 1133/1133/1179 1381/1271/1359
f 1139/1122/1168 1384/1277/1365 1382/1273/1361
f 1135/1135/1181 1385/1278/1366 1386/1274/1362
f 1136/1189/1259 1138/1188/1258 1388/1275/1363
f 1136/1189/1259 1387/1276/1364 1384/1277/1365
f 1140/1134/1180 1383/1272/1360 1385/1278/1366
f 1143/1137/1183 1389/1281/1369 1388/1275/1363
f 1144/1198/1268 1142/1197/1267 1390/1279/1367
f 1145/1140/1186 1392/1283/1371 1389/1281/1369
f 1144/1198/1268 1391/1280/1368 1393/1282/1370
f 1147/1142/1188 1394/1285/1373 1392/1283/1371
f 1146/1174/1243 1393/1282/1370 1395/1284/1372
f 1149/1144/1190 1396/1288/1376 1394/1285/1373
f 1148/1175/1244 1395/1284/1372 1397/1286/1374
f 1149/1144/1190 1151/1143/1189 1398/1287/1375
f 1150/1176/1245 1397/1286/1374 1399/1289/1377
f 1151/1143/1189 1153/1146/1192 1400/1290/1378
f 1154/1178/1247 1152/1177/1246 1399/1289/1377
f 1153/1146/1192 1155/1150/1196 1402/1292/1380
f 1154/1178/1247 1401/1291/1379 1403/1293/1381
f 1157/1152/1198 1404/1295/1383 1402/1292/1380
f 1158/1180/1249 1156/1179/1248 1403/1293/1381
f 1159/1154/1200 1406/1298/1386 1404/1295/1383
f 1158/1180/1249 1405/1294/1382 1407/1296/1384
f 1159/1154/1200 1161/1153/1199 1408/1297/1385
f 1160/1181/1250 1407/1296/1384 1409/1299/1387
f 1161/1153/1199 1163/1156/1202 1410/1300/1388
f 1164/1183/1252 1162/1182/1251 1409/1299/1387
f 1165/1158/1204 1412/1304/1392 1410/1300/1388
f 1164/1183/1252 1411/1301/1389 1413/1302/1390
f 1165/1158/1204 1167/1160/1206 1414/1303/1391
f 1168/1185/1254 1166/1184/1253 1413/1302/1390
f 1169/1164/1210 1416/1305/1396 1414/1303/1391
f 1168/1185/1254 1415/1187/1393 1417/1187/1394
f 1169/1164/1210 1171/1163/1209 1418/1187/1395
f 1172/1187/1257 1170/1186/1255 1417/1187/1394
f 1176/1192/1262 1137/1194/1264 1386/1274/1362
f 1175/1173/1242 1422/1308/1400 1421/1307/1399
f 1174/1172/1241 1423/1311/1404 1422/1308/1400
f 1173/1166/1212 1176/1192/1262 1420/1306/1398
f 1177/1168/1214 1173/1166/1212 1424/1309/1401
f 1174/1172/1241 1178/1171/1240 1426/1170/1403
f 1177/1168/1214 1425/1310/1402 1427/1170/1405
f 1180/1170/1239 1428/1170/1408 1426/1170/1403
f 1181/1170/1219 1179/1170/1216 1427/1170/1405
f 1180/1170/1239 1182/1170/1238 1430/1170/1407
f 1181/1170/1219 1429/1170/1406 1431/1170/1409
f 1184/1170/1237 1432/1170/1412 1430/1170/1407
f 1185/1170/1223 1183/1170/1221 1431/1170/1409
f 1184/1170/1237 1186/1170/1236 1434/1170/1411
f 1187/1170/1225 1185/1170/1223 1433/1170/1410
f 1188/1170/1235 1436/1170/1415 1434/1170/1411
f 1189/1170/1227 1187/1170/1225 1435/1170/1413
f 1190/1170/1234 1438/1170/1417 1436/1170/1415
f 1191/1170/1229 1189/1170/1227 1437/1170/1414
f 1192/1170/1233 1440/1170/1419 1438/1170/1417
f 1193/1170/1231 1191/1170/1229 1439/1170/1416
f 1194/1170/1232 1442/1170/1436 1440/1170/1419
f 1078/1021/1068 1327/1021/1306 1443/1021/1420
f 1077/1021/1305 1213/1021/1051 1443/1021/1420
f 1100/1042/1090 1351/1042/1328 1444/1042/1422
f 1099/1042/1078 1227/1042/1091 1444/1042/1422
f 1229/1055/1101 1042/1052/1098 1292/1201/1271
f 1045/1057/1103 1229/1055/1101 1445/1312/1424
f 1231/1060/1106 1086/1100/1146 1446/1313/1425
f 1231/1060/1106 1447/1314/1426 1332/1230/1309
f 1237/1129/1175 1132/1064/1110 1379/1269/1357
f 1131/1127/1173 1237/1129/1175 1448/1315/1427
f 1249/1097/1143 1091/1093/1139 1339/1240/1319
f 1249/1097/1143 1449/1316/1428 1450/1317/1429
f 1250/1116/1162 1451/1321/1433 1446/1313/1425
f 1107/1120/1166 1358/1248/1336 1452/1318/1430
f 1088/1115/1161 1450/1317/1429 1453/1319/1431
f 1108/1246/1334 1252/1101/1147 1452/1318/1430
f 1256/1114/1160 1453/1319/1431 1451/1321/1433
f 1172/1187/1257 1419/1187/1397 1454/1187/1434
f 1193/1170/1231 1441/1170/1418 1455/1170/1435
f 1171/1163/1209 1275/1163/1256 1454/1187/1434
f 1194/1170/1232 1286/1170/1230 1455/1170/1435
f 1141/1195/1265 1421/1307/1399 1456/1322/1437
f 1290/1199/1269 1456/1322/1437 1390/1279/1367
f 1614/1323/1438 1466/1366/1504 1463/1324/1439
f 1615/1325/1440 1463/1324/1439 1467/1326/1441
f 1616/1327/1442 1467/1326/1441 1469/1328/1443
f 1617/1329/1444 1469/1328/1443 1471/1330/1445
f 1618/1331/1446 1471/1330/1445 1473/1332/1447
f 1473/1332/1447 1475/1339/1454 1620/1334/1449
f 1621/1335/1450 1481/1509/1670 1477/1336/1451
f 1477/1336/1451 1479/1340/1455 1623/1338/1453
f 1475/1339/1454 1481/1509/1670 1621/1335/1450
f 1479/1340/1455 1483/1342/1457 1624/1341/1456
f 1483/1342/1457 1485/1021/1459 1625/1343/1458
f 1485/1021/1459 1487/1021/1461 1626/1021/1460
f 1487/1021/1461 1489/1021/1463 1627/1021/1462
f 1489/1021/1463 1491/1021/1465 1628/1021/1464
f 1491/1021/1465 1493/1021/1673 1629/1021/1466
f 1615/1325/1440 1464/1345/1468 1465/1344/1467
f 1616/1327/1442 1468/1346/1469 1464/1345/1468
f 1617/1329/1444 1470/1347/1470 1468/1346/1469
f 1618/1331/1446 1472/1348/1471 1470/1347/1470
f 1619/1333/1448 1474/1508/1669 1472/1348/1471
f 1476/1349/1472 1474/1508/1669 1619/1333/1448
f 1482/1350/1473 1476/1349/1472 1620/1334/1449
f 1622/1337/1452 1478/1510/1671 1482/1350/1473
f 1480/1351/1474 1478/1510/1671 1622/1337/1452
f 1484/1352/1475 1480/1351/1474 1623/1338/1453
f 1486/1227/1476 1484/1352/1475 1624/1341/1456
f 1488/1021/1477 1486/1227/1476 1625/1343/1458
f 1490/1021/1478 1488/1021/1477 1626/1021/1460
f 1628/1021/1464 1492/1021/1672 1490/1021/1478
f 1494/1021/1479 1492/1021/1672 1628/1021/1464
f 1634/1353/1480 1499/1368/1506 1497/1354/1481
f 1509/1356/1483 1511/1359/1486 1640/1357/1484
f 1511/1359/1486 1520/1042/1493 1641/1042/1487
f 1642/1042/1488 1517/1042/1674 1515/1042/1489
f 1513/1042/1491 1517/1042/1674 1642/1042/1488
f 1520/1042/1493 1513/1042/1491 1644/1042/1492
f 1632/1355/1482 1498/1378/1516 1500/1360/1494
f 1512/1359/1495 1510/1409/1547 1639/1358/1485
f 1519/1042/1496 1512/1359/1495 1640/1357/1484
f 1644/1042/1492 1514/1042/1675 1519/1042/1496
f 1518/1042/1497 1514/1042/1675 1644/1042/1492
f 1516/1042/1498 1518/1042/1497 1642/1042/1488
f 1612/1361/1499 1459/1507/1668 1460/1362/1500
f 1611/1363/1501 1460/1362/1500 1631/1364/1502
f 1631/1364/1502 1460/1362/1500 1466/1366/1504
f 1611/1363/1501 1458/1371/1509 1457/1367/1505
f 1499/1368/1506 1634/1353/1480 1613/1369/1507
f 1630/1365/1503 1645/1373/1511 1458/1371/1509
f 1462/1370/1508 1613/1369/1507 1630/1365/1503
f 1614/1323/1438 1465/1344/1467 1462/1370/1508
f 1634/1353/1480 1500/1360/1494 1461/1372/1510
f 1613/1369/1507 1461/1372/1510 1645/1373/1511
f 1632/1355/1482 1497/1354/1481 1496/1374/1512
f 1633/1375/1513 1496/1374/1512 1647/1376/1514
f 1633/1375/1513 1495/1379/1517 1498/1378/1516
f 1495/1379/1517 1633/1375/1513 1646/1377/1515
f 1548/1381/1519 1495/1379/1517 1650/1380/1518
f 1529/1383/1521 1527/1421/1559 1654/1384/1522
f 1656/1386/1524 1531/1388/1526 1529/1383/1521
f 1657/1387/1525 1533/1514/1679 1531/1388/1526
f 1535/1389/1527 1533/1514/1679 1657/1387/1525
f 1537/1391/1529 1535/1389/1527 1658/1390/1528
f 1539/1393/1531 1537/1391/1529 1659/1392/1530
f 1541/1395/1533 1539/1393/1531 1660/1394/1532
f 1543/1397/1535 1541/1395/1533 1661/1396/1534
f 1501/1399/1537 1545/1443/1581 1648/1382/1520
f 1542/1400/1538 1544/1446/1584 1664/1398/1536
f 1540/1401/1539 1542/1400/1538 1661/1396/1534
f 1538/1402/1540 1540/1401/1539 1660/1394/1532
f 1536/1403/1541 1538/1402/1540 1659/1392/1530
f 1534/1404/1542 1536/1403/1541 1658/1390/1528
f 1656/1386/1524 1532/1405/1543 1534/1404/1542
f 1655/1385/1523 1530/1513/1678 1532/1405/1543
f 1528/1406/1544 1530/1513/1678 1655/1385/1523
f 1507/1407/1545 1509/1356/1483 1639/1358/1485
f 1510/1409/1547 1508/1412/1550 1638/1408/1546
f 1665/1410/1548 1507/1407/1545 1638/1408/1546
f 1508/1412/1550 1506/1423/1561 1637/1411/1549
f 1635/1413/1551 1501/1399/1537 1650/1380/1518
f 1502/1414/1552 1635/1413/1551 1646/1377/1515
f 1525/1415/1553 1524/1512/1677 1668/1416/1554
f 1522/1418/1556 1525/1415/1553 1667/1417/1555
f 1670/1420/1558 1505/1425/1563 1522/1418/1556
f 1527/1421/1559 1505/1425/1563 1663/1422/1560
f 1506/1423/1561 1528/1406/1544 1654/1384/1522
f 1662/1424/1562 1637/1411/1549 1506/1423/1561
f 1670/1420/1558 1671/1429/1567 1662/1424/1562
f 1662/1424/1562 1663/1422/1560 1505/1425/1563
f 1501/1399/1537 1635/1413/1551 1636/1426/1564
f 1672/1428/1566 1504/1431/1569 1662/1424/1562
f 1666/1430/1568 1636/1426/1564 1635/1413/1551
f 1637/1411/1549 1662/1424/1562 1504/1431/1569
f 1671/1429/1567 1636/1426/1564 1666/1430/1568
f 1670/1420/1558 1503/1427/1565 1636/1426/1564
f 1669/1419/1557 1521/1432/1570 1503/1427/1565
f 1667/1417/1555 1526/1511/1676 1521/1432/1570
f 1523/1433/1571 1526/1511/1676 1667/1417/1555
f 1555/1434/1572 1552/1515/1680 1674/1435/1573
f 1550/1437/1575 1555/1434/1572 1673/1436/1574
f 1652/1439/1577 1649/1445/1583 1547/1440/1578
f 1653/1441/1579 1548/1381/1519 1648/1382/1520
f 1543/1397/1535 1664/1398/1536 1651/1442/1580
f 1648/1382/1520 1545/1443/1581 1651/1442/1580
f 1546/1444/1582 1550/1437/1575 1676/1438/1576
f 1546/1444/1582 1649/1445/1583 1652/1439/1577
f 1544/1446/1584 1546/1444/1582 1651/1442/1580
f 1549/1447/1585 1547/1440/1578 1649/1445/1583
f 1556/1448/1586 1549/1447/1585 1676/1438/1576
f 1674/1435/1573 1551/1501/1662 1556/1448/1586
f 1559/1449/1587 1561/1452/1590 1678/1450/1588
f 1561/1452/1590 1563/1454/1592 1679/1453/1591
f 1563/1454/1592 1565/1516/1681 1680/1455/1593
f 1680/1455/1593 1565/1516/1681 1567/1456/1594
f 1681/1457/1595 1567/1456/1594 1569/1458/1596
f 1569/1458/1596 1571/1461/1599 1683/1460/1598
f 1571/1461/1599 1573/1463/1601 1684/1462/1600
f 1573/1463/1601 1575/1518/1683 1685/1464/1602
f 1685/1464/1602 1575/1518/1683 1577/1465/1603
f 1686/1466/1604 1577/1465/1603 1579/1467/1605
f 1687/1468/1606 1579/1467/1605 1581/1469/1607
f 1688/1470/1608 1581/1469/1607 1583/1471/1609
f 1583/1471/1609 1585/1519/1684 1690/1473/1611
f 1690/1473/1611 1585/1519/1684 1587/1187/1612
f 1589/1474/1614 1592/1499/1660 1692/1475/1615
f 1593/1477/1617 1589/1474/1614 1693/1476/1616
f 1595/1479/1619 1593/1477/1617 1694/1478/1618
f 1696/1170/1621 1597/1170/1623 1595/1479/1619
f 1697/1170/1622 1599/1170/1625 1597/1170/1623
f 1698/1170/1624 1601/1170/1627 1599/1170/1625
f 1699/1170/1626 1603/1170/1629 1601/1170/1627
f 1700/1170/1628 1605/1170/1631 1603/1170/1629
f 1701/1170/1630 1607/1170/1633 1605/1170/1631
f 1702/1170/1632 1609/1170/1687 1607/1170/1633
f 1701/1170/1630 1608/1170/1635 1610/1170/1634
f 1700/1170/1628 1606/1170/1636 1608/1170/1635
f 1699/1170/1626 1604/1170/1637 1606/1170/1636
f 1698/1170/1624 1602/1170/1638 1604/1170/1637
f 1697/1170/1622 1600/1170/1639 1602/1170/1638
f 1696/1170/1621 1598/1170/1640 1600/1170/1639
f 1695/1479/1620 1596/1479/1686 1598/1170/1640
f 1594/1480/1641 1596/1479/1686 1695/1479/1620
f 1590/1481/1642 1594/1480/1641 1694/1478/1618
f 1591/1482/1643 1590/1481/1642 1693/1476/1616
f 1562/1483/1644 1560/1505/1666 1677/1451/1589
f 1564/1484/1645 1562/1483/1644 1678/1450/1588
f 1566/1485/1646 1564/1484/1645 1679/1453/1591
f 1681/1457/1595 1568/1486/1647 1566/1485/1646
f 1682/1459/1597 1570/1517/1682 1568/1486/1647
f 1572/1487/1648 1570/1517/1682 1682/1459/1597
f 1574/1488/1649 1572/1487/1648 1683/1460/1598
f 1576/1489/1650 1574/1488/1649 1684/1462/1600
f 1686/1466/1604 1578/1490/1651 1576/1489/1650
f 1687/1468/1606 1580/1491/1652 1578/1490/1651
f 1688/1470/1608 1582/1492/1653 1580/1491/1652
f 1689/1472/1610 1584/1493/1654 1582/1492/1653
f 1690/1473/1611 1586/1494/1655 1584/1493/1654
f 1691/1187/1613 1588/1187/1685 1586/1494/1655
f 1674/1435/1573 1552/1515/1680 1554/1495/1656
f 1675/1496/1657 1554/1495/1656 1703/1497/1658
f 1554/1495/1656 1559/1449/1587 1677/1451/1589
f 1592/1499/1660 1553/1506/1667 1704/1500/1661
f 1675/1496/1657 1553/1506/1667 1551/1501/1662
f 1557/1502/1663 1591/1482/1643 1692/1475/1615
f 1705/1498/1659 1703/1497/1658 1558/1503/1664
f 1560/1505/1666 1558/1503/1664 1703/1497/1658
f 1705/1498/1659 1704/1500/1661 1553/1506/1667
f 1706/1504/1665 1557/1502/1663 1704/1500/1661
f 1458/1371/1509 1292/1201/1271 1291/1200/1270
f 1459/1507/1668 1293/1203/1273 1294/1202/1272
f 1294/1202/1272 1295/1207/1277 1466/1366/1504
f 1465/1344/1467 1297/1205/1275 1296/1204/1274
f 1464/1345/1468 1298/1206/1276 1297/1205/1275
f 1295/1207/1277 1299/1209/1279 1463/1324/1439
f 1463/1324/1439 1299/1209/1279 1300/1208/1278
f 1468/1346/1469 1301/1210/1280 1298/1206/1276
f 1300/1208/1278 1302/1211/1281 1469/1328/1443
f 1302/1211/1281 1303/1215/1285 1471/1330/1445
f 1472/1348/1471 1305/1213/1283 1304/1212/1282
f 1471/1330/1445 1303/1215/1285 1306/1214/1284
f 1474/1508/1669 1307/1216/1286 1305/1213/1283
f 1306/1214/1284 1308/1218/1288 1475/1339/1454
f 1476/1349/1472 1309/1217/1287 1307/1216/1286
f 1308/1218/1288 1310/1223/1293 1481/1509/1670
f 1311/1219/1289 1309/1217/1287 1476/1349/1472
f 1477/1336/1451 1312/1221/1291 1313/1220/1290
f 1315/1222/1292 1314/1224/1294 1478/1510/1671
f 1481/1509/1670 1310/1223/1293 1312/1221/1291
f 1478/1510/1671 1314/1224/1294 1311/1219/1289
f 1479/1340/1455 1313/1220/1290 1316/1225/1295
f 1484/1352/1475 1317/1226/1296 1315/1222/1292
f 1316/1225/1295 1318/1021/1298 1485/1021/1459
f 1319/1227/1297 1317/1226/1296 1484/1352/1475
f 1318/1021/1298 1320/1021/1300 1487/1021/1461
f 1321/1021/1299 1319/1227/1297 1486/1227/1476
f 1320/1021/1300 1322/1021/1303 1489/1021/1463
f 1323/1021/1301 1321/1021/1299 1488/1021/1477
f 1489/1021/1463 1322/1021/1303 1324/1021/1302
f 1492/1021/1672 1325/1021/1304 1323/1021/1301
f 1324/1021/1302 1326/1021/1421 1493/1021/1673
f 1327/1021/1306 1325/1021/1304 1492/1021/1672
f 1304/1212/1282 1301/1210/1280 1468/1346/1469
f 1500/1360/1494 1329/1229/1308 1328/1228/1307
f 1296/1204/1274 1330/1233/1312 1499/1368/1506
f 1497/1354/1481 1331/1231/1310 1332/1230/1309
f 1334/1232/1311 1333/1234/1313 1498/1378/1516
f 1330/1233/1312 1331/1231/1310 1497/1354/1481
f 1498/1378/1516 1333/1234/1313 1329/1229/1308
f 1503/1427/1565 1336/1236/1315 1335/1235/1314
f 1508/1412/1550 1338/1238/1317 1337/1237/1316
f 1507/1407/1545 1339/1240/1319 1340/1239/1318
f 1341/1241/1320 1338/1238/1317 1508/1412/1550
f 1340/1239/1318 1342/1239/1323 1511/1359/1486
f 1343/1042/1321 1341/1241/1320 1510/1409/1547
f 1511/1359/1486 1342/1239/1323 1344/1042/1322
f 1345/1042/1324 1343/1042/1321 1512/1359/1495
f 1346/1042/1325 1347/1042/1327 1517/1042/1674
f 1349/1042/1326 1348/1042/1329 1514/1042/1675
f 1347/1042/1327 1350/1042/1423 1515/1042/1489
f 1516/1042/1498 1351/1042/1328 1349/1042/1326
f 1514/1042/1675 1348/1042/1329 1345/1042/1324
f 1520/1042/1493 1344/1042/1322 1346/1042/1325
f 1521/1432/1570 1352/1242/1330 1336/1236/1315
f 1353/1243/1331 1354/1245/1333 1522/1418/1556
f 1526/1511/1676 1355/1244/1332 1352/1242/1330
f 1354/1245/1333 1356/1247/1335 1525/1415/1553
f 1356/1247/1335 1357/1320/1432 1524/1512/1677
f 1523/1433/1571 1358/1248/1336 1355/1244/1332
f 1527/1421/1559 1359/1249/1337 1353/1243/1331
f 1337/1237/1316 1360/1251/1339 1528/1406/1544
f 1529/1383/1521 1361/1250/1338 1359/1249/1337
f 1360/1251/1339 1362/1254/1342 1530/1513/1678
f 1363/1252/1340 1361/1250/1338 1529/1383/1521
f 1530/1513/1678 1362/1254/1342 1364/1253/1341
f 1365/1255/1343 1363/1252/1340 1531/1388/1526
f 1364/1253/1341 1366/1257/1345 1534/1404/1542
f 1535/1389/1527 1367/1256/1344 1365/1255/1343
f 1366/1257/1345 1368/1260/1348 1536/1403/1541
f 1537/1391/1529 1369/1258/1346 1367/1256/1344
f 1536/1403/1541 1368/1260/1348 1370/1259/1347
f 1539/1393/1531 1371/1261/1349 1369/1258/1346
f 1370/1259/1347 1372/1263/1351 1540/1401/1539
f 1541/1395/1533 1373/1262/1350 1371/1261/1349
f 1372/1263/1351 1374/1265/1353 1542/1400/1538
f 1375/1264/1352 1373/1262/1350 1541/1395/1533
f 1374/1265/1353 1376/1268/1356 1544/1446/1584
f 1377/1266/1354 1375/1264/1352 1543/1397/1535
f 1544/1446/1584 1376/1268/1356 1378/1267/1355
f 1379/1269/1357 1334/1232/1311 1495/1379/1517
f 1335/1235/1314 1377/1266/1354 1545/1443/1581
f 1549/1447/1585 1381/1271/1359 1380/1270/1358
f 1378/1267/1355 1382/1273/1361 1550/1437/1575
f 1556/1448/1586 1383/1272/1360 1381/1271/1359
f 1382/1273/1361 1384/1277/1365 1555/1434/1572
f 1386/1274/1362 1385/1278/1366 1551/1501/1662
f 1552/1515/1680 1387/1276/1364 1388/1275/1363
f 1384/1277/1365 1387/1276/1364 1552/1515/1680
f 1385/1278/1366 1383/1272/1360 1556/1448/1586
f 1388/1275/1363 1389/1281/1369 1559/1449/1587
f 1560/1505/1666 1391/1280/1368 1390/1279/1367
f 1389/1281/1369 1392/1283/1371 1561/1452/1590
f 1393/1282/1370 1391/1280/1368 1560/1505/1666
f 1392/1283/1371 1394/1285/1373 1563/1454/1592
f 1395/1284/1372 1393/1282/1370 1562/1483/1644
f 1394/1285/1373 1396/1288/1376 1565/1516/1681
f 1397/1286/1374 1395/1284/1372 1564/1484/1645
f 1565/1516/1681 1396/1288/1376 1398/1287/1375
f 1399/1289/1377 1397/1286/1374 1566/1485/1646
f 1567/1456/1594 1398/1287/1375 1400/1290/1378
f 1570/1517/1682 1401/1291/1379 1399/1289/1377
f 1569/1458/1596 1400/1290/1378 1402/1292/1380
f 1403/1293/1381 1401/1291/1379 1570/1517/1682
f 1402/1292/1380 1404/1295/1383 1573/1463/1601
f 1574/1488/1649 1405/1294/1382 1403/1293/1381
f 1404/1295/1383 1406/1298/1386 1575/1518/1683
f 1407/1296/1384 1405/1294/1382 1574/1488/1649
f 1575/1518/1683 1406/1298/1386 1408/1297/1385
f 1409/1299/1387 1407/1296/1384 1576/1489/1650
f 1577/1465/1603 1408/1297/1385 1410/1300/1388
f 1580/1491/1652 1411/1301/1389 1409/1299/1387
f 1410/1300/1388 1412/1304/1392 1581/1469/1607
f 1413/1302/1390 1411/1301/1389 1580/1491/1652
f 1581/1469/1607 1412/1304/1392 1414/1303/1391
f 1584/1493/1654 1415/1187/1393 1413/1302/1390
f 1414/1303/1391 1416/1305/1396 1585/1519/1684
f 1417/1187/1394 1415/1187/1393 1584/1493/1654
f 1585/1519/1684 1416/1305/1396 1418/1187/1395
f 1588/1187/1685 1419/1187/1397 1417/1187/1394
f 1592/1499/1660 1420/1306/1398 1386/1274/1362
f 1421/1307/1399 1422/1308/1400 1591/1482/1643
f 1422/1308/1400 1423/1311/1404 1590/1481/1642
f 1589/1474/1614 1424/1309/1401 1420/1306/1398
f 1593/1477/1617 1425/1310/1402 1424/1309/1401
f 1590/1481/1642 1423/1311/1404 1426/1170/1403
f 1427/1170/1405 1425/1310/1402 1593/1477/1617
f 1426/1170/1403 1428/1170/1408 1596/1479/1686
f 1597/1170/1623 1429/1170/1406 1427/1170/1405
f 1596/1479/1686 1428/1170/1408 1430/1170/1407
f 1431/1170/1409 1429/1170/1406 1597/1170/1623
f 1430/1170/1407 1432/1170/1412 1600/1170/1639
f 1601/1170/1627 1433/1170/1410 1431/1170/1409
f 1600/1170/1639 1432/1170/1412 1434/1170/1411
f 1603/1170/1629 1435/1170/1413 1433/1170/1410
f 1434/1170/1411 1436/1170/1415 1604/1170/1637
f 1605/1170/1631 1437/1170/1414 1435/1170/1413
f 1436/1170/1415 1438/1170/1417 1606/1170/1636
f 1607/1170/1633 1439/1170/1416 1437/1170/1414
f 1438/1170/1417 1440/1170/1419 1608/1170/1635
f 1609/1170/1687 1441/1170/1418 1439/1170/1416
f 1440/1170/1419 1442/1170/1436 1610/1170/1634
f 1443/1021/1420 1327/1021/1306 1494/1021/1479
f 1493/1021/1673 1326/1021/1421 1443/1021/1420
f 1444/1042/1422 1351/1042/1328 1516/1042/1498
f 1515/1042/1489 1350/1042/1423 1444/1042/1422
f 1645/1373/1511 1445/1312/1424 1292/1201/1271
f 1461/1372/1510 1328/1228/1307 1445/1312/1424
f 1647/1376/1514 1447/1314/1426 1446/1313/1425
f 1332/1230/1309 1447/1314/1426 1647/1376/1514
f 1653/1441/1579 1448/1315/1427 1379/1269/1357
f 1547/1440/1578 1380/1270/1358 1448/1315/1427
f 1665/1410/1548 1449/1316/1428 1339/1240/1319
f 1450/1317/1429 1449/1316/1428 1665/1410/1548
f 1446/1313/1425 1451/1321/1433 1666/1430/1568
f 1452/1318/1430 1358/1248/1336 1523/1433/1571
f 1453/1319/1431 1450/1317/1429 1504/1431/1569
f 1524/1512/1677 1357/1320/1432 1452/1318/1430
f 1451/1321/1433 1453/1319/1431 1672/1428/1566
f 1454/1187/1434 1419/1187/1397 1588/1187/1685
f 1455/1170/1435 1441/1170/1418 1609/1170/1687
f 1587/1187/1612 1418/1187/1395 1454/1187/1434
f 1610/1170/1634 1442/1170/1436 1455/1170/1435
f 1456/1322/1437 1421/1307/1399 1557/1502/1663
f 1390/1279/1367 1456/1322/1437 1706/1504/1665
f 2226/1520/1688 2250/1543/1711 2252/1521/1689
f 2231/1523/1691 2229/1522/1690 2252/1521/1689
f 2231/1523/1691 2254/1524/1692 2256/1525/1693
f 2233/1526/1694 2256/1525/1693 2258/1527/1695
f 2235/1528/1696 2258/1527/1695 2260/1529/1697
f 2237/1530/1698 2260/1529/1697 2262/1531/1699
f 2239/1532/1700 2262/1531/1699 2264/1533/1701
f 2241/1534/1702 2264/1533/1701 2266/1535/1703
f 2243/1536/1704 2266/1535/1703 2268/1537/1705
f 2245/1538/1706 2268/1537/1705 2270/1539/1707
f 2247/1540/1708 2270/1539/1707 2272/1541/1709
f 2249/1542/1710 2272/1541/1709 2250/1543/1711
s 2
f 1866/1544/1712 1868/1567/1712 1869/1545/124
f 1867/1546/124 1869/1545/124 1871/1547/1713
f 1872/1549/1714 1870/1548/1713 1871/1547/1713
f 1872/1549/1714 1873/1550/1714 1875/1551/1715
f 1874/1552/1715 1875/1551/1715 1877/1553/1716
f 1878/1555/1717 1876/1554/1716 1877/1553/1716
f 1878/1555/1717 1879/1556/1717 1881/1557/737
f 1882/1559/1718 1880/1558/737 1881/1557/737
f 1882/1559/1718 1883/1560/1718 1885/1561/1719
f 1884/1562/1719 1885/1561/1719 1887/1563/1720
f 1888/1565/1721 1886/1564/1720 1887/1563/1720
f 1888/1565/1721 1889/1566/1721 1868/1567/1712
s 1
f 1731/1568/1722 1752/1591/1745 1753/1569/1723
f 1733/1571/1725 1732/1570/1724 1753/1569/1723
f 1733/1571/1725 1754/1572/1726 1743/1573/1727
f 1734/1574/1728 1743/1573/1727 1744/1575/1729
f 1735/1576/1730 1744/1575/1729 1745/1577/1731
f 1736/1578/1732 1745/1577/1731 1746/1579/1733
f 1737/1580/1734 1746/1579/1733 1747/1581/1735
f 1738/1582/1736 1747/1581/1735 1748/1583/1737
f 1739/1584/1738 1748/1583/1737 1749/1585/1739
f 1740/1586/1740 1749/1585/1739 1750/1587/1741
f 1741/1588/1742 1750/1587/1741 1751/1589/1743
f 1731/1568/1722 1742/1590/1744 1751/1589/1743
s 2
f 2202/1592/1714 2204/1615/1714 2205/1593/1715
f 2203/1594/1715 2205/1593/1715 2207/1595/1716
f 2206/1596/1716 2207/1595/1716 2209/1597/1717
f 2208/1598/1717 2209/1597/1717 2211/1599/737
f 2210/1600/737 2211/1599/737 2213/1601/1718
f 2212/1602/1718 2213/1601/1718 2215/1603/1719
f 2216/1605/1720 2214/1604/1719 2215/1603/1719
f 2216/1605/1720 2217/1606/1720 2219/1607/1721
f 2220/1609/1712 2218/1608/1721 2219/1607/1721
f 2220/1609/1712 2221/1610/1712 2223/1611/124
f 2224/1613/1713 2222/1612/124 2223/1611/124
f 2224/1613/1713 2225/1614/1713 2204/1615/1714
s 1
f 2157/1616/1746 2154/1639/1769 2178/1617/1747
f 2157/1616/1746 2180/1618/1748 2182/1619/1749
f 2159/1620/1750 2182/1619/1749 2184/1621/1751
f 2163/1623/1753 2161/1622/1752 2184/1621/1751
f 2163/1623/1753 2186/1624/1754 2188/1625/1755
f 2167/1627/1757 2165/1626/1756 2188/1625/1755
f 2167/1627/1757 2190/1628/1758 2192/1629/1759
f 2169/1630/1760 2192/1629/1759 2194/1631/1761
f 2173/1633/1763 2171/1632/1762 2194/1631/1761
f 2173/1633/1763 2196/1634/1764 2198/1635/1765
f 2177/1637/1767 2175/1636/1766 2198/1635/1765
f 2177/1637/1767 2200/1638/1768 2178/1617/1747
s 2
f 1890/1640/1713 1892/1662/1713 1893/1641/1714
f 1891/1642/1714 1893/1641/1714 1895/1643/1715
f 1894/1644/1715 1895/1643/1715 1897/1645/1716
f 1896/1646/1716 1897/1645/1716 1899/1647/1717
f 1898/1648/1717 1899/1647/1717 1901/1649/737
f 1900/1650/737 1901/1649/737 1903/1651/1718
f 1902/1652/1718 1903/1651/1718 1905/1645/1719
f 1904/1653/1719 1905/1645/1719 1907/1654/1720
f 1906/1655/1720 1907/1654/1720 1909/1656/1721
f 1910/1658/1712 1908/1657/1721 1909/1656/1721
f 1910/1658/1712 1911/1659/1712 1913/1660/124
f 1890/1640/1713 1912/1661/124 1913/1660/124
s 1
f 1755/1663/1770 1916/1680/1793 1917/1664/1771
f 1757/1666/1773 1756/1665/1772 1917/1664/1771
f 1757/1666/1773 1918/1667/1774 1919/1668/1775
f 1759/1670/1777 1758/1669/1776 1919/1668/1775
f 1760/1672/1779 1759/1670/1777 1920/1671/1778
f 1760/1672/1779 1921/1673/1780 1922/1674/1781
f 1761/1675/1782 1922/1674/1781 1923/1676/1783
f 1763/1678/1785 1762/1677/1784 1923/1676/1783
f 1763/1678/1785 1924/1679/1786 1925/1680/1787
f 1765/1682/1789 1764/1681/1788 1925/1680/1787
f 1765/1682/1789 1914/1683/1790 1915/1684/1791
f 1755/1663/1770 1766/1685/1792 1915/1684/1791
s 2
f 1767/1686/1715 1780/1709/1715 1781/1687/1716
f 1768/1688/1716 1781/1687/1716 1782/1689/1717
f 1769/1690/1717 1782/1689/1717 1783/1691/737
f 1770/1692/737 1783/1691/737 1784/1693/1718
f 1771/1694/1718 1784/1693/1718 1785/1695/1719
f 1772/1696/1719 1785/1695/1719 1786/1697/1720
f 1773/1698/1720 1786/1697/1720 1787/1699/1721
f 1775/1701/1712 1774/1700/1721 1787/1699/1721
f 1775/1701/1712 1788/1702/1712 1789/1703/124
f 1777/1705/1713 1776/1704/124 1789/1703/124
f 1777/1705/1713 1790/1706/1713 1779/1707/1714
f 1778/1708/1714 1779/1707/1714 1780/1709/1715
s 1
f 2058/1710/1794 2082/1733/1817 2084/1711/1795
f 2061/1712/1796 2084/1711/1795 2086/1713/1797
f 2065/1715/1799 2063/1714/1798 2086/1713/1797
f 2067/1717/1801 2065/1715/1799 2088/1716/1800
f 2067/1717/1801 2090/1718/1802 2092/1719/1803
f 2069/1720/1804 2092/1719/1803 2094/1721/1805
f 2071/1722/1806 2094/1721/1805 2096/1723/1807
f 2073/1724/1808 2096/1723/1807 2098/1725/1809
f 2077/1727/1811 2075/1726/1810 2098/1725/1809
f 2077/1727/1811 2100/1728/1812 2102/1729/1813
f 2081/1731/1815 2079/1730/1814 2102/1729/1813
f 2081/1731/1815 2104/1732/1816 2082/1733/1817
s 2
f 1926/1734/1715 1928/1757/1715 1929/1735/1716
f 1927/1736/1716 1929/1735/1716 1931/1737/1717
f 1930/1738/1717 1931/1737/1717 1933/1739/737
f 1934/1741/1718 1932/1740/737 1933/1739/737
f 1936/1743/1719 1934/1741/1718 1935/1742/1718
f 1936/1743/1719 1937/1744/1719 1939/1745/1720
f 1938/1746/1720 1939/1745/1720 1941/1747/1721
f 1942/1749/1712 1940/1748/1721 1941/1747/1721
f 1942/1749/1712 1943/1750/1712 1945/1751/124
f 1946/1753/1713 1944/1752/124 1945/1751/124
f 1946/1753/1713 1947/1754/1713 1949/1755/1714
f 1948/1756/1714 1949/1755/1714 1928/1757/1715
s 1
f 2107/1758/1818 2056/1781/1841 2035/1759/1819
f 2109/1760/1820 2035/1759/1819 2036/1761/1821
f 2111/1762/1822 2036/1761/1821 2038/1763/1823
f 2113/1764/1824 2038/1763/1823 2040/1765/1825
f 2115/1766/1826 2040/1765/1825 2042/1767/1827
f 2117/1768/1828 2042/1767/1827 2044/1769/1829
f 2119/1770/1830 2044/1769/1829 2046/1771/1831
f 2123/1773/1833 2121/1772/1832 2046/1771/1831
f 2125/1775/1835 2123/1773/1833 2048/1774/1834
f 2125/1775/1835 2050/1776/1836 2052/1777/1837
f 2129/1779/1839 2127/1778/1838 2052/1777/1837
f 2129/1779/1839 2054/1780/1840 2056/1781/1841
s 2
f 2034/1782/1842 1964/1805/1865 1965/1783/1843
f 2037/1784/1844 1965/1783/1843 1966/1785/1845
f 2041/1787/1847 2039/1786/1846 1966/1785/1845
f 2041/1787/1847 1967/1788/1848 1968/1789/1849
f 2045/1791/1851 2043/1790/1850 1968/1789/1849
f 2047/1793/1853 2045/1791/1851 1969/1792/1852
f 2049/1795/1855 2047/1793/1853 1970/1794/1854
f 2049/1795/1855 1971/1796/1856 1972/1797/1857
f 2051/1798/1858 1972/1797/1857 1973/1799/1859
f 2055/1801/1861 2053/1800/1860 1973/1799/1859
f 2057/1803/1863 2055/1801/1861 1962/1802/1862
f 2057/1803/1863 1963/1804/1864 1964/1805/1865
s 1
f 1792/1806/1866 1791/1829/1867 1991/1807/1867
f 1792/1806/1866 1992/1808/1866 1993/1809/1868
f 1794/1811/1869 1793/1810/1868 1993/1809/1868
f 1794/1811/1869 1994/1812/1869 1995/1813/1870
f 1796/1815/1871 1795/1814/1870 1995/1813/1870
f 1796/1815/1871 1996/1816/1871 1997/1817/1872
f 1798/1819/1873 1797/1818/1872 1997/1817/1872
f 1799/1821/1874 1798/1819/1873 1986/1820/1873
f 1800/1823/1875 1799/1821/1874 1987/1822/1874
f 1800/1823/1875 1988/1824/1875 1989/1825/1876
f 1801/1826/1876 1989/1825/1876 1990/1827/1877
f 1802/1828/1877 1990/1827/1877 1991/1807/1867
s 2
f 1803/1830/124 1720/1853/124 1721/1831/1713
f 1804/1832/1713 1721/1831/1713 1722/1833/1714
f 1806/1835/1715 1805/1834/1714 1722/1833/1714
f 1806/1835/1715 1723/1836/1715 1724/1837/1716
f 1807/1838/1716 1724/1837/1716 1725/1839/1717
f 1808/1840/1717 1725/1839/1717 1726/1841/737
f 1810/1843/1718 1809/1842/737 1726/1841/737
f 1811/1845/1719 1810/1843/1718 1727/1844/1718
f 1811/1845/1719 1728/1846/1719 1729/1847/1720
f 1812/1848/1720 1729/1847/1720 1730/1849/1721
f 1814/1851/1712 1813/1850/1721 1730/1849/1721
f 1814/1851/1712 1719/1852/1712 1720/1853/124
s 1
f 1815/1854/1878 1827/1877/1900 1828/1855/1879
f 1816/1856/1880 1828/1855/1879 1829/1857/1881
f 1818/1859/1883 1817/1858/1882 1829/1857/1881
f 1818/1859/1883 1830/1860/1884 1831/1861/1885
f 1820/1863/1887 1819/1862/1886 1831/1861/1885
f 1820/1863/1887 1832/1864/1888 1833/1865/1889
f 1822/1867/1891 1821/1866/1890 1833/1865/1889
f 1822/1867/1891 1834/1868/1892 1835/1869/1893
f 1824/1871/1895 1823/1870/1894 1835/1869/1893
f 1824/1871/1895 1836/1872/1292 1837/1873/1896
f 1826/1875/1898 1825/1874/1897 1837/1873/1896
f 1815/1854/1878 1826/1875/1898 1838/1876/1899
f 1828/1855/1879 1827/1877/1900 1803/1830/1901
f 1829/1857/1881 1828/1855/1879 1804/1832/1902
f 1830/1860/1884 1829/1857/1881 1805/1834/1903
f 1830/1860/1884 1806/1835/1904 1807/1838/1905
f 1832/1864/1888 1831/1861/1885 1807/1838/1905
f 1833/1865/1889 1832/1864/1888 1808/1840/1906
f 1834/1868/1892 1833/1865/1889 1809/1842/1907
f 1835/1869/1893 1834/1868/1892 1810/1843/1908
f 1836/1872/1292 1835/1869/1893 1811/1845/1909
f 1836/1872/1292 1812/1848/1910 1813/1850/1911
f 1837/1873/1896 1813/1850/1911 1814/1851/1912
f 1827/1877/1900 1838/1876/1899 1814/1851/1912
f 1840/1878/1913 1839/1916/1949 1815/1854/1878
f 1845/1879/1914 1844/1892/1926 1820/1863/1887
f 1822/1867/1891 1846/1881/1916 1845/1879/1914
f 1815/1854/1878 1839/1916/1949 1850/1880/1915
f 1817/1858/1882 1841/1894/1928 1840/1878/1913
f 1823/1870/1894 1847/1883/1918 1846/1881/1916
f 1850/1880/1915 1849/1914/1947 1825/1874/1897
f 1823/1870/1894 1824/1871/1895 1848/1882/1917
f 1825/1874/1897 1849/1914/1947 1848/1882/1917
f 1854/1884/1919 1855/1910/1943 1707/1885/1920
f 1709/1887/1922 1865/1915/1948 1854/1884/1919
f 1864/1888/1923 1865/1915/1948 1709/1887/1922
f 1711/1890/1925 1863/1904/1938 1864/1888/1923
f 1852/1891/629 1711/1890/1925 1710/1889/1924
f 1852/1891/629 1709/1887/1922 1708/1886/1921
f 1844/1892/1926 1843/1911/1944 1819/1862/1886
f 1817/1858/1882 1818/1859/1883 1842/1893/1927
f 1819/1862/1886 1843/1911/1944 1842/1893/1927
f 1860/1895/1929 1861/1913/1946 1713/1896/1930
f 1715/1898/1932 1859/1900/1934 1860/1895/1929
f 1716/1899/1933 1858/1912/1945 1859/1900/1934
f 1857/1901/1935 1858/1912/1945 1716/1899/1933
f 1711/1890/1925 1712/1905/1939 1862/1903/1937
f 1713/1896/1930 1861/1913/1946 1862/1903/1937
f 1717/1902/1936 1718/1907/1941 1856/1906/1940
f 1707/1885/1920 1855/1910/1943 1856/1906/1940
f 1851/1908/1942 1718/1907/1941 1717/1902/1936
f 1851/1908/1942 1712/1905/1939 1711/1890/1925
f 1853/1909/629 1715/1898/1932 1714/1897/1931
f 1851/1908/1942 1852/1891/629 1707/1885/1920
f 1853/1909/629 1717/1902/1936 1716/1899/1933
f 1713/1896/1930 1712/1905/1939 1851/1908/1942
f 1854/1884/1919 1840/1878/1913 1841/1894/1928
f 1855/1910/1943 1841/1894/1928 1842/1893/1927
f 1857/1901/1935 1856/1906/1940 1842/1893/1927
f 1857/1901/1935 1843/1911/1944 1844/1892/1926
f 1859/1900/1934 1858/1912/1945 1844/1892/1926
f 1859/1900/1934 1845/1879/1914 1846/1881/1916
f 1860/1895/1929 1846/1881/1916 1847/1883/1918
f 1862/1903/1937 1861/1913/1946 1847/1883/1918
f 1863/1904/1938 1862/1903/1937 1848/1882/1917
f 1864/1888/1923 1863/1904/1938 1849/1914/1947
f 1865/1915/1948 1864/1888/1923 1850/1880/1915
f 1865/1915/1948 1839/1916/1949 1840/1878/1913
f 1719/1852/629 2227/1940/1975 2228/1917/1950
f 2251/1918/1951 1866/1544/1952 1867/1546/1952
f 1721/1831/629 1720/1853/629 2228/1917/1950
f 2255/1921/1955 2253/1919/1953 1867/1546/1952
f 1721/1831/629 2230/1920/1954 2232/1922/1957
f 2255/1921/1955 1870/1548/1956 1872/1549/1952
f 1722/1833/629 2232/1922/1957 2234/1924/1959
f 2257/1923/1958 1872/1549/1952 1874/1552/1952
f 1723/1836/629 2234/1924/1959 2236/1926/1961
f 2261/1927/1962 2259/1925/1960 1874/1552/1952
f 1724/1837/629 2236/1926/1961 2238/1928/1963
f 2263/1929/1964 2261/1927/1962 1876/1554/1952
f 1726/1841/629 1725/1839/629 2238/1928/1963
f 2263/1929/1964 1878/1555/1952 1880/1558/1952
f 1726/1841/629 2240/1930/1965 2242/1932/1967
f 2267/1933/1968 2265/1931/1966 1880/1558/1952
f 1727/1844/629 2242/1932/1967 2244/1934/1969
f 2267/1933/1968 1882/1559/1952 1884/1562/1952
f 1729/1847/629 1728/1846/629 2244/1934/1969
f 2271/1937/1972 2269/1935/1970 1884/1562/1952
f 1730/1849/629 1729/1847/629 2246/1936/1971
f 2271/1937/1972 1886/1564/1952 1888/1565/1952
f 1719/1852/629 1730/1849/629 2248/1938/1973
f 2251/1918/1951 2273/1939/1974 1888/1565/1952
f 1731/1568/1722 1732/1570/1724 1869/1545/629
f 1733/1571/1725 1871/1547/629 1869/1545/629
f 1734/1574/1728 1873/1550/629 1871/1547/629
f 1734/1574/1728 1735/1576/1730 1875/1551/629
f 1736/1578/1732 1877/1553/629 1875/1551/629
f 1737/1580/1734 1879/1556/629 1877/1553/629
f 1737/1580/1734 1738/1582/1736 1881/1557/629
f 1739/1584/1738 1883/1560/629 1881/1557/629
f 1739/1584/1738 1740/1586/1740 1885/1561/629
f 1741/1588/1742 1887/1563/629 1885/1561/629
f 1742/1590/1744 1889/1566/1942 1887/1563/629
f 1742/1590/1744 1731/1568/1722 1868/1567/629
f 2179/1941/1976 1891/1642/1952 1894/1644/1952
f 2183/1943/1978 2181/1942/1977 1894/1644/1952
f 2185/1944/1979 2183/1943/1978 1896/1646/1952
f 2185/1944/1979 1898/1648/1952 1900/1650/1952
f 2189/1946/1981 2187/1945/1980 1900/1650/1952
f 2189/1946/1981 1902/1652/1952 1904/1653/1952
f 2191/1947/1982 1904/1653/1952 1906/1655/1952
f 2195/1949/1984 2193/1948/1983 1906/1655/1952
f 2197/1950/1985 2195/1949/1984 1908/1657/1952
f 2197/1950/1985 1910/1658/1952 1912/1661/1952
f 2201/1952/1987 2199/1951/1986 1912/1661/1952
f 2201/1952/1987 1890/1640/1952 1891/1642/1952
f 1756/1665/1772 1893/1641/629 1892/1662/629
f 1757/1666/1773 1895/1643/629 1893/1641/629
f 1758/1669/1776 1897/1645/629 1895/1643/629
f 1759/1670/1777 1899/1647/629 1897/1645/629
f 1759/1670/1777 1760/1672/1779 1901/1649/629
f 1761/1675/1782 1903/1651/629 1901/1649/629
f 1761/1675/1782 1762/1677/1784 1905/1645/629
f 1762/1677/1784 1763/1678/1785 1907/1654/629
f 1763/1678/1785 1764/1681/1788 1909/1656/629
f 1765/1682/1789 1911/1659/629 1909/1656/629
f 1766/1685/1792 1913/1660/629 1911/1659/629
f 1766/1685/1792 1755/1663/1770 1892/1662/629
f 2133/1953/1988 2131/1964/1999 1776/1704/1952
f 2133/1953/1988 1777/1705/1952 1778/1708/1952
f 2137/1955/1990 2135/1954/1989 1778/1708/1952
f 2139/1956/1991 2137/1955/1990 1767/1686/1952
f 2141/1957/1992 2139/1956/1991 1768/1688/1952
f 2141/1957/1992 1769/1690/1952 1770/1692/1952
f 2145/1959/1994 2143/1958/1993 1770/1692/1952
f 2145/1959/1994 1771/1694/1952 1772/1696/1952
f 2147/1960/1995 1772/1696/1952 1773/1698/1952
f 2151/1962/1997 2149/1961/1996 1773/1698/1952
f 2151/1962/1997 1774/1700/1952 1775/1701/1952
f 2153/1963/1998 1775/1701/1952 1776/1704/1952
f 1914/1683/1790 2152/1976/2011 2130/1965/2000
f 1916/1680/1793 1915/1684/1791 2130/1965/2000
f 1916/1680/1793 2132/1966/2001 2134/1967/2002
f 1918/1667/1774 1917/1664/1771 2134/1967/2002
f 1919/1668/1775 1918/1667/1774 2136/1968/2003
f 1920/1671/1778 1919/1668/1775 2138/1969/2004
f 1921/1673/1780 1920/1671/1778 2140/1970/2005
f 1921/1673/1780 2142/1971/2006 2144/1972/2007
f 1922/1674/1781 2144/1972/2007 2146/1973/2008
f 1924/1679/1786 1923/1676/1783 2146/1973/2008
f 1924/1679/1786 2148/1974/2009 2150/1975/2010
f 1914/1683/1790 1925/1680/1787 2150/1975/2010
f 1780/1709/629 1779/1707/629 2059/1977/2012
f 2085/1979/2014 2083/2000/2035 1948/1756/1952
f 1780/1709/629 2060/1978/2013 2062/1980/2015
f 2085/1979/2014 1926/1734/1952 1927/1736/1952
f 1781/1687/629 2062/1980/2015 2064/1982/2017
f 2087/1981/2016 1927/1736/1952 1930/1738/1952
f 1783/1691/629 1782/1689/629 2064/1982/2017
f 2089/1983/2018 1930/1738/1952 1932/1740/1952
f 1783/1691/629 2066/1984/2019 2068/1986/2021
f 2093/1987/2022 2091/1985/2020 1932/1740/1952
f 1785/1695/629 1784/1693/629 2068/1986/2021
f 2095/1989/2024 2093/1987/2022 1934/1741/1952
f 1786/1697/629 1785/1695/629 2070/1988/2023
f 2095/1989/2024 1936/1743/1952 1938/1746/1952
f 1786/1697/629 2072/1990/2025 2074/1992/2027
f 2099/1993/2028 2097/1991/2026 1938/1746/1952
f 1787/1699/629 2074/1992/2027 2076/1994/2029
f 2099/1993/2028 1940/1748/1952 1942/1749/1952
f 1789/1703/629 1788/1702/629 2076/1994/2029
f 2101/1995/2030 1942/1749/1952 1944/1752/1952
f 1789/1703/629 2078/1996/2031 2080/1998/2033
f 2103/1997/2032 1944/1752/1952 1946/1753/1952
f 1779/1707/629 1790/1706/629 2080/1998/2033
f 2083/2000/2035 2105/1999/2034 1946/1753/1952
f 2110/2001/2036 1929/1735/629 1928/1757/629
f 2110/2001/2036 2112/2003/2038 1931/1737/629
f 2112/2003/2038 2114/2005/2040 1933/1739/629
f 2116/2004/2039 1935/1742/629 1933/1739/629
f 2118/2006/2041 1937/1744/629 1935/1742/629
f 2118/2006/2041 2120/2008/2043 1939/1745/629
f 2122/2007/2042 1941/1747/629 1939/1745/629
f 2124/2009/2044 1943/1750/629 1941/1747/629
f 2124/2009/2044 2126/2010/2045 1945/1751/629
f 2126/2010/2045 2128/2011/2046 1947/1754/629
f 2128/2011/2046 2106/2012/2047 1949/1755/629
f 2106/2012/2047 2108/2002/2037 1928/1757/629
s 2
f 1950/2013/2048 1975/2036/2071 1976/2014/2049
f 1952/2016/2051 1951/2015/2050 1976/2014/2049
f 1952/2016/2051 1977/2017/2052 1978/2018/2053
f 1954/2020/2055 1953/2019/2054 1978/2018/2053
f 1955/2022/2057 1954/2020/2055 1979/2021/2056
f 1955/2022/2057 1980/2023/2058 1981/2024/2059
f 1956/2025/2060 1981/2024/2059 1982/2026/2061
f 1958/2028/2063 1957/2027/2062 1982/2026/2061
f 1958/2028/2063 1983/2029/2064 1984/2030/2065
f 1960/2032/2067 1959/2031/2066 1984/2030/2065
f 1960/2032/2067 1985/2033/2068 1974/2034/2069
f 1950/2013/2048 1961/2035/2070 1974/2034/2069
f 1963/1804/1864 1962/1802/1862 1961/2035/2070
f 1964/1805/1865 1963/1804/1864 1950/2013/2048
f 1964/1805/1865 1951/2015/2050 1952/2016/2051
f 1966/1785/1845 1965/1783/1843 1952/2016/2051
f 1967/1788/1848 1966/1785/1845 1953/2019/2054
f 1967/1788/1848 1954/2020/2055 1955/2022/2057
f 1968/1789/1849 1955/2022/2057 1956/2025/2060
f 1970/1794/1854 1969/1792/1852 1956/2025/2060
f 1970/1794/1854 1957/2027/2062 1958/2028/2063
f 1971/1796/1856 1958/2028/2063 1959/2031/2066
f 1973/1799/1859 1972/1797/1857 1959/2031/2066
f 1973/1799/1859 1960/2032/2067 1961/2035/2070
f 1975/2036/2071 1974/2034/2069 1801/1826/2072
f 1975/2036/2071 1802/1828/2073 1791/1829/2074
f 1977/2017/2052 1976/2014/2049 1791/1829/2074
f 1977/2017/2052 1792/1806/2075 1793/1810/2076
f 1978/2018/2053 1793/1810/2076 1794/1811/2077
f 1980/2023/2058 1979/2021/2056 1794/1811/2077
f 1981/2024/2059 1980/2023/2058 1795/1814/2078
f 1981/2024/2059 1796/1815/2079 1797/1818/2080
f 1983/2029/2064 1982/2026/2061 1797/1818/2080
f 1983/2029/2064 1798/1819/2081 1799/1821/2082
f 1984/2030/2065 1799/1821/2082 1800/1823/2083
f 1974/2034/2069 1985/2033/2068 1800/1823/2083
f 2013/2037/2084 2010/2060/2095 1998/2038/1721
f 2013/2037/2084 1999/2039/1712 2000/2040/124
f 2017/2042/2086 2015/2041/2085 2000/2040/124
f 2017/2042/2086 2001/2043/1713 2002/2044/1714
f 2019/2045/2087 2002/2044/1714 2003/2046/1715
f 2021/2047/2088 2003/2046/1715 2004/2048/1716
f 2023/2049/2089 2004/2048/1716 2005/2050/1717
f 2025/2051/2090 2005/2050/1717 2006/2052/737
f 2027/2053/2091 2006/2052/737 2007/2054/1718
f 2029/2055/2092 2007/2054/1718 2008/2056/1719
f 2031/2057/2093 2008/2056/1719 2009/2058/1720
f 2033/2059/2094 2009/2058/1720 1998/2038/1721
f 1986/1820/2096 2011/2072/2119 2012/2061/2097
f 1987/1822/2098 2012/2061/2097 2014/2062/2099
f 1989/1825/2101 1988/1824/2100 2014/2062/2099
f 1990/1827/2103 1989/1825/2101 2016/2063/2102
f 1991/1807/2105 1990/1827/2103 2018/2064/2104
f 1992/1808/2107 1991/1807/2105 2020/2065/2106
f 1992/1808/2107 2022/2066/2108 2024/2067/2109
f 1994/1812/2111 1993/1809/2110 2024/2067/2109
f 1994/1812/2111 2026/2068/2112 2028/2069/2113
f 1996/1816/2115 1995/1813/2114 2028/2069/2113
f 1996/1816/2115 2030/2070/2116 2032/2071/2117
f 1986/1820/2096 1997/1817/2118 2032/2071/2117
f 2011/2072/2119 2032/2071/2117 2033/2059/2094
f 2010/2060/2095 2013/2037/2084 2012/2061/2097
f 2012/2061/2097 2013/2037/2084 2015/2041/2085
f 2015/2041/2085 2017/2042/2086 2016/2063/2102
f 2016/2063/2102 2017/2042/2086 2019/2045/2087
f 2018/2064/2104 2019/2045/2087 2021/2047/2088
f 2021/2047/2088 2023/2049/2089 2022/2066/2108
f 2022/2066/2108 2023/2049/2089 2025/2051/2090
f 2024/2067/2109 2025/2051/2090 2027/2053/2091
f 2027/2053/2091 2029/2055/2092 2028/2069/2113
f 2029/2055/2092 2031/2057/2093 2030/2070/2116
f 2031/2057/2093 2033/2059/2094 2032/2071/2117
f 2034/1782/1842 2035/1759/2122 2056/1781/2120
f 2034/1782/1842 2037/1784/1844 2036/1761/2121
f 2036/1761/2121 2037/1784/1844 2039/1786/1846
f 2039/1786/1846 2041/1787/1847 2040/1765/2124
f 2040/1765/2124 2041/1787/1847 2043/1790/1850
f 2043/1790/1850 2045/1791/1851 2044/1769/2126
f 2044/1769/2126 2045/1791/1851 2047/1793/1853
f 2047/1793/1853 2049/1795/1855 2048/1774/2128
f 2049/1795/1855 2051/1798/1858 2050/1776/2129
f 2051/1798/1858 2053/1800/1860 2052/1777/2130
f 2052/1777/2130 2053/1800/1860 2055/1801/1861
f 2054/1780/2131 2055/1801/1861 2057/1803/1863
s 1
f 2058/1710/1794 2059/1977/2012 2080/1998/2033
f 2058/1710/1794 2061/1712/1796 2060/1978/2013
f 2060/1978/2013 2061/1712/1796 2063/1714/1798
f 2062/1980/2015 2063/1714/1798 2065/1715/1799
f 2064/1982/2017 2065/1715/1799 2067/1717/1801
f 2067/1717/1801 2069/1720/1804 2068/1986/2021
f 2069/1720/1804 2071/1722/1806 2070/1988/2023
f 2071/1722/1806 2073/1724/1808 2072/1990/2025
f 2072/1990/2025 2073/1724/1808 2075/1726/1810
f 2075/1726/1810 2077/1727/1811 2076/1994/2029
f 2076/1994/2029 2077/1727/1811 2079/1730/1814
f 2079/1730/1814 2081/1731/1815 2080/1998/2033
f 2083/2000/2035 2082/1733/1817 2104/1732/1816
f 2082/1733/1817 2083/2000/2035 2085/1979/2014
f 2085/1979/2014 2087/1981/2016 2086/1713/1797
f 2087/1981/2016 2089/1983/2018 2088/1716/1800
f 2088/1716/1800 2089/1983/2018 2091/1985/2020
f 2091/1985/2020 2093/1987/2022 2092/1719/1803
f 2093/1987/2022 2095/1989/2024 2094/1721/1805
f 2094/1721/1805 2095/1989/2024 2097/1991/2026
f 2097/1991/2026 2099/1993/2028 2098/1725/1809
f 2099/1993/2028 2101/1995/2030 2100/1728/1812
f 2100/1728/1812 2101/1995/2030 2103/1997/2032
f 2103/1997/2032 2105/1999/2034 2104/1732/1816
f 2107/1758/1818 2106/2012/2047 2128/2011/2046
f 2106/2012/2047 2107/1758/1818 2109/1760/1820
f 2109/1760/1820 2111/1762/1822 2110/2001/2036
f 2111/1762/1822 2113/1764/1824 2112/2003/2038
f 2112/2003/2038 2113/1764/1824 2115/1766/1826
f 2115/1766/1826 2117/1768/1828 2116/2004/2039
f 2116/2004/2039 2117/1768/1828 2119/1770/1830
f 2118/2006/2041 2119/1770/1830 2121/1772/1832
f 2121/1772/1832 2123/1773/1833 2122/2007/2042
f 2123/1773/1833 2125/1775/1835 2124/2009/2044
f 2125/1775/1835 2127/1778/1838 2126/2010/2045
f 2127/1778/1838 2129/1779/1839 2128/2011/2046
f 2131/1964/1999 2130/1965/2000 2152/1976/2011
f 2131/1964/1999 2133/1953/1988 2132/1966/2001
f 2132/1966/2001 2133/1953/1988 2135/1954/1989
f 2134/1967/2002 2135/1954/1989 2137/1955/1990
f 2136/1968/2003 2137/1955/1990 2139/1956/1991
f 2138/1969/2004 2139/1956/1991 2141/1957/1992
f 2141/1957/1992 2143/1958/1993 2142/1971/2006
f 2142/1971/2006 2143/1958/1993 2145/1959/1994
f 2145/1959/1994 2147/1960/1995 2146/1973/2008
f 2147/1960/1995 2149/1961/1996 2148/1974/2009
f 2149/1961/1996 2151/1962/1997 2150/1975/2010
f 2151/1962/1997 2153/1963/1998 2152/1976/2011
f 2154/1639/1769 2155/2075/2134 2176/2073/2132
f 2154/1639/1769 2157/1616/1746 2156/2074/2133
f 2156/2074/2133 2157/1616/1746 2159/1620/1750
f 2159/1620/1750 2161/1622/1752 2160/2077/2136
f 2161/1622/1752 2163/1623/1753 2162/2078/2137
f 2162/2078/2137 2163/1623/1753 2165/1626/1756
f 2164/2079/2138 2165/1626/1756 2167/1627/1757
f 2167/1627/1757 2169/1630/1760 2168/2081/2140
f 2169/1630/1760 2171/1632/1762 2170/2082/2141
f 2171/1632/1762 2173/1633/1763 2172/2083/2142
f 2172/2083/2142 2173/1633/1763 2175/1636/1766
f 2175/1636/1766 2177/1637/1767 2176/2073/2132
f 2179/1941/1976 2178/1617/1747 2200/1638/1768
f 2178/1617/1747 2179/1941/1976 2181/1942/1977
f 2181/1942/1977 2183/1943/1978 2182/1619/1749
f 2182/1619/1749 2183/1943/1978 2185/1944/1979
f 2184/1621/1751 2185/1944/1979 2187/1945/1980
f 2187/1945/1980 2189/1946/1981 2188/1625/1755
f 2189/1946/1981 2191/1947/1982 2190/1628/1758
f 2190/1628/1758 2191/1947/1982 2193/1948/1983
f 2193/1948/1983 2195/1949/1984 2194/1631/1761
f 2195/1949/1984 2197/1950/1985 2196/1634/1764
f 2196/1634/1764 2197/1950/1985 2199/1951/1986
f 2199/1951/1986 2201/1952/1987 2200/1638/1768
f 1744/1575/1729 1743/1573/1727 2202/1592/1952
f 2205/1593/629 2204/1615/629 2155/2075/2134
f 1745/1577/1731 1744/1575/1729 2203/1594/1952
f 2158/2076/2135 2207/1595/629 2205/1593/629
f 1746/1579/1733 1745/1577/1731 2206/1596/1952
f 2209/1597/629 2207/1595/629 2158/2076/2135
f 1746/1579/1733 2208/1598/1952 2210/1600/1952
f 2211/1599/629 2209/1597/629 2160/2077/2136
f 1748/1583/1737 1747/1581/1735 2210/1600/1952
f 2164/2079/2138 2213/1601/629 2211/1599/629
f 1748/1583/1737 2212/1602/1952 2214/1604/1952
f 2166/2080/2139 2215/1603/629 2213/1601/629
f 1749/1585/1739 2214/1604/1952 2216/1605/1952
f 2217/1606/629 2215/1603/629 2166/2080/2139
f 1750/1587/1741 2216/1605/1952 2218/1608/1952
f 2170/2082/2141 2219/1607/629 2217/1606/629
f 1751/1589/1743 2218/1608/1952 2220/1609/1952
f 2221/1610/629 2219/1607/629 2170/2082/2141
f 1752/1591/1745 2220/1609/1952 2222/1612/1952
f 2223/1611/629 2221/1610/629 2172/2083/2142
f 1754/1572/1726 1753/1569/1723 2222/1612/1952
f 2176/2073/2132 2225/1614/629 2223/1611/629
f 1743/1573/1727 1754/1572/1726 2224/1613/1952
f 2155/2075/2134 2204/1615/629 2225/1614/629
f 2226/1520/1688 2227/1940/1975 2248/1938/1973
f 2227/1940/1975 2226/1520/1688 2229/1522/1690
f 2229/1522/1690 2231/1523/1691 2230/1920/1954
f 2231/1523/1691 2233/1526/1694 2232/1922/1957
f 2233/1526/1694 2235/1528/1696 2234/1924/1959
f 2235/1528/1696 2237/1530/1698 2236/1926/1961
f 2237/1530/1698 2239/1532/1700 2238/1928/1963
f 2238/1928/1963 2239/1532/1700 2241/1534/1702
f 2241/1534/1702 2243/1536/1704 2242/1932/1967
f 2242/1932/1967 2243/1536/1704 2245/1538/1706
f 2245/1538/1706 2247/1540/1708 2246/1936/1971
f 2246/1936/1971 2247/1540/1708 2249/1542/1710
f 2250/1543/1711 2272/1541/1709 2273/1939/1974
f 2250/1543/1711 2251/1918/1951 2253/1919/1953
f 2253/1919/1953 2255/1921/1955 2254/1524/1692
f 2254/1524/1692 2255/1921/1955 2257/1923/1958
f 2257/1923/1958 2259/1925/1960 2258/1527/1695
f 2259/1925/1960 2261/1927/1962 2260/1529/1697
f 2260/1529/1697 2261/1927/1962 2263/1929/1964
f 2263/1929/1964 2265/1931/1966 2264/1533/1701
f 2264/1533/1701 2265/1931/1966 2267/1933/1968
f 2267/1933/1968 2269/1935/1970 2268/1537/1705
f 2269/1935/1970 2271/1937/1972 2270/1539/1707
f 2270/1539/1707 2271/1937/1972 2273/1939/1974
f 2340/2085/124 2342/2233/2149 2343/2086/2144
f 2341/2088/124 2343/2234/2144 2345/2089/2145
f 2344/2091/124 2345/2235/2145 2347/2092/2146
f 2340/2094/124 2348/2196/2180 2349/2095/2148
f 2351/2097/2150 2352/2236/2217 2353/2098/2151
f 2355/2100/124 2356/2453/124 2357/2101/124
f 2358/2103/124 2359/2454/124 2356/2104/124
f 2360/2106/2153 2361/2237/2156 2359/2107/124
f 2354/2109/124 2357/2455/124 2363/2110/2154
f 2356/2112/124 2364/2128/124 2365/2113/124
f 2359/2115/124 2366/2126/124 2364/2116/124
f 2361/2118/2156 2367/2124/2158 2366/2119/124
f 2357/2121/124 2365/2130/124 2368/2122/2157
f 2367/2124/2158 2369/2238/2160 2370/2125/124
f 2366/2126/124 2370/2456/124 2371/2127/124
f 2364/2128/124 2371/2457/124 2372/2129/124
f 2365/2130/124 2372/2458/124 2373/2131/2159
f 2371/2132/124 2374/2148/124 2375/2133/124
f 2370/2135/124 2376/2146/124 2374/2136/124
f 2369/2138/2160 2377/2144/2162 2376/2139/124
f 2372/2141/124 2375/2150/124 2378/2142/2161
f 2377/2144/2162 2379/2178/124 2380/2145/124
f 2376/2146/124 2380/2180/124 2381/2147/124
f 2374/2148/124 2381/2182/124 2382/2149/124
f 2375/2150/124 2382/2184/124 2383/2151/2163
f 2385/2152/124 2386/2239/2166 2387/2153/2164
f 2385/2155/124 2388/2223/2179 2389/2156/2165
f 2389/2158/2165 2390/2240/2220 2391/2159/2167
f 2384/2161/124 2387/2459/2164 2393/2162/2168
f 2387/2164/2164 2394/2241/2221 2395/2165/2170
f 2379/2167/124 2377/2224/2162 2396/2168/2171
f 2399/2170/124 2398/2173/2174 2400/2171/2172
f 2397/2169/124 2396/2168/2171 2398/2173/2174
f 2399/2170/124 2401/2172/2173 2403/2174/2175
f 2404/2176/2177 2397/2169/124 2399/2170/124
f 2405/2177/2178 2379/2167/124 2397/2169/124
f 2379/2178/124 2405/2242/2178 2388/2179/2179
f 2380/2180/124 2388/2460/2179 2385/2181/124
f 2381/2182/124 2385/2461/124 2384/2183/124
f 2382/2184/124 2384/2462/124 2392/2185/2169
f 2348/2186/2180 2351/2097/2150 2350/2099/2152
f 2340/2188/124 2354/2109/124 2362/2111/2155
f 2341/2190/124 2355/2100/124 2354/2102/124
f 2344/2192/124 2358/2103/124 2355/2105/124
f 2346/2194/2147 2360/2106/2153 2358/2108/124
f 2280/2086/2181 2279/2233/2216 2274/2085/737
f 2281/2089/2182 2280/2234/2181 2275/2088/737
f 2282/2092/2183 2281/2235/2182 2276/2091/737
f 2274/2094/737 2279/2096/2216 2283/2095/2185
f 2285/2098/2187 2284/2236/2218 2334/2097/2188
f 2286/2197/737 2287/2463/737 2337/2198/737
f 2287/2200/737 2288/2464/737 2338/2201/737
f 2288/2107/737 2289/2237/2193 2339/2106/2190
f 2290/2110/2191 2286/2455/737 2336/2109/737
f 2299/2203/737 2298/2212/737 2287/2204/737
f 2298/2206/737 2297/2210/737 2288/2207/737
f 2297/2119/737 2296/2124/2195 2289/2118/2193
f 2300/2122/2194 2299/2130/737 2286/2121/737
f 2293/2125/737 2294/2238/2197 2296/2124/2195
f 2292/2209/737 2293/2465/737 2297/2210/737
f 2291/2211/737 2292/2466/737 2298/2212/737
f 2295/2131/2196 2291/2458/737 2299/2130/737
f 2309/2213/737 2308/2222/737 2292/2214/737
f 2308/2216/737 2307/2220/737 2293/2217/737
f 2307/2139/737 2306/2144/2199 2294/2138/2197
f 2310/2142/2198 2309/2150/737 2291/2141/737
f 2329/2145/737 2328/2178/737 2306/2144/2199
f 2330/2219/737 2329/2226/737 2307/2220/737
f 2331/2221/737 2330/2228/737 2308/2222/737
f 2332/2151/2200 2331/2184/737 2309/2150/737
f 2311/2153/2201 2312/2239/2205 2302/2152/737
f 2302/2155/737 2312/2157/2205 2313/2156/2202
f 2314/2159/2204 2315/2240/2219 2313/2158/2202
f 2316/2162/2206 2311/2459/2201 2301/2161/737
f 2317/2165/2208 2318/2241/2222 2311/2164/2201
f 2328/2167/737 2327/2169/737 2323/2168/2209
f 2326/2170/737 2325/2172/2223 2319/2171/2210
f 2327/2169/737 2326/2170/737 2321/2173/2211
f 2320/2174/2212 2325/2172/2223 2326/2170/737
f 2324/2176/2214 2322/2175/2213 2326/2170/737
f 2304/2177/2215 2324/2176/2214 2327/2169/737
f 2303/2179/2203 2304/2242/2215 2328/2178/737
f 2302/2225/737 2303/2467/2203 2329/2226/737
f 2301/2227/737 2302/2468/737 2330/2228/737
f 2305/2185/2207 2301/2462/737 2331/2184/737
f 2333/2099/2189 2334/2097/2188 2278/2186/2186
f 2335/2111/2192 2336/2109/737 2274/2188/737
f 2336/2199/737 2337/2198/737 2275/2229/737
f 2337/2202/737 2338/2201/737 2276/2231/737
f 2338/2108/737 2339/2106/2190 2277/2194/2184
f 2280/2086/2181 2343/2086/2144 2342/2233/2149
f 2281/2089/2182 2345/2089/2145 2343/2234/2144
f 2282/2092/2183 2347/2092/2146 2345/2235/2145
f 2277/2093/2184 2346/2093/2147 2347/2092/2146
f 2279/2096/2216 2342/2096/2149 2349/2095/2148
f 2334/2097/2188 2284/2236/2218 2352/2236/2217
f 2285/2098/2187 2353/2098/2151 2352/2236/2217
f 2333/2099/2189 2350/2099/2152 2353/2098/2151
f 2289/2237/2193 2361/2237/2156 2360/2106/2153
f 2335/2111/2192 2362/2111/2155 2363/2110/2154
f 2289/2118/2193 2296/2124/2195 2367/2124/2158
f 2290/2123/2191 2363/2123/2154 2368/2122/2157
f 2296/2124/2195 2294/2238/2197 2369/2238/2160
f 2300/2122/2194 2368/2122/2157 2373/2131/2159
f 2294/2138/2197 2306/2144/2199 2377/2144/2162
f 2295/2143/2196 2373/2143/2159 2378/2142/2161
f 2310/2142/2198 2378/2142/2161 2383/2151/2163
f 2311/2153/2201 2387/2153/2164 2386/2239/2166
f 2303/2223/2203 2313/2156/2202 2389/2156/2165
f 2315/2240/2219 2390/2240/2220 2389/2158/2165
f 2315/2240/2219 2314/2159/2204 2391/2159/2167
f 2312/2160/2205 2386/2160/2166 2391/2159/2167
f 2305/2163/2207 2392/2163/2169 2393/2162/2168
f 2311/2164/2201 2318/2241/2222 2394/2241/2221
f 2317/2165/2208 2395/2165/2170 2394/2241/2221
f 2316/2166/2206 2393/2166/2168 2395/2165/2170
f 2306/2224/2199 2323/2168/2209 2396/2168/2171
f 2319/2171/2210 2400/2171/2172 2398/2173/2174
f 2325/2172/2223 2401/2172/2173 2400/2171/2172
f 2321/2173/2211 2398/2173/2174 2396/2168/2171
f 2325/2172/2223 2320/2174/2212 2403/2174/2175
f 2320/2174/2212 2322/2175/2213 2402/2175/2176
f 2324/2176/2214 2404/2176/2177 2402/2175/2176
f 2304/2177/2215 2405/2177/2178 2404/2176/2177
f 2303/2179/2203 2388/2179/2179 2405/2242/2178
f 2332/2151/2200 2383/2151/2163 2392/2185/2169
f 2278/2186/2186 2334/2097/2188 2351/2097/2150
f 2283/2187/2185 2349/2187/2148 2350/2099/2152
f 2278/2189/2186 2348/2189/2180 2362/2111/2155
f 2339/2106/2190 2360/2106/2153 2346/2194/2147
f 2442/2243/2224 2445/2309/2224 2444/2244/2224
f 2443/2245/2224 2444/2244/2224 2447/2246/2224
s 2
f 2446/2247/2224 2447/2246/2224 2449/2248/2224
f 2449/2248/2224 2445/2309/2224 2442/2243/2224
f 2452/2250/2225 2451/2310/2226 2450/2251/2226
f 2450/2251/2226 2451/2310/2226 2454/2252/2226
s 4
f 2454/2252/2226 2455/2254/2226 2446/2247/2226
f 2455/2254/2226 2452/2250/2226 2443/2245/2226
s 1
f 2450/2251/2227 2458/2469/2227 2457/2255/2228
f 2456/2256/2228 2457/2255/2228 2460/2257/2227
s 8
f 2459/2258/2227 2460/2257/2227 2461/2259/2227
f 2461/2259/2227 2458/2469/2227 2450/2251/2227
s 2
f 2456/2256/2229 2464/2311/2229 2463/2260/2229
f 2462/2261/2229 2463/2260/2229 2466/2262/2229
s 4
f 2465/2263/2229 2466/2262/2404 2467/2264/2229
f 2467/2264/2229 2464/2311/2229 2456/2256/2229
s 1
f 2462/2261/2230 2470/2312/2230 2469/2265/2230
f 2468/2266/2231 2469/2265/2230 2472/2267/2230
s 8
f 2471/2268/2230 2472/2267/2230 2473/2269/2230
f 2473/2269/2230 2470/2312/2230 2462/2261/2230
s 4
f 2468/2266/2232 2475/2313/2232 2474/2270/2233
f 2442/2243/2233 2474/2270/2233 2476/2271/2232
s 16
f 2448/2249/2232 2476/2271/2232 2477/2272/2232
f 2477/2272/2232 2475/2313/2232 2468/2266/2232
s 1
f 2407/2273/2234 2419/2277/2234 2418/2274/2234
s 2
f 2407/2273/2235 2413/2278/2235 2420/2276/2235
f 2413/2278/2235 2412/2280/2235 2421/2279/2235
s 1
f 2406/2275/2234 2418/2274/2234 2421/2279/2235
s 4
f 2407/2273/2236 2408/2283/2236 2423/2281/2236
s 1
f 2408/2283/2236 2414/2285/2236 2424/2284/2236
f 2414/2285/2236 2413/2278/2236 2425/2286/2236
s 4
f 2407/2273/2236 2422/2282/2236 2425/2286/2236
s 2
f 2409/2287/2237 2427/2290/2237 2426/2288/2237
s 4
f 2409/2287/2237 2415/2291/2237 2428/2289/2237
f 2414/2285/2237 2429/2292/2237 2428/2289/2237
s 2
f 2408/2283/2237 2426/2288/2237 2429/2292/2237
s 1
f 2410/2293/2238 2431/2296/2238 2430/2294/2238
s 2
f 2410/2293/2239 2416/2297/2239 2432/2295/2239
f 2415/2291/2239 2433/2298/2239 2432/2295/2239
s 1
f 2409/2287/2238 2430/2294/2238 2433/2298/2239
s 4
f 2411/2299/2240 2435/2302/2240 2434/2300/2241
s 1
f 2411/2299/2241 2417/2303/2241 2436/2301/2241
f 2417/2303/2241 2416/2297/2241 2437/2304/2241
s 4
f 2410/2293/2241 2434/2300/2241 2437/2304/2241
s 2
f 2406/2275/2242 2439/2307/2242 2438/2305/2242
s 4
f 2406/2275/2242 2412/2280/2242 2440/2306/2242
f 2417/2303/2242 2441/2308/2242 2440/2306/2242
s 2
f 2411/2299/2242 2438/2305/2242 2441/2308/2242
s 4
f 2444/2244/2243 2445/2309/2244 2418/2274/2244
s 8
f 2420/2276/2245 2447/2246/2245 2444/2244/2245
s 4
f 2449/2248/2246 2447/2246/2246 2420/2276/2246
s 8
f 2445/2309/2247 2449/2248/2247 2421/2279/2247
f 2423/2281/2248 2451/2310/2248 2452/2250/2248
s 16
f 2424/2284/2249 2454/2252/2249 2451/2310/2249
s 8
f 2455/2254/2250 2454/2252/2250 2424/2284/2250
s 16
f 2422/2282/2251 2452/2250/2251 2455/2254/2251
f 2457/2255/2252 2458/2469/2252 2426/2288/2252
s 32
f 2428/2289/2253 2460/2257/2253 2457/2255/2253
s 16
f 2429/2292/2254 2461/2259/2254 2460/2257/2254
s 32
f 2426/2288/2255 2458/2469/2255 2461/2259/2255
s 8
f 2463/2260/2256 2464/2311/2257 2430/2294/2257
s 16
f 2466/2262/2258 2463/2260/2258 2431/2296/2258
s 8
f 2467/2264/2259 2466/2262/2259 2432/2295/2259
s 16
f 2464/2311/2260 2467/2264/2260 2433/2298/2260
s 2
f 2469/2265/2261 2470/2312/2261 2434/2300/2261
s 16
f 2436/2301/2262 2472/2267/2262 2469/2265/2262
s 2
f 2473/2269/2263 2472/2267/2264 2436/2301/2264
s 16
f 2470/2312/2265 2473/2269/2265 2437/2304/2265
s 1
f 2474/2270/2266 2475/2313/2266 2438/2305/2266
s 8
f 2476/2271/2267 2474/2270/2267 2439/2307/2267
s 1
f 2477/2272/2268 2476/2271/2269 2440/2306/2269
s 8
f 2475/2313/2270 2477/2272/2270 2441/2308/2270
s 1
f 2490/2321/2283 2547/2321/2294 2548/2322/2284
f 2491/2322/2285 2548/2322/2284 2549/2324/2286
f 2493/2325/2288 2492/2324/2287 2549/2324/2286
f 2494/2326/2290 2493/2325/2288 2550/2325/2289
f 2495/2327/2292 2494/2326/2290 2545/2326/2291
f 2495/2327/2292 2546/2327/2293 2547/2321/2294
f 2491/2322/2285 2497/2322/2296 2496/2321/2295
f 2492/2324/2287 2498/2324/2297 2497/2322/2296
f 2493/2325/2288 2499/2325/2298 2498/2324/2297
f 2494/2326/2290 2500/2326/2299 2499/2325/2298
f 2495/2327/2292 2501/2327/2300 2500/2326/2299
f 2490/2321/2283 2496/2321/2295 2501/2327/2300
f 2508/2321/2301 2509/2322/2303 2536/2322/1718
f 2512/2324/2302 2535/2324/1720 2536/2322/1718
f 2514/2325/2304 2534/2325/1712 2535/2324/1720
f 2516/2326/2305 2533/2326/1713 2534/2325/1712
f 2518/2327/2306 2538/2327/1715 2533/2326/1713
f 2518/2327/2306 2508/2321/2301 2537/2321/1717
f 2496/2321/2295 2497/2322/2296 2509/2322/2303
f 2502/2321/2307 2511/2321/2318 2510/2322/2308
f 2497/2322/2296 2498/2324/2297 2512/2324/2302
f 2504/2324/2310 2503/2322/2309 2510/2322/2308
f 2499/2325/2298 2514/2325/2304 2512/2324/2302
f 2504/2324/2310 2513/2324/2311 2515/2325/2312
f 2500/2326/2299 2516/2326/2305 2514/2325/2304
f 2505/2325/2313 2515/2325/2312 2517/2326/2314
f 2501/2327/2300 2518/2327/2306 2516/2326/2305
f 2507/2327/2316 2506/2326/2315 2517/2326/2314
f 2496/2321/2295 2508/2321/2301 2518/2327/2306
f 2507/2327/2316 2519/2327/2317 2511/2321/2318
f 2502/2321/2307 2503/2322/2309 2542/2322/2319
f 2504/2324/2310 2541/2324/2322 2542/2322/2319
f 2504/2324/2310 2505/2325/2313 2540/2325/2321
f 2506/2326/2315 2539/2326/2323 2540/2325/2321
f 2507/2327/2316 2544/2327/2324 2539/2326/2323
f 2507/2327/2316 2502/2321/2307 2543/2321/2320
f 2521/2322/2325 2527/2322/2278 2526/2321/2277
f 2522/2324/2327 2529/2324/2279 2527/2322/2278
f 2523/2325/2328 2530/2325/2280 2529/2324/2279
f 2524/2326/2329 2531/2326/2281 2530/2325/2280
f 2525/2327/2330 2532/2327/2282 2531/2326/2281
f 2520/2321/2326 2526/2321/2277 2532/2327/2282
f 2534/2325/1712 2533/2326/1713 2517/2326/2314
f 2534/2325/1712 2515/2325/2312 2513/2324/2311
f 2536/2322/1718 2535/2324/1720 2513/2324/2311
f 2536/2322/1718 2510/2322/2308 2511/2321/2318
f 2537/2321/1717 2511/2321/2318 2519/2327/2317
f 2533/2326/1713 2538/2327/1715 2519/2327/2317
f 2540/2325/2321 2539/2326/2323 2524/2326/2329
f 2541/2324/2322 2540/2325/2321 2523/2325/2328
f 2541/2324/2322 2522/2324/2327 2521/2322/2325
f 2543/2321/2320 2542/2322/2319 2521/2322/2325
f 2543/2321/2320 2520/2321/2326 2525/2327/2330
f 2544/2327/2324 2525/2327/2330 2524/2326/2329
f 2548/2328/2284 2547/2329/2294 2554/2329/2331
f 2549/2330/2286 2548/2331/2284 2553/2331/2332
f 2549/2332/2286 2556/2332/2333 2558/2333/2334
f 2550/2334/2289 2558/2334/2334 2560/2335/2335
f 2545/2336/2291 2560/2336/2335 2562/2337/2336
f 2547/2338/2294 2546/2339/2293 2562/2339/2336
f 2478/2315/2337 2563/2315/2344 2564/2314/2338
f 2480/2317/2340 2479/2314/2339 2564/2314/2338
f 2480/2317/2340 2565/2317/2341 2566/2318/2342
f 2563/2315/2344 2578/2315/2352 2579/2314/2345
f 2565/2317/2341 2564/2314/2338 2579/2314/2345
f 2565/2317/2341 2580/2317/2346 2581/2318/2347
f 2567/2319/2348 2566/2318/2342 2581/2318/2347
f 2567/2319/2348 2576/2319/2349 2577/2320/2350
f 2563/2315/2344 2568/2320/2351 2577/2320/2350
f 2577/2320/2350 2576/2319/2349 2574/2319/2275
f 2577/2320/2350 2575/2320/2276 2569/2315/2272
f 2578/2315/2352 2569/2315/2272 2570/2314/2271
f 2580/2317/2346 2579/2314/2345 2570/2314/2271
f 2580/2317/2346 2572/2317/2273 2573/2318/2274
f 2576/2319/2349 2581/2318/2347 2573/2318/2274
f 2482/2319/2353 2481/2318/2343 2566/2318/2342
f 2483/2320/2354 2482/2319/2353 2567/2319/2348
f 2563/2315/2344 2478/2315/2337 2483/2320/2354
f 2583/2340/2355 2582/2470/2360 2478/2341/2337
f 2584/2343/2356 2583/2471/2355 2479/2344/2339
f 2585/2346/2357 2584/2472/2356 2480/2347/2340
f 2586/2349/2358 2585/2473/2357 2481/2350/2343
f 2587/2352/2359 2586/2474/2358 2482/2353/2353
f 2582/2355/2360 2587/2475/2359 2483/2356/2354
f 2553/2328/2332 2554/2329/2331 2551/2359/2361
f 2556/2330/2333 2553/2331/2332 2552/2361/2362
f 2558/2333/2334 2556/2332/2333 2555/2363/2363
f 2560/2335/2335 2558/2334/2334 2557/2365/2364
f 2562/2337/2336 2560/2336/2335 2559/2367/2365
f 2554/2338/2331 2562/2339/2336 2561/2369/2366
f 2485/2360/2367 2552/2360/2362 2551/2359/2361
f 2486/2362/2369 2555/2362/2363 2552/2361/2362
f 2487/2364/2370 2557/2364/2364 2555/2363/2363
f 2559/2366/2365 2557/2365/2364 2487/2365/2370
f 2489/2368/2372 2561/2368/2366 2559/2367/2365
f 2484/2370/2368 2551/2370/2361 2561/2369/2366
f 2590/2372/2373 2599/2387/2384 2600/2373/737
f 2591/2374/2374 2600/2373/737 2601/2375/2375
f 2592/2376/2376 2601/2375/2375 2602/2377/1720
f 2593/2378/2377 2602/2377/1720 2603/2379/2378
f 2594/2380/2379 2603/2379/2378 2604/2381/124
f 2595/2382/2380 2604/2381/124 2605/2383/2381
f 2596/2384/2382 2605/2383/2381 2598/2385/1715
f 2597/2386/2383 2598/2385/1715 2599/2387/2384
s 2
f 2598/2385/1952 2606/2395/1952 2607/2388/1952
f 2599/2387/1952 2607/2388/1952 2608/2389/1952
f 2601/2375/1952 2600/2373/1952 2608/2389/1952
f 2601/2375/1952 2609/2390/1952 2610/2391/1952
f 2603/2379/1952 2602/2377/1952 2610/2391/1952
f 2603/2379/1952 2611/2392/1952 2612/2393/1952
f 2605/2383/1952 2604/2381/1952 2612/2393/1952
f 2598/2385/1952 2605/2383/1952 2613/2394/1952
s 1
f 2606/2395/1715 2629/2403/1715 2622/2396/2384
f 2607/2388/2384 2622/2396/2384 2623/2397/737
f 2608/2389/737 2623/2397/737 2624/2398/2375
f 2609/2390/2375 2624/2398/2375 2625/2399/1720
f 2610/2391/1720 2625/2399/1720 2626/2400/2378
f 2611/2392/2378 2626/2400/2378 2627/2401/124
f 2612/2393/124 2627/2401/124 2628/2402/2381
f 2613/2394/2381 2628/2402/2381 2629/2403/1715
f 2630/2404/2384 2632/2419/2392 2633/2405/2385
f 2631/2406/737 2633/2405/2385 2635/2407/2386
f 2634/2408/2375 2635/2407/2386 2637/2409/2387
f 2636/2410/1720 2637/2409/2387 2639/2411/2388
f 2638/2412/2378 2639/2411/2388 2641/2413/2389
f 2640/2414/124 2641/2413/2389 2643/2415/2390
f 2642/2416/2381 2643/2415/2390 2645/2417/2391
f 2644/2418/1715 2645/2417/2391 2632/2419/2392
s 2
f 2622/2396/629 2630/2404/629 2631/2406/629
s 1
f 2615/2420/1952 2616/2421/1952 2633/2405/2385
s 2
f 2624/2398/629 2623/2397/629 2631/2406/629
s 1
f 2616/2421/1952 2617/2422/1956 2635/2407/2386
s 2
f 2625/2399/629 2624/2398/629 2634/2408/629
s 1
f 2617/2422/1956 2618/2424/1952 2637/2409/2387
s 2
f 2625/2399/629 2636/2410/629 2638/2412/629
s 1
f 2619/2423/2393 2639/2411/2388 2637/2409/2387
s 2
f 2626/2400/629 2638/2412/629 2640/2414/629
s 1
f 2620/2425/1952 2641/2413/2389 2639/2411/2388
s 2
f 2628/2402/629 2627/2401/629 2640/2414/629
s 1
f 2621/2426/1952 2643/2415/2390 2641/2413/2389
s 2
f 2629/2403/629 2628/2402/629 2642/2416/629
s 1
f 2614/2427/1952 2645/2417/2391 2643/2415/2390
s 2
f 2629/2403/629 2644/2418/629 2630/2404/629
s 1
f 2614/2427/1952 2615/2420/1952 2632/2419/2392
s 2
f 2614/2427/2394 2646/2435/2394 2647/2428/2384
f 2615/2420/2384 2647/2428/2384 2648/2429/737
f 2616/2421/737 2648/2429/737 2649/2430/2375
f 2617/2422/2375 2649/2430/2375 2650/2431/1720
f 2618/2424/1720 2650/2431/1720 2651/2432/2378
f 2619/2423/2378 2651/2432/2378 2652/2433/124
f 2620/2425/124 2652/2433/124 2653/2434/2381
f 2621/2426/2381 2653/2434/2381 2646/2435/2394
s 1
f 2654/2436/2395 2656/2451/2395 2657/2437/2396
f 2655/2438/2396 2657/2437/2396 2659/2439/2397
f 2660/2441/2398 2658/2440/2397 2659/2439/2397
f 2660/2441/2398 2661/2442/2398 2663/2443/2399
f 2664/2445/2400 2662/2444/2399 2663/2443/2399
f 2664/2445/2400 2665/2446/2400 2667/2447/2401
f 2668/2449/2402 2666/2448/2401 2667/2447/2401
f 2668/2449/2402 2669/2450/2402 2656/2451/2395
s 4
f 2646/2435/629 2654/2436/629 2655/2438/629
f 2647/2428/629 2655/2438/629 2658/2440/629
f 2648/2429/629 2658/2440/629 2660/2441/629
f 2649/2430/629 2660/2441/629 2662/2444/629
f 2651/2432/629 2650/2431/629 2662/2444/629
f 2652/2433/629 2651/2432/629 2664/2445/629
f 2653/2434/629 2652/2433/629 2666/2448/629
f 2646/2435/629 2653/2434/629 2668/2449/629
