# Blender 5.0.1
# www.blender.org
mtllib autoTexturaLlantasElrey.mtl
g Body_Mesh
v -0.474864 0.067611 -1.327914
v -0.503313 0.194531 -0.454081
v 0.000000 0.225692 -0.625031
v -0.219404 0.218855 -0.605010
v -0.492198 0.126284 -1.120117
v -0.499668 0.156712 -0.900762
v -0.501627 0.178855 -0.684996
v -0.483667 0.098895 -1.243459
v -0.499304 0.058639 -1.306393
v -0.526742 0.186472 -0.454081
v -0.519023 0.120907 -1.107780
v -0.526036 0.150162 -0.889881
v -0.527743 0.172131 -0.671981
v -0.509512 0.090538 -1.223148
v -0.586038 0.105428 -0.465108
v -0.609830 0.015706 -1.078044
v -0.621922 0.079527 -0.888191
v -0.612212 0.102069 -0.668341
v -0.583351 0.006015 -1.153558
v -0.586359 -0.015492 -0.470085
v -0.605911 -0.015492 -0.657431
v -0.574091 -0.088845 -0.466281
v -0.591518 -0.089300 -0.603852
v -0.550433 -0.208564 -0.446653
v -0.526377 0.197378 0.004988
v -0.582638 0.124278 0.004988
v -0.583425 -0.015492 0.004988
v -0.573484 -0.088829 0.004988
v -0.549907 -0.208480 0.004988
v -0.522395 0.207904 0.411593
v -0.578657 0.136347 0.433252
v -0.579444 -0.015492 0.433041
v -0.573484 -0.088829 0.429427
v -0.549907 -0.208480 0.352632
v -0.518615 0.217838 0.765444
v -0.592747 0.060794 0.623089
v -0.597770 -0.015492 0.696437
v -0.581814 -0.088829 0.636963
v -0.549907 -0.208480 0.580724
v -0.511426 0.226016 1.027232
v -0.609549 0.111957 1.045812
v -0.495505 0.228484 1.315692
v -0.579782 0.113974 1.306325
v -0.585618 -0.015841 1.289722
v -0.572199 -0.071166 1.282286
v -0.598380 -0.016575 1.190707
v -0.596018 0.113158 1.201010
v -0.590019 -0.078596 1.179751
v -0.501925 0.227489 1.199377
v -0.578624 0.158908 1.037453
v -0.564929 0.161436 1.200258
v -0.588815 0.151849 0.777853
v -0.553658 0.162391 1.312923
v -0.482703 0.223539 1.427386
v -0.556124 0.114190 1.440413
v -0.560475 -0.015492 1.417845
v -0.547599 -0.067635 1.410999
v -0.536259 0.161089 1.447001
v -0.573484 -0.088829 -0.415860
v -0.586072 -0.015492 -0.423613
v -0.585285 0.107326 -0.415860
v -0.529024 0.187539 -0.409175
v -0.549907 -0.208480 -0.397387
v -0.455426 0.306518 -0.288279
v -0.471052 0.306518 -0.277782
v -0.479097 0.306518 -0.248104
v -0.363461 0.453415 -0.063283
v -0.383112 0.447258 -0.051575
v -0.387681 0.444514 -0.003445
v -0.351043 0.465619 -0.017866
v -0.370829 0.462512 -0.006947
v -0.384444 0.448751 0.018601
v -0.350264 0.454472 -0.067141
v -0.342380 0.463913 -0.020953
v -0.135049 0.466612 -0.119921
v -0.135049 0.476054 -0.073732
v 0.000000 0.469390 -0.131444
v 0.000000 0.478831 -0.085255
v -0.249155 0.470292 -0.049455
v -0.254990 0.460851 -0.095643
v -0.337211 0.479497 0.118671
v -0.356997 0.475412 0.129498
v -0.377397 0.459414 0.153708
v -0.328548 0.474673 0.115369
v -0.121217 0.491501 0.063892
v 0.000000 0.495302 0.052664
v -0.241157 0.483584 0.087554
v -0.332393 0.483094 0.312043
v -0.352179 0.479010 0.322869
v -0.372765 0.462958 0.352914
v -0.323730 0.478271 0.308741
v -0.116399 0.495099 0.257263
v 0.000000 0.498899 0.246036
v -0.236340 0.487182 0.280926
v -0.325400 0.481700 0.466105
v -0.354000 0.477616 0.476932
v -0.377475 0.461617 0.501142
v -0.316737 0.476876 0.462803
v -0.114712 0.493704 0.411326
v 0.000000 0.497505 0.400099
v -0.234653 0.485787 0.434989
v -0.320644 0.457640 0.650038
v -0.356537 0.449247 0.650791
v -0.376675 0.441804 0.654046
v -0.313022 0.458562 0.651593
v -0.135049 0.473891 0.674586
v 0.000000 0.477692 0.678559
v -0.254990 0.465974 0.660924
v -0.377075 0.457949 0.577594
v -0.355735 0.470024 0.565902
v -0.124880 0.490036 0.542956
v 0.000000 0.493837 0.539329
v -0.323022 0.477570 0.558072
v -0.315401 0.473208 0.557198
v -0.244821 0.482119 0.547956
v -0.471243 0.238314 0.980563
v -0.513968 0.224872 0.934648
v -0.491465 0.232347 0.930373
v -0.464229 0.334063 0.649403
v -0.445111 0.338713 0.752795
v -0.421493 0.352536 0.794751
v -0.472017 0.244322 1.071429
v -0.471750 0.242693 1.200471
v -0.469765 0.237182 1.310235
v -0.466683 0.225440 1.434545
v -0.462256 0.104391 1.464798
v -0.389272 0.251635 1.094717
v -0.389272 0.250848 1.134447
v -0.389272 0.249219 1.221394
v -0.189937 0.257399 1.138845
v -0.189937 0.256613 1.178575
v -0.189937 0.254984 1.252517
v 0.000000 0.259151 1.146875
v 0.000000 0.258365 1.186605
v 0.000000 0.256736 1.260547
v -0.389272 0.245961 1.312492
v -0.189937 0.251726 1.343614
v 0.000000 0.253478 1.351644
v -0.387975 0.229215 1.448964
v -0.387975 0.166427 1.487203
v -0.285553 0.233249 1.461948
v -0.286385 0.105032 1.493054
v -0.187816 0.236307 1.469012
v -0.187816 0.170724 1.505186
v 0.000000 0.237218 1.469946
v 0.000000 0.170724 1.506120
v -0.187816 0.102246 1.520465
v 0.000000 0.102246 1.521399
v -0.187816 0.039641 1.521809
v 0.000000 0.039641 1.522743
v -0.285568 0.039641 1.512199
v -0.187816 0.023134 1.560491
v 0.000000 0.023134 1.564833
v -0.284136 0.023134 1.552993
v -0.187816 -0.020641 1.563728
v 0.000000 -0.020641 1.568070
v -0.280925 -0.020641 1.556612
v -0.187816 -0.061827 1.550215
v -0.280925 -0.061827 1.543099
v -0.187816 -0.116326 1.513502
v 0.000000 -0.116326 1.517844
v -0.280925 -0.116326 1.506722
v -0.187816 -0.139468 1.542713
v 0.000000 -0.139468 1.547055
v -0.280925 -0.139468 1.535932
v -0.187816 -0.170415 1.510589
v 0.000000 -0.170415 1.514931
v -0.280925 -0.170415 1.503809
v -0.459689 0.039641 1.491489
v -0.459689 0.023134 1.532112
v -0.459689 -0.020641 1.535349
v -0.459689 -0.061827 1.521836
v -0.459689 -0.116326 1.485459
v -0.459689 -0.139468 1.514669
v -0.459689 -0.170415 1.482546
v -0.535060 0.039641 1.455777
v -0.530647 0.023134 1.488608
v -0.536242 -0.020641 1.489139
v -0.529225 -0.061827 1.475626
v -0.505532 -0.118795 1.447864
v -0.524484 -0.136476 1.468459
v -0.504181 -0.173057 1.439189
v -0.560130 0.037998 1.429434
v -0.531330 -0.123829 1.402116
v -0.546164 -0.139958 1.396335
v -0.525861 -0.179682 1.384893
v -0.551854 -0.151290 1.205425
v -0.535539 -0.201244 1.216071
v -0.382714 0.039641 1.500644
v -0.535732 0.112326 1.457146
v -0.554951 -0.007709 -1.226347
v -0.586299 -0.028174 -1.215712
v -0.618184 0.048833 -1.008322
v -0.613887 -0.018755 -1.084429
v -0.598766 -0.023860 -1.149100
v -0.523677 -0.013114 -1.330585
v -0.549708 -0.036663 -1.336211
v -0.548797 -0.008979 -1.285999
v -0.567613 -0.032418 -1.286750
v -0.500797 -0.013195 -1.350179
v -0.526198 -0.036663 -1.372265
v -0.539033 -0.105223 -1.349264
v -0.518496 -0.105223 -1.383376
v -0.586682 -0.107998 -1.224841
v -0.606923 -0.110051 -1.131726
v -0.600234 -0.109976 -1.161074
v -0.567613 -0.106048 -1.297775
v -0.530934 -0.125564 -1.320083
v -0.510397 -0.125564 -1.354196
v -0.576151 -0.124769 -1.224841
v -0.604236 -0.125112 -1.133197
v -0.597370 -0.124792 -1.161074
v -0.553570 -0.124750 -1.283569
v -0.514536 -0.234519 -1.293748
v -0.586013 -0.234519 -1.137483
v -0.563549 -0.234519 -1.214295
v -0.581495 -0.234519 -1.161074
v -0.536795 -0.234519 -1.260170
v -0.524048 -0.277290 -1.304927
v -0.520258 -0.294140 -1.299791
v -0.486109 -0.294140 -1.343846
v -0.454282 -0.294140 -1.372878
v -0.320529 -0.294140 -1.423856
v -0.213270 -0.294140 -1.462502
v -0.151349 -0.294140 -1.470347
v 0.000000 -0.294140 -1.475950
v -0.588451 -0.277290 -1.139883
v -0.586106 -0.294140 -1.139365
v -0.585979 -0.277290 -1.161074
v -0.573055 -0.277290 -1.210221
v -0.549587 -0.277290 -1.260170
v -0.544420 -0.294140 -1.260170
v -0.568947 -0.294140 -1.210221
v -0.582742 -0.294140 -1.161074
v -0.619443 0.051548 -0.748120
v -0.522025 0.208877 0.446244
v -0.463380 0.331923 0.373940
v -0.463035 0.332829 0.404416
v -0.373198 0.462562 0.324207
v -0.615306 0.042249 1.047114
v -0.607493 -0.016131 1.132357
v -0.614134 0.049174 0.805315
v -0.614281 0.070098 0.910707
v -0.619668 0.058077 -0.887961
v -0.614276 -0.026441 -0.683593
v -0.610374 -0.092599 -0.642208
v -0.564521 -0.206939 -0.581365
v -0.616291 0.028586 -0.994701
v -0.612582 -0.031872 -1.065326
v -0.606029 -0.110351 -1.105407
v -0.603866 -0.124934 -1.111612
v -0.587070 -0.234519 -1.114930
v -0.589303 -0.277290 -1.116008
v -0.587155 -0.294140 -1.116298
v -0.618124 0.034689 -0.762446
v -0.573728 -0.248481 0.385934
v -0.567560 -0.248481 0.004988
v -0.566686 -0.241387 0.004988
v -0.572854 -0.241387 0.385934
v -0.599308 -0.219555 0.625578
v -0.572854 -0.241387 -0.397387
v -0.598287 -0.218432 -0.586472
v -0.594074 -0.273073 0.640230
v -0.573728 -0.248481 -0.397387
v -0.593053 -0.271951 -0.574646
v -0.558282 -0.272045 0.385934
v -0.545838 -0.272045 0.004988
v -0.558282 -0.272045 -0.397387
v -0.615052 -0.025043 0.717652
v -0.612578 -0.090176 0.672271
v -0.600325 -0.208047 0.643352
v -0.589926 -0.082455 1.142273
v -0.554138 -0.148946 1.166767
v -0.538839 -0.206261 1.180590
v -0.613638 0.028420 1.039260
v -0.606311 -0.025836 1.107045
v -0.614134 0.033512 0.811168
v -0.614281 0.055023 0.910789
v -0.604907 -0.206939 -0.619673
v -0.598995 -0.261167 -0.611278
v -0.614668 0.058077 -0.887961
v -0.609276 -0.026441 -0.683593
v -0.605374 -0.092599 -0.642208
v -0.611291 0.028586 -0.994701
v -0.607582 -0.031872 -1.065326
v -0.601029 -0.110351 -1.105407
v -0.598866 -0.124934 -1.111612
v -0.582070 -0.234852 -1.114930
v -0.584303 -0.275974 -1.116008
v -0.582155 -0.294690 -1.116298
v -0.615483 0.034689 -0.762446
v -0.599907 -0.206939 -0.619673
v -0.593995 -0.261167 -0.611278
v -0.566419 0.079617 -0.885257
v -0.560369 -0.015220 -0.655936
v -0.555991 -0.089455 -0.609499
v -0.562630 0.046526 -1.005029
v -0.558251 -0.021314 -1.084277
v -0.551114 -0.109375 -1.129252
v -0.548687 -0.125738 -1.136214
v -0.530708 -0.249077 -1.139937
v -0.530708 -0.280716 -1.141147
v -0.530708 -0.293740 -1.141472
v -0.567334 0.053373 -0.744417
v -0.549856 -0.217756 -0.584212
v -0.543222 -0.270628 -0.574792
v -0.589074 -0.273073 0.640230
v -0.610052 -0.025043 0.717652
v -0.607578 -0.090176 0.672271
v -0.595325 -0.208047 0.643352
v -0.584926 -0.082455 1.142273
v -0.549138 -0.148946 1.166767
v -0.533839 -0.206261 1.180590
v -0.608638 0.028420 1.039260
v -0.601311 -0.025836 1.107045
v -0.608946 0.033512 0.811168
v -0.608453 0.055023 0.910789
v -0.538733 -0.272179 0.582038
v -0.564205 -0.012048 0.676042
v -0.561201 -0.091131 0.620941
v -0.546324 -0.234246 0.585829
v -0.533697 -0.081757 1.191601
v -0.490245 -0.162488 1.221340
v -0.471669 -0.197195 1.238124
v -0.562488 0.052863 1.066526
v -0.553592 -0.013012 1.148829
v -0.562862 0.059046 0.789585
v -0.562263 0.085164 0.910542
v -0.355896 0.079617 -0.885257
v -0.355896 -0.015220 -0.655936
v -0.355896 -0.089455 -0.609499
v -0.355896 0.046526 -1.005029
v -0.355896 -0.021314 -1.084277
v -0.355896 -0.109375 -1.129252
v -0.355896 -0.125738 -1.136214
v -0.355896 -0.249077 -1.139937
v -0.355896 -0.280716 -1.141147
v -0.355896 -0.293740 -1.141472
v -0.355896 0.053373 -0.744417
v -0.355896 -0.217756 -0.584212
v -0.355896 -0.270628 -0.574792
v -0.355896 -0.272179 0.582038
v -0.355896 -0.012048 0.676042
v -0.355896 -0.091131 0.620941
v -0.355896 -0.234246 0.585829
v -0.355896 -0.081757 1.191601
v -0.355896 -0.162488 1.221340
v -0.355896 -0.197195 1.238124
v -0.355896 0.052863 1.066526
v -0.355896 -0.013012 1.148829
v -0.355896 0.059046 0.789585
v -0.355896 0.085164 0.910542
v 0.000000 -0.293740 -1.141472
v 0.000000 -0.270628 -0.574792
v 0.000000 -0.272179 0.582038
v 0.000000 -0.197195 1.238124
v -0.509023 0.223588 0.748258
v -0.373383 0.454097 0.362446
v -0.377763 0.452849 0.502457
v -0.458444 0.334224 0.640340
v -0.512195 0.215254 0.449244
v -0.457334 0.333077 0.410343
v -0.515976 0.203008 0.009510
v -0.512273 0.212797 0.399440
v -0.518438 0.193858 -0.378086
v -0.472006 0.308757 -0.228290
v -0.386988 0.437093 0.001668
v -0.383978 0.441033 0.022170
v -0.377425 0.450950 0.147820
v -0.457389 0.332383 0.364422
v -0.373520 0.453878 0.318171
v -0.461958 0.323546 0.063312
v 0.000000 0.223424 -0.625031
v -0.501023 0.190371 -0.451182
v -0.443696 0.308659 -0.282001
v -0.358169 0.442880 -0.068354
v -0.345896 0.444854 -0.071942
v -0.136179 0.456314 -0.121731
v 0.000000 0.458728 -0.131744
v -0.257290 0.450786 -0.098449
v -0.316146 0.446412 0.652840
v -0.351946 0.439213 0.653624
v -0.368256 0.433185 0.663091
v -0.309132 0.448165 0.654286
v -0.134368 0.463252 0.675906
v 0.000000 0.466561 0.679364
v -0.255088 0.455663 0.662964
v -0.454982 0.236624 0.982209
v -0.409936 0.350166 0.793947
v -0.380011 0.247013 1.082740
v -0.194625 0.252290 1.123778
v 0.000000 0.254041 1.131248
v -0.319874 0.367160 0.849545
v -0.162535 0.372436 0.889898
v 0.000000 0.374188 0.896447
v -0.474003 0.072026 -1.325680
v -0.498848 0.062670 -1.303429
v -0.562892 -0.009079 -1.216733
v -0.551248 -0.013324 -1.286519
v -0.525598 -0.017569 -1.331927
v -0.502173 -0.017569 -1.352193
v -0.469190 0.048662 1.485188
v -0.408752 0.103358 1.493045
v -0.348646 0.101859 1.500496
v -0.386638 0.130257 1.493091
v -0.371544 0.102528 1.498513
v -0.400669 0.103291 1.494603
v -0.395366 0.125316 1.492270
v -0.371853 0.085738 1.500076
v -0.371152 0.125322 1.496070
v -0.396066 0.085943 1.496267
v -0.250403 0.152493 1.507196
v -0.231029 0.102246 1.513518
v -0.293652 0.166338 1.500762
v -0.244234 0.068434 1.516027
v -0.460428 0.163427 1.472373
v -0.501349 0.148520 1.464163
v -0.520865 0.108731 1.464516
v -0.428268 0.063569 1.493398
v -0.422073 0.144720 1.484336
v -0.507544 0.067369 1.473225
v -0.334346 0.145365 1.497987
v -0.328176 0.061305 1.506819
v -0.284927 0.047460 1.513252
v -0.400190 0.130257 1.490605
v -0.395755 0.103291 1.495526
v -0.366572 0.102493 1.499045
v -0.366957 0.080698 1.500915
v -0.384610 0.080849 1.498605
v -0.366082 0.130257 1.495952
v -0.401065 0.080990 1.495534
v -0.461083 0.243537 1.203177
v -0.460726 0.238168 1.310488
v -0.461212 0.245174 1.079658
v -0.453931 0.163696 1.473703
v -0.458511 0.225832 1.436042
v -0.460492 0.240061 0.995535
v -0.450043 0.160178 1.475231
v -0.552683 0.114006 1.443474
v -0.481670 0.159145 1.467707
v -0.534916 0.156770 1.448681
v -0.301569 0.162258 1.500223
v -0.387788 0.161366 1.488027
v -0.187816 0.107670 1.519288
v -0.227350 0.107670 1.512683
v 0.000000 0.107670 1.519945
v -0.383098 0.048002 1.500230
v -0.458405 0.052591 1.487352
v -0.310480 0.052274 1.509803
v -0.383308 0.052567 1.500005
v -0.535312 0.050086 1.456590
v -0.556355 0.049136 1.434988
v -0.535452 0.055872 1.457040
v -0.556344 0.055029 1.435858
v -0.479811 0.053842 1.481876
v -0.560059 0.049111 1.431208
v -0.560020 0.055156 1.432173
v -0.565866 -0.201079 -0.581683
v -0.552278 -0.202168 0.584327
v -0.551329 -0.201262 -0.398502
v -0.551582 -0.201217 -0.447620
v -0.551186 -0.201987 0.355715
v -0.551256 -0.201634 0.004988
v -0.554673 0.150769 -0.443514
v -0.585957 0.105633 -0.459798
v -0.551549 -0.201223 -0.441369
v -0.528973 0.187730 -0.401131
v -0.574012 -0.088843 -0.459768
v -0.550362 -0.208553 -0.439983
v -0.534027 0.180407 -0.409770
v -0.586328 -0.015492 -0.464975
v -0.556347 0.148238 -0.438592
v -0.551188 -0.201978 0.346624
v -0.522464 0.207722 0.404588
v -0.573484 -0.088829 0.421572
v -0.549907 -0.208480 0.342969
v -0.579512 -0.015492 0.425717
v -0.578719 0.136157 0.426512
v -0.187816 -0.018622 1.534575
v 0.000000 -0.018082 1.538884
v -0.187816 -0.061169 1.529436
v 0.000000 -0.060629 1.533744
v -0.505994 -0.145309 -1.349315
v -0.478663 0.070271 -1.321507
v -0.497272 0.125267 -1.117784
v -0.507544 0.193076 -0.454081
v -0.505183 0.155342 -0.898486
v -0.488544 0.097318 -1.239626
v -0.507063 0.177455 -0.682287
v -0.514030 0.129914 1.463482
v -0.516880 0.085781 1.468506
v -0.490937 0.055604 1.478855
v -0.446691 0.053419 1.490105
v -0.415654 0.082074 1.494076
v -0.412372 0.125154 1.489296
v -0.439274 0.156782 1.478521
v -0.315010 0.159585 1.498907
v -0.344756 0.125812 1.498694
v -0.341116 0.078557 1.503687
v -0.261739 0.055287 1.515218
v -0.233672 0.085190 1.515178
v -0.235729 0.132141 1.510069
v -0.269096 0.162441 1.504000
v -0.241465 0.132495 1.510334
v -0.235412 0.112419 1.512983
v -0.273245 0.158382 1.504113
v -0.254750 0.148635 1.507220
v -0.237512 0.091463 1.514762
v -0.247445 0.072819 1.515402
v -0.481558 0.154125 1.468603
v -0.498519 0.143350 1.465802
v -0.510353 0.126888 1.465013
v -0.515258 0.107246 1.466356
v -0.448119 0.057876 1.489430
v -0.431158 0.068652 1.492231
v -0.419324 0.085114 1.493020
v -0.414419 0.104755 1.491677
v -0.417191 0.124587 1.488407
v -0.427216 0.141588 1.483707
v -0.442969 0.153172 1.478293
v -0.462051 0.157574 1.472990
v -0.512487 0.087415 1.469626
v -0.502461 0.070413 1.474326
v -0.486708 0.058830 1.479740
v -0.467626 0.054427 1.485044
v -0.314235 0.153961 1.499743
v -0.330490 0.140466 1.499145
v -0.340423 0.121821 1.499784
v -0.342523 0.100866 1.501563
v -0.336470 0.080790 1.504212
v -0.323185 0.064650 1.507327
v -0.263700 0.059324 1.514803
v -0.304690 0.054903 1.510433
v -0.294133 0.160252 1.501488
v -0.283802 0.053032 1.513059
v -0.535962 0.193173 -0.288944
v -0.552701 0.279650 -0.288944
v -0.540352 0.198173 -0.247058
v -0.555660 0.274650 -0.241540
v -0.642325 0.193173 -0.232711
v -0.642325 0.279650 -0.232711
v -0.637432 0.198173 -0.214294
v -0.637505 0.274650 -0.214287
v -0.566204 0.201345 -0.298146
v -0.582943 0.271466 -0.298146
v -0.634328 0.271471 -0.248580
v -0.634328 0.201351 -0.248580
v -0.531503 0.237885 -0.288944
v -0.536509 0.236873 -0.248071
v -0.647862 0.237839 -0.210859
v -0.654361 0.237885 -0.232711
v -0.566562 0.237607 -0.311728
v -0.644593 0.237885 -0.248580
v -0.517786 0.195744 -0.213589
v -0.512434 0.188677 -0.303771
v -0.492065 0.261017 -0.225440
v -0.513179 0.193571 -0.399465
v -0.496011 0.250367 -0.303771
v -0.505640 0.229834 -0.335492
v -0.524198 0.190925 -0.296358
v -0.524313 0.190925 -0.255920
v -0.519880 0.235638 -0.257111
v -0.519739 0.235638 -0.296358
v -0.533962 0.197458 -0.312792
v -0.534321 0.233721 -0.315705
v -0.475024 0.305724 -0.230390
v -0.531644 0.237885 -0.249698
v -0.536077 0.193173 -0.248506
v -0.641043 0.193173 -0.213095
v -0.552817 0.279650 -0.242478
v -0.641043 0.279650 -0.213095
v -0.652794 0.237885 -0.209209
v -0.538096 0.236885 -0.252813
v -0.649449 0.237850 -0.215601
v -0.541939 0.198185 -0.251799
v -0.639019 0.198185 -0.219035
v -0.557247 0.274662 -0.246282
v -0.639092 0.274662 -0.219029
v -0.578078 0.119318 0.246094
v -0.571465 0.141646 0.245653
v -0.577619 0.121794 0.378319
v -0.571006 0.144122 0.377878
v -0.586876 0.122140 0.253779
v -0.580265 0.144467 0.253316
v -0.585348 0.123904 0.371937
v -0.578736 0.146232 0.371478
v -0.588910 0.119394 0.350067
v -0.589173 0.117979 0.274494
v -0.578465 0.149807 0.273860
v -0.578203 0.151223 0.349434
v -0.598248 0.120349 0.274481
v -0.597986 0.121765 0.350054
v -0.587278 0.153593 0.349421
v -0.587541 0.152178 0.273847
v -0.574772 0.130482 0.245873
v -0.574313 0.132958 0.378098
v -0.584060 0.135666 0.371711
v -0.586007 0.134025 0.253551
v -0.595071 0.138316 0.349734
v -0.595334 0.136901 0.274161
v -0.583819 0.133893 0.274177
v -0.583556 0.135309 0.349750
v -0.589119 0.116108 0.312329
v -0.578267 0.152751 0.311605
v -0.598185 0.118793 0.312310
v -0.587333 0.155435 0.311586
v -0.583693 0.134430 0.311967
v -0.595196 0.137836 0.311943
v -0.470741 0.128812 1.459513
v -0.479348 0.123344 1.458092
v -0.485354 0.114990 1.457692
v -0.487843 0.105023 1.458373
v -0.453772 0.079969 1.470082
v -0.445164 0.085437 1.471504
v -0.439159 0.093791 1.471904
v -0.436670 0.103759 1.471223
v -0.438076 0.113822 1.469563
v -0.443164 0.122450 1.467178
v -0.451158 0.128329 1.464431
v -0.460842 0.130563 1.461739
v -0.486436 0.094959 1.460032
v -0.481349 0.086331 1.462418
v -0.473355 0.080453 1.465165
v -0.463671 0.078219 1.467856
v -0.261342 0.118661 1.494668
v -0.258151 0.108078 1.496064
v -0.278096 0.132309 1.491388
v -0.268346 0.127170 1.493026
v -0.259258 0.097030 1.497002
v -0.264495 0.087201 1.497339
v -0.299706 0.129978 1.489084
v -0.308275 0.122864 1.488769
v -0.313512 0.113035 1.489106
v -0.314619 0.101987 1.490044
v -0.311428 0.091403 1.491441
v -0.304424 0.082894 1.493083
v -0.273065 0.080086 1.497024
v -0.294674 0.077756 1.494720
v -0.289108 0.133295 1.490004
v -0.283662 0.076770 1.496104
v -0.603569 0.107698 0.789645
v -0.582548 0.156190 0.937504
v -0.607869 0.109977 0.926709
v -0.602206 0.048292 1.195859
v -0.587706 0.049066 1.298023
v 0.474864 0.067611 -1.327914
v 0.503313 0.194531 -0.454081
v 0.219404 0.218855 -0.605010
v 0.492198 0.126284 -1.120117
v 0.499668 0.156712 -0.900762
v 0.501627 0.178855 -0.684996
v 0.483667 0.098895 -1.243459
v 0.499304 0.058639 -1.306393
v 0.526742 0.186472 -0.454081
v 0.519023 0.120907 -1.107780
v 0.526036 0.150162 -0.889881
v 0.527743 0.172131 -0.671981
v 0.509512 0.090538 -1.223148
v 0.586038 0.105428 -0.465108
v 0.609830 0.015706 -1.078044
v 0.621922 0.079527 -0.888191
v 0.612212 0.102069 -0.668341
v 0.583351 0.006015 -1.153558
v 0.586359 -0.015492 -0.470085
v 0.605911 -0.015492 -0.657431
v 0.574091 -0.088845 -0.466281
v 0.591518 -0.089300 -0.603852
v 0.550433 -0.208564 -0.446653
v 0.526377 0.197378 0.004988
v 0.582638 0.124278 0.004988
v 0.583425 -0.015492 0.004988
v 0.573484 -0.088829 0.004988
v 0.549907 -0.208480 0.004988
v 0.522395 0.207904 0.411593
v 0.578657 0.136347 0.433252
v 0.579444 -0.015492 0.433041
v 0.573484 -0.088829 0.429427
v 0.549907 -0.208480 0.352632
v 0.518615 0.217838 0.765444
v 0.592747 0.060794 0.623089
v 0.597770 -0.015492 0.696437
v 0.581814 -0.088829 0.636963
v 0.549907 -0.208480 0.580724
v 0.511426 0.226016 1.027232
v 0.609549 0.111957 1.045812
v 0.495505 0.228484 1.315692
v 0.579782 0.113974 1.306325
v 0.585618 -0.015841 1.289722
v 0.572199 -0.071166 1.282286
v 0.598380 -0.016575 1.190707
v 0.596018 0.113158 1.201010
v 0.590019 -0.078596 1.179751
v 0.501925 0.227489 1.199377
v 0.578624 0.158908 1.037453
v 0.564929 0.161436 1.200258
v 0.588815 0.151849 0.777853
v 0.553658 0.162391 1.312923
v 0.482703 0.223539 1.427386
v 0.556124 0.114190 1.440413
v 0.560475 -0.015492 1.417845
v 0.547599 -0.067635 1.410999
v 0.536259 0.161089 1.447001
v 0.573484 -0.088829 -0.415860
v 0.586072 -0.015492 -0.423613
v 0.585285 0.107326 -0.415860
v 0.529024 0.187539 -0.409175
v 0.549907 -0.208480 -0.397387
v 0.455426 0.306518 -0.288279
v 0.471052 0.306518 -0.277782
v 0.479097 0.306518 -0.248104
v 0.363461 0.453415 -0.063283
v 0.383112 0.447258 -0.051575
v 0.387681 0.444514 -0.003445
v 0.351043 0.465619 -0.017866
v 0.370829 0.462512 -0.006947
v 0.384444 0.448751 0.018601
v 0.350264 0.454472 -0.067141
v 0.342380 0.463913 -0.020953
v 0.135049 0.466612 -0.119921
v 0.135049 0.476054 -0.073732
v 0.249155 0.470292 -0.049455
v 0.254990 0.460851 -0.095643
v 0.337211 0.479497 0.118671
v 0.356997 0.475412 0.129498
v 0.377397 0.459414 0.153708
v 0.328548 0.474673 0.115369
v 0.121217 0.491501 0.063892
v 0.241157 0.483584 0.087554
v 0.332393 0.483094 0.312043
v 0.352179 0.479010 0.322869
v 0.372765 0.462958 0.352914
v 0.323730 0.478271 0.308741
v 0.116399 0.495099 0.257263
v 0.236340 0.487182 0.280926
v 0.325400 0.481700 0.466105
v 0.354000 0.477616 0.476932
v 0.377475 0.461617 0.501142
v 0.316737 0.476876 0.462803
v 0.114712 0.493704 0.411326
v 0.234653 0.485787 0.434989
v 0.320644 0.457640 0.650038
v 0.356537 0.449247 0.650791
v 0.376675 0.441804 0.654046
v 0.313022 0.458562 0.651593
v 0.135049 0.473891 0.674586
v 0.254990 0.465974 0.660924
v 0.377075 0.457949 0.577594
v 0.355735 0.470024 0.565902
v 0.124880 0.490036 0.542956
v 0.323022 0.477570 0.558072
v 0.315401 0.473208 0.557198
v 0.244821 0.482119 0.547956
v 0.471243 0.238314 0.980563
v 0.513968 0.224872 0.934648
v 0.491465 0.232347 0.930373
v 0.464229 0.334063 0.649403
v 0.445111 0.338713 0.752795
v 0.421493 0.352536 0.794751
v 0.472017 0.244322 1.071429
v 0.471750 0.242693 1.200471
v 0.469765 0.237182 1.310235
v 0.466683 0.225440 1.434545
v 0.462256 0.104391 1.464798
v 0.389272 0.251635 1.094717
v 0.389272 0.250848 1.134447
v 0.389272 0.249219 1.221394
v 0.189937 0.257399 1.138845
v 0.189937 0.256613 1.178575
v 0.189937 0.254984 1.252517
v 0.389272 0.245961 1.312492
v 0.189937 0.251726 1.343614
v 0.387975 0.229215 1.448964
v 0.387975 0.166427 1.487203
v 0.285553 0.233249 1.461948
v 0.286385 0.105032 1.493054
v 0.187816 0.236307 1.469012
v 0.187816 0.170724 1.505186
v 0.187816 0.102246 1.520465
v 0.187816 0.039641 1.521809
v 0.285568 0.039641 1.512199
v 0.187816 0.023134 1.560491
v 0.284136 0.023134 1.552993
v 0.187816 -0.020641 1.563728
v 0.280925 -0.020641 1.556612
v 0.187816 -0.061827 1.550215
v 0.280925 -0.061827 1.543099
v 0.187816 -0.116326 1.513502
v 0.280925 -0.116326 1.506722
v 0.187816 -0.139468 1.542713
v 0.280925 -0.139468 1.535932
v 0.187816 -0.170415 1.510589
v 0.280925 -0.170415 1.503809
v 0.459689 0.039641 1.491489
v 0.459689 0.023134 1.532112
v 0.459689 -0.020641 1.535349
v 0.459689 -0.061827 1.521836
v 0.459689 -0.116326 1.485459
v 0.459689 -0.139468 1.514669
v 0.459689 -0.170415 1.482546
v 0.535060 0.039641 1.455777
v 0.530647 0.023134 1.488608
v 0.536242 -0.020641 1.489139
v 0.529225 -0.061827 1.475626
v 0.505532 -0.118795 1.447864
v 0.524484 -0.136476 1.468459
v 0.504181 -0.173057 1.439189
v 0.560130 0.037998 1.429434
v 0.531330 -0.123829 1.402116
v 0.546164 -0.139958 1.396335
v 0.525861 -0.179682 1.384893
v 0.551854 -0.151290 1.205425
v 0.535539 -0.201244 1.216071
v 0.382714 0.039641 1.500644
v 0.535732 0.112326 1.457146
v 0.554951 -0.007709 -1.226347
v 0.586299 -0.028174 -1.215712
v 0.618184 0.048833 -1.008322
v 0.613887 -0.018755 -1.084429
v 0.598766 -0.023860 -1.149100
v 0.523677 -0.013114 -1.330585
v 0.549708 -0.036663 -1.336211
v 0.548797 -0.008979 -1.285999
v 0.567613 -0.032418 -1.286750
v 0.500797 -0.013195 -1.350179
v 0.526198 -0.036663 -1.372265
v 0.539033 -0.105223 -1.349264
v 0.518496 -0.105223 -1.383376
v 0.586682 -0.107998 -1.224841
v 0.606923 -0.110051 -1.131726
v 0.600234 -0.109976 -1.161074
v 0.567613 -0.106048 -1.297775
v 0.530934 -0.125564 -1.320083
v 0.510397 -0.125564 -1.354196
v 0.576151 -0.124769 -1.224841
v 0.604236 -0.125112 -1.133197
v 0.597370 -0.124792 -1.161074
v 0.553570 -0.124750 -1.283569
v 0.514536 -0.234519 -1.293748
v 0.486109 -0.234519 -1.327274
v 0.586013 -0.234519 -1.137483
v 0.563549 -0.234519 -1.214295
v 0.581495 -0.234519 -1.161074
v 0.536795 -0.234519 -1.260170
v 0.524048 -0.277290 -1.304927
v 0.486109 -0.277290 -1.355123
v 0.520258 -0.294140 -1.299791
v 0.486109 -0.294140 -1.343846
v 0.454282 -0.294140 -1.372878
v 0.320529 -0.294140 -1.423856
v 0.213270 -0.294140 -1.462502
v 0.151349 -0.294140 -1.470347
v 0.588451 -0.277290 -1.139883
v 0.586106 -0.294140 -1.139365
v 0.585979 -0.277290 -1.161074
v 0.573055 -0.277290 -1.210221
v 0.549587 -0.277290 -1.260170
v 0.544420 -0.294140 -1.260170
v 0.568947 -0.294140 -1.210221
v 0.582742 -0.294140 -1.161074
v 0.619443 0.051548 -0.748120
v 0.522025 0.208877 0.446244
v 0.463380 0.331923 0.373940
v 0.463035 0.332829 0.404416
v 0.373198 0.462562 0.324207
v 0.615306 0.042249 1.047114
v 0.607493 -0.016131 1.132357
v 0.614134 0.049174 0.805315
v 0.614281 0.070098 0.910707
v 0.619668 0.058077 -0.887961
v 0.614276 -0.026441 -0.683593
v 0.610374 -0.092599 -0.642208
v 0.564521 -0.206939 -0.581365
v 0.616291 0.028586 -0.994701
v 0.612582 -0.031872 -1.065326
v 0.606029 -0.110351 -1.105407
v 0.603866 -0.124934 -1.111612
v 0.587070 -0.234519 -1.114930
v 0.589303 -0.277290 -1.116008
v 0.587155 -0.294140 -1.116298
v 0.618124 0.034689 -0.762446
v 0.573728 -0.248481 0.385934
v 0.567560 -0.248481 0.004988
v 0.566686 -0.241387 0.004988
v 0.572854 -0.241387 0.385934
v 0.599308 -0.219555 0.625578
v 0.572854 -0.241387 -0.397387
v 0.598287 -0.218432 -0.586472
v 0.594074 -0.273073 0.640230
v 0.573728 -0.248481 -0.397387
v 0.593053 -0.271951 -0.574646
v 0.558282 -0.272045 0.385934
v 0.545838 -0.272045 0.004988
v 0.558282 -0.272045 -0.397387
v 0.615052 -0.025043 0.717652
v 0.612578 -0.090176 0.672271
v 0.600325 -0.208047 0.643352
v 0.589926 -0.082455 1.142273
v 0.554138 -0.148946 1.166767
v 0.538839 -0.206261 1.180590
v 0.613638 0.028420 1.039260
v 0.606311 -0.025836 1.107045
v 0.614134 0.033512 0.811168
v 0.614281 0.055023 0.910789
v 0.604907 -0.206939 -0.619673
v 0.598995 -0.261167 -0.611278
v 0.614668 0.058077 -0.887961
v 0.609276 -0.026441 -0.683593
v 0.605374 -0.092599 -0.642208
v 0.611291 0.028586 -0.994701
v 0.607582 -0.031872 -1.065326
v 0.601029 -0.110351 -1.105407
v 0.598866 -0.124934 -1.111612
v 0.582070 -0.234852 -1.114930
v 0.584303 -0.275974 -1.116008
v 0.582155 -0.294690 -1.116298
v 0.615483 0.034689 -0.762446
v 0.599907 -0.206939 -0.619673
v 0.593995 -0.261167 -0.611278
v 0.566419 0.079617 -0.885257
v 0.560369 -0.015220 -0.655936
v 0.555991 -0.089455 -0.609499
v 0.562630 0.046526 -1.005029
v 0.558251 -0.021314 -1.084277
v 0.551114 -0.109375 -1.129252
v 0.548687 -0.125738 -1.136214
v 0.530708 -0.249077 -1.139937
v 0.530708 -0.280716 -1.141147
v 0.530708 -0.293740 -1.141472
v 0.567334 0.053373 -0.744417
v 0.549856 -0.217756 -0.584212
v 0.543222 -0.270628 -0.574792
v 0.589074 -0.273073 0.640230
v 0.610052 -0.025043 0.717652
v 0.607578 -0.090176 0.672271
v 0.595325 -0.208047 0.643352
v 0.584926 -0.082455 1.142273
v 0.549138 -0.148946 1.166767
v 0.533839 -0.206261 1.180590
v 0.608638 0.028420 1.039260
v 0.601311 -0.025836 1.107045
v 0.608946 0.033512 0.811168
v 0.608453 0.055023 0.910789
v 0.538733 -0.272179 0.582038
v 0.564205 -0.012048 0.676042
v 0.561201 -0.091131 0.620941
v 0.546324 -0.234246 0.585829
v 0.533697 -0.081757 1.191601
v 0.490245 -0.162488 1.221340
v 0.471669 -0.197195 1.238124
v 0.562488 0.052863 1.066526
v 0.553592 -0.013012 1.148829
v 0.562862 0.059046 0.789585
v 0.562263 0.085164 0.910542
v 0.355896 0.079617 -0.885257
v 0.355896 -0.015220 -0.655936
v 0.355896 -0.089455 -0.609499
v 0.355896 0.046526 -1.005029
v 0.355896 -0.021314 -1.084277
v 0.355896 -0.109375 -1.129252
v 0.355896 -0.125738 -1.136214
v 0.355896 -0.249077 -1.139937
v 0.355896 -0.280716 -1.141147
v 0.355896 -0.293740 -1.141472
v 0.355896 0.053373 -0.744417
v 0.355896 -0.217756 -0.584212
v 0.355896 -0.270628 -0.574792
v 0.355896 -0.272179 0.582038
v 0.355896 -0.012048 0.676042
v 0.355896 -0.091131 0.620941
v 0.355896 -0.234246 0.585829
v 0.355896 -0.081757 1.191601
v 0.355896 -0.162488 1.221340
v 0.355896 -0.197195 1.238124
v 0.355896 0.052863 1.066526
v 0.355896 -0.013012 1.148829
v 0.355896 0.059046 0.789585
v 0.355896 0.085164 0.910542
v 0.509023 0.223588 0.748258
v 0.373383 0.454097 0.362446
v 0.377763 0.452849 0.502457
v 0.458444 0.334224 0.640340
v 0.512195 0.215254 0.449244
v 0.457334 0.333077 0.410343
v 0.515976 0.203008 0.009510
v 0.512273 0.212797 0.399440
v 0.518438 0.193858 -0.378086
v 0.472006 0.308757 -0.228290
v 0.386988 0.437093 0.001668
v 0.383978 0.441033 0.022170
v 0.377425 0.450950 0.147820
v 0.457389 0.332383 0.364422
v 0.373520 0.453878 0.318171
v 0.461958 0.323546 0.063312
v 0.443696 0.308659 -0.282001
v 0.358169 0.442880 -0.068354
v 0.345896 0.444854 -0.071942
v 0.136179 0.456314 -0.121731
v 0.257290 0.450786 -0.098449
v 0.316146 0.446412 0.652840
v 0.351946 0.439213 0.653624
v 0.368256 0.433185 0.663091
v 0.309132 0.448165 0.654286
v 0.134368 0.463252 0.675906
v 0.255088 0.455663 0.662964
v 0.454982 0.236624 0.982209
v 0.409936 0.350166 0.793947
v 0.380011 0.247013 1.082740
v 0.194625 0.252290 1.123778
v 0.319874 0.367160 0.849545
v 0.162535 0.372436 0.889898
v 0.474003 0.072026 -1.325680
v 0.498848 0.062670 -1.303429
v 0.562892 -0.009079 -1.216733
v 0.551248 -0.013324 -1.286519
v 0.525598 -0.017569 -1.331927
v 0.502173 -0.017569 -1.352193
v 0.469190 0.048662 1.485188
v 0.408752 0.103358 1.493045
v 0.348646 0.101859 1.500496
v 0.386638 0.130257 1.493091
v 0.371544 0.102528 1.498513
v 0.400669 0.103291 1.494603
v 0.395366 0.125316 1.492270
v 0.371853 0.085738 1.500076
v 0.371152 0.125322 1.496070
v 0.396066 0.085943 1.496267
v 0.250403 0.152493 1.507196
v 0.231029 0.102246 1.513518
v 0.293652 0.166338 1.500762
v 0.244234 0.068434 1.516027
v 0.460428 0.163427 1.472373
v 0.501349 0.148520 1.464163
v 0.520865 0.108731 1.464516
v 0.428268 0.063569 1.493398
v 0.422073 0.144720 1.484336
v 0.507544 0.067369 1.473225
v 0.334346 0.145365 1.497987
v 0.328176 0.061305 1.506819
v 0.284927 0.047460 1.513252
v 0.400190 0.130257 1.490605
v 0.395755 0.103291 1.495526
v 0.366572 0.102493 1.499045
v 0.366957 0.080698 1.500915
v 0.384610 0.080849 1.498605
v 0.366082 0.130257 1.495952
v 0.401065 0.080990 1.495534
v 0.461083 0.243537 1.203177
v 0.460726 0.238168 1.310488
v 0.461212 0.245174 1.079658
v 0.453931 0.163696 1.473703
v 0.458511 0.225832 1.436042
v 0.460492 0.240061 0.995535
v 0.450043 0.160178 1.475231
v 0.552683 0.114006 1.443474
v 0.481670 0.159145 1.467707
v 0.534916 0.156770 1.448681
v 0.301569 0.162258 1.500223
v 0.387788 0.161366 1.488027
v 0.187816 0.107670 1.519288
v 0.227350 0.107670 1.512683
v 0.383098 0.048002 1.500230
v 0.458405 0.052591 1.487352
v 0.310480 0.052274 1.509803
v 0.383308 0.052567 1.500005
v 0.535312 0.050086 1.456590
v 0.556355 0.049136 1.434988
v 0.535452 0.055872 1.457040
v 0.556344 0.055029 1.435858
v 0.479811 0.053842 1.481876
v 0.560059 0.049111 1.431208
v 0.560020 0.055156 1.432173
v 0.565866 -0.201079 -0.581683
v 0.552278 -0.202168 0.584327
v 0.551329 -0.201262 -0.398502
v 0.551582 -0.201217 -0.447620
v 0.551186 -0.201987 0.355715
v 0.551256 -0.201634 0.004988
v 0.554673 0.150769 -0.443514
v 0.585957 0.105633 -0.459798
v 0.551549 -0.201223 -0.441369
v 0.528973 0.187730 -0.401131
v 0.574012 -0.088843 -0.459768
v 0.550362 -0.208553 -0.439983
v 0.534027 0.180407 -0.409770
v 0.586328 -0.015492 -0.464975
v 0.556347 0.148238 -0.438592
v 0.551188 -0.201978 0.346624
v 0.522464 0.207722 0.404588
v 0.573484 -0.088829 0.421572
v 0.549907 -0.208480 0.342969
v 0.579512 -0.015492 0.425717
v 0.578719 0.136157 0.426512
v 0.187816 -0.018622 1.534575
v 0.187816 -0.061169 1.529436
v 0.505994 -0.145309 -1.349315
v 0.478663 0.070271 -1.321507
v 0.497272 0.125267 -1.117784
v 0.507544 0.193076 -0.454081
v 0.505183 0.155342 -0.898486
v 0.488544 0.097318 -1.239626
v 0.507063 0.177455 -0.682287
v 0.514030 0.129914 1.463482
v 0.516880 0.085781 1.468506
v 0.490937 0.055604 1.478855
v 0.446691 0.053419 1.490105
v 0.415654 0.082074 1.494076
v 0.412372 0.125154 1.489296
v 0.439274 0.156782 1.478521
v 0.315010 0.159585 1.498907
v 0.344756 0.125812 1.498694
v 0.341116 0.078557 1.503687
v 0.261739 0.055287 1.515218
v 0.233672 0.085190 1.515178
v 0.235729 0.132141 1.510069
v 0.269096 0.162441 1.504000
v 0.241465 0.132495 1.510334
v 0.235412 0.112419 1.512983
v 0.273245 0.158382 1.504113
v 0.254750 0.148635 1.507220
v 0.237512 0.091463 1.514762
v 0.247445 0.072819 1.515402
v 0.481558 0.154125 1.468603
v 0.498519 0.143350 1.465802
v 0.510353 0.126888 1.465013
v 0.515258 0.107246 1.466356
v 0.448119 0.057876 1.489430
v 0.431158 0.068652 1.492231
v 0.419324 0.085114 1.493020
v 0.414419 0.104755 1.491677
v 0.417191 0.124587 1.488407
v 0.427216 0.141588 1.483707
v 0.442969 0.153172 1.478293
v 0.462051 0.157574 1.472990
v 0.512487 0.087415 1.469626
v 0.502461 0.070413 1.474326
v 0.486708 0.058830 1.479740
v 0.467626 0.054427 1.485044
v 0.314235 0.153961 1.499743
v 0.330490 0.140466 1.499145
v 0.340423 0.121821 1.499784
v 0.342523 0.100866 1.501563
v 0.336470 0.080790 1.504212
v 0.323185 0.064650 1.507327
v 0.263700 0.059324 1.514803
v 0.304690 0.054903 1.510433
v 0.294133 0.160252 1.501488
v 0.283802 0.053032 1.513059
v 0.535962 0.193173 -0.288944
v 0.552701 0.279650 -0.288944
v 0.540352 0.198173 -0.247058
v 0.555660 0.274650 -0.241540
v 0.642325 0.193173 -0.232711
v 0.642325 0.279650 -0.232711
v 0.637432 0.198173 -0.214294
v 0.637505 0.274650 -0.214287
v 0.566204 0.201345 -0.298146
v 0.582943 0.271466 -0.298146
v 0.634328 0.271471 -0.248580
v 0.634328 0.201351 -0.248580
v 0.531503 0.237885 -0.288944
v 0.536509 0.236873 -0.248071
v 0.647862 0.237839 -0.210859
v 0.654361 0.237885 -0.232711
v 0.566562 0.237607 -0.311728
v 0.644593 0.237885 -0.248580
v 0.517786 0.195744 -0.213589
v 0.512434 0.188677 -0.303771
v 0.492065 0.261017 -0.225440
v 0.513179 0.193571 -0.399465
v 0.496011 0.250367 -0.303771
v 0.505640 0.229834 -0.335492
v 0.524198 0.190925 -0.296358
v 0.524313 0.190925 -0.255920
v 0.519880 0.235638 -0.257111
v 0.519739 0.235638 -0.296358
v 0.533962 0.197458 -0.312792
v 0.534321 0.233721 -0.315705
v 0.475024 0.305724 -0.230390
v 0.531644 0.237885 -0.249698
v 0.536077 0.193173 -0.248506
v 0.641043 0.193173 -0.213095
v 0.552817 0.279650 -0.242478
v 0.641043 0.279650 -0.213095
v 0.652794 0.237885 -0.209209
v 0.538096 0.236885 -0.252813
v 0.649449 0.237850 -0.215601
v 0.541939 0.198185 -0.251799
v 0.639019 0.198185 -0.219035
v 0.557247 0.274662 -0.246282
v 0.639092 0.274662 -0.219029
v 0.578078 0.119318 0.246094
v 0.571465 0.141646 0.245653
v 0.577619 0.121794 0.378319
v 0.571006 0.144122 0.377878
v 0.586876 0.122140 0.253779
v 0.580265 0.144467 0.253316
v 0.585348 0.123904 0.371937
v 0.578736 0.146232 0.371478
v 0.588910 0.119394 0.350067
v 0.589173 0.117979 0.274494
v 0.578465 0.149807 0.273860
v 0.578203 0.151223 0.349434
v 0.598248 0.120349 0.274481
v 0.597986 0.121765 0.350054
v 0.587278 0.153593 0.349421
v 0.587541 0.152178 0.273847
v 0.574772 0.130482 0.245873
v 0.574313 0.132958 0.378098
v 0.584060 0.135666 0.371711
v 0.586007 0.134025 0.253551
v 0.595071 0.138316 0.349734
v 0.595334 0.136901 0.274161
v 0.583819 0.133893 0.274177
v 0.583556 0.135309 0.349750
v 0.589119 0.116108 0.312329
v 0.578267 0.152751 0.311605
v 0.598185 0.118793 0.312310
v 0.587333 0.155435 0.311586
v 0.583693 0.134430 0.311967
v 0.595196 0.137836 0.311943
v 0.470741 0.128812 1.459513
v 0.479348 0.123344 1.458092
v 0.485354 0.114990 1.457692
v 0.487843 0.105023 1.458373
v 0.453772 0.079969 1.470082
v 0.445164 0.085437 1.471504
v 0.439159 0.093791 1.471904
v 0.436670 0.103759 1.471223
v 0.438076 0.113822 1.469563
v 0.443164 0.122450 1.467178
v 0.451158 0.128329 1.464431
v 0.460842 0.130563 1.461739
v 0.486436 0.094959 1.460032
v 0.481349 0.086331 1.462418
v 0.473355 0.080453 1.465165
v 0.463671 0.078219 1.467856
v 0.261342 0.118661 1.494668
v 0.258151 0.108078 1.496064
v 0.278096 0.132309 1.491388
v 0.268346 0.127170 1.493026
v 0.259258 0.097030 1.497002
v 0.264495 0.087201 1.497339
v 0.299706 0.129978 1.489084
v 0.308275 0.122864 1.488769
v 0.313512 0.113035 1.489106
v 0.314619 0.101987 1.490044
v 0.311428 0.091403 1.491441
v 0.304424 0.082894 1.493083
v 0.273065 0.080086 1.497024
v 0.294674 0.077756 1.494720
v 0.289108 0.133295 1.490004
v 0.283662 0.076770 1.496104
v 0.603569 0.107698 0.789645
v 0.582548 0.156190 0.937504
v 0.607869 0.109977 0.926709
v 0.602206 0.048292 1.195859
v 0.587706 0.049066 1.298023
vn -0.5366 0.8150 -0.2186
vn -0.2849 0.9511 -0.1192
vn -0.2846 0.9382 -0.1970
vn -0.6710 0.6731 -0.3110
vn -0.4897 0.8256 -0.2803
vn -0.5680 0.7598 -0.3164
vn -0.2892 0.9532 -0.0880
vn -0.2872 0.9497 -0.1251
vn -0.4870 0.8719 -0.0504
vn -0.3119 0.9091 -0.2760
vn -0.2869 0.9544 -0.0828
vn -0.4581 0.8812 -0.1166
vn -0.9033 0.4251 0.0575
vn -0.8201 0.4853 -0.3032
vn -0.8912 0.3547 -0.2828
vn -0.9453 0.3252 0.0249
vn -0.9807 0.0261 0.1936
vn -0.9951 -0.0776 0.0604
vn -0.9213 0.3643 -0.1362
vn -0.6364 0.7592 -0.1367
vn -0.9570 -0.0585 0.2841
vn -0.9820 -0.1763 0.0671
vn -0.9836 -0.1800 0.0071
vn -0.9979 -0.0640 0.0043
vn -0.9966 -0.0816 0.0072
vn -0.9526 0.3043 -0.0014
vn -0.9459 0.3245 -0.0010
vn -0.8214 0.5691 -0.0386
vn -0.8185 0.5744 -0.0062
vn -0.6622 0.7492 -0.0160
vn -0.9814 -0.1918 0.0039
vn -0.9865 -0.1639 -0.0000
vn -0.9902 -0.1394 0.0021
vn -0.9992 -0.0384 0.0091
vn -0.6357 0.7718 -0.0142
vn -0.6459 0.7633 -0.0136
vn -0.9811 -0.1933 -0.0000
vn -0.9446 0.3283 -0.0005
vn -0.9988 -0.0424 -0.0252
vn -0.9827 -0.1764 -0.0558
vn -0.9443 0.1683 -0.2829
vn -0.7153 0.6983 -0.0258
vn -0.8596 0.5099 -0.0330
vn -0.6639 0.7477 -0.0132
vn -0.9899 -0.1409 -0.0147
vn -0.9637 -0.2664 -0.0199
vn -0.9416 0.3354 -0.0293
vn -0.9970 0.0485 -0.0597
vn -0.7038 0.7104 0.0062
vn -0.9706 0.2280 -0.0770
vn -0.9404 0.3221 0.1093
vn -0.9851 0.0215 0.1704
vn -0.9462 0.2865 0.1503
vn -0.9810 -0.1231 0.1498
vn -0.9384 -0.3038 0.1644
vn -0.9747 -0.1551 0.1612
vn -0.7254 0.6865 0.0490
vn -0.8210 0.5622 0.0992
vn -0.7501 0.6568 0.0772
vn -0.7737 0.6327 0.0311
vn -0.7053 0.7086 0.0206
vn -0.9124 -0.3134 0.2633
vn -0.9536 -0.1416 0.2656
vn -0.7866 0.6130 0.0746
vn -0.9463 0.3213 0.0365
vn -0.7999 0.6002 -0.0029
vn -0.5781 0.6112 0.5406
vn -0.9212 -0.0637 0.3838
vn -0.8805 -0.0692 0.4690
vn -0.8710 0.1550 0.4662
vn -0.6824 0.4658 0.5634
vn -0.9843 -0.1680 0.0534
vn -0.9836 -0.1802 0.0114
vn -0.8103 0.5845 -0.0413
vn -0.9967 -0.0814 0.0063
vn -0.9533 0.3019 0.0028
vn -0.5525 0.7639 -0.3334
vn -0.7050 0.6848 -0.1845
vn -0.6018 0.7829 -0.1577
vn -0.4170 0.8741 -0.2491
vn -0.3049 0.8372 -0.4539
vn -0.7459 0.6654 -0.0298
vn -0.4817 0.8716 -0.0915
vn -0.2628 0.9513 -0.1609
vn -0.1035 0.9762 -0.1905
vn -0.0091 0.9871 -0.1597
vn -0.1253 0.9759 -0.1789
vn -0.1036 0.9767 -0.1879
vn -0.0592 0.9860 -0.1556
vn -0.0601 0.9780 -0.1999
vn -0.0000 0.9868 -0.1617
vn -0.0000 0.9797 -0.2003
vn -0.0962 0.9852 -0.1415
vn -0.2249 0.9732 -0.0484
vn -0.0553 0.9966 -0.0613
vn -0.0925 0.9944 -0.0506
vn -0.0000 0.9976 -0.0685
vn -0.7087 0.7055 -0.0052
vn -0.4330 0.9010 -0.0264
vn 0.1354 0.9745 -0.1787
vn 0.4519 0.8874 -0.0909
vn -0.1131 0.9929 -0.0371
vn -0.0846 0.9964 -0.0037
vn -0.0499 0.9987 -0.0043
vn -0.6224 0.7826 -0.0073
vn -0.6163 0.7875 -0.0005
vn -0.4139 0.9103 0.0033
vn -0.0000 1.0000 -0.0053
vn 0.4642 0.8828 -0.0718
vn 0.4798 0.8771 -0.0224
vn -0.2033 0.9791 -0.0021
vn -0.0465 0.9988 0.0169
vn -0.6123 0.7906 -0.0012
vn -0.3569 0.9339 0.0234
vn -0.0000 0.9999 0.0173
vn 0.4806 0.8767 -0.0198
vn 0.4873 0.8732 0.0027
vn -0.1352 0.9905 0.0238
vn -0.1026 0.9947 -0.0000
vn -0.0816 0.9965 0.0175
vn -0.6183 0.7776 0.1144
vn -0.2766 0.9368 0.2145
vn -0.3240 0.9366 0.1336
vn -0.0456 0.9964 0.0710
vn -0.0000 0.9931 0.1173
vn -0.0000 0.9976 0.0697
vn 0.1969 0.9753 0.1004
vn -0.1168 0.9805 0.1578
vn -0.1497 0.9765 0.1553
vn -0.2064 0.9519 0.2262
vn -0.1825 0.9742 0.1330
vn -0.1059 0.9845 0.1396
vn -0.0886 0.9930 0.0775
vn -0.0510 0.9912 0.1223
vn -0.1057 0.9941 0.0231
vn 0.4895 0.8719 0.0100
vn -0.5894 0.8069 0.0399
vn -0.3769 0.9259 0.0238
vn -0.3125 0.9499 -0.0107
vn -0.3628 0.9313 -0.0310
vn -0.8236 0.5587 0.0979
vn -0.5462 0.8332 0.0857
vn -0.7834 0.6025 0.1524
vn -0.8023 0.5861 0.1127
vn -0.7292 0.6555 0.1962
vn -0.6271 0.7608 0.1673
vn -0.2388 0.9708 -0.0221
vn -0.4395 0.8978 0.0286
vn -0.2156 0.9747 0.0586
vn -0.3110 0.9493 0.0459
vn -0.1762 0.9798 0.0946
vn -0.1038 0.9898 0.0980
vn -0.2398 0.3462 0.9070
vn -0.2738 0.9613 0.0317
vn -0.0771 0.9969 -0.0184
vn -0.0691 0.9955 -0.0651
vn -0.0628 0.9976 0.0302
vn -0.0215 0.9996 0.0207
vn -0.0610 0.9980 0.0180
vn -0.0226 0.9995 0.0198
vn -0.0693 0.9976 0.0043
vn -0.0220 0.9993 0.0291
vn -0.0000 0.9998 0.0209
vn -0.0000 0.9998 0.0198
vn -0.0000 0.9996 0.0291
vn -0.0262 0.9965 0.0798
vn -0.0000 0.9964 0.0847
vn -0.0725 0.9947 0.0725
vn -0.0882 0.9956 0.0330
vn -0.1796 0.4996 0.8474
vn -0.3083 0.4725 0.8256
vn -0.1678 0.3397 0.9254
vn -0.0933 0.5041 0.8586
vn -0.1575 0.5106 0.8453
vn -0.0337 0.3550 0.9342
vn -0.0425 0.4825 0.8748
vn -0.0000 0.4791 0.8778
vn -0.0000 0.3498 0.9368
vn -0.0686 0.2023 0.9769
vn -0.0000 0.2362 0.9717
vn -0.0749 0.1231 0.9896
vn -0.0675 0.1398 0.9879
vn -0.0297 0.1212 0.9922
vn -0.0924 0.0096 0.9957
vn -0.0953 -0.0463 0.9944
vn -0.0987 -0.1054 0.9895
vn -0.0000 0.1412 0.9900
vn -0.0522 0.0255 0.9983
vn -0.0000 0.0215 0.9998
vn -0.0175 0.9206 0.3902
vn -0.0397 0.9249 0.3782
vn -0.0163 0.9205 0.3904
vn -0.0000 0.9294 0.3690
vn -0.0000 0.9310 0.3651
vn -0.0498 0.0741 0.9960
vn -0.0960 -0.1199 0.9881
vn -0.0580 -0.0543 0.9968
vn -0.0000 0.0737 0.9973
vn -0.0686 -0.4358 0.8974
vn 1.0000 -0.0000 -0.0000
vn -0.0869 -0.4356 0.8959
vn -0.0622 -0.5563 0.8287
vn -0.0323 0.5090 0.8601
vn -0.0587 0.7825 0.6199
vn -0.0294 0.7835 0.6207
vn -0.0000 0.3085 0.9512
vn -0.0000 0.7838 0.6210
vn -0.0657 -0.7186 0.6923
vn -0.0336 -0.7198 0.6934
vn -0.0329 -0.7198 0.6934
vn -0.0000 -0.7202 0.6938
vn -0.0801 -0.5534 0.8291
vn -0.3038 -0.4169 0.8567
vn -0.3326 -0.5402 0.7731
vn -0.0447 0.9255 0.3761
vn -0.1483 0.9109 0.3852
vn -0.1151 0.9203 0.3740
vn -0.0601 0.7824 0.6199
vn -0.1947 0.7688 0.6091
vn -0.0986 0.0748 0.9923
vn -0.3165 -0.1121 0.9420
vn -0.0670 -0.7185 0.6922
vn -0.2462 -0.6980 0.6724
vn -0.3185 -0.6966 0.6429
vn -0.7379 -0.4063 0.5390
vn -0.7672 0.0597 0.6386
vn -0.3304 0.0696 0.9413
vn -0.2527 0.7771 0.5764
vn -0.4759 0.8063 0.3511
vn -0.7770 -0.1025 0.6211
vn -0.5993 -0.6644 0.4466
vn -0.2666 0.8569 0.4412
vn -0.6570 -0.6381 0.4014
vn -0.8260 -0.5225 0.2115
vn -0.8581 -0.4748 0.1953
vn -0.7231 0.6788 0.1279
vn -0.7454 0.6639 0.0605
vn -0.7326 0.6804 -0.0186
vn -0.9314 -0.3514 0.0945
vn -0.9515 -0.2875 0.1090
vn -0.4245 0.7847 0.4516
vn -0.5108 0.7386 0.4400
vn -0.2128 0.1933 0.9578
vn -0.1655 0.1556 0.9739
vn -0.1324 0.0363 0.9905
vn -0.1346 0.0480 0.9897
vn -0.2130 0.3842 0.8983
vn -0.1180 0.0437 0.9921
vn -0.5723 -0.0704 0.8170
vn -0.3126 0.1341 0.9404
vn -0.5667 -0.0805 0.8200
vn -0.2777 0.3541 0.8930
vn -0.4624 0.1939 0.8652
vn -0.7083 -0.0752 0.7019
vn -0.6498 0.0695 0.7569
vn -0.1077 0.9916 0.0718
vn -0.0468 0.9917 0.1201
vn -0.0250 0.9918 0.1250
vn -0.7041 -0.4776 0.5255
vn -0.8897 -0.3236 0.3219
vn -0.9990 0.0012 0.0443
vn -0.7294 0.6110 -0.3076
vn -0.6761 0.6836 -0.2748
vn -0.9921 0.0318 -0.1213
vn -0.8819 0.3894 -0.2658
vn -0.9465 0.2135 -0.2418
vn -0.7056 0.6599 -0.2583
vn -0.8048 0.3844 -0.4522
vn -0.8873 0.3651 -0.2818
vn -0.4869 0.7890 -0.3748
vn -0.7484 0.4046 -0.5255
vn -0.8604 -0.0285 -0.5088
vn -0.9722 0.0323 -0.2317
vn -0.9901 -0.0819 -0.1139
vn -0.9737 -0.0710 -0.2164
vn -0.9369 0.0148 -0.3492
vn -0.5857 -0.7321 -0.3478
vn -0.5818 -0.7341 -0.3502
vn -0.5915 -0.7278 -0.3470
vn -0.8153 -0.5100 -0.2743
vn -0.6714 -0.6868 -0.2786
vn -0.8098 -0.5085 -0.2928
vn -0.9806 -0.1614 -0.1117
vn -0.9510 -0.1805 -0.2510
vn -0.6417 -0.7089 -0.2927
vn -0.9143 0.0245 -0.4043
vn -0.9703 -0.0159 -0.2412
vn -0.9918 -0.0463 -0.1191
vn -0.8678 -0.2316 -0.4395
vn -0.8133 -0.2418 -0.5292
vn -0.8606 0.0337 -0.5082
vn -0.9198 -0.1681 -0.3546
vn -0.8184 0.2808 -0.5014
vn -0.8809 -0.0141 -0.4730
vn -0.9369 -0.0334 -0.3479
vn -0.9812 -0.0364 -0.1896
vn -0.9961 -0.0320 -0.0827
vn -0.8482 -0.2694 -0.4561
vn -0.8142 -0.3135 -0.4886
vn -0.8057 -0.3310 -0.4913
vn -0.9105 -0.2274 -0.3454
vn -0.9606 -0.1897 -0.2032
vn -0.9855 -0.1470 -0.0843
vn -0.7328 0.6804 -0.0107
vn -0.9080 0.3759 -0.1851
vn -0.7838 0.5465 0.2951
vn -0.8739 0.4111 -0.2592
vn -0.7850 0.6014 0.1486
vn -0.8399 0.4947 -0.2234
vn -0.9887 -0.1271 0.0795
vn -0.9426 -0.3142 0.1126
vn -0.9645 0.1145 0.2379
vn -0.9025 0.4223 -0.0845
vn -0.9970 -0.0774 -0.0024
vn -0.9975 -0.0563 -0.0428
vn -0.9869 -0.1597 0.0233
vn -0.9986 -0.0357 -0.0402
vn -0.9050 0.0944 0.4148
vn -0.9965 -0.0832 0.0113
vn -0.9959 -0.0901 0.0051
vn -0.9926 -0.1173 0.0305
vn -0.9945 -0.1046 -0.0049
vn -0.8288 0.5594 -0.0097
vn -0.9547 0.2975 -0.0003
vn -0.9268 0.3731 -0.0427
vn -0.9528 -0.3037 -0.0006
vn -0.9715 -0.2260 -0.0711
vn -0.3921 0.9083 -0.1459
vn -0.9212 0.3185 -0.2234
vn -0.9294 0.3651 0.0546
vn -0.8225 0.5687 0.0098
vn -0.8202 0.5720 0.0078
vn -0.8909 0.4542 -0.0000
vn -0.9864 -0.1460 -0.0749
vn -0.9869 -0.0915 0.1332
vn -0.9739 -0.2142 0.0748
vn -0.8310 -0.5498 0.0847
vn -0.7353 -0.6778 -0.0006
vn -0.8321 -0.5508 -0.0651
vn -0.9918 0.0959 -0.0848
vn -1.0000 -0.0000 0.0018
vn -0.9959 0.0900 -0.0063
vn -0.9581 -0.2700 0.0956
vn -0.9997 -0.0092 0.0243
vn -0.9840 -0.1767 0.0221
vn -0.9938 -0.1104 -0.0101
vn -0.9406 -0.3377 0.0356
vn -0.7466 0.2364 -0.6219
vn -0.8025 0.4076 -0.4359
vn -1.0000 0.0013 0.0034
vn -0.7770 0.0732 -0.6252
vn -0.7771 0.0655 -0.6260
vn -0.7719 0.0851 -0.6301
vn -0.9250 -0.3783 0.0348
vn -0.9223 0.2982 -0.2458
vn -0.3375 0.9315 0.1353
vn -0.8895 0.3468 0.2974
vn -0.8471 0.4765 0.2353
vn -0.7448 -0.0111 0.6672
vn -0.8907 -0.1487 0.4295
vn -0.9861 -0.0708 0.1501
vn -0.0000 -0.8852 0.4651
vn 0.2114 -0.9761 0.0509
vn -0.0000 -0.9991 0.0413
vn -0.0016 -0.0284 0.9996
vn 0.2266 -0.1824 0.9568
vn -0.0000 -0.2315 0.9728
vn -0.0000 -0.6247 0.7809
vn 0.2047 -0.8612 0.4653
vn -0.0000 -0.3732 -0.9277
vn 0.2662 -0.6423 -0.7188
vn 0.2904 -0.3465 -0.8919
vn 0.2099 -0.0151 0.9776
vn 0.2377 -0.0116 0.9713
vn -0.0000 -0.1530 -0.9882
vn 0.2882 -0.1471 -0.9462
vn 0.3370 -0.1106 -0.9350
vn -0.0000 -0.4256 0.9049
vn 0.2068 -0.5993 0.7734
vn -0.0000 -0.1742 -0.9847
vn -0.0007 -0.0158 0.9999
vn 0.0054 -0.0204 0.9998
vn 0.2059 -0.3971 0.8944
vn -0.0000 -0.6744 -0.7383
vn 0.2345 -0.8895 -0.3923
vn -0.0000 -0.9139 -0.4059
vn 0.3013 -0.1459 -0.9423
vn 0.2512 -0.1391 -0.9579
vn 0.2534 -0.6330 -0.7315
vn 0.2749 -0.3358 -0.9009
vn 0.2123 -0.0225 0.9769
vn 0.2015 -0.5948 0.7782
vn 0.2421 0.0083 0.9702
vn 0.2203 -0.0276 0.9750
vn 0.2132 -0.3910 0.8954
vn 0.2324 -0.8803 -0.4137
vn 0.2029 -0.9783 0.0410
vn 0.1951 -0.8625 0.4669
vn 0.2197 -0.1749 0.9598
vn -0.0000 -0.4614 -0.8872
vn 0.3445 -0.5933 -0.7276
vn 0.3580 -0.3038 -0.8829
vn -0.0000 -0.2344 -0.9721
vn 0.4015 -0.0970 -0.9107
vn 0.4244 -0.1029 -0.8996
vn -0.0000 -0.9263 0.3769
vn 0.3439 -0.6927 0.6340
vn 0.3054 -0.8867 0.3472
vn -0.0000 -0.0480 0.9988
vn 0.4227 -0.0975 0.9010
vn -0.0000 -0.1497 0.9887
vn -0.0000 -0.3025 -0.9531
vn -0.0000 -0.4192 0.9079
vn -0.0000 -0.7253 0.6884
vn -0.0000 -1.0000 0.0045
vn 0.2964 -0.9550 0.0034
vn -0.0000 -0.6779 -0.7352
vn 0.3145 -0.8616 -0.3984
vn 0.3930 -0.3715 0.8411
vn -0.0000 -0.9079 -0.4192
vn 0.3110 -0.8481 -0.4290
vn 0.3611 -0.5626 -0.7437
vn 0.3856 -0.3446 0.8559
vn 0.2748 -0.9615 0.0037
vn 0.3963 -0.2488 -0.8838
vn 0.3762 -0.1878 -0.9073
vn 0.2528 -0.3082 -0.9171
vn 0.4473 0.0079 0.8944
vn 0.4201 -0.0859 0.9034
vn 0.2888 -0.8848 0.3657
vn 0.3366 -0.6680 0.6637
vn -0.0000 -0.4234 0.9059
vn -0.0000 -0.6640 -0.7477
vn -0.0000 -0.4392 -0.8984
vn -0.0000 -0.2145 0.9767
vn -0.0000 -0.9991 0.0427
vn -0.0000 -0.7243 0.6895
vn -0.0000 -0.9264 0.3765
vn -0.0000 -0.0316 0.9995
vn -0.0000 -0.0342 0.9994
vn -0.0000 -0.6707 -0.7417
vn -0.0000 -0.3679 -0.9299
vn -0.0000 -1.0000 0.0042
vn 0.2261 -0.0243 0.9738
vn -0.0000 -0.1844 -0.9829
vn -0.0000 -0.9049 -0.4256
vn -0.0000 -0.4119 0.9112
vn -0.0000 -0.9123 -0.4094
vn 0.3638 -0.0203 0.9313
vn -0.0000 -0.1693 0.9856
vn -0.0000 -0.3910 -0.9204
vn -0.0000 -0.4354 -0.9003
vn -0.0000 -0.1754 -0.9845
vn -0.0000 -0.8829 0.4695
vn -0.0000 -0.6190 0.7854
vn -1.0000 -0.0000 -0.0000
vn -0.0015 -0.9999 -0.0117
vn 0.0071 -1.0000 0.0016
vn 0.0035 -1.0000 -0.0005
vn 0.0003 -0.9999 0.0147
vn -0.0000 -0.9998 0.0194
vn 0.0008 -0.9999 0.0114
vn -0.0038 -0.9941 0.1082
vn -0.0000 -0.9984 0.0565
vn -0.0000 -0.9944 0.1054
vn 0.0040 -0.9927 0.1208
vn 0.0093 -0.9923 0.1237
vn -0.8413 -0.0530 -0.5379
vn -0.8401 -0.0730 -0.5375
vn -0.8359 -0.1219 -0.5351
vn -0.9991 0.0285 -0.0310
vn -0.9989 0.0357 -0.0314
vn -0.9991 0.0282 -0.0310
vn -0.5813 0.6144 0.5335
vn -0.5309 0.4865 0.6939
vn -0.6086 0.5602 0.5620
vn -0.8505 -0.1146 -0.5134
vn -0.8508 -0.1141 -0.5130
vn -0.5375 0.8430 -0.0179
vn -0.5403 0.8413 -0.0177
vn -0.8911 0.4537 -0.0041
vn -0.9082 0.4185 -0.0050
vn -0.9102 0.4143 -0.0019
vn -0.8772 0.4802 0.0022
vn -0.8303 0.5573 0.0001
vn -0.8755 0.4833 0.0013
vn -0.4700 0.8825 -0.0178
vn -0.4731 0.8808 -0.0179
vn -0.8083 0.3214 -0.4933
vn -0.9941 -0.0099 0.1084
vn -0.9986 -0.0283 0.0455
vn -0.9993 -0.0186 0.0323
vn -0.9771 0.0510 0.2064
vn -0.9957 -0.0179 0.0912
vn -0.9382 -0.0555 0.3417
vn -0.9418 -0.0541 0.3319
vn -0.9421 0.0174 0.3348
vn -0.7923 0.2019 -0.5758
vn -0.9704 0.0680 0.2318
vn -0.9995 0.0194 0.0242
vn -0.9995 0.0202 0.0242
vn -0.4534 0.8911 -0.0186
vn -0.9097 0.4153 0.0007
vn -0.9154 0.4026 0.0042
vn -0.9103 0.4138 0.0001
vn -0.8346 0.5508 0.0025
vn -0.0000 0.8907 0.4547
vn -0.0764 0.9057 0.4169
vn -0.0747 0.8911 0.4475
vn 0.0909 -0.0000 0.9959
vn -0.0000 -0.0000 1.0000
vn -0.2978 0.3068 -0.9040
vn -0.3000 0.2993 -0.9058
vn -0.2898 0.2930 -0.9111
vn 0.1856 0.7780 -0.6003
vn 0.8821 0.2302 -0.4110
vn 0.8915 0.2117 -0.4005
vn 0.5605 0.5810 -0.5901
vn 0.1773 0.7865 -0.5916
vn -0.2367 0.3077 -0.9216
vn -0.2992 0.3139 -0.9011
vn -0.1442 0.1898 -0.9712
vn -0.2487 0.3124 -0.9168
vn -0.1353 0.1821 -0.9739
vn -0.0000 0.0356 -0.9994
vn -0.1475 0.1905 0.9705
vn -0.2047 0.1735 0.9633
vn -0.1508 0.1932 0.9695
vn -0.2046 0.1675 0.9644
vn -0.1395 0.1920 0.9714
vn 0.1124 0.9531 -0.2811
vn 0.0306 0.9437 -0.3294
vn 0.1063 0.9531 -0.2834
vn 0.2001 0.8083 0.5537
vn 0.0964 0.9890 0.1124
vn 0.2038 0.8050 0.5571
vn -0.0753 0.1189 0.9900
vn -0.0770 0.1179 0.9900
vn -0.1085 0.2025 0.9733
vn 0.1490 0.3284 0.9327
vn 0.1310 0.7255 0.6756
vn 0.0059 0.7267 0.6869
vn -0.0000 0.0747 0.9972
vn -0.0000 0.0721 0.9974
vn 0.0193 0.9451 -0.3261
vn -0.0000 0.9503 -0.3114
vn 0.1287 0.9714 -0.1998
vn 0.0712 0.4056 0.9113
vn -0.2839 0.8783 0.3846
vn -0.2706 0.8862 0.3759
vn -0.4806 0.8182 0.3157
vn -0.3470 0.8593 0.3757
vn -0.0626 0.9210 0.3844
vn -0.0000 0.9060 0.4233
vn -0.0000 0.9202 0.3915
vn -0.1715 0.9028 0.3944
vn -0.1893 0.8831 0.4292
vn -0.7636 0.4293 -0.4823
vn -0.8179 0.5095 -0.2675
vn -0.7228 0.5441 -0.4261
vn -0.7904 0.4118 -0.4535
vn -0.6804 0.4423 -0.5843
vn -0.6766 0.4496 -0.5832
vn -0.8059 0.5172 -0.2881
vn -0.6587 0.5962 -0.4591
vn -0.5695 0.4817 -0.6661
vn -0.6731 0.4638 -0.5760
vn -0.1388 0.1254 0.9823
vn -0.1353 0.1728 0.9756
vn -0.1705 0.0516 0.9840
vn -0.1175 0.0960 0.9884
vn -0.1563 0.0917 0.9834
vn -0.1565 0.1374 0.9781
vn -0.1759 0.1520 0.9726
vn -0.1724 0.1460 0.9742
vn 0.0445 0.1632 0.9856
vn -0.0534 0.1690 0.9842
vn -0.0991 0.1187 0.9880
vn -0.1049 0.1334 0.9855
vn -0.1076 0.3307 0.9376
vn -0.1230 0.1292 0.9840
vn 0.0227 0.0770 0.9968
vn 0.1030 0.1271 0.9865
vn -0.2533 0.1642 0.9534
vn -0.3113 0.2306 0.9219
vn -0.2670 0.1552 0.9511
vn -0.2775 0.1426 0.9501
vn -0.3596 0.1253 0.9246
vn -0.2798 0.1243 0.9520
vn -0.2249 0.0761 0.9714
vn -0.1735 0.0386 0.9841
vn -0.2130 0.1011 0.9718
vn -0.1958 0.1046 0.9750
vn -0.1843 0.1074 0.9770
vn -0.2027 0.1265 0.9710
vn -0.1966 0.1415 0.9702
vn -0.1963 0.1641 0.9667
vn -0.2112 0.1529 0.9654
vn -0.2247 0.1739 0.9588
vn -0.2092 0.2192 0.9530
vn -0.2826 0.1096 0.9529
vn -0.3810 -0.0308 0.9240
vn -0.2660 0.0963 0.9592
vn -0.2573 0.0723 0.9636
vn -0.3208 -0.3981 0.8594
vn -0.3209 -0.0868 0.9431
vn -0.1332 0.1284 0.9827
vn -0.1441 0.1182 0.9825
vn -0.1518 0.1036 0.9830
vn -0.1143 0.0923 0.9891
vn -0.1564 0.0902 0.9836
vn -0.1485 0.0769 0.9859
vn -0.1376 0.0676 0.9882
vn -0.1415 0.0619 0.9880
vn -0.0965 0.0564 0.9937
vn -0.0758 0.0699 0.9947
vn -0.0755 0.0792 0.9940
vn -0.1278 0.0467 0.9907
vn -0.1097 0.0564 0.9924
vn -0.1447 0.0559 0.9879
vn -0.1560 0.0653 0.9856
vn -0.1844 0.0941 0.9783
vn -0.1200 0.0751 0.9899
vn -0.0926 0.0966 0.9910
vn -0.1185 0.1320 0.9841
vn -0.1199 0.1346 0.9836
vn -0.1998 0.3514 0.9146
vn -0.0749 0.9913 0.1080
vn -0.5298 0.0956 0.8427
vn -0.5817 -0.0670 0.8107
vn -0.3394 0.1708 0.9250
vn -0.1824 0.1469 0.9722
vn -0.1343 0.1422 0.9807
vn -0.0753 0.2710 0.9596
vn -0.2039 -0.0018 0.9790
vn -0.1312 0.0777 0.9883
vn -0.1047 0.0574 0.9928
vn -0.1433 0.0430 0.9887
vn -0.4045 0.0500 0.9132
vn -0.8843 -0.0313 0.4658
vn -0.7119 -0.1012 0.6949
vn -0.9870 -0.1603 0.0078
vn -0.9813 -0.1926 0.0049
vn -0.9811 -0.1936 -0.0008
vn -0.9378 -0.3471 -0.0047
vn -0.8951 -0.1818 0.4072
vn -0.9875 -0.1493 0.0506
vn -0.8218 0.5697 0.0018
vn -0.9844 -0.1756 0.0061
vn -0.0224 -0.1199 0.9925
vn -0.0000 -0.1975 0.9803
vn -0.0000 -0.1199 0.9928
vn -0.0223 -0.1994 0.9797
vn 0.0042 -0.9975 -0.0709
vn -0.0000 -0.9963 -0.0856
vn -0.0000 -0.9962 -0.0873
vn -0.5899 0.4534 -0.6682
vn -0.6844 0.4156 -0.5991
vn -0.2825 0.9381 -0.2003
vn -0.4967 0.8166 -0.2941
vn -0.5684 0.7600 -0.3152
vn -0.3104 0.9014 -0.3019
vn 0.0080 -1.0000 -0.0017
vn 0.0061 -0.9999 -0.0096
vn 0.0006 -1.0000 -0.0003
vn -0.2317 0.1691 0.9580
vn -0.2388 0.0845 0.9674
vn -0.1418 0.0734 0.9872
vn -0.1229 0.1020 0.9872
vn -0.0678 0.0710 0.9952
vn -0.5421 -0.1562 0.8257
vn -0.6001 0.0278 0.7994
vn -0.5407 -0.1586 0.8261
vn -0.2461 -0.3877 0.8883
vn -0.4141 -0.3048 0.8577
vn -0.2423 -0.3888 0.8889
vn -0.4881 0.3974 0.7771
vn -0.5813 0.2245 0.7821
vn -0.5813 0.2243 0.7821
vn -0.0438 -0.3542 0.9342
vn 0.1200 -0.2548 0.9595
vn 0.1217 -0.2532 0.9597
vn 0.2854 0.0955 0.9536
vn 0.2376 -0.0957 0.9666
vn 0.2855 0.0964 0.9535
vn -0.5203 0.4568 0.7215
vn -0.3660 0.5584 0.7445
vn -0.5218 0.4553 0.7214
vn -0.6292 0.3032 0.7157
vn -0.6747 0.1219 0.7280
vn -0.6747 0.1211 0.7281
vn -0.6503 -0.0634 0.7570
vn -0.5608 -0.2216 0.7977
vn -0.5588 -0.2240 0.7985
vn -0.4123 -0.3365 0.8466
vn -0.2355 -0.3827 0.8934
vn -0.2317 -0.3829 0.8943
vn 0.1568 0.4498 0.8793
vn 0.2558 0.2895 0.9223
vn 0.1545 0.4522 0.8784
vn -0.1796 0.5955 0.7830
vn -0.0004 0.5591 0.8291
vn -0.1834 0.5955 0.7821
vn 0.2665 -0.2172 0.9390
vn 0.1255 -0.3385 0.9326
vn 0.2675 -0.2159 0.9390
vn 0.3540 -0.0506 0.9339
vn 0.3735 0.1345 0.9178
vn 0.3734 0.1358 0.9177
vn 0.3216 0.3155 0.8928
vn 0.2078 0.4602 0.8632
vn 0.2052 0.4625 0.8626
vn -0.3359 0.5206 0.7849
vn -0.4869 0.3987 0.7771
vn 0.0438 0.5529 0.8321
vn 0.0400 0.5541 0.8315
vn -0.0470 -0.3553 0.9336
vn 0.2379 -0.0950 0.9666
vn 0.2566 0.2874 0.9228
vn 0.0031 0.5576 0.8301
vn -0.3630 0.5596 0.7450
vn -0.6295 0.3025 0.7157
vn -0.6510 -0.0615 0.7566
vn -0.4157 -0.3348 0.8456
vn 0.1230 -0.3399 0.9324
vn -0.0529 -0.3997 0.9151
vn 0.3541 -0.0505 0.9339
vn 0.3227 0.3132 0.8931
vn -0.1462 0.5755 0.8046
vn -0.1500 0.5752 0.8041
vn -0.3332 0.5220 0.7851
vn -0.6003 0.0292 0.7993
vn -0.4171 -0.3026 0.8570
vn -0.0565 -0.4002 0.9147
vn 0.4455 0.7820 -0.4359
vn 0.7609 0.5210 0.3869
vn 0.4453 0.8683 -0.2187
vn 0.5667 -0.8013 -0.1917
vn -0.4877 -0.8580 0.1610
vn -0.4880 -0.8579 0.1611
vn -0.6645 0.7460 0.0437
vn -0.9726 0.0088 -0.2322
vn -0.9977 0.0084 0.0665
vn -0.6174 0.4887 -0.6164
vn -0.6308 0.7452 -0.2165
vn 0.2026 -0.8861 0.4169
vn -0.6334 -0.7415 -0.2215
vn -0.1796 -0.9777 -0.1091
vn 0.4462 0.8949 0.0011
vn -0.7722 -0.0001 -0.6354
vn -0.3346 0.5899 -0.7348
vn -0.1866 0.0849 -0.9788
vn -0.3903 0.8449 0.3657
vn -0.6529 0.7430 -0.1475
vn -0.2056 0.9711 -0.1209
vn -0.5854 -0.4920 -0.6444
vn -0.3705 -0.6691 -0.6442
vn -0.6722 -0.7390 0.0442
vn -0.9304 -0.1940 0.3109
vn -0.9306 -0.1931 0.3110
vn -0.1236 -0.9366 0.3278
vn -0.2706 -0.9600 -0.0722
vn 0.1633 -0.9828 0.0867
vn -0.8693 0.4831 0.1044
vn -0.9345 0.3560 -0.0013
vn -0.9310 0.2456 0.2700
vn -0.5752 -0.6386 -0.5112
vn -0.2457 -0.9644 -0.0974
vn -0.6683 0.6151 -0.4184
vn -0.2310 0.6584 -0.7164
vn -0.9629 0.1295 -0.2367
vn 0.3172 -0.0035 0.9483
vn 0.3179 -0.0048 0.9481
vn 0.3181 -0.0048 0.9481
vn 0.3173 -0.0017 0.9483
vn 0.3171 -0.0035 0.9484
vn 0.3169 -0.0019 0.9485
vn 0.3169 -0.0023 0.9485
vn 0.3174 -0.0017 0.9483
vn 0.3172 0.0001 0.9484
vn 0.3168 -0.0022 0.9485
vn 0.3173 0.0002 0.9483
vn 0.3167 -0.0028 0.9485
vn 0.3166 -0.0000 0.9486
vn 0.3182 -0.0043 0.9480
vn 0.3175 -0.0003 0.9483
vn 0.3198 -0.0069 0.9475
vn -0.6352 0.7419 0.2145
vn -0.6345 0.7426 0.2143
vn 0.9483 -0.0094 -0.3174
vn 0.5668 -0.8013 -0.1917
vn 0.9483 -0.0086 -0.3174
vn 0.5750 0.7957 -0.1905
vn 0.5746 0.7960 -0.1903
vn 0.9361 -0.3137 -0.1592
vn 0.9053 -0.2856 -0.3144
vn 0.9071 -0.2750 -0.3186
vn -0.5479 0.1789 0.8172
vn -0.6854 0.3283 0.6500
vn -0.7159 0.2259 0.6606
vn -0.9267 0.2993 -0.2273
vn -0.6954 0.3259 -0.6404
vn -0.7402 0.2071 -0.6397
vn -0.5745 0.1537 -0.8039
vn -0.2721 -0.9522 -0.1388
vn -0.4373 -0.8711 -0.2235
vn -0.4693 -0.8542 -0.2236
vn 0.2342 0.9555 -0.1792
vn 0.1097 0.9596 -0.2590
vn 0.2526 0.9547 -0.1576
vn 0.1058 0.9693 0.2220
vn 0.2375 0.9615 0.1383
vn 0.2536 0.9603 0.1158
vn 0.2791 0.9601 -0.0189
vn 0.2839 0.9587 -0.0189
vn -0.4152 -0.8752 0.2481
vn -0.2660 -0.9496 0.1656
vn -0.4414 -0.8619 0.2496
vn -0.2792 -0.9601 0.0189
vn -0.2840 -0.9586 0.0189
vn -0.9223 0.3078 0.2339
vn -0.9560 0.2935 -0.0022
vn -0.8751 0.4326 -0.2168
vn 0.9075 -0.2738 0.3186
vn 0.9372 -0.3077 0.1643
vn 0.9094 -0.2630 0.3224
vn 0.9560 -0.2932 0.0022
vn 0.9390 -0.3125 -0.1436
vn 0.9381 -0.3124 -0.1498
vn 0.9588 -0.2839 0.0020
vn 0.9050 -0.2727 0.3266
vn 0.9391 -0.3067 0.1549
vn -0.9618 0.1620 -0.2208
vn -0.9879 0.1551 0.0005
vn -0.7399 0.1331 0.6595
vn -0.9581 0.1701 0.2306
vn -0.7606 0.0931 -0.6425
vn -0.6175 0.1676 -0.7685
vn -0.5934 0.1912 0.7819
vn 0.9027 -0.2849 -0.3224
vn 0.9400 -0.3071 0.1487
vn -0.8715 0.4397 0.2173
vn -0.2387 0.1254 0.9630
vn -0.2387 0.1255 0.9630
vn -0.2387 0.1254 0.9629
vn -0.2387 0.1255 0.9629
vn -0.1157 0.0956 0.9887
vn -0.1157 0.0955 0.9887
vn -0.9469 0.3210 -0.0171
vn -0.9928 0.0183 0.1188
vn 0.5028 0.8587 0.0991
vn -0.0412 0.9257 0.3760
vn -0.4566 0.8379 0.2991
vn -0.0614 0.9906 0.1221
vn -0.0000 0.9907 0.1362
vn -0.3439 0.8507 -0.3976
vn -0.8567 -0.0127 -0.5157
vn -0.8200 -0.2568 -0.5115
vn -0.8151 -0.2727 -0.5112
vn -0.8163 -0.3035 -0.4914
vn -0.7916 0.3132 -0.5247
vn -0.8274 0.4877 0.2785
vn -0.9911 -0.1256 -0.0451
vn -0.8203 0.5720 -0.0000
vn -0.6850 0.7165 0.1320
vn -0.7514 0.1685 -0.6379
vn -0.0000 -0.0249 0.9997
vn -0.0000 -0.0994 0.9950
vn 0.0015 -1.0000 0.0010
vn 0.0012 -1.0000 0.0012
vn 0.0008 -1.0000 0.0014
vn 0.0005 -1.0000 0.0015
vn 0.0002 -1.0000 0.0013
vn 0.0001 -1.0000 0.0012
vn -0.0000 -0.9998 0.0210
vn -0.0000 -1.0000 0.0012
vn -0.0541 -0.9984 -0.0145
vn -0.1093 -0.9940 -0.0050
vn 0.0018 -1.0000 0.0020
vn 0.0059 -1.0000 0.0025
vn -0.0001 -0.9993 0.0377
vn -0.0000 -0.9954 0.0963
vn -0.0030 -0.9951 0.0987
vn -0.0093 -0.9946 0.1029
vn -0.0225 -0.9948 0.0995
vn -0.0203 -0.9943 0.1044
vn 0.0155 -0.9907 0.1350
vn -0.0000 -0.9902 0.1400
vn 0.0051 -0.9901 0.1402
vn -0.9989 0.0359 -0.0314
vn -0.7957 0.3653 -0.4832
vn -0.9419 -0.0537 0.3316
vn -0.9258 0.3781 -0.0030
vn 0.5730 0.5709 -0.5880
vn -0.0000 0.0281 -0.9996
vn 0.0712 0.9576 0.2793
vn -0.0000 0.9505 -0.3108
vn -0.2411 0.9701 0.0261
vn -0.1507 0.8737 0.4626
vn -0.1831 0.9412 0.2839
vn 0.0764 0.9057 0.4169
vn 0.0747 0.8911 0.4475
vn -0.6867 0.4303 -0.5859
vn -0.0075 0.1505 0.9886
vn -0.1841 -0.3257 0.9274
vn 0.0045 -0.9976 -0.0691
vn 0.0013 -1.0000 -0.0011
vn -0.0000 -0.9593 -0.2824
vn 0.0089 -0.9592 -0.2826
vn 0.0247 -0.9867 -0.1609
vn 0.0147 -0.9984 -0.0545
vn 0.0069 -1.0000 -0.0025
vn -0.0000 -0.9999 -0.0154
vn 0.3159 -0.0005 0.9488
vn -0.5944 0.1915 0.7810
vn -0.6164 0.1674 -0.7695
vn -0.2509 -0.9613 -0.1138
vn 0.0843 0.9626 -0.2576
vn 0.0815 0.9716 0.2220
vn -0.2504 -0.9576 0.1423
vn -0.9130 0.4078 -0.0045
vn 0.5366 0.8150 -0.2186
vn 0.2971 0.9286 -0.2222
vn 0.2849 0.9511 -0.1192
vn 0.6710 0.6731 -0.3110
vn 0.5680 0.7598 -0.3164
vn 0.4897 0.8256 -0.2803
vn 0.2875 0.9496 -0.1250
vn 0.2943 0.9505 -0.0998
vn 0.4870 0.8719 -0.0504
vn 0.2900 0.9528 -0.0900
vn 0.3119 0.9091 -0.2760
vn 0.4581 0.8812 -0.1166
vn 0.9033 0.4251 0.0575
vn 0.8912 0.3547 -0.2828
vn 0.8201 0.4853 -0.3032
vn 0.9453 0.3252 0.0249
vn 0.9951 -0.0776 0.0604
vn 0.9807 0.0261 0.1936
vn 0.9213 0.3643 -0.1362
vn 0.6364 0.7592 -0.1367
vn 0.9820 -0.1763 0.0671
vn 0.9570 -0.0585 0.2841
vn 0.9836 -0.1800 0.0071
vn 0.9966 -0.0816 0.0072
vn 0.9979 -0.0640 0.0043
vn 0.9526 0.3043 -0.0014
vn 0.9459 0.3245 -0.0010
vn 0.8214 0.5691 -0.0386
vn 0.6622 0.7492 -0.0160
vn 0.8185 0.5744 -0.0062
vn 0.9814 -0.1918 0.0039
vn 0.9865 -0.1639 -0.0000
vn 0.9992 -0.0384 0.0091
vn 0.9902 -0.1394 0.0021
vn 0.6459 0.7633 -0.0136
vn 0.6357 0.7718 -0.0142
vn 0.9811 -0.1933 -0.0000
vn 0.9446 0.3283 -0.0005
vn 0.9988 -0.0424 -0.0252
vn 0.9443 0.1683 -0.2829
vn 0.9827 -0.1764 -0.0558
vn 0.7153 0.6983 -0.0258
vn 0.6639 0.7477 -0.0132
vn 0.8596 0.5099 -0.0330
vn 0.9899 -0.1409 -0.0147
vn 0.9637 -0.2664 -0.0199
vn 0.9416 0.3354 -0.0293
vn 0.9970 0.0485 -0.0597
vn 0.7038 0.7104 0.0062
vn 0.9706 0.2280 -0.0770
vn 0.9404 0.3221 0.1093
vn 0.9462 0.2865 0.1503
vn 0.9851 0.0215 0.1704
vn 0.9810 -0.1231 0.1498
vn 0.9747 -0.1551 0.1612
vn 0.9384 -0.3038 0.1644
vn 0.7254 0.6865 0.0490
vn 0.7501 0.6568 0.0772
vn 0.8210 0.5622 0.0992
vn 0.7737 0.6327 0.0311
vn 0.7053 0.7086 0.0206
vn 0.9536 -0.1416 0.2656
vn 0.9124 -0.3134 0.2633
vn 0.7866 0.6130 0.0746
vn 0.9463 0.3213 0.0365
vn 0.7999 0.6002 -0.0029
vn 0.5781 0.6112 0.5406
vn 0.8805 -0.0692 0.4690
vn 0.9212 -0.0637 0.3838
vn 0.6824 0.4658 0.5634
vn 0.8710 0.1550 0.4662
vn 0.9843 -0.1680 0.0534
vn 0.9836 -0.1802 0.0114
vn 0.8103 0.5845 -0.0413
vn 0.9533 0.3019 0.0028
vn 0.9967 -0.0814 0.0063
vn 0.5525 0.7639 -0.3334
vn 0.7050 0.6848 -0.1845
vn 0.6018 0.7829 -0.1577
vn 0.3049 0.8372 -0.4539
vn 0.4170 0.8741 -0.2491
vn 0.7459 0.6654 -0.0298
vn 0.4817 0.8716 -0.0915
vn 0.2628 0.9513 -0.1609
vn 0.1035 0.9762 -0.1905
vn 0.1253 0.9759 -0.1789
vn 0.0091 0.9871 -0.1597
vn 0.1036 0.9767 -0.1879
vn 0.0601 0.9780 -0.1999
vn 0.0592 0.9860 -0.1556
vn 0.0962 0.9852 -0.1415
vn 0.2249 0.9732 -0.0484
vn 0.0553 0.9966 -0.0613
vn 0.0925 0.9944 -0.0506
vn 0.7087 0.7055 -0.0052
vn 0.4330 0.9010 -0.0264
vn -0.1354 0.9745 -0.1787
vn -0.4519 0.8874 -0.0909
vn 0.1131 0.9929 -0.0371
vn 0.0846 0.9964 -0.0037
vn 0.0499 0.9987 -0.0043
vn 0.6224 0.7826 -0.0073
vn 0.4139 0.9103 0.0033
vn 0.6163 0.7875 -0.0005
vn -0.4642 0.8828 -0.0718
vn -0.4798 0.8771 -0.0224
vn 0.2033 0.9791 -0.0021
vn 0.0465 0.9988 0.0169
vn 0.6123 0.7906 -0.0012
vn 0.3569 0.9339 0.0234
vn -0.4806 0.8767 -0.0198
vn -0.4873 0.8732 0.0027
vn 0.1352 0.9905 0.0238
vn 0.1026 0.9947 -0.0000
vn 0.0816 0.9965 0.0175
vn 0.6183 0.7776 0.1144
vn 0.3240 0.9366 0.1336
vn 0.2766 0.9368 0.2145
vn 0.0456 0.9964 0.0710
vn -0.1969 0.9753 0.1004
vn 0.1497 0.9765 0.1553
vn 0.1168 0.9805 0.1578
vn 0.1825 0.9742 0.1330
vn 0.2064 0.9519 0.2262
vn 0.0886 0.9930 0.0775
vn 0.1059 0.9845 0.1396
vn 0.0510 0.9912 0.1223
vn 0.1057 0.9941 0.0231
vn -0.4895 0.8719 0.0100
vn 0.5894 0.8069 0.0399
vn 0.3769 0.9259 0.0238
vn 0.3628 0.9313 -0.0310
vn 0.3125 0.9499 -0.0107
vn 0.8236 0.5587 0.0979
vn 0.5462 0.8332 0.0857
vn 0.8023 0.5861 0.1127
vn 0.7834 0.6025 0.1524
vn 0.7292 0.6555 0.1962
vn 0.6271 0.7608 0.1673
vn 0.2388 0.9708 -0.0221
vn 0.4395 0.8978 0.0286
vn 0.2156 0.9747 0.0586
vn 0.3110 0.9493 0.0459
vn 0.1038 0.9898 0.0980
vn 0.1762 0.9798 0.0946
vn 0.2398 0.3462 0.9070
vn 0.2738 0.9613 0.0317
vn 0.0771 0.9969 -0.0184
vn 0.0691 0.9955 -0.0651
vn 0.0628 0.9976 0.0302
vn 0.0610 0.9980 0.0180
vn 0.0215 0.9996 0.0207
vn 0.0693 0.9976 0.0043
vn 0.0226 0.9995 0.0198
vn 0.0220 0.9993 0.0291
vn 0.0262 0.9965 0.0798
vn 0.0725 0.9947 0.0725
vn 0.0882 0.9956 0.0330
vn 0.3083 0.4725 0.8256
vn 0.1796 0.4996 0.8474
vn 0.1678 0.3397 0.9254
vn 0.1575 0.5106 0.8453
vn 0.0933 0.5041 0.8586
vn 0.0425 0.4825 0.8748
vn 0.0337 0.3550 0.9342
vn 0.0686 0.2023 0.9769
vn 0.0749 0.1231 0.9896
vn 0.0297 0.1212 0.9922
vn 0.0675 0.1398 0.9879
vn 0.0924 0.0096 0.9957
vn 0.0987 -0.1054 0.9895
vn 0.0953 -0.0463 0.9944
vn 0.0522 0.0255 0.9983
vn 0.0175 0.9206 0.3902
vn 0.0163 0.9205 0.3904
vn 0.0397 0.9249 0.3782
vn 0.0498 0.0741 0.9960
vn 0.0580 -0.0543 0.9968
vn 0.0960 -0.1199 0.9881
vn 0.0686 -0.4358 0.8974
vn 0.0869 -0.4356 0.8959
vn 0.0622 -0.5563 0.8287
vn 0.0323 0.5090 0.8601
vn 0.0294 0.7835 0.6207
vn 0.0587 0.7825 0.6199
vn 0.0657 -0.7186 0.6923
vn 0.0329 -0.7198 0.6934
vn 0.0336 -0.7198 0.6934
vn 0.0801 -0.5534 0.8291
vn 0.3326 -0.5402 0.7731
vn 0.3038 -0.4169 0.8567
vn 0.0447 0.9255 0.3761
vn 0.1151 0.9203 0.3740
vn 0.1483 0.9109 0.3852
vn 0.0601 0.7824 0.6199
vn 0.1947 0.7688 0.6091
vn 0.0986 0.0748 0.9923
vn 0.3165 -0.1121 0.9420
vn 0.0670 -0.7185 0.6922
vn 0.3185 -0.6966 0.6429
vn 0.2462 -0.6980 0.6724
vn 0.7379 -0.4063 0.5390
vn 0.7672 0.0597 0.6386
vn 0.3304 0.0696 0.9413
vn 0.2527 0.7771 0.5764
vn 0.4759 0.8063 0.3511
vn 0.7770 -0.1025 0.6211
vn 0.5993 -0.6644 0.4466
vn 0.2666 0.8569 0.4412
vn 0.6570 -0.6381 0.4014
vn 0.8581 -0.4748 0.1953
vn 0.8260 -0.5225 0.2115
vn 0.7454 0.6639 0.0605
vn 0.7231 0.6788 0.1279
vn 0.7326 0.6804 -0.0186
vn 0.9515 -0.2875 0.1090
vn 0.9314 -0.3514 0.0945
vn 0.5108 0.7386 0.4400
vn 0.4245 0.7847 0.4516
vn 0.1655 0.1556 0.9739
vn 0.2128 0.1933 0.9578
vn 0.1324 0.0363 0.9905
vn 0.1346 0.0480 0.9897
vn 0.1180 0.0437 0.9921
vn 0.2130 0.3842 0.8983
vn 0.5723 -0.0704 0.8170
vn 0.5667 -0.0805 0.8200
vn 0.3126 0.1341 0.9404
vn 0.2777 0.3541 0.8930
vn 0.4624 0.1939 0.8652
vn 0.6498 0.0695 0.7569
vn 0.7083 -0.0752 0.7019
vn 0.1077 0.9916 0.0718
vn 0.0468 0.9917 0.1201
vn 0.0250 0.9918 0.1250
vn 0.7041 -0.4776 0.5255
vn 0.8897 -0.3236 0.3219
vn 0.9990 0.0012 0.0443
vn 0.7294 0.6110 -0.3076
vn 0.6761 0.6836 -0.2748
vn 0.9921 0.0318 -0.1213
vn 0.9465 0.2135 -0.2418
vn 0.8819 0.3894 -0.2658
vn 0.7056 0.6599 -0.2583
vn 0.8873 0.3651 -0.2818
vn 0.8048 0.3844 -0.4522
vn 0.4869 0.7890 -0.3748
vn 0.7484 0.4046 -0.5255
vn 0.8604 -0.0285 -0.5088
vn 0.9722 0.0323 -0.2317
vn 0.9901 -0.0819 -0.1139
vn 0.9737 -0.0710 -0.2164
vn 0.9369 0.0148 -0.3492
vn 0.5857 -0.7321 -0.3478
vn 0.5915 -0.7278 -0.3470
vn 0.5818 -0.7341 -0.3502
vn 0.8153 -0.5100 -0.2743
vn 0.8098 -0.5085 -0.2928
vn 0.6714 -0.6868 -0.2786
vn 0.9806 -0.1614 -0.1117
vn 0.9510 -0.1805 -0.2510
vn 0.6417 -0.7089 -0.2927
vn 0.8036 -0.2786 -0.5259
vn 0.7843 -0.2671 -0.5599
vn 0.7243 -0.3132 -0.6142
vn 0.9703 -0.0159 -0.2412
vn 0.9143 0.0245 -0.4043
vn 0.9918 -0.0463 -0.1191
vn 0.8678 -0.2316 -0.4395
vn 0.8606 0.0337 -0.5082
vn 0.9198 -0.1681 -0.3546
vn 0.7347 0.3472 -0.5828
vn 0.7597 0.3173 -0.5676
vn 0.7751 0.3149 -0.5477
vn 0.7766 -0.3330 -0.5347
vn 0.7775 -0.3368 -0.5311
vn 0.7403 -0.3692 -0.5618
vn 0.8809 -0.0141 -0.4730
vn 0.9812 -0.0364 -0.1896
vn 0.9369 -0.0334 -0.3479
vn 0.9961 -0.0320 -0.0827
vn 0.8482 -0.2694 -0.4561
vn 0.9105 -0.2274 -0.3454
vn 0.9606 -0.1897 -0.2032
vn 0.9855 -0.1470 -0.0843
vn 0.7328 0.6804 -0.0107
vn 0.9080 0.3759 -0.1851
vn 0.8739 0.4111 -0.2592
vn 0.7838 0.5465 0.2951
vn 0.8399 0.4947 -0.2234
vn 0.7850 0.6014 0.1486
vn 0.9887 -0.1271 0.0795
vn 0.9426 -0.3142 0.1126
vn 0.9645 0.1145 0.2379
vn 0.9025 0.4223 -0.0845
vn 0.9970 -0.0774 -0.0024
vn 0.9869 -0.1597 0.0233
vn 0.9975 -0.0563 -0.0428
vn 0.9986 -0.0357 -0.0402
vn 0.9050 0.0944 0.4148
vn 0.9959 -0.0901 0.0051
vn 0.9965 -0.0832 0.0113
vn 0.9926 -0.1173 0.0305
vn 0.9945 -0.1046 -0.0049
vn 0.8288 0.5594 -0.0097
vn 0.9268 0.3731 -0.0427
vn 0.9547 0.2975 -0.0003
vn 0.9715 -0.2260 -0.0711
vn 0.9528 -0.3037 -0.0006
vn 0.3921 0.9083 -0.1459
vn 0.9212 0.3185 -0.2234
vn 0.9294 0.3651 0.0546
vn 0.8202 0.5720 0.0078
vn 0.8225 0.5687 0.0098
vn 0.8909 0.4542 -0.0000
vn 0.9864 -0.1460 -0.0749
vn 0.9739 -0.2142 0.0748
vn 0.9869 -0.0915 0.1332
vn 0.7353 -0.6778 -0.0006
vn 0.8310 -0.5498 0.0847
vn 0.8321 -0.5508 -0.0651
vn 0.9918 0.0959 -0.0848
vn 0.9959 0.0900 -0.0063
vn 1.0000 -0.0000 0.0018
vn 0.9581 -0.2700 0.0956
vn 0.9997 -0.0092 0.0243
vn 0.9840 -0.1767 0.0221
vn 0.9938 -0.1104 -0.0101
vn 0.9406 -0.3377 0.0356
vn 0.8025 0.4076 -0.4359
vn 0.7466 0.2364 -0.6219
vn 1.0000 0.0013 0.0034
vn 0.7770 0.0732 -0.6252
vn 0.7719 0.0851 -0.6301
vn 0.7771 0.0655 -0.6260
vn 0.9250 -0.3783 0.0348
vn 0.9223 0.2982 -0.2458
vn 0.3375 0.9315 0.1353
vn 0.8471 0.4765 0.2353
vn 0.8895 0.3468 0.2974
vn 0.8907 -0.1487 0.4295
vn 0.7448 -0.0111 0.6672
vn 0.9861 -0.0708 0.1501
vn -0.2114 -0.9761 0.0509
vn 0.0016 -0.0284 0.9996
vn -0.2266 -0.1824 0.9568
vn -0.2047 -0.8612 0.4653
vn -0.2904 -0.3465 -0.8919
vn -0.2662 -0.6423 -0.7188
vn -0.2377 -0.0116 0.9713
vn -0.2099 -0.0151 0.9776
vn -0.3370 -0.1106 -0.9350
vn -0.2882 -0.1471 -0.9462
vn -0.2068 -0.5993 0.7734
vn 0.0007 -0.0158 0.9999
vn -0.0054 -0.0204 0.9998
vn -0.2059 -0.3971 0.8944
vn -0.2345 -0.8895 -0.3923
vn -0.2512 -0.1391 -0.9579
vn -0.3013 -0.1459 -0.9423
vn -0.2749 -0.3358 -0.9009
vn -0.2534 -0.6330 -0.7315
vn -0.2123 -0.0225 0.9769
vn -0.2015 -0.5948 0.7782
vn -0.2421 0.0083 0.9702
vn -0.2203 -0.0276 0.9750
vn -0.2132 -0.3910 0.8954
vn -0.2324 -0.8803 -0.4137
vn -0.2029 -0.9783 0.0410
vn -0.1951 -0.8625 0.4669
vn -0.2197 -0.1749 0.9598
vn -0.3580 -0.3038 -0.8829
vn -0.3445 -0.5933 -0.7276
vn -0.4244 -0.1029 -0.8996
vn -0.4015 -0.0970 -0.9107
vn -0.3054 -0.8867 0.3472
vn -0.3439 -0.6927 0.6340
vn -0.4227 -0.0975 0.9010
vn -0.2964 -0.9550 0.0034
vn -0.3145 -0.8616 -0.3984
vn -0.3930 -0.3715 0.8411
vn -0.3611 -0.5626 -0.7437
vn -0.3110 -0.8481 -0.4290
vn -0.3856 -0.3446 0.8559
vn -0.2748 -0.9615 0.0037
vn -0.3963 -0.2488 -0.8838
vn -0.2528 -0.3082 -0.9171
vn -0.3762 -0.1878 -0.9073
vn -0.4473 0.0079 0.8944
vn -0.4201 -0.0859 0.9034
vn -0.2888 -0.8848 0.3657
vn -0.3366 -0.6680 0.6637
vn -0.2261 -0.0243 0.9738
vn -0.3638 -0.0203 0.9313
vn 0.0015 -0.9999 -0.0117
vn -0.0035 -1.0000 -0.0005
vn -0.0071 -1.0000 0.0016
vn -0.0003 -0.9999 0.0147
vn -0.0008 -0.9999 0.0114
vn 0.0038 -0.9941 0.1082
vn -0.0040 -0.9927 0.1208
vn -0.0093 -0.9923 0.1237
vn 0.8413 -0.0530 -0.5379
vn 0.8359 -0.1219 -0.5351
vn 0.8401 -0.0730 -0.5375
vn 0.9991 0.0285 -0.0310
vn 0.9991 0.0282 -0.0310
vn 0.9989 0.0357 -0.0314
vn 0.5813 0.6144 0.5335
vn 0.6086 0.5602 0.5620
vn 0.5309 0.4865 0.6939
vn 0.8508 -0.1141 -0.5130
vn 0.8505 -0.1146 -0.5134
vn 0.5403 0.8413 -0.0177
vn 0.5375 0.8430 -0.0179
vn 0.9082 0.4185 -0.0050
vn 0.8911 0.4537 -0.0041
vn 0.9102 0.4143 -0.0019
vn 0.8303 0.5573 0.0001
vn 0.8772 0.4802 0.0022
vn 0.8755 0.4833 0.0013
vn 0.4731 0.8808 -0.0179
vn 0.4700 0.8825 -0.0178
vn 0.8083 0.3214 -0.4933
vn 0.9941 -0.0099 0.1084
vn 0.9993 -0.0186 0.0323
vn 0.9986 -0.0283 0.0455
vn 0.9957 -0.0179 0.0912
vn 0.9771 0.0510 0.2064
vn 0.9382 -0.0555 0.3417
vn 0.9421 0.0174 0.3348
vn 0.9418 -0.0541 0.3319
vn 0.7923 0.2019 -0.5758
vn 0.9704 0.0680 0.2318
vn 0.9995 0.0202 0.0242
vn 0.9995 0.0194 0.0242
vn 0.4534 0.8911 -0.0186
vn 0.9097 0.4153 0.0007
vn 0.9154 0.4026 0.0042
vn 0.9103 0.4138 0.0001
vn 0.8346 0.5508 0.0025
vn -0.0909 -0.0000 0.9959
vn 0.2978 0.3068 -0.9040
vn 0.2898 0.2930 -0.9111
vn 0.3000 0.2993 -0.9058
vn -0.5605 0.5810 -0.5901
vn -0.1692 0.7922 -0.5864
vn -0.1758 0.7900 -0.5874
vn 0.2367 0.3077 -0.9216
vn 0.2992 0.3139 -0.9011
vn 0.2487 0.3124 -0.9168
vn 0.1442 0.1898 -0.9712
vn 0.1353 0.1821 -0.9739
vn -0.8629 0.5053 -0.0106
vn -0.8283 0.5602 -0.0129
vn -0.8253 0.5643 -0.0208
vn 0.1475 0.1905 0.9705
vn 0.1508 0.1932 0.9695
vn 0.2047 0.1735 0.9633
vn 0.2046 0.1675 0.9644
vn 0.1395 0.1920 0.9714
vn -0.1124 0.9531 -0.2811
vn -0.1063 0.9531 -0.2834
vn -0.0306 0.9437 -0.3294
vn -0.2001 0.8083 0.5537
vn -0.2038 0.8050 0.5571
vn -0.0964 0.9890 0.1124
vn 0.0770 0.1179 0.9900
vn 0.0753 0.1189 0.9900
vn 0.1085 0.2025 0.9733
vn -0.1490 0.3284 0.9327
vn -0.0059 0.7267 0.6869
vn -0.1310 0.7255 0.6756
vn -0.0193 0.9451 -0.3261
vn -0.1287 0.9714 -0.1998
vn -0.0712 0.4056 0.9113
vn 0.2839 0.8783 0.3846
vn 0.2706 0.8862 0.3759
vn 0.4806 0.8182 0.3157
vn 0.3470 0.8593 0.3757
vn 0.0626 0.9210 0.3844
vn 0.1715 0.9028 0.3944
vn 0.1893 0.8831 0.4292
vn 0.7636 0.4293 -0.4823
vn 0.7228 0.5441 -0.4261
vn 0.8179 0.5095 -0.2675
vn 0.6804 0.4423 -0.5843
vn 0.7904 0.4118 -0.4535
vn 0.6766 0.4496 -0.5832
vn 0.8059 0.5172 -0.2881
vn 0.6587 0.5962 -0.4591
vn 0.6731 0.4638 -0.5760
vn 0.5695 0.4817 -0.6661
vn 0.1388 0.1254 0.9823
vn 0.1353 0.1728 0.9756
vn 0.1705 0.0516 0.9840
vn 0.1563 0.0917 0.9834
vn 0.1175 0.0960 0.9884
vn 0.1565 0.1374 0.9781
vn 0.1724 0.1460 0.9742
vn 0.1759 0.1520 0.9726
vn -0.0445 0.1632 0.9856
vn 0.0991 0.1187 0.9880
vn 0.0534 0.1690 0.9842
vn 0.1049 0.1334 0.9855
vn 0.1230 0.1292 0.9840
vn 0.1076 0.3307 0.9376
vn -0.0227 0.0770 0.9968
vn -0.1030 0.1271 0.9865
vn 0.2533 0.1642 0.9534
vn 0.2670 0.1552 0.9511
vn 0.3113 0.2306 0.9219
vn 0.2775 0.1426 0.9501
vn 0.2798 0.1243 0.9520
vn 0.3596 0.1253 0.9246
vn 0.2249 0.0761 0.9714
vn 0.2130 0.1011 0.9718
vn 0.1735 0.0386 0.9841
vn 0.1958 0.1046 0.9750
vn 0.2027 0.1265 0.9710
vn 0.1843 0.1074 0.9770
vn 0.1966 0.1415 0.9702
vn 0.2112 0.1529 0.9654
vn 0.1963 0.1641 0.9667
vn 0.2247 0.1739 0.9588
vn 0.2092 0.2192 0.9530
vn 0.2826 0.1096 0.9529
vn 0.2660 0.0963 0.9592
vn 0.3810 -0.0308 0.9240
vn 0.2575 0.0720 0.9636
vn 0.3209 -0.0868 0.9431
vn 0.3208 -0.3981 0.8594
vn 0.1332 0.1284 0.9827
vn 0.1441 0.1182 0.9825
vn 0.1518 0.1036 0.9830
vn 0.1564 0.0902 0.9836
vn 0.1143 0.0923 0.9891
vn 0.1485 0.0769 0.9859
vn 0.1415 0.0619 0.9880
vn 0.1376 0.0676 0.9882
vn 0.0965 0.0564 0.9937
vn 0.0755 0.0792 0.9940
vn 0.0758 0.0699 0.9947
vn 0.1278 0.0467 0.9907
vn 0.1097 0.0564 0.9924
vn 0.1560 0.0653 0.9856
vn 0.1447 0.0559 0.9879
vn 0.1844 0.0941 0.9783
vn 0.1200 0.0751 0.9899
vn 0.0926 0.0966 0.9910
vn 0.1185 0.1320 0.9841
vn 0.1199 0.1346 0.9836
vn 0.1998 0.3514 0.9146
vn 0.0749 0.9913 0.1080
vn 0.5298 0.0956 0.8427
vn 0.5817 -0.0670 0.8107
vn 0.3394 0.1708 0.9250
vn 0.1824 0.1469 0.9722
vn 0.1343 0.1422 0.9807
vn 0.0753 0.2710 0.9596
vn 0.2039 -0.0018 0.9790
vn 0.1312 0.0777 0.9883
vn 0.1047 0.0574 0.9928
vn 0.1433 0.0430 0.9887
vn 0.4045 0.0500 0.9132
vn 0.8843 -0.0313 0.4658
vn 0.7119 -0.1012 0.6949
vn 0.9813 -0.1926 0.0049
vn 0.9870 -0.1603 0.0078
vn 0.9811 -0.1936 -0.0008
vn 0.9378 -0.3471 -0.0047
vn 0.9875 -0.1493 0.0506
vn 0.8951 -0.1818 0.4072
vn 0.8218 0.5697 0.0018
vn 0.9844 -0.1756 0.0061
vn 0.0224 -0.1199 0.9925
vn 0.0223 -0.1994 0.9797
vn -0.0042 -0.9975 -0.0709
vn 0.5899 0.4534 -0.6682
vn 0.6844 0.4156 -0.5991
vn 0.4967 0.8166 -0.2941
vn 0.2967 0.9260 -0.2335
vn 0.5684 0.7600 -0.3152
vn -0.0080 -1.0000 -0.0017
vn -0.0006 -1.0000 -0.0003
vn -0.0061 -0.9999 -0.0096
vn 0.2317 0.1691 0.9580
vn 0.2388 0.0845 0.9674
vn 0.1418 0.0734 0.9872
vn 0.1229 0.1020 0.9872
vn 0.0678 0.0710 0.9952
vn 0.5421 -0.1562 0.8257
vn 0.5407 -0.1586 0.8261
vn 0.6001 0.0278 0.7994
vn 0.2461 -0.3877 0.8883
vn 0.2423 -0.3888 0.8889
vn 0.4141 -0.3048 0.8577
vn 0.4881 0.3974 0.7771
vn 0.5813 0.2243 0.7821
vn 0.5813 0.2245 0.7821
vn 0.0438 -0.3542 0.9342
vn -0.1217 -0.2532 0.9597
vn -0.1200 -0.2548 0.9595
vn -0.2854 0.0955 0.9536
vn -0.2855 0.0964 0.9535
vn -0.2376 -0.0957 0.9666
vn 0.5203 0.4568 0.7215
vn 0.5218 0.4553 0.7214
vn 0.3660 0.5584 0.7445
vn 0.6292 0.3032 0.7157
vn 0.6747 0.1211 0.7281
vn 0.6747 0.1219 0.7280
vn 0.6503 -0.0634 0.7570
vn 0.5588 -0.2240 0.7985
vn 0.5608 -0.2216 0.7977
vn 0.4123 -0.3365 0.8466
vn 0.2317 -0.3829 0.8943
vn 0.2355 -0.3827 0.8934
vn -0.1568 0.4498 0.8793
vn -0.1545 0.4522 0.8784
vn -0.2558 0.2895 0.9223
vn 0.1796 0.5955 0.7830
vn 0.1834 0.5955 0.7821
vn 0.0004 0.5591 0.8291
vn -0.2665 -0.2172 0.9390
vn -0.2675 -0.2159 0.9390
vn -0.1255 -0.3385 0.9326
vn -0.3540 -0.0506 0.9339
vn -0.3734 0.1358 0.9177
vn -0.3735 0.1345 0.9178
vn -0.3216 0.3155 0.8928
vn -0.2052 0.4625 0.8626
vn -0.2078 0.4602 0.8632
vn 0.3359 0.5206 0.7849
vn 0.4869 0.3987 0.7771
vn -0.0400 0.5541 0.8315
vn -0.0438 0.5529 0.8321
vn 0.0470 -0.3553 0.9336
vn -0.2379 -0.0950 0.9666
vn -0.2566 0.2874 0.9228
vn -0.0031 0.5576 0.8301
vn 0.3630 0.5596 0.7450
vn 0.6295 0.3025 0.7157
vn 0.6510 -0.0615 0.7566
vn 0.4157 -0.3348 0.8456
vn -0.1230 -0.3399 0.9324
vn 0.0529 -0.3997 0.9151
vn -0.3541 -0.0505 0.9339
vn -0.3227 0.3132 0.8931
vn 0.1500 0.5752 0.8041
vn 0.1462 0.5755 0.8046
vn 0.3332 0.5220 0.7851
vn 0.6003 0.0292 0.7993
vn 0.4171 -0.3026 0.8570
vn 0.0565 -0.4002 0.9147
vn -0.4455 0.7820 -0.4359
vn -0.4453 0.8683 -0.2187
vn -0.7609 0.5210 0.3869
vn -0.5667 -0.8013 -0.1917
vn 0.4880 -0.8579 0.1611
vn 0.4877 -0.8580 0.1610
vn 0.6645 0.7460 0.0437
vn 0.9977 0.0084 0.0665
vn 0.9726 0.0088 -0.2322
vn 0.6308 0.7452 -0.2165
vn 0.6174 0.4887 -0.6164
vn -0.2026 -0.8861 0.4169
vn 0.1796 -0.9777 -0.1091
vn 0.6334 -0.7415 -0.2215
vn -0.4462 0.8949 0.0011
vn 0.7722 -0.0001 -0.6354
vn 0.1866 0.0849 -0.9788
vn 0.3346 0.5899 -0.7348
vn 0.3903 0.8449 0.3657
vn 0.2056 0.9711 -0.1209
vn 0.6529 0.7430 -0.1475
vn 0.3705 -0.6691 -0.6442
vn 0.5854 -0.4920 -0.6444
vn 0.6722 -0.7390 0.0442
vn 0.9304 -0.1940 0.3109
vn 0.9306 -0.1931 0.3110
vn 0.1236 -0.9366 0.3278
vn -0.1633 -0.9828 0.0867
vn 0.2706 -0.9600 -0.0722
vn 0.8693 0.4831 0.1044
vn 0.9345 0.3560 -0.0013
vn 0.9310 0.2457 0.2700
vn 0.5752 -0.6386 -0.5112
vn 0.2457 -0.9644 -0.0974
vn 0.2310 0.6584 -0.7164
vn 0.6683 0.6151 -0.4184
vn 0.9629 0.1295 -0.2367
vn -0.3172 -0.0035 0.9483
vn -0.3181 -0.0048 0.9481
vn -0.3179 -0.0048 0.9481
vn -0.3171 -0.0035 0.9484
vn -0.3173 -0.0017 0.9483
vn -0.3169 -0.0019 0.9485
vn -0.3169 -0.0023 0.9485
vn -0.3174 -0.0017 0.9483
vn -0.3172 0.0001 0.9484
vn -0.3168 -0.0022 0.9485
vn -0.3173 0.0002 0.9483
vn -0.3167 -0.0028 0.9485
vn -0.3182 -0.0043 0.9480
vn -0.3166 -0.0000 0.9486
vn -0.3198 -0.0069 0.9475
vn -0.3175 -0.0003 0.9483
vn 0.6352 0.7419 0.2145
vn 0.6345 0.7426 0.2143
vn -0.5668 -0.8013 -0.1917
vn -0.9483 -0.0094 -0.3174
vn -0.9483 -0.0086 -0.3174
vn -0.5750 0.7957 -0.1905
vn -0.5746 0.7960 -0.1903
vn -0.9361 -0.3137 -0.1592
vn -0.9071 -0.2750 -0.3186
vn -0.9053 -0.2856 -0.3144
vn 0.5479 0.1789 0.8172
vn 0.7159 0.2259 0.6606
vn 0.6854 0.3283 0.6500
vn 0.9267 0.2993 -0.2273
vn 0.7402 0.2071 -0.6397
vn 0.6954 0.3259 -0.6404
vn 0.5745 0.1537 -0.8039
vn 0.2721 -0.9522 -0.1388
vn 0.4693 -0.8542 -0.2236
vn 0.4373 -0.8711 -0.2235
vn -0.2342 0.9555 -0.1792
vn -0.2526 0.9547 -0.1576
vn -0.1097 0.9596 -0.2590
vn -0.1058 0.9693 0.2220
vn -0.2536 0.9603 0.1158
vn -0.2375 0.9615 0.1383
vn -0.2791 0.9601 -0.0189
vn -0.2839 0.9587 -0.0189
vn 0.4152 -0.8752 0.2481
vn 0.4414 -0.8619 0.2496
vn 0.2660 -0.9496 0.1656
vn 0.2792 -0.9601 0.0189
vn 0.2840 -0.9586 0.0189
vn 0.9223 0.3078 0.2339
vn 0.9560 0.2935 -0.0022
vn 0.8751 0.4326 -0.2168
vn -0.9075 -0.2738 0.3186
vn -0.9094 -0.2630 0.3224
vn -0.9372 -0.3077 0.1643
vn -0.9560 -0.2932 0.0022
vn -0.9390 -0.3125 -0.1436
vn -0.9588 -0.2839 0.0020
vn -0.9381 -0.3124 -0.1498
vn -0.9050 -0.2727 0.3266
vn -0.9391 -0.3067 0.1549
vn 0.9879 0.1551 0.0005
vn 0.9618 0.1620 -0.2208
vn 0.7399 0.1331 0.6595
vn 0.9581 0.1701 0.2306
vn 0.7606 0.0931 -0.6425
vn 0.6175 0.1676 -0.7685
vn 0.5934 0.1912 0.7819
vn -0.9027 -0.2849 -0.3224
vn -0.9400 -0.3071 0.1487
vn 0.8715 0.4397 0.2173
vn 0.2387 0.1254 0.9630
vn 0.2387 0.1255 0.9630
vn 0.2387 0.1254 0.9629
vn 0.2387 0.1255 0.9629
vn 0.1157 0.0956 0.9887
vn 0.1157 0.0955 0.9887
vn 0.9469 0.3210 -0.0171
vn 0.9928 0.0183 0.1188
vn 0.3105 0.9008 -0.3035
vn -0.5028 0.8587 0.0991
vn 0.0412 0.9257 0.3760
vn 0.4566 0.8379 0.2991
vn 0.0614 0.9906 0.1221
vn 0.3439 0.8507 -0.3976
vn 0.8567 -0.0127 -0.5157
vn 0.8200 -0.2568 -0.5115
vn 0.8163 -0.3035 -0.4914
vn 0.7426 0.3654 -0.5613
vn 0.7398 -0.3742 -0.5592
vn 0.8274 0.4877 0.2785
vn 0.9911 -0.1256 -0.0451
vn 0.8203 0.5720 -0.0000
vn 0.6850 0.7165 0.1320
vn 0.7514 0.1685 -0.6379
vn -0.0015 -1.0000 0.0010
vn -0.0012 -1.0000 0.0012
vn -0.0008 -1.0000 0.0014
vn -0.0005 -1.0000 0.0015
vn -0.0002 -1.0000 0.0013
vn -0.0001 -1.0000 0.0012
vn 0.0541 -0.9984 -0.0145
vn 0.1093 -0.9940 -0.0050
vn -0.0018 -1.0000 0.0020
vn -0.0059 -1.0000 0.0025
vn 0.0001 -0.9993 0.0377
vn 0.0030 -0.9951 0.0987
vn 0.0093 -0.9946 0.1029
vn 0.0225 -0.9948 0.0995
vn 0.0203 -0.9943 0.1044
vn -0.0155 -0.9907 0.1350
vn -0.0051 -0.9901 0.1402
vn 0.9989 0.0359 -0.0314
vn 0.7957 0.3653 -0.4832
vn 0.9419 -0.0537 0.3316
vn 0.9258 0.3781 -0.0030
vn -0.5730 0.5709 -0.5880
vn -0.0712 0.9576 0.2793
vn 0.1507 0.8737 0.4626
vn 0.2411 0.9701 0.0261
vn 0.1831 0.9412 0.2839
vn 0.8283 0.5602 -0.0129
vn 0.8629 0.5053 -0.0106
vn 0.8253 0.5643 -0.0208
vn 0.6867 0.4303 -0.5859
vn 0.0075 0.1505 0.9886
vn 0.1841 -0.3257 0.9274
vn -0.0045 -0.9976 -0.0691
vn -0.0013 -1.0000 -0.0011
vn -0.0247 -0.9867 -0.1609
vn -0.0089 -0.9592 -0.2826
vn -0.0147 -0.9984 -0.0545
vn -0.0069 -1.0000 -0.0025
vn -0.3159 -0.0005 0.9488
vn 0.5944 0.1915 0.7810
vn 0.6164 0.1674 -0.7695
vn 0.2509 -0.9613 -0.1138
vn -0.0843 0.9626 -0.2576
vn -0.0815 0.9716 0.2220
vn 0.2504 -0.9576 0.1423
vn 0.9130 0.4078 -0.0045
vn -0.8213 0.5704 0.0090
vn -0.8538 0.5201 0.0254
vn 0.8213 0.5704 0.0090
vn 0.8538 0.5201 0.0254
vt 0.064844 0.814844
vt 0.192969 0.814844
vt 0.192969 0.942969
vt 0.549922 0.819453
vt 0.684453 0.819453
vt 0.684453 0.953985
vt 0.311907 0.819720
vt 0.445905 0.819720
vt 0.445905 0.953718
vt 0.546940 0.562565
vt 0.679622 0.562565
vt 0.679622 0.695247
vt 0.783341 0.552872
vt 0.951034 0.552872
vt 0.951034 0.720565
vt 0.288674 0.554299
vt 0.453513 0.554299
vt 0.453513 0.719138
s 1
g off
g Body_
usemtl 
f 11/1/1 487/2/2 485/3/3
f 397/1/4 488/2/5 484/3/6
f 487/4/2 7/5/7 6/6/8
f 13/1/9 486/2/10 489/3/11
f 12/1/12 18/2/13 13/3/9
f 11/1/1 19/2/14 16/3/15
f 15/1/16 21/2/17 20/3/18
f 11/1/1 16/2/15 193/3/19
f 13/1/9 15/2/16 10/3/20
f 20/1/18 23/2/21 22/3/22
f 59/1/23 27/2/24 60/3/25
f 61/1/26 27/2/24 26/3/27
f 62/4/28 470/5/29 467/6/30
f 460/1/31 28/2/32 59/3/23
f 27/1/24 475/2/33 477/3/34
f 26/1/27 474/2/35 25/3/36
f 28/1/32 473/2/37 475/3/33
f 26/1/27 477/2/34 478/3/38
f 32/1/39 38/2/40 37/3/41
f 236/1/42 52/2/43 35/3/44
f 33/1/45 459/2/46 38/3/40
f 31/1/47 32/2/39 36/3/48
f 52/1/43 117/2/49 35/3/44
f 37/1/41 641/2/50 36/3/48
f 47/1/51 645/2/52 43/3/53
f 46/1/54 45/2/55 44/3/56
f 49/1/57 53/2/58 42/3/59
f 50/1/60 49/2/57 40/3/61
f 44/1/56 57/2/62 56/3/63
f 51/1/64 43/2/53 53/3/58
f 51/1/64 41/2/65 47/3/51
f 642/1/66 41/2/65 50/3/60
f 53/1/58 54/2/67 42/3/59
f 645/1/52 183/2/68 456/3/69
f 53/1/58 55/2/70 58/3/71
f 461/4/72 468/5/73 22/6/22
f 10/1/20 464/2/74 62/3/28
f 15/4/16 471/5/75 465/6/76
f 22/4/22 471/5/75 20/6/18
f 62/1/28 65/2/77 10/3/20
f 486/1/10 10/2/20 65/3/77
f 66/1/78 68/2/79 65/3/77
f 65/1/77 67/2/80 64/3/81
f 69/1/82 71/2/83 68/3/79
f 68/1/79 70/2/84 67/3/80
s 2
f 67/4/85 74/5/86 73/6/87
f 80/1/88 76/2/89 75/3/90
f 75/1/90 78/2/91 77/3/92
f 73/1/87 79/2/93 80/3/88
s 1
f 71/1/83 81/2/94 70/3/84
s 2
f 79/1/93 85/2/95 76/3/89
f 74/1/86 87/2/96 79/3/93
f 76/1/89 86/2/97 78/3/91
s 1
f 72/1/98 82/2/99 71/3/83
s 2
f 70/4/100 84/5/101 74/6/86
f 84/1/102 94/2/103 87/3/96
f 87/1/96 92/2/104 85/3/95
s 1
f 83/1/105 239/2/106 89/3/107
s 2
f 85/1/95 93/2/108 86/3/97
f 81/4/109 91/5/110 84/6/101
s 1
f 82/1/99 88/2/111 81/3/94
s 2
f 94/1/103 99/2/112 92/3/104
s 1
f 90/1/113 96/2/114 89/3/107
s 2
f 92/1/104 100/2/115 93/3/108
f 88/4/116 98/5/117 91/6/110
s 1
f 89/1/107 95/2/118 88/3/111
s 2
f 91/1/119 101/2/120 94/3/103
s 1
f 109/1/121 103/2/122 110/3/123
s 2
f 111/1/124 107/2/125 112/3/126
f 114/4/127 102/5/128 105/6/129
s 1
f 110/1/123 102/2/130 113/3/131
s 2
f 114/1/127 108/2/132 115/3/133
f 115/1/133 106/2/134 111/3/124
f 101/1/120 111/2/124 99/3/112
f 98/1/135 115/2/133 101/3/120
s 1
f 96/1/114 113/2/131 95/3/118
s 2
f 95/4/136 114/5/127 98/6/117
f 99/1/112 112/2/126 100/3/115
s 1
f 97/1/137 110/2/123 96/3/114
f 116/1/138 117/2/139 40/3/140
f 35/1/141 117/2/139 118/3/142
f 35/1/141 120/2/143 119/3/144
f 109/1/121 119/2/144 120/3/143
f 121/1/145 118/2/142 116/3/138
f 104/1/146 120/2/143 121/3/145
f 122/1/147 40/2/140 49/3/148
f 124/1/149 49/2/148 42/3/150
f 124/1/149 54/2/151 125/3/152
f 416/1/153 54/2/67 58/3/71
f 123/4/154 434/5/155 122/6/147
f 122/4/147 437/5/156 116/6/138
f 129/1/157 131/2/158 128/3/159
f 128/1/159 130/2/160 127/3/161
f 132/1/162 134/2/163 131/3/158
f 131/1/158 133/2/164 130/3/160
f 135/1/165 137/2/166 138/3/167
f 132/1/162 136/2/168 137/3/166
f 124/4/149 432/5/169 123/6/154
f 416/4/153 436/5/170 125/6/171
f 140/1/172 141/2/173 139/3/174
f 141/1/173 144/2/175 143/3/176
f 144/1/175 145/2/177 143/3/176
f 146/1/178 444/2/179 446/3/180
f 147/4/181 445/5/182 413/6/183
f 500/1/184 424/2/185 151/3/186
f 148/1/187 149/2/188 150/3/189
s 3
f 149/1/190 154/2/191 152/3/192
f 150/1/193 152/2/192 153/3/194
s 1
f 152/1/195 157/2/196 155/3/197
f 153/1/198 155/2/197 156/3/198
f 157/1/196 158/2/199 155/3/197
s 4
f 158/1/200 479/2/200 155/3/200
s 1
f 159/1/201 160/2/202 158/3/199
s 5
f 160/1/203 165/2/204 163/3/205
f 161/1/206 163/2/205 164/3/207
s 1
f 165/1/208 166/2/209 163/3/210
f 163/1/210 167/2/211 164/3/211
f 162/1/212 172/2/213 173/3/214
s 3
f 189/1/215 169/2/216 170/3/217
s 5
f 162/1/218 174/2/219 165/3/204
s 1
f 154/1/220 171/2/221 157/3/196
f 168/1/222 174/2/223 175/3/224
f 159/1/201 171/2/221 172/3/213
f 179/1/225 173/2/214 172/3/213
f 177/1/226 171/2/221 170/3/227
s 5
f 173/1/228 181/2/229 174/3/219
s 1
f 178/1/230 172/2/213 171/3/221
f 181/1/231 175/2/224 174/3/223
s 3
f 169/1/216 177/2/232 170/3/217
s 1
f 182/1/233 185/2/234 186/3/235
s 5
f 181/1/229 184/2/236 185/3/237
f 185/1/237 184/2/236 187/3/238
s 1
f 186/1/235 187/2/239 188/3/240
f 179/1/225 56/2/63 57/3/62
f 177/1/226 56/2/63 178/3/230
s 3
f 177/1/232 176/2/241 183/3/242
s 1
f 140/4/172 438/5/243 443/6/244
f 449/4/245 447/5/246 424/6/185
f 447/1/246 169/2/247 189/3/248
f 176/1/249 402/2/250 451/3/251
f 58/4/71 440/5/252 416/6/153
f 55/4/70 441/5/253 58/6/71
f 55/4/70 454/5/254 439/6/255
f 125/4/152 433/5/256 124/6/149
f 141/1/257 143/2/258 137/3/166
f 143/1/258 138/2/167 137/3/166
f 57/1/62 180/2/259 179/3/225
f 45/1/55 184/2/260 57/3/62
f 18/1/13 235/2/261 21/3/17
f 398/1/262 14/2/263 397/3/4
f 193/1/19 16/2/15 194/3/264
f 19/1/14 192/2/265 195/3/266
f 19/1/14 195/2/266 16/3/15
f 399/1/267 197/2/268 199/3/269
f 398/1/262 199/2/269 192/3/265
f 400/1/270 201/2/271 197/3/268
f 201/1/271 202/2/272 197/3/268
f 199/1/269 204/2/273 192/3/265
f 195/1/266 205/2/274 194/3/264
f 192/1/265 206/2/275 195/3/266
f 197/1/268 207/2/276 199/3/269
f 202/1/277 209/2/278 208/3/279
f 204/1/280 213/2/281 210/3/282
f 206/1/275 211/2/283 205/3/274
f 204/1/280 212/2/284 206/3/275
f 207/1/285 208/2/279 213/3/281
f 212/1/284 216/2/286 217/3/287
f 215/1/288 212/2/284 217/3/287
f 213/1/289 214/2/290 218/3/291
f 218/1/291 210/2/292 213/3/289
f 218/1/291 219/2/293 231/3/294
f 231/1/294 216/2/286 218/3/291
f 217/1/287 230/2/295 229/3/296
f 217/1/287 227/2/297 215/3/288
f 232/1/298 219/2/299 220/3/300
f 233/1/301 231/2/294 232/3/298
f 234/1/302 230/2/295 233/3/301
f 228/1/303 229/2/296 234/3/302
f 30/1/304 31/2/47 236/3/42
s 6
f 30/4/305 238/5/306 237/6/307
f 237/4/307 90/5/308 239/6/309
s 1
f 241/1/310 48/2/311 46/3/54
f 235/1/261 245/2/312 21/3/17
f 17/1/313 255/2/314 235/3/261
f 211/1/283 252/2/315 251/3/316
f 215/1/288 253/2/317 252/3/315
f 21/1/17 246/2/318 23/3/21
f 228/1/303 253/2/317 227/3/297
f 193/1/19 249/2/319 248/3/320
f 194/1/264 250/2/321 249/3/319
f 17/1/313 248/2/320 244/3/322
f 205/1/274 251/2/316 250/3/321
s 7
f 476/1/323 258/2/324 259/3/325
f 259/1/325 257/2/326 256/3/327
f 39/1/328 259/2/325 260/3/329
f 261/1/330 63/2/331 469/3/332
f 261/1/330 257/2/326 258/3/324
f 63/1/331 258/2/324 29/3/333
f 260/1/329 256/2/327 263/3/334
f 261/1/330 265/2/335 264/3/336
f 257/1/326 268/2/337 267/3/338
f 257/1/326 266/2/339 256/3/327
f 264/1/336 265/2/335 268/3/337
f 256/1/327 266/2/339 263/3/334
s 1
f 242/1/340 278/2/341 243/3/342
f 187/1/239 274/2/343 188/3/240
f 240/1/344 276/2/345 241/3/310
f 243/1/342 275/2/346 240/3/344
f 241/1/310 272/2/347 48/3/311
f 37/1/41 270/2/348 269/3/349
f 242/1/340 269/2/349 277/3/350
f 459/1/351 39/2/352 271/3/353
f 48/1/311 273/2/354 187/3/239
s 7
f 39/1/328 260/2/329 271/3/355
f 260/1/329 263/2/334 271/3/355
f 247/1/356 279/2/357 262/3/358
s 1
f 23/1/21 279/2/359 458/3/360
f 22/1/22 458/2/360 461/3/72
s 7
f 262/1/358 280/2/361 265/3/335
s 8
f 248/1/362 281/2/363 244/3/364
f 252/1/365 287/2/366 251/3/367
f 249/1/368 284/2/369 248/3/362
f 246/1/370 282/2/371 283/3/372
f 252/1/365 289/2/373 288/3/374
f 280/1/375 292/2/376 293/3/377
f 250/1/378 285/2/379 249/3/368
f 279/1/380 283/2/372 292/3/376
f 254/1/381 289/2/373 253/3/382
f 251/1/367 286/2/383 250/3/378
f 245/1/384 291/2/385 282/3/371
f 255/1/386 281/2/363 291/3/385
f 293/1/377 305/2/387 306/3/388
f 283/1/372 295/2/389 296/3/390
f 289/1/373 301/2/391 288/3/374
f 286/1/383 298/2/392 285/3/379
f 292/1/376 296/2/390 305/3/387
f 290/1/393 302/2/394 289/3/373
f 287/1/366 299/2/395 286/3/383
f 282/1/371 304/2/396 295/3/389
f 291/1/385 294/2/397 304/3/396
f 281/1/363 297/2/398 294/3/397
f 288/1/374 300/2/399 287/3/366
f 285/1/379 297/2/398 284/3/369
s 9
f 272/1/400 315/2/401 311/3/402
f 274/1/403 312/2/404 313/3/405
f 277/1/406 308/2/407 316/3/408
f 263/1/409 310/2/410 271/3/411
f 273/1/412 311/2/402 312/3/404
f 270/1/413 308/2/407 269/3/414
f 278/1/415 316/2/408 317/3/416
f 276/1/417 314/2/418 315/3/401
f 271/1/411 309/2/419 270/3/413
f 275/1/420 317/2/416 314/3/418
f 315/1/401 325/2/421 326/3/422
f 310/1/410 320/2/423 309/3/419
f 314/1/418 328/2/424 325/3/421
f 311/1/402 326/2/422 322/3/425
f 313/1/405 323/2/426 324/3/427
f 307/1/428 321/2/429 310/3/410
f 308/1/407 327/2/430 316/3/408
f 312/1/404 322/2/425 323/3/426
f 309/1/419 319/2/431 308/3/407
f 316/1/408 328/2/424 317/3/416
s 8
f 300/4/399 334/5/432 299/6/395
s 9
f 322/4/425 350/5/433 346/6/434
s 8
f 301/4/391 335/5/435 300/6/399
f 297/4/398 329/5/436 294/6/397
s 9
f 327/4/430 343/5/437 351/6/438
s 8
f 301/4/391 337/5/439 336/6/440
f 296/4/390 330/5/441 331/6/442
s 9
f 328/4/424 351/5/438 352/6/443
s 8
f 303/4/444 337/5/439 302/6/394
s 9
f 320/4/423 343/5/437 319/6/431
s 8
f 305/4/387 331/5/442 340/6/445
s 9
f 328/4/424 349/5/446 325/6/421
f 321/4/429 344/5/447 320/6/423
s 8
f 294/4/397 339/5/448 304/6/396
f 295/4/389 339/5/448 330/6/441
s 9
f 318/4/449 345/5/450 321/6/429
f 324/4/427 347/5/451 348/6/452
s 8
f 306/4/388 340/5/445 341/6/453
f 298/4/392 332/5/454 297/6/398
s 9
f 323/4/426 346/5/434 347/6/451
s 8
f 299/4/395 333/5/455 298/6/392
s 9
f 326/4/422 349/5/446 350/6/433
s 10
f 351/4/456 345/5/456 347/6/456
s 11
f 336/4/456 331/5/456 334/6/456
s 12
f 228/4/457 234/5/458 303/6/459
f 338/4/460 354/5/461 341/6/462
f 348/4/463 355/5/464 356/6/465
f 186/4/466 324/5/467 348/6/463
s 13
f 97/4/468 360/5/469 119/6/470
s 14
f 97/4/471 358/5/472 359/6/473
s 6
f 238/4/306 358/5/474 90/6/308
f 238/4/306 361/5/475 362/6/476
s 13
f 119/4/470 357/5/477 35/6/478
s 1
f 236/4/42 357/5/479 361/6/480
s 15
f 360/7/481 361/8/482 357/9/483
s 16
f 370/7/484 369/8/485 372/9/486
s 1
f 25/4/36 363/5/487 365/6/488
s 6
f 239/4/309 370/5/489 237/6/307
s 17
f 72/4/490 369/5/491 83/6/492
f 72/4/490 367/5/493 368/6/494
f 66/4/495 365/5/496 366/6/497
s 6
f 237/4/307 364/5/498 30/6/305
s 17
f 69/4/499 366/5/497 367/6/493
f 83/4/492 371/5/500 239/6/501
s 1
f 474/4/35 30/5/304 364/6/502
s 16
f 364/7/503 372/8/486 363/9/504
f 366/8/505 369/8/485 368/8/506
s 18
f 392/7/507 394/8/508 391/9/509
s 19
f 4/1/510 373/2/511 3/3/511
s 20
f 73/4/512 376/5/513 67/6/514
s 21
f 64/4/515 374/5/516 2/6/517
f 67/4/518 375/5/519 64/6/515
s 20
f 80/4/520 377/5/521 73/6/512
f 80/4/520 378/5/522 380/6/523
f 75/4/524 379/5/525 378/6/522
s 22
f 108/4/526 384/5/527 387/6/528
f 105/4/529 381/5/530 384/6/527
f 127/4/531 391/5/532 390/6/533
f 121/4/534 388/5/535 389/6/536
f 108/4/526 385/5/537 106/6/538
f 102/4/539 382/5/540 381/6/530
f 121/4/534 383/5/541 104/6/542
f 107/4/543 385/5/537 386/6/544
f 130/4/545 392/5/546 391/6/532
f 437/4/547 390/5/533 388/6/535
f 103/4/548 383/5/541 382/6/540
s 18
f 390/7/549 394/8/508 393/9/550
f 388/7/551 393/8/550 389/9/552
f 385/7/553 395/8/554 386/9/555
f 387/7/556 394/8/508 385/9/553
f 389/8/552 387/8/556 384/8/557
s 23
f 9/10/558 198/11/559 191/12/560
f 9/4/558 397/5/561 484/6/562
f 191/4/560 397/5/561 9/6/558
f 196/4/563 399/5/564 198/6/559
f 191/4/560 399/5/564 398/6/565
f 196/4/563 401/5/566 400/6/567
s 1
f 422/1/568 497/2/569 443/3/244
f 411/13/570 406/14/571 426/15/572
f 405/4/573 425/5/574 408/6/575
f 504/4/576 412/5/577 507/6/578
f 506/4/579 414/5/580 534/6/581
f 508/4/582 413/5/183 505/6/583
f 510/4/584 417/5/585 511/6/586
f 512/4/587 418/5/588 513/6/589
f 514/4/590 419/5/591 515/6/592
f 516/4/593 403/5/594 517/6/595
f 518/4/596 420/5/597 519/6/598
f 520/4/599 496/5/600 438/6/243
f 522/4/601 421/5/602 523/6/603
f 524/4/604 492/5/605 455/6/606
f 526/4/607 422/5/568 527/6/608
f 528/4/609 404/5/610 529/6/611
f 530/4/612 423/5/613 531/6/614
f 532/4/615 415/5/616 509/6/617
f 533/4/618 424/5/185 535/6/619
f 411/4/570 431/5/620 429/6/621
f 408/4/575 407/5/622 426/6/572
f 409/4/623 427/5/624 406/6/571
f 410/4/625 427/5/624 430/6/626
f 411/4/570 407/5/622 431/6/620
f 410/13/625 426/14/572 406/15/571
f 433/1/256 129/2/157 432/3/169
f 435/1/627 139/2/174 436/3/170
f 432/1/169 128/2/159 434/3/155
f 434/1/155 127/2/161 437/3/156
f 436/1/628 136/2/168 433/3/256
f 438/4/243 435/5/627 416/6/153
f 441/1/253 439/2/255 190/3/629
f 439/1/255 453/2/630 190/3/629
f 490/1/631 417/2/585 441/3/253
f 420/1/597 495/2/632 425/3/574
f 442/4/633 140/5/172 443/6/244
f 144/1/175 503/2/634 412/3/577
f 446/4/180 147/5/181 148/6/187
f 447/1/246 151/2/186 424/3/185
f 447/4/246 448/5/635 402/6/250
f 499/1/636 404/2/610 428/3/637
f 450/1/638 431/2/620 419/3/591
f 451/4/251 455/5/606 453/6/630
f 453/1/630 421/2/602 491/3/639
f 454/4/254 451/5/251 453/6/630
f 457/4/640 452/5/641 454/6/254
f 460/4/31 469/5/642 63/6/643
f 462/1/644 39/2/645 459/3/46
f 473/4/37 34/5/37 462/6/644
f 463/4/37 63/5/643 29/6/37
f 461/1/72 247/2/646 24/3/647
f 464/4/74 465/5/76 472/6/648
f 26/1/27 467/2/30 61/3/26
f 468/1/73 60/2/25 471/3/75
f 472/1/648 61/2/26 470/3/29
f 466/1/649 59/2/23 468/3/73
f 466/4/649 24/5/647 469/6/642
f 465/1/76 60/2/25 61/3/26
f 476/4/37 463/5/37 29/6/37
f 478/4/38 32/5/39 31/6/47
f 477/4/34 33/5/45 32/6/39
f 478/4/38 30/5/304 474/6/35
f 475/4/33 462/5/644 33/6/45
s 5
f 479/1/650 482/2/651 480/3/652
f 481/1/653 161/2/206 482/3/651
s 4
f 158/1/200 160/2/200 481/3/200
s 24
f 155/1/654 480/2/655 156/3/656
s 23
f 200/10/657 9/11/558 1/12/658
s 1
f 488/4/5 5/5/659 8/6/660
f 485/1/3 14/2/263 11/3/1
f 484/4/6 8/5/660 396/6/661
f 485/4/3 6/5/8 5/6/659
f 489/1/11 12/2/12 13/3/9
f 489/4/11 2/5/662 7/6/7
s 12
f 318/4/663 263/5/664 266/6/665
s 1
f 440/4/252 521/5/666 416/6/153
f 490/4/631 511/5/586 417/6/585
f 491/4/639 513/5/589 418/6/588
f 492/4/605 523/5/603 421/6/602
f 525/4/667 402/5/250 448/6/635
f 494/4/668 515/5/592 419/6/591
f 495/4/632 517/5/595 403/6/594
f 496/4/600 519/5/598 420/6/597
f 534/4/581 414/5/580 442/6/633
f 498/4/669 527/5/608 422/6/568
f 499/4/636 529/5/611 404/6/610
f 449/4/245 531/5/614 423/6/613
f 500/4/184 535/5/619 424/6/185
f 501/4/670 509/5/617 415/6/616
f 505/4/583 413/5/183 445/6/182
f 503/4/634 507/5/578 412/6/577
s 25
f 625/16/671 505/17/672 504/18/673
f 627/16/674 507/17/675 506/18/676
f 630/16/677 508/17/678 629/18/679
s 26
f 609/16/680 511/17/681 610/18/682
f 612/16/683 512/17/684 513/18/685
f 614/16/686 514/17/687 515/18/688
f 615/16/689 517/17/690 616/18/691
f 617/16/692 519/17/693 618/18/694
f 619/16/695 521/17/696 620/18/697
f 622/16/698 522/17/699 523/18/700
f 624/16/701 524/17/702 525/18/703
s 25
f 632/16/704 526/17/705 527/18/706
f 633/16/707 529/17/708 634/18/709
f 635/16/710 531/17/711 636/18/712
f 637/16/713 509/17/714 630/18/677
f 636/16/712 533/17/715 638/18/716
s 26
f 620/16/697 510/17/717 609/18/680
f 610/16/682 512/17/684 611/18/718
f 621/16/719 513/17/685 522/18/699
f 623/16/720 523/17/700 524/18/702
f 613/16/721 525/17/703 514/18/687
f 615/16/689 515/17/688 516/18/722
f 616/16/691 518/17/723 617/18/692
f 618/16/694 520/17/724 619/18/695
s 25
f 631/16/725 534/17/726 526/18/705
f 633/16/707 527/17/706 528/18/727
f 634/16/709 530/17/728 635/18/710
f 638/16/716 535/17/729 640/18/730
f 640/16/730 532/17/731 637/18/713
f 626/16/732 508/17/678 505/18/672
f 628/16/733 504/17/673 507/18/675
f 639/16/734 506/17/676 534/18/726
s 1
f 176/1/249 451/2/251 452/3/641
f 187/1/239 45/2/55 48/3/311
s 27
f 537/1/735 567/2/736 548/3/737
s 28
f 543/1/738 577/2/739 539/3/740
s 27
f 571/1/741 551/2/742 572/3/743
f 537/1/735 546/2/744 541/3/745
f 568/1/746 540/2/747 536/3/748
f 570/1/749 541/2/745 571/3/741
f 553/1/750 545/2/751 552/3/752
f 551/1/742 546/2/744 553/3/750
f 562/4/753 558/5/754 563/6/755
f 536/1/748 547/2/756 544/3/757
f 537/1/735 552/2/752 545/3/751
f 551/1/742 547/2/756 540/3/747
f 547/1/756 552/2/752 544/3/757
f 569/1/758 551/2/742 540/3/747
s 28
f 549/1/759 577/2/739 573/3/760
s 27
f 561/1/761 555/2/762 554/3/763
f 556/4/764 566/5/765 558/6/754
f 562/4/753 554/5/766 556/6/764
f 564/4/767 555/5/762 560/6/768
f 563/4/755 559/5/769 565/6/770
f 564/4/767 559/5/769 557/6/771
f 544/1/757 565/2/770 564/3/767
f 548/1/737 565/2/770 552/3/752
f 536/1/748 564/2/767 560/3/768
f 568/1/746 562/2/753 567/3/736
f 536/1/748 561/2/761 568/3/746
f 548/1/737 562/2/753 563/3/755
s 29
f 538/1/772 567/2/773 549/3/774
f 538/1/772 569/2/775 568/3/776
f 543/1/777 570/2/778 571/3/777
f 542/1/779 572/2/780 569/3/775
f 539/1/781 567/2/773 570/3/778
f 543/1/777 572/2/780 550/3/782
s 30
f 577/7/783 574/8/784 573/9/785
f 573/7/785 576/8/786 575/9/787
s 28
f 538/1/788 573/2/760 575/3/789
f 543/1/738 574/2/790 578/3/791
f 550/1/792 576/2/793 574/3/790
f 538/1/788 576/2/793 542/3/794
s 31
f 602/4/795 582/5/796 596/6/797
s 32
f 596/4/798 586/5/799 597/6/800
f 600/4/801 584/5/802 598/6/803
f 584/4/802 595/5/804 598/6/803
s 33
f 588/4/805 583/5/806 579/6/807
s 34
f 589/4/808 584/5/809 594/6/810
f 586/4/811 590/5/812 593/6/813
f 604/4/814 594/5/810 606/6/815
s 33
f 585/4/816 587/5/817 581/6/818
f 605/4/819 588/5/805 603/6/820
s 32
f 586/4/799 599/5/821 597/6/800
f 608/4/822 594/5/823 600/6/801
s 31
f 580/4/824 601/5/825 595/6/826
f 607/4/827 590/5/828 602/6/795
f 607/4/827 587/5/829 603/6/830
f 579/4/831 601/5/825 588/6/832
s 32
f 608/4/822 591/5/833 605/6/834
f 585/4/835 599/5/821 592/6/836
f 583/4/837 595/5/804 579/6/838
f 600/4/801 583/5/837 591/6/833
f 596/4/798 585/5/835 581/6/839
s 31
f 602/4/795 581/5/840 587/6/829
s 32
f 592/4/836 608/5/822 605/6/834
s 31
f 588/4/832 607/5/827 603/6/830
f 589/4/841 607/5/827 601/6/825
s 32
f 593/4/842 608/5/822 599/6/821
s 33
f 587/4/817 605/5/819 603/6/820
s 34
f 593/4/813 604/5/814 606/6/815
s 1
f 16/1/15 195/2/266 194/3/264
s 35
f 126/16/843 609/17/844 610/18/844
f 126/16/843 611/17/843 612/18/843
f 126/16/843 613/17/843 614/18/843
f 126/16/843 615/17/843 616/18/843
f 126/16/843 617/17/844 618/18/843
f 126/16/843 619/17/843 620/18/845
f 126/16/843 621/17/845 622/18/846
f 126/16/843 623/17/843 624/18/843
f 126/16/843 620/17/845 609/18/844
f 126/16/843 610/17/844 611/18/843
f 126/16/843 612/17/843 621/18/845
f 126/16/843 622/17/846 623/18/843
f 126/16/843 624/17/843 613/18/843
f 126/16/843 614/17/843 615/18/843
f 126/16/843 616/17/843 617/18/844
f 126/16/843 618/17/843 619/18/843
s 36
f 142/16/847 626/17/848 625/18/848
f 142/16/847 628/17/848 627/18/847
f 142/16/847 630/17/847 629/18/848
f 142/16/847 631/17/847 632/18/847
f 142/16/847 633/17/848 634/18/847
f 142/16/847 635/17/847 636/18/848
f 142/16/847 637/17/847 630/18/847
f 142/16/847 636/17/848 638/18/848
f 142/16/847 639/17/848 631/18/847
f 142/16/847 632/17/847 633/18/848
f 142/16/847 634/17/847 635/18/847
f 142/16/847 638/17/848 640/18/848
f 142/16/847 640/17/848 637/18/847
f 142/16/847 629/17/848 626/18/848
f 142/16/847 625/17/848 628/18/848
f 142/16/847 627/17/847 639/18/848
s 1
f 52/1/43 36/2/48 641/3/50
f 641/1/50 243/2/342 643/3/849
f 36/1/48 32/2/39 37/3/41
f 642/1/66 40/2/61 117/3/49
f 643/1/849 240/2/344 41/3/65
f 642/1/66 641/2/50 643/3/849
f 241/1/310 644/2/850 240/3/344
f 645/1/52 56/2/63 183/3/68
f 644/1/850 41/2/65 240/3/344
f 644/1/850 44/2/56 645/3/52
f 11/1/1 12/2/12 487/3/2
f 397/1/4 14/2/263 488/3/5
f 487/4/2 489/5/11 7/6/7
f 13/1/9 10/2/20 486/3/10
f 12/1/12 17/2/313 18/3/13
f 11/1/1 14/2/263 19/3/14
f 15/1/16 18/2/13 21/3/17
f 17/1/313 12/2/12 193/3/19
f 12/1/12 11/2/1 193/3/19
f 13/1/9 18/2/13 15/3/16
f 20/1/18 21/2/17 23/3/21
f 59/1/23 28/2/32 27/3/24
f 61/1/26 60/2/25 27/3/24
f 460/1/31 463/2/37 28/3/32
f 27/1/24 28/2/32 475/3/33
f 26/1/27 478/2/38 474/3/35
f 28/1/32 463/2/37 473/3/37
f 26/1/27 27/2/24 477/3/34
f 32/1/39 33/2/45 38/3/40
f 236/1/42 31/2/47 52/3/43
f 33/1/45 462/2/644 459/3/46
f 52/1/43 642/2/66 117/3/49
f 37/1/41 242/2/340 641/3/50
f 47/1/51 644/2/850 645/3/52
f 46/1/54 48/2/311 45/3/55
f 49/1/57 51/2/64 53/3/58
f 50/1/60 51/2/64 49/3/57
f 44/1/56 45/2/55 57/3/62
f 51/1/64 47/2/51 43/3/53
f 51/1/64 50/2/60 41/3/65
f 642/1/66 643/2/849 41/3/65
f 53/1/58 58/2/71 54/3/67
f 55/1/70 43/2/53 457/3/640
f 43/1/53 645/2/52 457/3/640
f 457/1/640 645/2/52 456/3/69
f 53/1/58 43/2/53 55/3/70
f 461/4/72 466/5/649 468/6/73
f 10/1/20 15/2/16 464/3/74
f 15/4/16 20/5/18 471/6/75
f 22/4/22 468/5/73 471/6/75
f 62/1/28 66/2/78 65/3/77
f 64/1/81 2/2/662 65/3/77
f 2/1/662 486/2/10 65/3/77
f 66/1/78 69/2/82 68/3/79
f 65/1/77 68/2/79 67/3/80
f 69/1/82 72/2/98 71/3/83
f 68/1/79 71/2/83 70/3/84
s 2
f 67/4/85 70/5/100 74/6/86
f 80/1/88 79/2/93 76/3/89
f 75/1/90 76/2/89 78/3/91
f 73/1/87 74/2/86 79/3/93
s 1
f 71/1/83 82/2/99 81/3/94
s 2
f 79/1/93 87/2/96 85/3/95
f 74/1/86 84/2/102 87/3/96
f 76/1/89 85/2/95 86/3/97
s 1
f 72/1/98 83/2/105 82/3/99
s 2
f 70/4/100 81/5/109 84/6/101
f 84/1/102 91/2/119 94/3/103
f 87/1/96 94/2/103 92/3/104
s 1
f 89/1/107 82/2/99 83/3/105
f 239/1/106 90/2/113 89/3/107
s 2
f 85/1/95 92/2/104 93/3/108
f 81/4/109 88/5/116 91/6/110
s 1
f 82/1/99 89/2/107 88/3/111
s 2
f 94/1/103 101/2/120 99/3/112
s 1
f 90/1/113 97/2/137 96/3/114
s 2
f 92/1/104 99/2/112 100/3/115
f 88/4/116 95/5/136 98/6/117
s 1
f 89/1/107 96/2/114 95/3/118
s 2
f 91/1/119 98/2/135 101/3/120
s 1
f 109/1/121 104/2/146 103/3/122
s 2
f 111/1/124 106/2/134 107/3/125
f 114/4/127 113/5/851 102/6/128
s 1
f 110/1/123 103/2/122 102/3/130
s 2
f 114/1/127 105/2/129 108/3/132
f 115/1/133 108/2/132 106/3/134
f 101/1/120 115/2/133 111/3/124
f 98/1/135 114/2/127 115/3/133
s 1
f 96/1/114 110/2/123 113/3/131
s 2
f 95/4/136 113/5/851 114/6/127
f 99/1/112 111/2/124 112/3/126
s 1
f 97/1/137 109/2/121 110/3/123
f 116/1/138 118/2/142 117/3/139
f 35/1/141 118/2/142 120/3/143
f 109/1/121 97/2/137 119/3/144
f 121/1/145 120/2/143 118/3/142
f 104/1/146 109/2/121 120/3/143
f 49/1/148 123/2/154 122/3/147
f 122/1/147 116/2/138 40/3/140
f 124/1/149 123/2/154 49/3/148
f 124/1/149 42/2/150 54/3/151
f 416/1/153 125/2/171 54/3/67
f 123/4/154 432/5/169 434/6/155
f 122/4/147 434/5/155 437/6/156
f 129/1/157 132/2/162 131/3/158
f 128/1/159 131/2/158 130/3/160
f 132/1/162 135/2/165 134/3/163
f 131/1/158 134/2/163 133/3/164
f 135/1/165 132/2/162 137/3/166
f 132/1/162 129/2/157 136/3/168
f 124/4/149 433/5/256 432/6/169
f 416/4/153 435/5/627 436/6/170
f 140/1/172 414/2/580 141/3/173
f 141/1/173 414/2/580 144/3/175
f 144/1/175 146/2/178 145/3/177
f 146/1/178 144/2/175 444/3/179
f 147/4/181 444/5/179 445/6/182
f 147/1/181 413/2/183 501/3/670
f 147/1/181 501/2/670 149/3/188
f 501/1/670 415/2/616 149/3/188
f 151/1/186 149/2/188 500/3/184
f 500/1/184 149/2/188 415/3/616
f 148/1/187 147/2/181 149/3/188
s 3
f 149/1/190 151/2/852 154/3/191
f 150/1/193 149/2/190 152/3/192
s 1
f 152/1/195 154/2/220 157/3/196
f 153/1/198 152/2/195 155/3/197
f 157/1/196 159/2/201 158/3/199
s 4
f 158/1/200 481/2/200 479/3/200
s 1
f 159/1/201 162/2/212 160/3/202
s 5
f 160/1/203 162/2/218 165/3/204
f 161/1/206 160/2/203 163/3/205
s 1
f 165/1/208 168/2/222 166/3/209
f 163/1/210 166/2/209 167/3/211
f 162/1/212 159/2/201 172/3/213
s 3
f 170/1/217 154/2/191 189/3/215
f 154/1/191 151/2/852 189/3/215
s 5
f 162/1/218 173/2/228 174/3/219
s 1
f 154/1/220 170/2/227 171/3/221
f 168/1/222 165/2/208 174/3/223
f 159/1/201 157/2/196 171/3/221
f 179/1/225 180/2/259 173/3/214
f 177/1/226 178/2/230 171/3/221
s 5
f 173/1/228 180/2/853 181/3/229
s 1
f 178/1/230 179/2/225 172/3/213
f 181/1/231 182/2/233 175/3/224
s 3
f 169/1/216 176/2/241 177/3/232
s 1
f 182/1/233 181/2/231 185/3/234
s 5
f 181/1/229 180/2/853 184/3/236
s 1
f 186/1/235 185/2/234 187/3/239
f 179/1/225 178/2/230 56/3/63
f 177/1/226 183/2/68 56/3/63
f 140/4/172 435/5/627 438/6/243
f 449/4/245 450/5/638 447/6/246
f 447/1/246 402/2/250 169/3/247
f 176/1/249 169/2/247 402/3/250
f 58/4/71 441/5/253 440/6/252
f 55/4/70 439/5/255 441/6/253
f 55/4/70 457/5/640 454/6/254
f 125/4/152 436/5/628 433/6/256
f 137/1/166 136/2/168 141/3/257
f 136/1/168 139/2/854 141/3/257
f 143/1/258 145/2/855 138/3/167
f 57/1/62 184/2/260 180/3/259
f 45/1/55 187/2/239 184/3/260
f 18/1/13 17/2/313 235/3/261
f 398/1/262 19/2/14 14/3/263
f 19/1/14 398/2/262 192/3/265
f 399/1/267 400/2/270 197/3/268
f 398/1/262 399/2/267 199/3/269
f 400/1/270 401/2/856 201/3/271
f 201/1/271 203/2/857 202/3/272
f 199/1/269 207/2/276 204/3/273
f 195/1/266 206/2/275 205/3/274
f 192/1/265 204/2/273 206/3/275
f 197/1/268 202/2/272 207/3/276
f 202/1/277 203/2/278 209/3/278
f 204/1/280 207/2/285 213/3/281
f 206/1/275 212/2/284 211/3/283
f 204/1/280 210/2/282 212/3/284
f 207/1/285 202/2/277 208/3/279
f 214/1/290 208/2/858 483/3/859
f 208/1/858 209/2/860 483/3/859
f 212/1/284 210/2/292 216/3/286
f 215/1/288 211/2/283 212/3/284
f 213/1/289 208/2/858 214/3/290
f 218/1/291 216/2/286 210/3/292
f 218/1/291 214/2/861 219/3/293
f 231/1/294 230/2/295 216/3/286
f 217/1/287 216/2/286 230/3/295
f 217/1/287 229/2/296 227/3/297
f 232/1/298 231/2/294 219/3/299
f 233/1/301 230/2/295 231/3/294
f 234/1/302 229/2/296 230/3/295
f 228/1/303 227/2/297 229/3/296
s 6
f 30/4/305 236/5/862 238/6/306
f 237/4/307 238/5/306 90/6/308
s 1
f 235/1/261 255/2/314 245/3/312
f 17/1/313 244/2/322 255/3/314
f 211/1/283 215/2/288 252/3/315
f 215/1/288 227/2/297 253/3/317
f 21/1/17 245/2/312 246/3/318
f 228/1/303 254/2/863 253/3/317
f 193/1/19 194/2/264 249/3/319
f 194/1/264 205/2/274 250/3/321
f 17/1/313 193/2/19 248/3/320
f 205/1/274 211/2/283 251/3/316
s 7
f 259/1/325 34/2/864 476/3/323
f 476/1/323 29/2/333 258/3/324
f 259/1/325 258/2/324 257/3/326
f 39/1/328 34/2/864 259/3/325
f 469/1/332 24/2/865 261/3/330
f 24/1/865 247/2/356 262/3/358
f 262/1/358 261/2/330 24/3/865
f 261/1/330 264/2/336 257/3/326
f 63/1/331 261/2/330 258/3/324
f 260/1/329 259/2/325 256/3/327
f 261/1/330 262/2/358 265/3/335
f 257/1/326 264/2/336 268/3/337
f 257/1/326 267/2/338 266/3/339
s 1
f 242/1/340 277/2/350 278/3/341
f 187/1/239 273/2/354 274/3/343
f 240/1/344 275/2/346 276/3/345
f 243/1/342 278/2/341 275/3/346
f 241/1/310 276/2/345 272/3/347
f 37/1/41 38/2/866 270/3/348
f 242/1/340 37/2/41 269/3/349
f 270/1/348 38/2/866 271/3/353
f 38/1/866 459/2/351 271/3/353
f 48/1/311 272/2/347 273/3/354
f 246/1/318 279/2/359 23/3/21
f 279/1/359 247/2/646 458/3/360
f 22/1/22 23/2/21 458/3/360
s 7
f 262/1/358 279/2/357 280/3/361
s 8
f 248/1/362 284/2/369 281/3/363
f 252/1/365 288/2/374 287/3/366
f 249/1/368 285/2/379 284/3/369
f 246/1/370 245/2/384 282/3/371
f 252/1/365 253/2/382 289/3/373
f 280/1/375 279/2/380 292/3/376
f 250/1/378 286/2/383 285/3/379
f 279/1/380 246/2/370 283/3/372
f 254/1/381 290/2/393 289/3/373
f 251/1/367 287/2/366 286/3/383
f 245/1/384 255/2/386 291/3/385
f 255/1/386 244/2/364 281/3/363
f 293/1/377 292/2/376 305/3/387
f 283/1/372 282/2/371 295/3/389
f 289/1/373 302/2/394 301/3/391
f 286/1/383 299/2/395 298/3/392
f 292/1/376 283/2/372 296/3/390
f 290/1/393 303/2/444 302/3/394
f 287/1/366 300/2/399 299/3/395
f 282/1/371 291/2/385 304/3/396
f 291/1/385 281/2/363 294/3/397
f 281/1/363 284/2/369 297/3/398
f 288/1/374 301/2/391 300/3/399
f 285/1/379 298/2/392 297/3/398
s 9
f 272/1/400 276/2/417 315/3/401
f 274/1/403 273/2/412 312/3/404
f 277/1/406 269/2/414 308/3/407
f 263/1/409 307/2/428 310/3/410
f 273/1/412 272/2/400 311/3/402
f 270/1/413 309/2/419 308/3/407
f 278/1/415 277/2/406 316/3/408
f 276/1/417 275/2/420 314/3/418
f 271/1/411 310/2/410 309/3/419
f 275/1/420 278/2/415 317/3/416
f 315/1/401 314/2/418 325/3/421
f 310/1/410 321/2/429 320/3/423
f 314/1/418 317/2/416 328/3/424
f 311/1/402 315/2/401 326/3/422
f 313/1/405 312/2/404 323/3/426
f 307/1/428 318/2/449 321/3/429
f 308/1/407 319/2/431 327/3/430
f 312/1/404 311/2/402 322/3/425
f 309/1/419 320/2/423 319/3/431
f 316/1/408 327/2/430 328/3/424
s 8
f 300/4/399 335/5/435 334/6/432
s 9
f 322/4/425 326/5/422 350/6/433
s 8
f 301/4/391 336/5/440 335/6/435
f 297/4/398 332/5/454 329/6/436
s 9
f 327/4/430 319/5/431 343/6/437
s 8
f 301/4/391 302/5/394 337/6/439
f 296/4/390 295/5/389 330/6/441
s 9
f 328/4/424 327/5/430 351/6/438
s 8
f 303/4/444 338/5/867 337/6/439
s 9
f 320/4/423 344/5/447 343/6/437
s 8
f 305/4/387 296/5/390 331/6/442
s 9
f 328/4/424 352/5/443 349/6/446
f 321/4/429 345/5/450 344/6/447
s 8
f 294/4/397 329/5/436 339/6/448
f 295/4/389 304/5/396 339/6/448
s 9
f 318/4/449 342/5/868 345/6/450
f 324/4/427 323/5/426 347/6/451
s 8
f 306/4/388 305/5/387 340/6/445
f 298/4/392 333/5/455 332/6/454
s 9
f 323/4/426 322/5/425 346/6/434
s 8
f 299/4/395 334/5/432 333/6/455
s 9
f 326/4/422 325/5/421 349/6/446
s 10
f 343/4/456 344/5/456 351/6/456
f 344/4/456 345/5/456 351/6/456
f 345/4/456 342/5/456 347/6/456
f 342/4/456 348/5/456 347/6/456
f 347/4/456 346/5/456 351/6/456
f 346/4/456 350/5/456 349/6/456
f 349/4/456 352/5/456 346/6/456
f 352/4/456 351/5/456 346/6/456
s 11
f 339/4/456 329/5/456 330/6/456
f 329/4/456 332/5/456 334/6/456
f 330/4/456 329/5/456 334/6/456
f 332/4/456 333/5/456 334/6/456
f 334/4/456 335/5/456 336/6/456
f 336/4/456 337/5/456 340/6/456
f 337/4/456 338/5/456 341/6/456
f 340/4/456 337/5/456 341/6/456
f 340/4/456 331/5/456 336/6/456
f 331/4/456 330/5/456 334/6/456
s 12
f 220/4/869 221/5/870 338/6/460
f 221/4/870 222/5/871 338/6/460
f 222/4/871 223/5/872 338/6/460
f 223/4/872 224/5/873 338/6/460
f 224/4/873 225/5/874 353/6/875
f 225/4/874 226/5/876 353/6/875
f 353/4/875 338/5/460 224/6/873
f 303/4/459 290/5/877 228/6/457
f 290/4/877 254/5/878 228/6/457
f 338/4/460 303/5/459 232/6/879
f 232/4/879 220/5/869 338/6/460
f 234/4/458 233/5/880 303/6/459
f 233/4/880 232/5/879 303/6/459
f 338/4/460 353/5/875 354/6/461
f 348/4/463 342/5/881 355/6/464
f 167/4/882 166/5/883 356/6/465
f 166/4/883 168/5/884 348/6/463
f 356/4/465 166/5/883 348/6/463
f 168/4/884 175/5/885 348/6/463
f 175/4/885 182/5/886 348/6/463
f 182/4/886 186/5/466 348/6/463
f 186/4/466 188/5/887 324/6/467
f 188/4/887 274/5/888 313/6/889
f 188/4/887 313/5/889 324/6/467
s 13
f 97/4/468 359/5/468 360/6/469
s 14
f 97/4/471 90/5/890 358/6/472
s 6
f 238/4/306 362/5/476 358/6/474
f 238/4/306 236/5/862 361/6/475
s 13
f 119/4/470 360/5/469 357/6/477
s 1
f 236/4/42 35/5/44 357/6/479
f 365/4/488 62/5/28 467/6/30
f 467/4/30 25/5/36 365/6/488
s 6
f 239/4/309 371/5/891 370/6/489
s 17
f 72/4/490 368/5/494 369/6/491
f 72/4/490 69/5/499 367/6/493
f 66/4/495 62/5/892 365/6/496
s 6
f 237/4/307 370/5/489 364/6/498
s 17
f 69/4/499 66/5/495 366/6/497
f 83/4/492 369/5/491 371/6/500
s 1
f 363/4/487 25/5/36 364/6/502
f 25/4/36 474/5/35 364/6/502
s 16
f 363/7/504 366/8/505 365/9/893
s 20
f 73/4/512 377/5/521 376/6/513
s 21
f 64/4/515 375/5/519 374/6/516
f 67/4/518 376/5/894 375/6/519
s 20
f 80/4/520 380/5/523 377/6/521
f 80/4/520 75/5/524 378/6/522
f 75/4/524 77/5/895 379/6/525
s 22
f 108/4/526 105/5/529 384/6/527
f 105/4/529 102/5/539 381/6/530
f 127/4/531 130/5/545 391/6/532
f 121/4/534 116/5/896 388/6/535
f 108/4/526 387/5/528 385/6/537
f 102/4/539 103/5/548 382/6/540
f 121/4/534 389/5/536 383/6/541
f 107/4/543 106/5/538 385/6/537
f 130/4/545 133/5/897 392/6/546
f 388/4/535 116/5/896 437/6/547
f 437/4/547 127/5/531 390/6/533
f 103/4/548 104/5/542 383/6/541
s 18
f 384/7/557 381/8/898 383/9/899
f 381/7/898 382/8/900 383/9/899
f 1010/8/901 392/7/507 1008/8/902
s 23
f 9/10/558 196/11/563 198/12/559
f 396/4/903 1/5/658 484/6/562
f 1/4/658 9/5/558 484/6/562
f 191/4/560 398/5/565 397/6/561
f 196/4/563 400/5/567 399/6/564
f 191/4/560 198/5/559 399/6/564
f 196/4/563 200/5/657 401/6/566
s 1
f 427/1/624 404/2/610 498/3/669
f 427/1/624 498/2/669 430/3/626
f 498/1/669 422/2/568 430/3/626
f 443/1/244 405/2/573 430/3/626
f 497/1/569 442/2/633 443/3/244
f 430/1/626 422/2/568 443/3/244
f 411/13/570 409/14/623 406/15/571
f 408/4/575 410/5/625 405/6/573
f 410/4/625 430/5/626 405/6/573
f 504/4/576 502/5/904 412/6/577
f 506/4/579 503/5/634 414/6/580
f 508/4/582 501/5/670 413/6/183
f 510/4/584 440/5/252 417/6/585
f 512/4/587 490/5/631 418/6/588
f 514/4/590 493/5/905 419/6/591
f 516/4/593 494/5/668 403/6/594
f 518/4/596 495/5/632 420/6/597
f 416/4/153 521/5/666 438/6/243
f 521/4/666 520/5/599 438/6/243
f 522/4/601 491/5/639 421/6/602
f 402/4/250 525/5/667 455/6/606
f 525/4/667 524/5/604 455/6/606
f 526/4/607 497/5/569 422/6/568
f 528/4/609 498/5/669 404/6/610
f 530/4/612 499/5/636 423/6/613
f 532/4/615 500/5/184 415/6/616
f 533/4/618 449/5/245 424/6/185
f 428/4/637 409/5/623 429/6/621
f 409/4/623 411/5/570 429/6/621
f 408/4/575 425/5/574 407/6/622
f 409/4/623 428/5/637 427/6/624
f 410/4/625 406/5/571 427/6/624
f 411/4/570 426/5/572 407/6/622
f 410/13/625 408/14/575 426/15/572
f 433/1/256 136/2/168 129/3/157
f 435/1/627 140/2/172 139/3/174
f 432/1/169 129/2/157 128/3/159
f 434/1/155 128/2/159 127/3/161
f 436/1/628 139/2/854 136/3/168
f 439/1/255 454/2/254 453/3/630
f 417/1/585 440/2/252 441/3/253
f 441/1/253 190/2/629 490/3/631
f 190/1/629 418/2/588 490/3/631
f 443/1/244 438/2/243 496/3/600
f 443/1/244 496/2/600 420/3/597
f 425/1/574 405/2/573 443/3/244
f 403/1/594 407/2/622 495/3/632
f 407/1/622 425/2/574 495/3/632
f 443/1/244 420/2/597 425/3/574
f 442/4/633 414/5/580 140/6/172
f 502/1/904 445/2/182 444/3/179
f 144/1/175 414/2/580 503/3/634
f 412/1/577 502/2/904 144/3/175
f 502/1/904 444/2/179 144/3/175
f 446/4/180 444/5/179 147/6/181
f 447/1/246 189/2/248 151/3/186
f 447/4/246 450/5/638 448/6/635
f 429/1/621 450/2/638 428/3/637
f 450/1/638 449/2/245 423/3/613
f 450/1/638 423/2/613 499/3/636
f 428/1/637 450/2/638 499/3/636
f 404/1/610 427/2/624 428/3/637
f 493/1/905 448/2/635 450/3/638
f 450/1/638 429/2/621 431/3/620
f 431/1/620 407/2/622 403/3/594
f 431/1/620 403/2/594 494/3/668
f 419/1/591 493/2/905 450/3/638
f 431/1/620 494/2/668 419/3/591
f 451/4/251 402/5/250 455/6/606
f 453/1/630 455/2/606 492/3/605
f 453/1/630 492/2/605 421/3/602
f 418/1/588 190/2/629 491/3/639
f 190/1/629 453/2/630 491/3/639
f 454/4/254 452/5/641 451/6/251
f 457/4/640 456/5/69 452/6/641
f 460/4/31 466/5/649 469/6/642
f 462/1/644 34/2/37 39/3/645
f 473/4/37 476/5/37 34/6/37
f 463/4/37 460/5/31 63/6/643
f 461/1/72 458/2/360 247/3/646
f 470/4/29 62/5/28 464/6/74
f 464/4/74 15/5/16 465/6/76
f 472/4/648 470/5/29 464/6/74
f 25/1/36 467/2/30 26/3/27
f 467/1/30 470/2/29 61/3/26
f 468/1/73 59/2/23 60/3/25
f 472/1/648 465/2/76 61/3/26
f 466/1/649 460/2/31 59/3/23
f 466/4/649 461/5/72 24/6/647
f 465/1/76 471/2/75 60/3/25
f 476/4/37 473/5/37 463/6/37
f 478/4/38 477/5/34 32/6/39
f 477/4/34 475/5/33 33/6/45
f 478/4/38 31/5/47 30/6/304
f 475/4/33 473/5/37 462/6/644
s 5
f 479/1/650 481/2/653 482/3/651
f 481/1/653 160/2/203 161/3/206
s 24
f 155/1/654 479/2/906 480/3/655
s 23
f 200/10/657 196/11/563 9/12/558
s 1
f 488/4/5 485/5/3 5/6/659
f 485/1/3 488/2/5 14/3/263
f 484/4/6 488/5/5 8/6/660
f 485/4/3 487/5/2 6/6/8
f 489/1/11 487/2/2 12/3/12
f 489/4/11 486/5/10 2/6/662
s 12
f 341/4/462 354/5/461 267/6/907
f 354/4/461 355/5/464 267/6/907
f 355/4/464 342/5/881 267/6/907
f 280/4/908 293/5/909 265/6/910
f 293/4/909 306/5/911 265/6/910
f 306/4/911 341/5/462 268/6/912
f 318/4/663 307/5/913 263/6/664
f 341/4/462 267/5/907 268/6/912
f 342/4/881 318/5/663 266/6/665
f 267/4/907 342/5/881 266/6/665
f 268/4/912 265/5/910 306/6/911
s 1
f 440/4/252 510/5/584 521/6/666
f 490/4/631 512/5/587 511/6/586
f 491/4/639 522/5/601 513/6/589
f 492/4/605 524/5/604 523/6/603
f 448/4/635 493/5/905 514/6/590
f 514/4/590 525/5/667 448/6/635
f 494/4/668 516/5/593 515/6/592
f 495/4/632 518/5/596 517/6/595
f 496/4/600 520/5/599 519/6/598
f 442/4/633 497/5/569 526/6/607
f 526/4/607 534/5/581 442/6/633
f 498/4/669 528/5/609 527/6/608
f 499/4/636 530/5/612 529/6/611
f 449/4/245 533/5/618 531/6/614
f 500/4/184 532/5/615 535/6/619
f 501/4/670 508/5/582 509/6/617
f 445/4/182 502/5/904 505/6/583
f 502/4/904 504/5/576 505/6/583
f 503/4/634 506/5/579 507/6/578
s 25
f 625/16/671 626/17/732 505/18/672
f 627/16/674 628/17/733 507/18/675
f 630/16/677 509/17/714 508/18/678
s 26
f 609/16/680 510/17/717 511/18/681
f 612/16/683 611/17/718 512/18/684
f 614/16/686 613/17/721 514/18/687
f 615/16/689 516/17/722 517/18/690
f 617/16/692 518/17/723 519/18/693
f 619/16/695 520/17/724 521/18/696
f 622/16/698 621/17/719 522/18/699
f 624/16/701 623/17/720 524/18/702
s 25
f 632/16/704 631/17/725 526/18/705
f 633/16/707 528/17/727 529/18/708
f 635/16/710 530/17/728 531/18/711
f 637/16/713 532/17/731 509/18/714
f 636/16/712 531/17/711 533/18/715
s 26
f 620/16/697 521/17/696 510/18/717
f 610/16/682 511/17/681 512/18/684
f 621/16/719 612/17/683 513/18/685
f 623/16/720 622/17/698 523/18/700
f 613/16/721 624/17/701 525/18/703
f 615/16/689 614/17/686 515/18/688
f 616/16/691 517/17/690 518/18/723
f 618/16/694 519/17/693 520/18/724
s 25
f 631/16/725 639/17/734 534/18/726
f 633/16/707 632/17/704 527/18/706
f 634/16/709 529/17/708 530/18/728
f 638/16/716 533/17/715 535/18/729
f 640/16/730 535/17/729 532/18/731
f 626/16/732 629/17/679 508/18/678
f 628/16/733 625/17/671 504/18/673
f 639/16/734 627/17/674 506/18/676
s 1
f 452/1/641 456/2/69 183/3/68
f 183/1/68 176/2/249 452/3/641
s 27
f 537/1/735 570/2/749 567/3/736
s 28
f 543/1/738 578/2/791 577/3/739
s 27
f 571/1/741 541/2/745 551/3/742
f 537/1/735 545/2/751 546/3/744
f 568/1/746 569/2/758 540/3/747
f 570/1/749 537/2/735 541/3/745
f 553/1/750 546/2/744 545/3/751
f 551/1/742 541/2/745 546/3/744
f 562/4/753 556/5/764 558/6/754
f 536/1/748 540/2/747 547/3/756
f 537/1/735 548/2/737 552/3/752
f 551/1/742 553/2/750 547/3/756
f 547/1/756 553/2/750 552/3/752
f 569/1/758 572/2/743 551/3/742
s 28
f 549/1/759 539/2/740 577/3/739
s 27
f 561/1/761 560/2/768 555/3/762
f 562/4/753 561/5/761 554/6/766
f 564/4/767 557/5/771 555/6/762
f 563/4/755 558/5/754 559/6/769
f 564/4/767 565/5/770 559/6/769
f 544/1/757 552/2/752 565/3/770
f 548/1/737 563/2/755 565/3/770
f 536/1/748 544/2/757 564/3/767
f 568/1/746 561/2/761 562/3/753
f 536/1/748 560/2/768 561/3/761
f 548/1/737 567/2/736 562/3/753
s 29
f 538/1/772 568/2/776 567/3/773
f 538/1/772 542/2/779 569/3/775
f 543/1/777 539/2/781 570/3/778
f 542/1/779 550/2/782 572/3/780
f 539/1/781 549/2/774 567/3/773
f 543/1/777 571/2/777 572/3/780
s 30
f 577/7/783 578/8/914 574/9/784
f 573/7/785 574/8/784 576/9/786
s 28
f 538/1/788 549/2/759 573/3/760
f 543/1/738 550/2/792 574/3/790
f 550/1/792 542/2/794 576/3/793
f 538/1/788 575/2/789 576/3/793
s 31
f 602/4/795 590/5/828 582/6/796
s 32
f 596/4/798 582/5/915 586/6/799
f 600/4/801 594/5/823 584/6/802
f 584/4/802 580/5/916 595/6/804
s 33
f 588/4/805 591/5/917 583/6/806
s 34
f 589/4/808 580/5/918 584/6/809
f 586/4/811 582/5/919 590/6/812
f 604/4/814 589/5/808 594/6/810
s 33
f 585/4/816 592/5/920 587/6/817
f 605/4/819 591/5/917 588/6/805
s 32
f 586/4/799 593/5/842 599/6/821
f 608/4/822 606/5/921 594/6/823
s 31
f 580/4/824 589/5/841 601/6/825
f 607/4/827 604/5/830 590/6/828
f 607/4/827 602/5/795 587/6/829
f 579/4/831 595/5/826 601/6/825
s 32
f 608/4/822 600/5/801 591/6/833
f 585/4/835 597/5/800 599/6/821
f 583/4/837 598/5/803 595/6/804
f 600/4/801 598/5/803 583/6/837
f 596/4/798 597/5/800 585/6/835
s 31
f 602/4/795 596/5/797 581/6/840
s 32
f 592/4/836 599/5/821 608/6/822
s 31
f 588/4/832 601/5/825 607/6/827
f 589/4/841 604/5/830 607/6/827
s 32
f 593/4/842 606/5/921 608/6/822
s 33
f 587/4/817 592/5/920 605/6/819
s 34
f 593/4/813 590/5/812 604/6/814
s 1
f 52/1/43 31/2/47 36/3/48
f 641/1/50 242/2/340 243/3/342
f 642/1/66 50/2/60 40/3/61
f 643/1/849 243/2/342 240/3/344
f 642/1/66 52/2/43 641/3/50
f 241/1/310 46/2/54 644/3/850
f 645/1/52 44/2/56 56/3/63
f 644/1/850 47/2/51 41/3/65
f 644/1/850 46/2/54 44/3/56
f 655/1/922 1097/2/923 1099/3/924
f 1012/1/925 1096/2/926 1100/3/927
f 1099/4/924 650/5/928 651/6/929
f 657/1/930 1101/2/931 1098/3/932
f 656/1/933 657/2/930 662/3/934
f 655/1/922 660/2/935 663/3/936
f 659/1/937 664/2/938 665/3/939
f 655/1/922 817/2/940 660/3/935
f 657/1/930 654/2/941 659/3/937
f 664/1/938 666/2/942 667/3/943
f 703/1/944 704/2/945 671/3/946
f 705/1/947 670/2/948 671/3/946
f 706/4/949 1081/5/950 1084/6/951
f 1074/1/952 703/2/944 672/3/953
f 671/1/946 1091/2/954 1089/3/955
f 670/1/948 669/2/956 1088/3/957
f 672/1/953 1089/2/955 1087/3/958
f 670/1/948 1092/2/959 1091/3/954
f 676/1/960 681/2/961 682/3/962
f 861/1/963 679/2/964 696/3/965
f 677/1/966 682/2/962 1073/3/967
f 675/1/968 680/2/969 676/3/960
f 696/1/965 679/2/964 754/3/970
f 681/1/961 680/2/969 1253/3/971
f 691/1/972 687/2/973 1257/3/974
f 690/1/975 688/2/976 689/3/977
f 693/1/978 686/2/979 697/3/980
f 694/1/981 684/2/982 693/3/978
f 688/1/976 700/2/983 701/3/984
f 695/1/985 697/2/980 687/3/973
f 695/1/985 691/2/972 685/3/986
f 1254/1/987 694/2/981 685/3/986
f 697/1/980 686/2/979 698/3/988
f 1257/1/974 1070/2/989 807/3/990
f 697/1/980 702/2/991 699/3/992
f 1075/4/993 666/5/942 1082/6/994
f 654/1/941 706/2/949 1078/3/995
f 659/4/937 1079/5/996 1085/6/997
f 666/4/942 664/5/938 1085/6/997
f 706/1/949 654/2/941 709/3/998
f 1098/1/932 709/2/998 654/3/941
f 710/1/999 709/2/998 712/3/1000
f 709/1/998 708/2/1001 711/3/1002
f 713/1/1003 712/2/1000 715/3/1004
f 712/1/1000 711/2/1002 714/3/1005
s 2
f 711/4/1006 717/5/1007 718/6/1008
f 722/1/1009 719/2/1010 720/3/1011
f 719/1/1010 77/2/92 78/3/91
f 717/1/1007 722/2/1009 721/3/1012
s 1
f 715/1/1004 714/2/1005 723/3/1013
s 2
f 721/1/1012 720/2/1011 727/3/1014
f 718/1/1008 721/2/1012 728/3/1015
f 720/1/1011 78/2/91 86/3/97
s 1
f 716/1/1016 715/2/1004 724/3/1017
s 2
f 714/4/1018 718/5/1008 726/6/1019
f 726/1/1020 728/2/1015 734/3/1021
f 728/1/1015 727/2/1014 733/3/1022
s 1
f 725/1/1023 730/2/1024 864/3/1025
s 2
f 727/1/1014 86/2/97 93/3/108
f 723/4/1026 726/5/1019 732/6/1027
s 1
f 724/1/1017 723/2/1013 729/3/1028
s 2
f 734/1/1021 733/2/1022 739/3/1029
s 1
f 731/1/1030 730/2/1024 736/3/1031
s 2
f 733/1/1022 93/2/108 100/3/115
f 729/4/1032 732/5/1027 738/6/1033
s 1
f 730/1/1024 729/2/1028 735/3/1034
s 2
f 732/1/1035 734/2/1021 740/3/1036
s 1
f 747/1/1037 748/2/1038 742/3/1039
s 2
f 749/1/1040 112/2/126 107/3/125
f 751/4/1041 744/5/1042 741/6/1043
s 1
f 748/1/1038 750/2/1044 741/3/1045
s 2
f 751/1/1041 752/2/1046 746/3/1047
f 752/1/1046 749/2/1040 745/3/1048
f 740/1/1036 739/2/1029 749/3/1040
f 738/1/1049 740/2/1036 752/3/1046
s 1
f 736/1/1031 735/2/1034 750/3/1044
s 2
f 735/4/1050 738/5/1033 751/6/1041
f 739/1/1029 100/2/115 112/3/126
s 1
f 737/1/1051 736/2/1031 748/3/1038
f 753/1/1052 684/2/1053 754/3/1054
f 679/1/1055 755/2/1056 754/3/1054
f 679/1/1055 756/2/1057 757/3/1058
f 747/1/1037 757/2/1058 756/3/1057
f 758/1/1059 753/2/1052 755/3/1056
f 743/1/1060 758/2/1059 757/3/1058
f 759/1/1061 693/2/1062 684/3/1053
f 761/1/1063 686/2/1064 693/3/1062
f 761/1/1063 762/2/1065 698/3/1066
f 1031/1/1067 702/2/991 698/3/988
f 760/4/1068 759/5/1061 1049/6/1069
f 759/4/1061 753/5/1052 1052/6/1070
f 766/1/1071 765/2/1072 768/3/1073
f 765/1/1072 764/2/1074 767/3/1075
f 769/1/1076 768/2/1073 134/3/163
f 768/1/1073 767/2/1075 133/3/164
f 135/1/165 138/2/167 771/3/1077
f 769/1/1076 771/2/1077 770/3/1078
f 761/4/1063 760/5/1068 1047/6/1079
f 1031/4/1067 762/5/1080 1051/6/1081
f 773/1/1082 772/2/1083 774/3/1084
f 774/1/1084 776/2/1085 777/3/1086
f 777/1/1086 776/2/1085 145/3/177
f 146/1/178 446/2/180 1059/3/1087
f 778/4/1088 1028/5/1089 1060/6/1090
f 1112/1/1091 780/2/1092 1039/3/1093
f 148/1/187 150/2/189 779/3/1094
s 3
f 779/1/1095 781/2/1096 782/3/1097
f 150/1/193 153/2/194 781/3/1096
s 1
f 781/1/1098 783/2/1099 784/3/1100
f 153/1/198 156/2/198 783/3/1099
f 784/1/1100 783/2/1099 785/3/1101
s 37
f 785/1/456 783/2/456 1093/3/456
s 1
f 786/1/1102 785/2/1101 787/3/1103
s 5
f 787/1/1104 789/2/1105 790/3/1106
f 161/1/206 164/2/207 789/3/1105
s 1
f 790/1/1107 789/2/1108 791/3/1109
f 789/1/1108 164/2/211 167/3/211
f 788/1/1110 797/2/1111 796/3/1112
s 3
f 813/1/1113 794/2/1114 793/3/1115
s 5
f 788/1/1116 790/2/1106 798/3/1117
s 1
f 782/1/1118 784/2/1100 795/3/1119
f 792/1/1120 799/2/1121 798/3/1122
f 786/1/1102 796/2/1112 795/3/1119
f 803/1/1123 796/2/1112 797/3/1111
f 801/1/1124 794/2/1125 795/3/1119
s 5
f 797/1/1126 798/2/1117 805/3/1127
s 1
f 802/1/1128 795/2/1119 796/3/1112
f 805/1/1129 798/2/1122 799/3/1121
s 3
f 793/1/1115 794/2/1114 801/3/1130
s 1
f 806/1/1131 810/2/1132 809/3/1133
s 5
f 805/1/1127 809/2/1134 808/3/1135
f 809/1/1134 811/2/1136 808/3/1135
s 1
f 810/1/1132 812/2/1137 811/3/1138
f 803/1/1123 701/2/984 700/3/983
f 801/1/1124 802/2/1128 700/3/983
s 3
f 801/1/1130 807/2/1139 800/3/1140
s 1
f 773/4/1082 1058/5/1141 1053/6/1142
f 1063/4/1143 1039/5/1093 1061/6/1144
f 1061/1/1144 813/2/1145 793/3/1146
f 800/1/1147 1065/2/1148 1017/3/1149
f 702/4/991 1031/5/1067 1055/6/1150
f 699/4/992 702/5/991 1056/6/1151
f 699/4/992 1054/5/1152 1068/6/1153
f 762/4/1065 761/5/1063 1048/6/1154
f 774/1/1155 771/2/1077 776/3/1156
f 776/1/1156 771/2/1077 138/3/167
f 701/1/984 803/2/1123 804/3/1157
f 689/1/977 701/2/984 808/3/1158
f 662/1/934 665/2/939 860/3/1159
f 1013/1/1160 1012/2/925 658/3/1161
f 817/1/940 818/2/1162 660/3/935
f 663/1/936 819/2/1163 816/3/1164
f 663/1/936 660/2/935 819/3/1163
f 1014/1/1165 823/2/1166 821/3/1167
f 1013/1/1160 816/2/1164 823/3/1166
f 1015/1/1168 821/2/1167 825/3/1169
f 825/1/1169 821/2/1167 826/3/1170
f 823/1/1166 816/2/1164 828/3/1171
f 819/1/1163 818/2/1162 829/3/1172
f 816/1/1164 819/2/1163 830/3/1173
f 821/1/1167 823/2/1166 831/3/1174
f 826/1/1175 832/2/1176 833/3/1177
f 828/1/1178 834/2/1179 837/3/1180
f 830/1/1173 829/2/1172 835/3/1181
f 828/1/1178 830/2/1173 836/3/1182
f 831/1/1183 837/2/1180 832/3/1176
f 1095/1/1184 838/2/1185 839/3/1186
f 836/1/1182 842/2/1187 841/3/1188
f 840/1/1189 842/2/1187 836/3/1182
f 837/1/1190 843/2/1191 838/3/1185
f 843/1/1191 837/2/1190 834/3/1192
f 839/1/1193 838/2/1194 844/3/1195
f 844/1/1196 846/2/1197 847/3/1198
f 843/1/1191 856/2/1199 844/3/1195
f 856/1/1199 843/2/1191 841/3/1188
f 842/1/1187 854/2/1200 855/3/1201
f 842/1/1187 840/2/1189 852/3/1202
f 857/1/1203 846/2/1197 844/3/1196
f 858/1/1204 857/2/1203 856/3/1199
f 859/1/1205 858/2/1204 855/3/1201
f 853/1/1206 859/2/1205 854/3/1200
f 674/1/1207 861/2/963 675/3/968
s 38
f 674/4/1208 862/5/1209 863/6/1210
f 862/4/1209 864/5/1211 731/6/1212
s 1
f 866/1/1213 690/2/975 692/3/1214
f 860/1/1159 665/2/939 870/3/1215
f 661/1/1216 860/2/1159 880/3/1217
f 835/1/1181 876/2/1218 877/3/1219
f 840/1/1189 877/2/1219 878/3/1220
f 665/1/939 667/2/943 871/3/1221
f 853/1/1206 852/2/1202 878/3/1220
f 817/1/940 873/2/1222 874/3/1223
f 818/1/1162 874/2/1223 875/3/1224
f 661/1/1216 869/2/1225 873/3/1222
f 829/1/1172 875/2/1224 876/3/1218
s 39
f 1090/1/1226 884/2/1227 883/3/1228
f 884/1/1227 881/2/1229 882/3/1230
f 683/1/1231 885/2/1232 884/3/1227
f 886/1/1233 1083/2/1234 707/3/1235
f 886/1/1233 883/2/1228 882/3/1230
f 707/1/1235 673/2/1236 883/3/1228
f 885/1/1232 888/2/1237 881/3/1229
f 886/1/1233 889/2/1238 890/3/1239
f 882/1/1230 892/2/1240 893/3/1241
f 882/1/1230 881/2/1229 891/3/1242
f 889/1/1238 893/2/1241 890/3/1239
f 881/1/1229 888/2/1237 891/3/1242
s 1
f 867/1/1243 868/2/1244 903/3/1245
f 811/1/1138 812/2/1137 899/3/1246
f 865/1/1247 866/2/1213 901/3/1248
f 868/1/1244 865/2/1247 900/3/1249
f 866/1/1213 692/2/1214 897/3/1250
f 681/1/961 894/2/1251 895/3/1252
f 867/1/1243 902/2/1253 894/3/1251
f 1073/1/1254 896/2/1255 683/3/1256
f 692/1/1214 811/2/1138 898/3/1257
s 39
f 683/1/1231 896/2/1258 885/3/1232
f 885/1/1232 896/2/1258 888/3/1237
f 872/1/1259 887/2/1260 904/3/1261
s 1
f 667/1/943 1072/2/1262 904/3/1263
f 666/1/942 1075/2/993 1072/3/1262
s 39
f 887/1/1260 890/2/1239 905/3/1264
s 40
f 873/1/362 869/2/364 906/3/1265
f 877/1/1266 876/2/367 912/3/1267
f 874/1/368 873/2/362 909/3/1268
f 871/1/370 908/2/1269 907/3/1270
f 877/1/1266 913/2/1271 914/3/1272
f 905/1/375 918/2/1273 917/3/1274
f 875/1/378 874/2/368 910/3/1275
f 904/1/380 917/2/1274 908/3/1269
f 879/1/1276 878/2/1277 914/3/1272
f 876/1/367 875/2/378 911/3/1278
f 870/1/384 907/2/1270 916/3/1279
f 880/1/386 916/2/1279 906/3/1265
f 918/1/1273 931/2/1280 930/3/1281
f 908/1/1269 921/2/1282 920/3/1283
f 914/1/1272 913/2/1271 926/3/1284
f 911/1/1278 910/2/1275 923/3/1285
f 917/1/1274 930/2/1281 921/3/1282
f 915/1/1286 914/2/1272 927/3/1287
f 912/1/1267 911/2/1278 924/3/1288
f 907/1/1270 920/2/1283 929/3/1289
f 916/1/1279 929/2/1289 919/3/1290
f 906/1/1265 919/2/1290 922/3/1291
f 913/1/1271 912/2/1267 925/3/1292
f 910/1/1275 909/2/1268 922/3/1291
s 41
f 897/1/400 936/2/1293 940/3/1294
f 899/1/403 938/2/1295 937/3/1296
f 902/1/406 941/2/1297 933/3/1298
f 888/1/409 896/2/411 935/3/1299
f 898/1/412 937/2/1296 936/3/1293
f 895/1/413 894/2/414 933/3/1298
f 903/1/415 942/2/1300 941/3/1297
f 901/1/417 940/2/1294 939/3/1301
f 896/1/411 895/2/413 934/3/1302
f 900/1/420 939/2/1301 942/3/1300
f 940/1/1294 951/2/1303 950/3/1304
f 935/1/1299 934/2/1302 945/3/1305
f 939/1/1301 950/2/1304 953/3/1306
f 936/1/1293 947/2/1307 951/3/1303
f 938/1/1295 949/2/1308 948/3/1309
f 932/1/1310 935/2/1299 946/3/1311
f 933/1/1298 941/2/1297 952/3/1312
f 937/1/1296 948/2/1309 947/3/1307
f 934/1/1302 933/2/1298 944/3/1313
f 941/1/1297 942/2/1300 953/3/1306
s 40
f 925/4/1292 924/5/1288 959/6/432
s 41
f 947/4/1307 971/5/434 975/6/433
s 40
f 926/4/1284 925/5/1292 960/6/435
f 922/4/1291 919/5/1290 954/6/436
s 41
f 952/4/1312 976/5/438 968/6/437
s 40
f 926/4/1284 961/5/440 962/6/439
f 921/4/1282 956/5/442 955/6/441
s 41
f 953/4/1306 977/5/443 976/6/438
s 40
f 928/4/1314 927/5/1287 962/6/439
s 41
f 945/4/1305 944/5/1313 968/6/437
s 40
f 930/4/1281 965/5/445 956/6/442
s 41
f 953/4/1306 950/5/1304 974/6/446
f 946/4/1311 945/5/1305 969/6/447
s 40
f 919/4/1290 929/5/1289 964/6/448
f 920/4/1283 955/5/441 964/6/448
s 41
f 943/4/1315 946/5/1311 970/6/450
f 949/4/1308 973/5/452 972/6/451
s 40
f 931/4/1280 966/5/453 965/6/445
f 923/4/1285 922/5/1291 957/6/454
s 41
f 948/4/1309 972/5/451 971/6/434
s 40
f 924/4/1288 923/5/1285 958/6/455
s 41
f 951/4/1303 975/5/433 974/6/446
s 42
f 976/4/200 972/5/200 970/6/200
s 43
f 961/4/200 959/5/200 956/6/200
s 12
f 853/4/1316 928/5/1317 859/6/1318
f 963/4/1319 966/5/1320 354/6/461
f 973/4/1321 356/5/465 355/6/464
f 810/4/1322 973/5/1321 949/6/1323
s 44
f 737/4/1324 756/5/1325 981/6/1326
s 45
f 737/4/1327 980/5/1328 979/6/1329
s 38
f 863/4/1210 731/5/1212 979/6/1330
f 863/4/1210 983/5/1331 982/6/1332
s 44
f 756/4/1325 679/5/1333 978/6/1334
s 1
f 861/4/963 982/5/1335 978/6/1336
s 46
f 982/8/1337 981/7/1338 978/8/1339
s 47
f 990/8/1340 991/7/1341 993/8/1342
s 1
f 669/4/956 986/5/1343 984/6/1344
s 38
f 864/4/1211 862/5/1209 991/6/1345
s 48
f 716/4/1346 725/5/1347 990/6/1348
f 716/4/1346 989/5/1349 988/6/1350
f 710/4/1351 987/5/1352 986/6/1353
s 38
f 862/4/1209 674/5/1208 985/6/1354
s 48
f 713/4/1355 988/5/1350 987/6/1352
f 725/4/1347 864/5/1356 992/6/1357
s 1
f 1088/4/957 985/5/1358 674/6/1207
s 47
f 993/8/1342 985/7/1359 984/8/1360
f 987/9/1361 989/8/1362 990/9/1340
s 19
f 648/1/1363 3/2/511 373/3/511
s 20
f 717/4/1364 711/5/1365 995/6/1366
s 49
f 711/4/1367 708/5/1368 994/6/1369
s 20
f 722/4/1370 717/5/1364 996/6/1371
f 722/4/1370 998/5/1372 997/6/1373
f 719/4/1374 997/5/1373 379/6/525
s 15
f 362/7/1375 359/8/1376 358/9/1377
s 22
f 746/4/1378 1004/5/1379 1002/6/1380
f 744/4/1381 1002/5/1380 999/6/1382
f 764/4/1383 1007/5/1384 1008/6/1385
f 758/4/1386 1006/5/1387 1005/6/1388
f 746/4/1378 745/5/1389 1003/6/1390
f 741/4/1391 999/5/1382 1000/6/1392
f 758/4/1386 743/5/1393 1001/6/1394
f 107/4/543 386/5/544 1003/6/1390
f 767/4/1395 1008/5/1385 392/6/546
f 1052/4/1396 1005/5/1388 1007/6/1384
f 742/4/1397 1000/5/1392 1001/6/1394
s 18
f 1010/8/901 1007/7/1398 1009/8/1399
f 1009/8/1399 1005/7/1400 1006/8/1401
f 395/8/554 1003/7/1402 386/8/555
f 1010/8/901 1004/7/1403 1003/8/1402
f 1006/9/1401 1002/8/1404 1004/9/1403
s 50
f 653/10/1405 815/11/1406 822/12/1407
f 653/4/1405 1096/5/1408 1012/6/1409
f 815/4/1406 653/5/1405 1012/6/1409
f 820/4/1410 822/5/1407 1014/6/1411
f 815/4/1406 1013/5/1412 1014/6/1411
f 820/4/1410 1015/5/1413 1016/6/1414
s 1
f 1037/1/1415 1058/2/1141 1109/3/1416
f 1026/13/1417 1041/14/1418 1021/15/1419
f 1020/4/1420 1023/5/1421 1040/6/1422
f 1116/4/1423 1119/5/1424 1027/6/1425
f 1118/4/1426 1146/5/1427 1029/6/1428
f 1120/4/1429 1117/5/1430 1028/6/1089
f 1122/4/1431 1123/5/1432 1032/6/1433
f 1124/4/1434 1125/5/1435 1033/6/1436
f 1126/4/1437 1127/5/1438 1034/6/1439
f 1128/4/1440 1129/5/1441 1018/6/1442
f 1130/4/1443 1131/5/1444 1035/6/1445
f 1132/4/1446 1053/5/1142 1108/6/1447
f 1134/4/1448 1135/5/1449 1036/6/1450
f 1136/4/1451 1069/5/1452 1104/6/1453
f 1138/4/1454 1139/5/1455 1037/6/1415
f 1140/4/1456 1141/5/1457 1019/6/1458
f 1142/4/1459 1143/5/1460 1038/6/1461
f 1144/4/1462 1121/5/1463 1030/6/1464
f 1145/4/1465 1147/5/1466 1039/6/1093
f 1026/4/1417 1044/5/1467 1046/6/1468
f 1023/4/1421 1041/5/1418 1022/6/1469
f 1024/4/1470 1021/5/1419 1042/6/1471
f 1025/4/1472 1045/5/1473 1042/6/1471
f 1026/4/1417 1046/5/1468 1022/6/1469
f 1025/13/1472 1021/14/1419 1041/15/1418
f 1048/1/1154 1047/2/1079 766/3/1071
f 1050/1/1474 1051/2/1081 772/3/1083
f 1047/1/1079 1049/2/1069 765/3/1072
f 1049/1/1069 1052/2/1070 764/3/1074
f 1051/1/1475 1048/2/1154 770/3/1078
f 1053/4/1142 1031/5/1067 1050/6/1474
f 1056/1/1151 814/2/1476 1054/3/1152
f 1054/1/1152 814/2/1476 1067/3/1477
f 1102/1/1478 1056/2/1151 1032/3/1433
f 1035/1/1445 1040/2/1422 1107/3/1479
f 1057/4/1480 1058/5/1141 773/6/1082
f 777/1/1086 1027/2/1425 1115/3/1481
f 446/4/180 148/5/187 778/6/1088
f 1061/1/1144 1039/2/1093 780/3/1092
f 1061/4/1144 1017/5/1149 1062/6/1482
f 1111/1/1483 1043/2/1484 1019/3/1458
f 1064/1/1485 1034/2/1439 1046/3/1468
f 1065/4/1148 1067/5/1477 1069/6/1452
f 1067/1/1477 1103/2/1486 1036/3/1450
f 1068/4/1153 1067/5/1477 1065/6/1148
f 1071/4/1487 1068/5/1153 1066/6/1488
f 1074/4/952 707/5/1489 1083/6/1490
f 1076/1/1491 1073/2/967 683/3/1492
f 1087/4/958 1076/5/1491 678/6/958
f 1077/4/958 673/5/958 707/6/1489
f 1075/1/993 668/2/1493 872/3/1494
f 1078/4/995 1086/5/1495 1079/6/996
f 670/1/948 705/2/947 1081/3/950
f 1082/1/994 1085/2/997 704/3/945
f 1086/1/1495 1084/2/951 705/3/947
f 1080/1/1496 1082/2/994 703/3/944
f 1080/4/1496 1083/5/1490 668/6/1493
f 1079/1/996 705/2/947 704/3/945
f 1090/4/958 673/5/958 1077/6/958
f 1092/4/959 675/5/968 676/6/960
f 1091/4/954 676/5/960 677/6/966
f 1092/4/959 1088/5/957 674/6/1207
f 1089/4/955 677/5/966 1076/6/1491
s 5
f 1093/1/1497 480/2/652 482/3/651
f 1094/1/1498 482/2/651 161/3/206
s 37
f 785/1/456 1094/2/456 787/3/456
s 24
f 783/1/1499 156/2/656 480/3/655
s 50
f 824/10/1500 646/11/1501 653/12/1405
s 1
f 1100/4/927 652/5/1502 649/6/1503
f 1097/1/923 655/2/922 658/3/1161
f 1096/4/926 1011/5/1504 652/6/1502
f 1101/1/931 657/2/930 656/3/933
s 12
f 943/4/1505 891/5/1506 888/6/1507
s 1
f 1055/4/1150 1031/5/1067 1133/6/1508
f 1102/4/1478 1032/5/1433 1123/6/1432
f 1103/4/1486 1033/5/1436 1125/6/1435
f 1104/4/1453 1036/5/1450 1135/6/1449
f 1137/4/1509 1062/5/1482 1017/6/1149
f 1106/4/1510 1034/5/1439 1127/6/1438
f 1107/4/1479 1018/5/1442 1129/6/1441
f 1108/4/1447 1035/5/1445 1131/6/1444
f 1146/4/1427 1057/5/1480 1029/6/1428
f 1110/4/1511 1037/5/1415 1139/6/1455
f 1111/4/1483 1019/5/1458 1141/6/1457
f 1063/4/1143 1038/5/1461 1143/6/1460
f 1112/4/1091 1039/5/1093 1147/6/1466
f 1113/4/1512 1030/5/1464 1121/6/1463
f 1117/4/1430 1060/5/1090 1028/6/1089
f 1115/4/1481 1027/5/1425 1119/6/1424
s 51
f 1237/16/1513 1116/17/1514 1117/18/1515
f 1239/16/1516 1118/17/1517 1119/18/1518
f 1242/16/1519 1241/17/1520 1120/18/1521
s 52
f 1221/16/1522 1222/17/1523 1123/18/1524
f 1224/16/1525 1125/17/1526 1124/18/1527
f 1226/16/1528 1127/17/1529 1126/18/1530
f 1227/16/1531 1228/17/1532 1129/18/1533
f 1229/16/1534 1230/17/1535 1131/18/1536
f 1231/16/1537 1232/17/1538 1133/18/1539
f 1234/16/1540 1135/17/1541 1134/18/1542
f 1236/16/1543 1137/17/1544 1136/18/1545
s 51
f 1244/16/1546 1139/17/1547 1138/18/1548
f 1245/16/1549 1246/17/1550 1141/18/1551
f 1247/16/1552 1248/17/1553 1143/18/1554
f 1249/16/1555 1242/17/1519 1121/18/1556
f 1248/16/1553 1250/17/1557 1145/18/1558
s 52
f 1232/16/1538 1221/17/1522 1122/18/1559
f 1222/16/1523 1223/17/1560 1124/18/1527
f 1233/16/1561 1134/17/1542 1125/18/1526
f 1235/16/1562 1136/17/1545 1135/18/1541
f 1225/16/1563 1126/17/1530 1137/18/1544
f 1227/16/1531 1128/17/1564 1127/18/1529
f 1228/16/1532 1229/17/1534 1130/18/1565
f 1230/16/1535 1231/17/1537 1132/18/1566
s 51
f 1243/16/1567 1138/17/1548 1146/18/1568
f 1245/16/1549 1140/17/1569 1139/18/1547
f 1246/16/1550 1247/17/1552 1142/18/1570
f 1250/16/1557 1252/17/1571 1147/18/1572
f 1252/16/1571 1249/17/1555 1144/18/1573
f 1238/16/1574 1117/17/1515 1120/18/1521
f 1240/16/1575 1119/17/1518 1116/18/1514
f 1251/16/1576 1146/17/1568 1118/18/1517
s 1
f 800/1/1147 1066/2/1488 1065/3/1148
f 811/1/1138 692/2/1214 689/3/977
s 53
f 1149/1/1577 1160/2/1578 1179/3/1579
s 54
f 1155/1/1580 1151/2/1581 1189/3/1582
s 53
f 1183/1/1583 1184/2/1584 1163/3/1585
f 1149/1/1577 1153/2/1586 1158/3/1587
f 1180/1/1588 1148/2/1589 1152/3/1590
f 1182/1/1591 1183/2/1583 1153/3/1586
f 1165/1/1592 1164/2/1593 1157/3/1594
f 1163/1/1585 1165/2/1592 1158/3/1587
f 1174/4/1595 1175/5/1596 1170/6/1597
f 1148/1/1589 1156/2/1598 1159/3/1599
f 1149/1/1577 1157/2/1594 1164/3/1593
f 1163/1/1585 1152/2/1590 1159/3/1599
f 1159/1/1599 1156/2/1598 1164/3/1593
f 1181/1/1600 1152/2/1590 1163/3/1585
s 54
f 1161/1/1601 1185/2/1602 1189/3/1582
s 53
f 1173/1/1603 1166/2/1604 1167/3/1605
f 1168/4/1606 1170/5/1597 1178/6/1607
f 1174/4/1595 1168/5/1606 1166/6/1608
f 1176/4/1609 1172/5/1610 1167/6/1605
f 1175/4/1596 1177/5/1611 1171/6/1612
f 1176/4/1609 1169/5/1613 1171/6/1612
f 1156/1/1598 1176/2/1609 1177/3/1611
f 1160/1/1578 1164/2/1593 1177/3/1611
f 1148/1/1589 1172/2/1610 1176/3/1609
f 1180/1/1588 1179/2/1579 1174/3/1595
f 1148/1/1589 1180/2/1588 1173/3/1603
f 1160/1/1578 1175/2/1596 1174/3/1595
s 55
f 1150/1/1614 1161/2/1615 1179/3/1616
f 1150/1/1614 1180/2/1617 1181/3/1618
f 1155/1/1619 1183/2/1619 1182/3/1620
f 1154/1/1621 1181/2/1618 1184/3/1622
f 1151/1/1623 1182/2/1620 1179/3/1616
f 1155/1/1619 1162/2/1624 1184/3/1622
s 56
f 1189/7/1625 1185/8/1626 1186/9/1627
f 1185/7/1626 1187/8/1628 1188/9/1629
s 54
f 1150/1/1630 1187/2/1631 1185/3/1602
f 1155/1/1580 1190/2/1632 1186/3/1633
f 1162/1/1634 1186/2/1633 1188/3/1635
f 1150/1/1630 1154/2/1636 1188/3/1635
s 57
f 1214/4/1637 1208/5/1638 1194/6/1639
s 58
f 1208/4/1640 1209/5/1641 1198/6/1642
f 1212/4/1643 1210/5/1644 1196/6/1645
f 1196/4/1645 1210/5/1644 1207/6/1646
s 59
f 1200/4/1647 1191/5/1648 1195/6/1649
s 60
f 1201/4/1650 1206/5/1651 1196/6/1652
f 1198/4/1653 1205/5/1654 1202/6/1655
f 1216/4/1656 1218/5/1657 1206/6/1651
s 59
f 1197/4/1658 1193/5/1659 1199/6/1660
f 1217/4/1661 1215/5/1662 1200/6/1647
s 58
f 1198/4/1642 1209/5/1641 1211/6/1663
f 1220/4/1664 1212/5/1643 1206/6/1665
s 57
f 1192/4/1666 1207/5/1667 1213/6/1668
f 1219/4/1669 1214/5/1637 1202/6/1670
f 1219/4/1669 1215/5/1671 1199/6/1672
f 1191/4/1673 1200/5/1674 1213/6/1668
s 58
f 1220/4/1664 1217/5/1675 1203/6/1676
f 1197/4/1677 1204/5/1678 1211/6/1663
f 1195/4/1679 1191/5/1680 1207/6/1646
f 1212/4/1643 1203/5/1676 1195/6/1679
f 1208/4/1640 1193/5/1681 1197/6/1677
s 57
f 1214/4/1637 1199/5/1672 1193/6/1682
s 58
f 1204/4/1678 1217/5/1675 1220/6/1664
s 57
f 1200/4/1674 1215/5/1671 1219/6/1669
f 1201/4/1683 1213/5/1668 1219/6/1669
s 58
f 1205/4/1684 1211/5/1663 1220/6/1664
s 59
f 1199/4/1660 1215/5/1662 1217/6/1661
s 60
f 1205/4/1654 1218/5/1657 1216/6/1656
s 1
f 660/1/935 818/2/1162 819/3/1163
s 61
f 763/16/1685 1222/17/1686 1221/18/1686
f 763/16/1685 1224/17/1685 1223/18/1685
f 763/16/1685 1226/17/1685 1225/18/1685
f 763/16/1685 1228/17/1685 1227/18/1685
f 763/16/1685 1230/17/1685 1229/18/1686
f 763/16/1685 1232/17/1687 1231/18/1685
f 763/16/1685 1234/17/1688 1233/18/1687
f 763/16/1685 1236/17/1685 1235/18/1685
f 763/16/1685 1221/17/1686 1232/18/1687
f 763/16/1685 1223/17/1685 1222/18/1686
f 763/16/1685 1233/17/1687 1224/18/1685
f 763/16/1685 1235/17/1685 1234/18/1688
f 763/16/1685 1225/17/1685 1236/18/1685
f 763/16/1685 1227/17/1685 1226/18/1685
f 763/16/1685 1229/17/1686 1228/18/1685
f 763/16/1685 1231/17/1685 1230/18/1685
s 62
f 775/16/1689 1237/17/1690 1238/18/1690
f 775/16/1689 1239/17/1689 1240/18/1690
f 775/16/1689 1241/17/1690 1242/18/1689
f 775/16/1689 1244/17/1689 1243/18/1689
f 775/16/1689 1246/17/1689 1245/18/1690
f 775/16/1689 1248/17/1690 1247/18/1689
f 775/16/1689 1242/17/1689 1249/18/1689
f 775/16/1689 1250/17/1690 1248/18/1690
f 775/16/1689 1243/17/1689 1251/18/1690
f 775/16/1689 1245/17/1690 1244/18/1689
f 775/16/1689 1247/17/1689 1246/18/1689
f 775/16/1689 1252/17/1690 1250/18/1690
f 775/16/1689 1249/17/1689 1252/18/1690
f 775/16/1689 1238/17/1690 1241/18/1690
f 775/16/1689 1240/17/1690 1237/18/1690
f 775/16/1689 1251/17/1690 1239/18/1689
s 1
f 696/1/965 1253/2/971 680/3/969
f 1253/1/971 1255/2/1691 868/3/1244
f 680/1/969 681/2/961 676/3/960
f 1254/1/987 754/2/970 684/3/982
f 1255/1/1691 685/2/986 865/3/1247
f 1254/1/987 1255/2/1691 1253/3/971
f 866/1/1213 865/2/1247 1256/3/1692
f 1257/1/974 807/2/990 700/3/983
f 1256/1/1692 865/2/1247 685/3/986
f 1256/1/1692 1257/2/974 688/3/976
f 655/1/922 1099/2/924 656/3/933
f 1012/1/925 1100/2/927 658/3/1161
f 1099/4/924 651/5/929 1101/6/931
f 657/1/930 1098/2/932 654/3/941
f 656/1/933 662/2/934 661/3/1216
f 655/1/922 663/2/936 658/3/1161
f 659/1/937 665/2/939 662/3/934
f 661/1/1216 817/2/940 656/3/933
f 656/1/933 817/2/940 655/3/922
f 657/1/930 659/2/937 662/3/934
f 664/1/938 667/2/943 665/3/939
f 703/1/944 671/2/946 672/3/953
f 705/1/947 671/2/946 704/3/945
f 1074/1/952 672/2/953 1077/3/958
f 671/1/946 1089/2/955 672/3/953
f 670/1/948 1088/2/957 1092/3/959
f 672/1/953 1087/2/958 1077/3/958
f 670/1/948 1091/2/954 671/3/946
f 676/1/960 682/2/962 677/3/966
f 861/1/963 696/2/965 675/3/968
f 677/1/966 1073/2/967 1076/3/1491
f 696/1/965 754/2/970 1254/3/987
f 681/1/961 1253/2/971 867/3/1243
f 691/1/972 1257/2/974 1256/3/1692
f 690/1/975 689/2/977 692/3/1214
f 693/1/978 697/2/980 695/3/985
f 694/1/981 693/2/978 695/3/985
f 688/1/976 701/2/984 689/3/977
f 695/1/985 687/2/973 691/3/972
f 695/1/985 685/2/986 694/3/981
f 1254/1/987 685/2/986 1255/3/1691
f 697/1/980 698/2/988 702/3/991
f 699/1/992 1071/2/1487 687/3/973
f 687/1/973 1071/2/1487 1257/3/974
f 1071/1/1487 1070/2/989 1257/3/974
f 697/1/980 699/2/992 687/3/973
f 1075/4/993 1082/5/994 1080/6/1496
f 654/1/941 1078/2/995 659/3/937
f 659/4/937 1085/5/997 664/6/938
f 666/4/942 1085/5/997 1082/6/994
f 706/1/949 709/2/998 710/3/999
f 708/1/1001 709/2/998 647/3/1693
f 647/1/1693 709/2/998 1098/3/932
f 710/1/999 712/2/1000 713/3/1003
f 709/1/998 711/2/1002 712/3/1000
f 713/1/1003 715/2/1004 716/3/1016
f 712/1/1000 714/2/1005 715/3/1004
s 2
f 711/4/1006 718/5/1008 714/6/1018
f 722/1/1009 720/2/1011 721/3/1012
f 719/1/1010 78/2/91 720/3/1011
f 717/1/1007 721/2/1012 718/3/1008
s 1
f 715/1/1004 723/2/1013 724/3/1017
s 2
f 721/1/1012 727/2/1014 728/3/1015
f 718/1/1008 728/2/1015 726/3/1020
f 720/1/1011 86/2/97 727/3/1014
s 1
f 716/1/1016 724/2/1017 725/3/1023
s 2
f 714/4/1018 726/5/1019 723/6/1026
f 726/1/1020 734/2/1021 732/3/1035
f 728/1/1015 733/2/1022 734/3/1021
s 1
f 730/1/1024 725/2/1023 724/3/1017
f 864/1/1025 730/2/1024 731/3/1030
s 2
f 727/1/1014 93/2/108 733/3/1022
f 723/4/1026 732/5/1027 729/6/1032
s 1
f 724/1/1017 729/2/1028 730/3/1024
s 2
f 734/1/1021 739/2/1029 740/3/1036
s 1
f 731/1/1030 736/2/1031 737/3/1051
s 2
f 733/1/1022 100/2/115 739/3/1029
f 729/4/1032 738/5/1033 735/6/1050
s 1
f 730/1/1024 735/2/1034 736/3/1031
s 2
f 732/1/1035 740/2/1036 738/3/1049
s 1
f 747/1/1037 742/2/1039 743/3/1060
s 2
f 749/1/1040 107/2/125 745/3/1048
f 751/4/1041 741/5/1043 750/6/1694
s 1
f 748/1/1038 741/2/1045 742/3/1039
s 2
f 751/1/1041 746/2/1047 744/3/1042
f 752/1/1046 745/2/1048 746/3/1047
f 740/1/1036 749/2/1040 752/3/1046
f 738/1/1049 752/2/1046 751/3/1041
s 1
f 736/1/1031 750/2/1044 748/3/1038
s 2
f 735/4/1050 751/5/1041 750/6/1694
f 739/1/1029 112/2/126 749/3/1040
s 1
f 737/1/1051 748/2/1038 747/3/1037
f 753/1/1052 754/2/1054 755/3/1056
f 679/1/1055 757/2/1058 755/3/1056
f 747/1/1037 756/2/1057 737/3/1051
f 758/1/1059 755/2/1056 757/3/1058
f 743/1/1060 757/2/1058 747/3/1037
f 693/1/1062 759/2/1061 760/3/1068
f 759/1/1061 684/2/1053 753/3/1052
f 761/1/1063 693/2/1062 760/3/1068
f 761/1/1063 698/2/1066 686/3/1064
f 1031/1/1067 698/2/988 762/3/1080
f 760/4/1068 1049/5/1069 1047/6/1079
f 759/4/1061 1052/5/1070 1049/6/1069
f 766/1/1071 768/2/1073 769/3/1076
f 765/1/1072 767/2/1075 768/3/1073
f 769/1/1076 134/2/163 135/3/165
f 768/1/1073 133/2/164 134/3/163
f 135/1/165 771/2/1077 769/3/1076
f 769/1/1076 770/2/1078 766/3/1071
f 761/4/1063 1047/5/1079 1048/6/1154
f 1031/4/1067 1051/5/1081 1050/6/1474
f 773/1/1082 774/2/1084 1029/3/1428
f 774/1/1084 777/2/1086 1029/3/1428
f 777/1/1086 145/2/177 146/3/178
f 146/1/178 1059/2/1087 777/3/1086
f 778/4/1088 1060/5/1090 1059/6/1087
f 778/1/1088 1113/2/1512 1028/3/1089
f 778/1/1088 779/2/1094 1113/3/1512
f 1113/1/1512 779/2/1094 1030/3/1464
f 780/1/1092 1112/2/1091 779/3/1094
f 1112/1/1091 1030/2/1464 779/3/1094
f 148/1/187 779/2/1094 778/3/1088
s 3
f 779/1/1095 782/2/1097 780/3/1695
f 150/1/193 781/2/1096 779/3/1095
s 1
f 781/1/1098 784/2/1100 782/3/1118
f 153/1/198 783/2/1099 781/3/1098
f 784/1/1100 785/2/1101 786/3/1102
s 37
f 785/1/456 1093/2/456 1094/3/456
s 1
f 786/1/1102 787/2/1103 788/3/1110
s 5
f 787/1/1104 790/2/1106 788/3/1116
f 161/1/206 789/2/1105 787/3/1104
s 1
f 790/1/1107 791/2/1109 792/3/1120
f 789/1/1108 167/2/211 791/3/1109
f 788/1/1110 796/2/1112 786/3/1102
s 3
f 794/1/1114 813/2/1113 782/3/1097
f 782/1/1097 813/2/1113 780/3/1695
s 5
f 788/1/1116 798/2/1117 797/3/1126
s 1
f 782/1/1118 795/2/1119 794/3/1125
f 792/1/1120 798/2/1122 790/3/1107
f 786/1/1102 795/2/1119 784/3/1100
f 803/1/1123 797/2/1111 804/3/1157
f 801/1/1124 795/2/1119 802/3/1128
s 5
f 797/1/1126 805/2/1127 804/3/1696
s 1
f 802/1/1128 796/2/1112 803/3/1123
f 805/1/1129 799/2/1121 806/3/1131
s 3
f 793/1/1115 801/2/1130 800/3/1140
s 1
f 806/1/1131 809/2/1133 805/3/1129
s 5
f 805/1/1127 808/2/1135 804/3/1696
s 1
f 810/1/1132 811/2/1138 809/3/1133
f 803/1/1123 700/2/983 802/3/1128
f 801/1/1124 700/2/983 807/3/990
f 773/4/1082 1053/5/1142 1050/6/1474
f 1063/4/1143 1061/5/1144 1064/6/1485
f 1061/1/1144 793/2/1146 1017/3/1149
f 800/1/1147 1017/2/1149 793/3/1146
f 702/4/991 1055/5/1150 1056/6/1151
f 699/4/992 1056/5/1151 1054/6/1152
f 699/4/992 1068/5/1153 1071/6/1487
f 762/4/1065 1048/5/1154 1051/6/1475
f 771/1/1077 774/2/1155 770/3/1078
f 770/1/1078 774/2/1155 772/3/1697
f 776/1/1156 138/2/167 145/3/855
f 701/1/984 804/2/1157 808/3/1158
f 689/1/977 808/2/1158 811/3/1138
f 662/1/934 860/2/1159 661/3/1216
f 1013/1/1160 658/2/1161 663/3/936
f 663/1/936 816/2/1164 1013/3/1160
f 1014/1/1165 821/2/1167 1015/3/1168
f 1013/1/1160 823/2/1166 1014/3/1165
f 1015/1/1168 825/2/1169 1016/3/1698
f 825/1/1169 826/2/1170 827/3/1699
f 823/1/1166 828/2/1171 831/3/1174
f 819/1/1163 829/2/1172 830/3/1173
f 816/1/1164 830/2/1173 828/3/1171
f 821/1/1167 831/2/1174 826/3/1170
f 826/1/1175 833/2/1177 827/3/1177
f 828/1/1178 837/2/1180 831/3/1183
f 830/1/1173 835/2/1181 836/3/1182
f 828/1/1178 836/2/1182 834/3/1179
f 831/1/1183 832/2/1176 826/3/1175
f 838/1/1185 1095/2/1184 832/3/1700
f 832/1/1700 1095/2/1184 833/3/1701
f 836/1/1182 841/2/1188 834/3/1192
f 840/1/1189 836/2/1182 835/3/1181
f 837/1/1190 838/2/1185 832/3/1700
f 843/1/1191 834/2/1192 841/3/1188
f 839/1/1193 844/2/1195 845/3/1702
f 844/1/1196 847/2/1198 845/3/1703
f 843/1/1191 844/2/1195 838/3/1194
f 856/1/1199 841/2/1188 855/3/1201
f 842/1/1187 855/2/1201 841/3/1188
f 842/1/1187 852/2/1202 854/3/1200
f 857/1/1203 844/2/1196 856/3/1199
f 858/1/1204 856/2/1199 855/3/1201
f 859/1/1205 855/2/1201 854/3/1200
f 853/1/1206 854/2/1200 852/3/1202
s 38
f 674/4/1208 863/5/1210 861/6/1704
f 862/4/1209 731/5/1212 863/6/1210
s 1
f 860/1/1159 870/2/1215 880/3/1217
f 661/1/1216 880/2/1217 869/3/1225
f 835/1/1181 877/2/1219 840/3/1189
f 840/1/1189 878/2/1220 852/3/1202
f 665/1/939 871/2/1221 870/3/1215
f 853/1/1206 878/2/1220 879/3/1705
f 817/1/940 874/2/1223 818/3/1162
f 818/1/1162 875/2/1224 829/3/1172
f 661/1/1216 873/2/1222 817/3/940
f 829/1/1172 876/2/1218 835/3/1181
s 39
f 884/1/1227 1090/2/1226 678/3/1706
f 1090/1/1226 883/2/1228 673/3/1236
f 884/1/1227 882/2/1230 883/3/1228
f 683/1/1231 884/2/1227 678/3/1706
f 1083/1/1234 886/2/1233 668/3/1707
f 668/1/1707 887/2/1260 872/3/1259
f 887/1/1260 668/2/1707 886/3/1233
f 886/1/1233 882/2/1230 889/3/1238
f 707/1/1235 883/2/1228 886/3/1233
f 885/1/1232 881/2/1229 884/3/1227
f 886/1/1233 890/2/1239 887/3/1260
f 882/1/1230 893/2/1241 889/3/1238
f 882/1/1230 891/2/1242 892/3/1240
s 1
f 867/1/1243 903/2/1245 902/3/1253
f 811/1/1138 899/2/1246 898/3/1257
f 865/1/1247 901/2/1248 900/3/1249
f 868/1/1244 900/2/1249 903/3/1245
f 866/1/1213 897/2/1250 901/3/1248
f 681/1/961 895/2/1252 682/3/1708
f 867/1/1243 894/2/1251 681/3/961
f 895/1/1252 896/2/1255 682/3/1708
f 682/1/1708 896/2/1255 1073/3/1254
f 692/1/1214 898/2/1257 897/3/1250
f 871/1/1221 667/2/943 904/3/1263
f 904/1/1263 1072/2/1262 872/3/1494
f 666/1/942 1072/2/1262 667/3/943
s 39
f 887/1/1260 905/2/1264 904/3/1261
s 40
f 873/1/362 906/2/1265 909/3/1268
f 877/1/1266 912/2/1267 913/3/1271
f 874/1/368 909/2/1268 910/3/1275
f 871/1/370 907/2/1270 870/3/384
f 877/1/1266 914/2/1272 878/3/1277
f 905/1/375 917/2/1274 904/3/380
f 875/1/378 910/2/1275 911/3/1278
f 904/1/380 908/2/1269 871/3/370
f 879/1/1276 914/2/1272 915/3/1286
f 876/1/367 911/2/1278 912/3/1267
f 870/1/384 916/2/1279 880/3/386
f 880/1/386 906/2/1265 869/3/364
f 918/1/1273 930/2/1281 917/3/1274
f 908/1/1269 920/2/1283 907/3/1270
f 914/1/1272 926/2/1284 927/3/1287
f 911/1/1278 923/2/1285 924/3/1288
f 917/1/1274 921/2/1282 908/3/1269
f 915/1/1286 927/2/1287 928/3/1314
f 912/1/1267 924/2/1288 925/3/1292
f 907/1/1270 929/2/1289 916/3/1279
f 916/1/1279 919/2/1290 906/3/1265
f 906/1/1265 922/2/1291 909/3/1268
f 913/1/1271 925/2/1292 926/3/1284
f 910/1/1275 922/2/1291 923/3/1285
s 41
f 897/1/400 940/2/1294 901/3/417
f 899/1/403 937/2/1296 898/3/412
f 902/1/406 933/2/1298 894/3/414
f 888/1/409 935/2/1299 932/3/1310
f 898/1/412 936/2/1293 897/3/400
f 895/1/413 933/2/1298 934/3/1302
f 903/1/415 941/2/1297 902/3/406
f 901/1/417 939/2/1301 900/3/420
f 896/1/411 934/2/1302 935/3/1299
f 900/1/420 942/2/1300 903/3/415
f 940/1/1294 950/2/1304 939/3/1301
f 935/1/1299 945/2/1305 946/3/1311
f 939/1/1301 953/2/1306 942/3/1300
f 936/1/1293 951/2/1303 940/3/1294
f 938/1/1295 948/2/1309 937/3/1296
f 932/1/1310 946/2/1311 943/3/1315
f 933/1/1298 952/2/1312 944/3/1313
f 937/1/1296 947/2/1307 936/3/1293
f 934/1/1302 944/2/1313 945/3/1305
f 941/1/1297 953/2/1306 952/3/1312
s 40
f 925/4/1292 959/5/432 960/6/435
s 41
f 947/4/1307 975/5/433 951/6/1303
s 40
f 926/4/1284 960/5/435 961/6/440
f 922/4/1291 954/5/436 957/6/454
s 41
f 952/4/1312 968/5/437 944/6/1313
s 40
f 926/4/1284 962/5/439 927/6/1287
f 921/4/1282 955/5/441 920/6/1283
s 41
f 953/4/1306 976/5/438 952/6/1312
s 40
f 928/4/1314 962/5/439 963/6/867
s 41
f 945/4/1305 968/5/437 969/6/447
s 40
f 930/4/1281 956/5/442 921/6/1282
s 41
f 953/4/1306 974/5/446 977/6/443
f 946/4/1311 969/5/447 970/6/450
s 40
f 919/4/1290 964/5/448 954/6/436
f 920/4/1283 964/5/448 929/6/1289
s 41
f 943/4/1315 970/5/450 967/6/868
f 949/4/1308 972/5/451 948/6/1309
s 40
f 931/4/1280 965/5/445 930/6/1281
f 923/4/1285 957/5/454 958/6/455
s 41
f 948/4/1309 971/5/434 947/6/1307
s 40
f 924/4/1288 958/5/455 959/6/432
s 41
f 951/4/1303 974/5/446 950/6/1304
s 42
f 968/4/200 976/5/200 969/6/200
f 969/4/200 976/5/200 970/6/200
f 970/4/200 972/5/200 967/6/200
f 967/4/200 972/5/200 973/6/200
f 972/4/200 976/5/200 971/6/200
f 971/4/200 974/5/200 975/6/200
f 974/4/200 971/5/200 977/6/200
f 977/4/200 971/5/200 976/6/200
s 43
f 964/4/200 955/5/200 954/6/200
f 954/4/200 959/5/200 957/6/200
f 955/4/200 959/5/200 954/6/200
f 957/4/200 959/5/200 958/6/200
f 959/4/200 961/5/200 960/6/200
f 961/4/200 965/5/200 962/6/200
f 962/4/200 966/5/200 963/6/200
f 965/4/200 966/5/200 962/6/200
f 965/4/200 961/5/200 956/6/200
f 956/4/200 959/5/200 955/6/200
s 12
f 846/4/1709 963/5/1319 847/6/1710
f 847/4/1710 963/5/1319 848/6/1711
f 848/4/1711 963/5/1319 849/6/1712
f 849/4/1712 963/5/1319 850/6/1713
f 850/4/1713 353/5/875 851/6/1714
f 851/4/1714 353/5/875 226/6/876
f 353/4/875 850/5/1713 963/6/1319
f 928/4/1317 853/5/1316 915/6/1715
f 915/4/1715 853/5/1316 879/6/1716
f 963/4/1319 857/5/1717 928/6/1317
f 857/4/1717 963/5/1319 846/6/1709
f 859/4/1318 928/5/1317 858/6/1718
f 858/4/1718 928/5/1317 857/6/1717
f 963/4/1319 354/5/461 353/6/875
f 973/4/1321 355/5/464 967/6/1719
f 167/4/882 356/5/465 791/6/1720
f 791/4/1720 973/5/1321 792/6/1721
f 356/4/465 973/5/1321 791/6/1720
f 792/4/1721 973/5/1321 799/6/1722
f 799/4/1722 973/5/1321 806/6/1723
f 806/4/1723 973/5/1321 810/6/1322
f 810/4/1322 949/5/1323 812/6/1724
f 812/4/1724 938/5/1725 899/6/888
f 812/4/1724 949/5/1323 938/6/1725
s 44
f 737/4/1324 981/5/1326 980/6/1324
s 45
f 737/4/1327 979/5/1329 731/6/1726
s 38
f 863/4/1210 979/5/1330 983/6/1331
f 863/4/1210 982/5/1332 861/6/1704
s 44
f 756/4/1325 978/5/1334 981/6/1326
s 1
f 861/4/963 978/5/1336 679/6/964
f 986/4/1343 1081/5/950 706/6/949
f 1081/4/950 986/5/1343 669/6/956
s 38
f 864/4/1211 991/5/1345 992/6/1727
s 48
f 716/4/1346 990/5/1348 989/6/1349
f 716/4/1346 988/5/1350 713/6/1355
f 710/4/1351 986/5/1353 706/6/1728
s 38
f 862/4/1209 985/5/1354 991/6/1345
s 48
f 713/4/1355 987/5/1352 710/6/1351
f 725/4/1347 992/5/1357 990/6/1348
s 1
f 984/4/1344 985/5/1358 669/6/956
f 669/4/956 985/5/1358 1088/6/957
s 47
f 987/8/1361 984/7/1360 986/8/1729
s 20
f 717/4/1364 995/5/1366 996/6/1371
s 49
f 711/4/1367 994/5/1369 995/6/1730
s 20
f 722/4/1370 996/5/1371 998/6/1372
f 722/4/1370 997/5/1373 719/6/1374
f 719/4/1374 379/5/525 77/6/895
s 22
f 746/4/1378 1002/5/1380 744/6/1381
f 744/4/1381 999/5/1382 741/6/1391
f 764/4/1383 1008/5/1385 767/6/1395
f 758/4/1386 1005/5/1388 753/6/1731
f 746/4/1378 1003/5/1390 1004/6/1379
f 741/4/1391 1000/5/1392 742/6/1397
f 758/4/1386 1001/5/1394 1006/6/1387
f 107/4/543 1003/5/1390 745/6/1389
f 767/4/1395 392/5/546 133/6/897
f 1005/4/1388 1052/5/1396 753/6/1731
f 1052/4/1396 1007/5/1384 764/6/1383
f 742/4/1397 1001/5/1394 743/6/1393
s 18
f 1002/7/1404 1001/8/1732 999/9/1733
f 999/7/1733 1001/8/1732 1000/9/1734
s 46
f 980/8/1735 983/7/1736 979/8/1737
s 50
f 653/10/1405 822/11/1407 820/12/1410
f 1011/4/1738 1096/5/1408 646/6/1501
f 646/4/1501 1096/5/1408 653/6/1405
f 815/4/1406 1012/5/1409 1013/6/1412
f 820/4/1410 1014/5/1411 1015/6/1413
f 815/4/1406 1014/5/1411 822/6/1407
f 820/4/1410 1016/5/1414 824/6/1500
s 1
f 1042/1/1471 1110/2/1511 1019/3/1458
f 1042/1/1471 1045/2/1473 1110/3/1511
f 1110/1/1511 1045/2/1473 1037/3/1415
f 1058/1/1141 1045/2/1473 1020/3/1420
f 1109/1/1416 1058/2/1141 1057/3/1480
f 1045/1/1473 1058/2/1141 1037/3/1415
f 1026/13/1417 1021/14/1419 1024/15/1470
f 1023/4/1421 1020/5/1420 1025/6/1472
f 1025/4/1472 1020/5/1420 1045/6/1473
f 1116/4/1423 1027/5/1425 1114/6/1739
f 1118/4/1426 1029/5/1428 1115/6/1481
f 1120/4/1429 1028/5/1089 1113/6/1512
f 1122/4/1431 1032/5/1433 1055/6/1150
f 1124/4/1434 1033/5/1436 1102/6/1478
f 1126/4/1437 1034/5/1439 1105/6/1740
f 1128/4/1440 1018/5/1442 1106/6/1510
f 1130/4/1443 1035/5/1445 1107/6/1479
f 1031/4/1067 1053/5/1142 1133/6/1508
f 1133/4/1508 1053/5/1142 1132/6/1446
f 1134/4/1448 1036/5/1450 1103/6/1486
f 1017/4/1149 1069/5/1452 1137/6/1509
f 1137/4/1509 1069/5/1452 1136/6/1451
f 1138/4/1454 1037/5/1415 1109/6/1416
f 1140/4/1456 1019/5/1458 1110/6/1511
f 1142/4/1459 1038/5/1461 1111/6/1483
f 1144/4/1462 1030/5/1464 1112/6/1091
f 1145/4/1465 1039/5/1093 1063/6/1143
f 1043/4/1484 1044/5/1467 1024/6/1470
f 1024/4/1470 1044/5/1467 1026/6/1417
f 1023/4/1421 1022/5/1469 1040/6/1422
f 1024/4/1470 1042/5/1471 1043/6/1484
f 1025/4/1472 1042/5/1471 1021/6/1419
f 1026/4/1417 1022/5/1469 1041/6/1418
f 1025/13/1472 1041/14/1418 1023/15/1421
f 1048/1/1154 766/2/1071 770/3/1078
f 1050/1/1474 772/2/1083 773/3/1082
f 1047/1/1079 765/2/1072 766/3/1071
f 1049/1/1069 764/2/1074 765/3/1072
f 1051/1/1475 770/2/1078 772/3/1697
f 1054/1/1152 1067/2/1477 1068/3/1153
f 1032/1/1433 1056/2/1151 1055/3/1150
f 1056/1/1151 1102/2/1478 814/3/1476
f 814/1/1476 1102/2/1478 1033/3/1436
f 1058/1/1141 1108/2/1447 1053/3/1142
f 1058/1/1141 1035/2/1445 1108/3/1447
f 1040/1/1422 1058/2/1141 1020/3/1420
f 1018/1/1442 1107/2/1479 1022/3/1469
f 1022/1/1469 1107/2/1479 1040/3/1422
f 1058/1/1141 1040/2/1422 1035/3/1445
f 1057/4/1480 773/5/1082 1029/6/1428
f 1114/1/1739 1059/2/1087 1060/3/1090
f 777/1/1086 1115/2/1481 1029/3/1428
f 1027/1/1425 777/2/1086 1114/3/1739
f 1114/1/1739 777/2/1086 1059/3/1087
f 446/4/180 778/5/1088 1059/6/1087
f 1061/1/1144 780/2/1092 813/3/1145
f 1061/4/1144 1062/5/1482 1064/6/1485
f 1044/1/1467 1043/2/1484 1064/3/1485
f 1064/1/1485 1038/2/1461 1063/3/1143
f 1064/1/1485 1111/2/1483 1038/3/1461
f 1043/1/1484 1111/2/1483 1064/3/1485
f 1019/1/1458 1043/2/1484 1042/3/1471
f 1105/1/1740 1064/2/1485 1062/3/1482
f 1064/1/1485 1046/2/1468 1044/3/1467
f 1046/1/1468 1018/2/1442 1022/3/1469
f 1046/1/1468 1106/2/1510 1018/3/1442
f 1034/1/1439 1064/2/1485 1105/3/1740
f 1046/1/1468 1034/2/1439 1106/3/1510
f 1065/4/1148 1069/5/1452 1017/6/1149
f 1067/1/1477 1104/2/1453 1069/3/1452
f 1067/1/1477 1036/2/1450 1104/3/1453
f 1033/1/1436 1103/2/1486 814/3/1476
f 814/1/1476 1103/2/1486 1067/3/1477
f 1068/4/1153 1065/5/1148 1066/6/1488
f 1071/4/1487 1066/5/1488 1070/6/989
f 1074/4/952 1083/5/1490 1080/6/1496
f 1076/1/1491 683/2/1492 678/3/958
f 1087/4/958 678/5/958 1090/6/958
f 1077/4/958 707/5/1489 1074/6/952
f 1075/1/993 872/2/1494 1072/3/1262
f 1084/4/951 1078/5/995 706/6/949
f 1078/4/995 1079/5/996 659/6/937
f 1086/4/1495 1078/5/995 1084/6/951
f 669/1/956 670/2/948 1081/3/950
f 1081/1/950 705/2/947 1084/3/951
f 1082/1/994 704/2/945 703/3/944
f 1086/1/1495 705/2/947 1079/3/996
f 1080/1/1496 703/2/944 1074/3/952
f 1080/4/1496 668/5/1493 1075/6/993
f 1079/1/996 704/2/945 1085/3/997
f 1090/4/958 1077/5/958 1087/6/958
f 1092/4/959 676/5/960 1091/6/954
f 1091/4/954 677/5/966 1089/6/955
f 1092/4/959 674/5/1207 675/6/968
f 1089/4/955 1076/5/1491 1087/6/958
s 5
f 1093/1/1497 482/2/651 1094/3/1498
f 1094/1/1498 161/2/206 787/3/1104
s 24
f 783/1/1499 480/2/655 1093/3/1741
s 50
f 824/10/1500 653/11/1405 820/12/1410
s 1
f 1100/4/927 649/5/1503 1097/6/923
f 1097/1/923 658/2/1161 1100/3/927
f 1096/4/926 652/5/1502 1100/6/927
f 1097/4/923 650/5/928 1099/6/924
f 1101/1/931 656/2/933 1099/3/924
f 1101/4/931 647/5/1693 1098/6/932
s 12
f 966/4/1320 892/5/1742 354/6/461
f 354/4/461 892/5/1742 355/6/464
f 355/4/464 892/5/1742 967/6/1719
f 905/4/908 890/5/1743 918/6/1744
f 918/4/1744 890/5/1743 931/6/1745
f 931/4/1745 893/5/1746 966/6/1320
f 943/4/1505 888/5/1507 932/6/913
f 966/4/1320 893/5/1746 892/6/1742
f 967/4/1719 891/5/1506 943/6/1505
f 892/4/1742 891/5/1506 967/6/1719
f 893/4/1746 931/5/1745 890/6/1743
s 1
f 1055/4/1150 1133/5/1508 1122/6/1431
f 1102/4/1478 1123/5/1432 1124/6/1434
f 1103/4/1486 1125/5/1435 1134/6/1448
f 1104/4/1453 1135/5/1449 1136/6/1451
f 1062/4/1482 1126/5/1437 1105/6/1740
f 1126/4/1437 1062/5/1482 1137/6/1509
f 1106/4/1510 1127/5/1438 1128/6/1440
f 1107/4/1479 1129/5/1441 1130/6/1443
f 1108/4/1447 1131/5/1444 1132/6/1446
f 1057/4/1480 1138/5/1454 1109/6/1416
f 1138/4/1454 1057/5/1480 1146/6/1427
f 1110/4/1511 1139/5/1455 1140/6/1456
f 1111/4/1483 1141/5/1457 1142/6/1459
f 1063/4/1143 1143/5/1460 1145/6/1465
f 1112/4/1091 1147/5/1466 1144/6/1462
f 1113/4/1512 1121/5/1463 1120/6/1429
f 1060/4/1090 1117/5/1430 1114/6/1739
f 1114/4/1739 1117/5/1430 1116/6/1423
f 1115/4/1481 1119/5/1424 1118/6/1426
s 51
f 1237/16/1513 1117/17/1515 1238/18/1574
f 1239/16/1516 1119/17/1518 1240/18/1575
f 1242/16/1519 1120/17/1521 1121/18/1556
s 52
f 1221/16/1522 1123/17/1524 1122/18/1559
f 1224/16/1525 1124/17/1527 1223/18/1560
f 1226/16/1528 1126/17/1530 1225/18/1563
f 1227/16/1531 1129/17/1533 1128/18/1564
f 1229/16/1534 1131/17/1536 1130/18/1565
f 1231/16/1537 1133/17/1539 1132/18/1566
f 1234/16/1540 1134/17/1542 1233/18/1561
f 1236/16/1543 1136/17/1545 1235/18/1562
s 51
f 1244/16/1546 1138/17/1548 1243/18/1567
f 1245/16/1549 1141/17/1551 1140/18/1569
f 1247/16/1552 1143/17/1554 1142/18/1570
f 1249/16/1555 1121/17/1556 1144/18/1573
f 1248/16/1553 1145/17/1558 1143/18/1554
s 52
f 1232/16/1538 1122/17/1559 1133/18/1539
f 1222/16/1523 1124/17/1527 1123/18/1524
f 1233/16/1561 1125/17/1526 1224/18/1525
f 1235/16/1562 1135/17/1541 1234/18/1540
f 1225/16/1563 1137/17/1544 1236/18/1543
f 1227/16/1531 1127/17/1529 1226/18/1528
f 1228/16/1532 1130/17/1565 1129/18/1533
f 1230/16/1535 1132/17/1566 1131/18/1536
s 51
f 1243/16/1567 1146/17/1568 1251/18/1576
f 1245/16/1549 1139/17/1547 1244/18/1546
f 1246/16/1550 1142/17/1570 1141/18/1551
f 1250/16/1557 1147/17/1572 1145/18/1558
f 1252/16/1571 1144/17/1573 1147/18/1572
f 1238/16/1574 1120/17/1521 1241/18/1520
f 1240/16/1575 1116/17/1514 1237/18/1513
f 1251/16/1576 1118/17/1517 1239/18/1516
s 1
f 1066/1/1488 807/2/990 1070/3/989
f 807/1/990 1066/2/1488 800/3/1147
s 53
f 1149/1/1577 1179/2/1579 1182/3/1591
s 54
f 1155/1/1580 1189/2/1582 1190/3/1632
s 53
f 1183/1/1583 1163/2/1585 1153/3/1586
f 1149/1/1577 1158/2/1587 1157/3/1594
f 1180/1/1588 1152/2/1590 1181/3/1600
f 1182/1/1591 1153/2/1586 1149/3/1577
f 1165/1/1592 1157/2/1594 1158/3/1587
f 1163/1/1585 1158/2/1587 1153/3/1586
f 1174/4/1595 1170/5/1597 1168/6/1606
f 1148/1/1589 1159/2/1599 1152/3/1590
f 1149/1/1577 1164/2/1593 1160/3/1578
f 1163/1/1585 1159/2/1599 1165/3/1592
f 1159/1/1599 1164/2/1593 1165/3/1592
f 1181/1/1600 1163/2/1585 1184/3/1584
s 54
f 1161/1/1601 1189/2/1582 1151/3/1581
s 53
f 1173/1/1603 1167/2/1605 1172/3/1610
f 1174/4/1595 1166/5/1608 1173/6/1603
f 1176/4/1609 1167/5/1605 1169/6/1613
f 1175/4/1596 1171/5/1612 1170/6/1597
f 1176/4/1609 1171/5/1612 1177/6/1611
f 1156/1/1598 1177/2/1611 1164/3/1593
f 1160/1/1578 1177/2/1611 1175/3/1596
f 1148/1/1589 1176/2/1609 1156/3/1598
f 1180/1/1588 1174/2/1595 1173/3/1603
f 1148/1/1589 1173/2/1603 1172/3/1610
f 1160/1/1578 1174/2/1595 1179/3/1579
s 55
f 1150/1/1614 1179/2/1616 1180/3/1617
f 1150/1/1614 1181/2/1618 1154/3/1621
f 1155/1/1619 1182/2/1620 1151/3/1623
f 1154/1/1621 1184/2/1622 1162/3/1624
f 1151/1/1623 1179/2/1616 1161/3/1615
f 1155/1/1619 1184/2/1622 1183/3/1619
s 56
f 1189/7/1625 1186/8/1627 1190/9/1747
f 1185/7/1626 1188/8/1629 1186/9/1627
s 54
f 1150/1/1630 1185/2/1602 1161/3/1601
f 1155/1/1580 1186/2/1633 1162/3/1634
f 1162/1/1634 1188/2/1635 1154/3/1636
f 1150/1/1630 1188/2/1635 1187/3/1631
s 57
f 1214/4/1637 1194/5/1639 1202/6/1670
s 58
f 1208/4/1640 1198/5/1642 1194/6/1748
f 1212/4/1643 1196/5/1645 1206/6/1665
f 1196/4/1645 1207/5/1646 1192/6/1749
s 59
f 1200/4/1647 1195/5/1649 1203/6/1750
s 60
f 1201/4/1650 1196/5/1652 1192/6/1751
f 1198/4/1653 1202/5/1655 1194/6/1752
f 1216/4/1656 1206/5/1651 1201/6/1650
s 59
f 1197/4/1658 1199/5/1660 1204/6/1753
f 1217/4/1661 1200/5/1647 1203/6/1750
s 58
f 1198/4/1642 1211/5/1663 1205/6/1684
f 1220/4/1664 1206/5/1665 1218/6/1754
s 57
f 1192/4/1666 1213/5/1668 1201/6/1683
f 1219/4/1669 1202/5/1670 1216/6/1671
f 1219/4/1669 1199/5/1672 1214/6/1637
f 1191/4/1673 1213/5/1668 1207/6/1667
s 58
f 1220/4/1664 1203/5/1676 1212/6/1643
f 1197/4/1677 1211/5/1663 1209/6/1641
f 1195/4/1679 1207/5/1646 1210/6/1644
f 1212/4/1643 1195/5/1679 1210/6/1644
f 1208/4/1640 1197/5/1677 1209/6/1641
s 57
f 1214/4/1637 1193/5/1682 1208/6/1638
s 58
f 1204/4/1678 1220/5/1664 1211/6/1663
s 57
f 1200/4/1674 1219/5/1669 1213/6/1668
f 1201/4/1683 1219/5/1669 1216/6/1671
s 58
f 1205/4/1684 1220/5/1664 1218/6/1754
s 59
f 1199/4/1660 1217/5/1661 1204/6/1753
s 60
f 1205/4/1654 1216/5/1656 1202/6/1655
s 1
f 696/1/965 680/2/969 675/3/968
f 1253/1/971 868/2/1244 867/3/1243
f 1254/1/987 684/2/982 694/3/981
f 1255/1/1691 865/2/1247 868/3/1244
f 1254/1/987 1253/2/971 696/3/965
f 866/1/1213 1256/2/1692 690/3/975
f 1257/1/974 700/2/983 688/3/976
f 1256/1/1692 685/2/986 691/3/972
f 1256/1/1692 688/2/976 690/3/975
s 15
f 360/7/481 362/8/1375 361/8/482
s 16
f 370/7/484 371/8/1755 369/8/485
f 364/7/503 370/8/484 372/8/486
f 368/8/506 367/7/1756 366/8/505
f 366/8/505 372/7/486 369/8/485
s 18
f 392/7/507 395/8/554 394/8/508
f 390/7/549 391/8/509 394/8/508
f 388/7/551 390/8/549 393/8/550
f 385/7/553 394/8/508 395/8/554
f 387/7/556 393/8/550 394/8/508
f 384/8/557 383/7/899 389/8/552
f 389/8/552 393/7/550 387/8/556
s 16
f 363/7/504 372/8/486 366/8/505
s 18
f 1010/8/901 395/9/554 392/7/507
s 46
f 982/8/1337 983/9/1736 981/7/1338
s 47
f 990/8/1340 992/9/1757 991/7/1341
f 993/8/1342 991/9/1341 985/7/1359
f 990/9/1340 993/8/1342 987/9/1361
f 987/9/1361 988/8/1758 989/8/1362
s 15
f 362/7/1375 360/8/481 359/8/1376
s 18
f 1010/8/901 1008/9/902 1007/7/1398
f 1009/8/1399 1007/9/1398 1005/7/1400
f 395/8/554 1010/9/901 1003/7/1402
f 1010/8/901 1009/9/1399 1004/7/1403
f 1004/9/1403 1009/8/1399 1006/9/1401
f 1006/9/1401 1001/8/1732 1002/8/1404
s 47
f 987/8/1361 993/9/1342 984/7/1360
s 46
f 980/8/1735 981/9/1338 983/7/1736
g Disk_FL_Mesh
v -0.551265 -0.172403 -0.866722
v -0.568825 -0.172403 -0.866722
v -0.568825 -0.213539 -0.767411
v -0.568825 -0.172403 -0.759229
v -0.568825 -0.248412 -0.790713
v -0.568825 -0.271714 -0.825586
v -0.568825 -0.279896 -0.866722
v -0.568825 -0.271714 -0.907858
v -0.568825 -0.248412 -0.942731
v -0.568825 -0.213539 -0.966033
v -0.568825 -0.172403 -0.974215
v -0.568825 -0.131267 -0.966033
v -0.568825 -0.096394 -0.942731
v -0.568825 -0.073092 -0.907858
v -0.568825 -0.064910 -0.866722
v -0.568825 -0.073092 -0.825586
v -0.568825 -0.096394 -0.790713
v -0.568825 -0.131267 -0.767411
v -0.551265 -0.172403 -0.759229
v -0.551265 -0.213539 -0.767411
v -0.551265 -0.248412 -0.790713
v -0.551265 -0.271714 -0.825586
v -0.551265 -0.279896 -0.866722
v -0.551266 -0.271714 -0.907858
v -0.551266 -0.248412 -0.942731
v -0.551266 -0.213539 -0.966033
v -0.551266 -0.172403 -0.974215
v -0.551266 -0.131267 -0.966033
v -0.551266 -0.096394 -0.942731
v -0.551266 -0.073092 -0.907858
v -0.551266 -0.064910 -0.866722
v -0.551265 -0.073092 -0.825586
v -0.551265 -0.096394 -0.790713
v -0.551265 -0.131267 -0.767411
v -0.542728 -0.193519 -0.770185
v -0.542728 -0.077054 -0.841843
v -0.577367 -0.193519 -0.770185
v -0.577367 -0.077054 -0.841843
v -0.542728 -0.135844 -0.745751
v -0.542728 -0.185808 -0.757652
v -0.542728 -0.163291 -0.741354
v -0.542728 -0.069343 -0.829310
v -0.542728 -0.081243 -0.779346
v -0.542728 -0.064945 -0.801863
v -0.577367 -0.185808 -0.757652
v -0.577367 -0.135844 -0.745751
v -0.577367 -0.163291 -0.741354
v -0.577367 -0.081243 -0.779346
v -0.577367 -0.069343 -0.829310
v -0.577367 -0.064945 -0.801863
v -0.542728 -0.119902 -0.743940
v -0.577367 -0.119902 -0.743940
v -0.577367 -0.086813 -0.764299
v -0.542728 -0.086813 -0.764299
vn -0.0000 -0.0000 1.0000
vn -0.0000 -0.3827 0.9239
vn -0.0000 -0.7071 0.7071
vn -0.0000 -0.9239 0.3827
vn -0.0000 -1.0000 -0.0000
vn -0.0000 -0.9239 -0.3827
vn -0.0000 -0.7071 -0.7071
vn -0.0000 -0.3827 -0.9239
vn -0.0000 -0.0000 -1.0000
vn -0.0000 0.3827 -0.9239
vn -0.0000 0.7071 -0.7071
vn -0.0000 0.9239 -0.3827
vn -0.0000 1.0000 -0.0000
vn -0.0000 0.9239 0.3827
vn -0.0000 0.7071 0.7071
vn -0.0000 0.3827 0.9239
vn -1.0000 -0.0000 -0.0000
vn 1.0000 -0.0000 -0.0000
vn -0.0000 -0.5240 -0.8517
vn -0.0000 -0.7331 0.6801
vn -0.0000 -0.5863 0.8101
vn -0.0000 0.1582 0.9874
vn -0.0000 0.0229 0.9997
vn -0.0000 0.9376 -0.3478
vn -0.0000 0.9874 -0.1582
vn -0.0000 0.8101 0.5863
vn -0.0000 0.8821 0.4711
vn -0.0000 -0.8517 0.5240
vn -0.0000 -0.1129 0.9936
vn -0.0000 0.8517 -0.5240
vn -0.0000 0.5240 0.8517
vn -0.0000 0.9378 0.3472
vt 0.559953 0.321672
vt 0.690047 0.321672
vt 0.690047 0.451766
vt 0.795826 0.327076
vt 0.930736 0.327076
vt 0.930736 0.461986
s 1
g off
g Disk_FL_
usemtl 
f 1276/19/1759 1260/20/1760 1277/21/1760
f 1277/19/1760 1262/20/1761 1278/21/1761
f 1278/19/1761 1263/20/1762 1279/21/1762
f 1279/19/1762 1264/20/1763 1280/21/1763
f 1264/19/1763 1281/20/1764 1280/21/1763
f 1265/19/1764 1282/20/1765 1281/21/1764
f 1266/19/1765 1283/20/1766 1282/21/1765
f 1267/19/1766 1284/20/1767 1283/21/1766
f 1284/19/1767 1269/20/1768 1285/21/1768
f 1269/19/1768 1286/20/1769 1285/21/1768
f 1270/19/1769 1287/20/1770 1286/21/1769
f 1271/19/1770 1288/20/1771 1287/21/1770
f 1272/19/1771 1289/20/1772 1288/21/1771
f 1273/19/1772 1290/20/1773 1289/21/1772
f 1274/19/1773 1291/20/1774 1290/21/1773
f 1275/19/1774 1276/20/1759 1291/21/1774
s 2
f 1259/19/1775 1260/20/1775 1261/21/1775
f 1259/19/1775 1262/20/1775 1260/21/1775
f 1259/19/1775 1263/20/1775 1262/21/1775
f 1259/19/1775 1264/20/1775 1263/21/1775
f 1259/19/1775 1265/20/1775 1264/21/1775
f 1259/19/1775 1266/20/1775 1265/21/1775
f 1259/19/1775 1267/20/1775 1266/21/1775
f 1259/19/1775 1268/20/1775 1267/21/1775
f 1259/19/1775 1269/20/1775 1268/21/1775
f 1259/19/1775 1270/20/1775 1269/21/1775
f 1259/19/1775 1271/20/1775 1270/21/1775
f 1259/19/1775 1272/20/1775 1271/21/1775
f 1259/19/1775 1273/20/1775 1272/21/1775
f 1259/19/1775 1274/20/1775 1273/21/1775
f 1259/19/1775 1275/20/1775 1274/21/1775
f 1259/19/1775 1261/20/1775 1275/21/1775
s 3
f 1258/19/1776 1276/20/1776 1277/21/1776
f 1258/19/1776 1277/20/1776 1278/21/1776
f 1258/19/1776 1278/20/1776 1279/21/1776
f 1258/19/1776 1279/20/1776 1280/21/1776
f 1258/19/1776 1280/20/1776 1281/21/1776
f 1258/19/1776 1281/20/1776 1282/21/1776
f 1258/19/1776 1282/20/1776 1283/21/1776
f 1258/19/1776 1283/20/1776 1284/21/1776
f 1258/19/1776 1284/20/1776 1285/21/1776
f 1258/19/1776 1285/20/1776 1286/21/1776
f 1258/19/1776 1286/20/1776 1287/21/1776
f 1258/19/1776 1287/20/1776 1288/21/1776
f 1258/19/1776 1288/20/1776 1289/21/1776
f 1258/19/1776 1289/20/1776 1290/21/1776
f 1258/19/1776 1290/20/1776 1291/21/1776
f 1258/19/1776 1291/20/1776 1276/21/1776
s 1
f 1276/19/1759 1261/20/1759 1260/21/1760
f 1277/19/1760 1260/20/1760 1262/21/1761
f 1278/19/1761 1262/20/1761 1263/21/1762
f 1279/19/1762 1263/20/1762 1264/21/1763
f 1264/19/1763 1265/20/1764 1281/21/1764
f 1265/19/1764 1266/20/1765 1282/21/1765
f 1266/19/1765 1267/20/1766 1283/21/1766
f 1267/19/1766 1268/20/1767 1284/21/1767
f 1284/19/1767 1268/20/1767 1269/21/1768
f 1269/19/1768 1270/20/1769 1286/21/1769
f 1270/19/1769 1271/20/1770 1287/21/1770
f 1271/19/1770 1272/20/1771 1288/21/1771
f 1272/19/1771 1273/20/1772 1289/21/1772
f 1273/19/1772 1274/20/1773 1290/21/1773
f 1274/19/1773 1275/20/1774 1291/21/1774
f 1275/19/1774 1261/20/1759 1276/21/1759
s 4
f 1294/22/1777 1293/23/1777 1292/24/1777
s 5
f 1297/22/1778 1304/23/1779 1302/24/1778
s 6
f 1298/22/1780 1303/23/1781 1304/24/1780
s 7
f 1299/22/1782 1307/23/1783 1301/24/1783
s 8
f 1307/22/1784 1300/23/1785 1301/24/1784
s 5
f 1302/22/1778 1292/23/1786 1297/24/1778
s 9
f 1296/22/1776 1298/23/1776 1297/24/1776
s 6
f 1296/22/1781 1309/23/1787 1303/24/1781
s 7
f 1299/22/1782 1295/23/1788 1306/24/1782
s 10
f 1295/22/1775 1294/23/1775 1305/24/1775
s 11
f 1311/22/1789 1309/23/1789 1308/24/1789
s 9
f 1296/22/1776 1311/23/1776 1308/24/1776
s 8
f 1305/22/1785 1311/23/1790 1300/24/1785
s 10
f 1303/22/1775 1310/23/1775 1305/24/1775
s 4
f 1294/22/1777 1295/23/1777 1293/24/1777
s 5
f 1297/22/1778 1298/23/1779 1304/24/1779
s 6
f 1298/22/1780 1296/23/1781 1303/24/1781
s 7
f 1299/22/1782 1306/23/1782 1307/24/1783
s 8
f 1307/22/1784 1305/23/1785 1300/24/1785
s 5
f 1302/22/1778 1294/23/1786 1292/24/1786
s 9
f 1297/22/1776 1292/23/1776 1296/24/1776
f 1292/22/1776 1293/23/1776 1296/24/1776
f 1293/22/1776 1299/23/1776 1300/24/1776
f 1299/22/1776 1301/23/1776 1300/24/1776
f 1300/22/1776 1296/23/1776 1293/24/1776
s 6
f 1296/22/1781 1308/23/1787 1309/24/1787
s 7
f 1299/22/1782 1293/23/1788 1295/24/1788
s 10
f 1294/22/1775 1302/23/1775 1303/24/1775
f 1302/22/1775 1304/23/1775 1303/24/1775
f 1303/22/1775 1305/23/1775 1294/24/1775
f 1305/22/1775 1307/23/1775 1306/24/1775
f 1306/22/1775 1295/23/1775 1305/24/1775
s 11
f 1311/22/1789 1310/23/1789 1309/24/1789
s 9
f 1296/22/1776 1300/23/1776 1311/24/1776
s 8
f 1305/22/1785 1310/23/1790 1311/24/1790
s 10
f 1303/22/1775 1309/23/1775 1310/24/1775
g Disk_FR_Mesh
v 0.551265 -0.172403 -0.866722
v 0.568825 -0.172403 -0.866722
v 0.551265 -0.172403 -0.759229
v 0.551265 -0.213539 -0.767411
v 0.551265 -0.248412 -0.790713
v 0.551265 -0.271714 -0.825586
v 0.551265 -0.279896 -0.866722
v 0.551266 -0.271714 -0.907858
v 0.551266 -0.248412 -0.942731
v 0.551266 -0.213539 -0.966033
v 0.551266 -0.172403 -0.974215
v 0.551266 -0.131267 -0.966033
v 0.551266 -0.096394 -0.942731
v 0.551266 -0.073092 -0.907858
v 0.551266 -0.064910 -0.866722
v 0.551265 -0.073092 -0.825586
v 0.551265 -0.096394 -0.790713
v 0.551265 -0.131267 -0.767411
v 0.568825 -0.213539 -0.767411
v 0.568825 -0.172403 -0.759229
v 0.568825 -0.248412 -0.790713
v 0.568825 -0.271714 -0.825586
v 0.568825 -0.279896 -0.866722
v 0.568825 -0.271714 -0.907858
v 0.568825 -0.248412 -0.942731
v 0.568825 -0.213539 -0.966033
v 0.568825 -0.172403 -0.974215
v 0.568825 -0.131267 -0.966033
v 0.568825 -0.096394 -0.942731
v 0.568825 -0.073092 -0.907858
v 0.568825 -0.064910 -0.866722
v 0.568825 -0.073092 -0.825586
v 0.568825 -0.096394 -0.790713
v 0.568825 -0.131267 -0.767411
v 0.542728 -0.193519 -0.770185
v 0.542728 -0.077054 -0.841843
v 0.577367 -0.193519 -0.770185
v 0.577367 -0.077054 -0.841843
v 0.542728 -0.135844 -0.745751
v 0.542728 -0.185808 -0.757652
v 0.542728 -0.163291 -0.741354
v 0.542728 -0.069343 -0.829310
v 0.542728 -0.081243 -0.779346
v 0.542728 -0.064945 -0.801863
v 0.577367 -0.185808 -0.757652
v 0.577367 -0.135844 -0.745751
v 0.577367 -0.163291 -0.741354
v 0.577367 -0.081243 -0.779346
v 0.577367 -0.069343 -0.829310
v 0.577367 -0.064945 -0.801863
v 0.542728 -0.119902 -0.743940
v 0.577367 -0.119902 -0.743940
v 0.577367 -0.086813 -0.764299
v 0.542728 -0.086813 -0.764299
vn -0.0000 -0.0000 1.0000
vn -0.0000 -0.3827 0.9239
vn -0.0000 -0.7071 0.7071
vn -0.0000 -0.9239 0.3827
vn -0.0000 -1.0000 -0.0000
vn -0.0000 -0.9239 -0.3827
vn -0.0000 -0.7071 -0.7071
vn -0.0000 -0.3827 -0.9239
vn -0.0000 -0.0000 -1.0000
vn -0.0000 0.3827 -0.9239
vn -0.0000 0.7071 -0.7071
vn -0.0000 0.9239 -0.3827
vn -0.0000 1.0000 -0.0000
vn -0.0000 0.9239 0.3827
vn -0.0000 0.7071 0.7071
vn -0.0000 0.3827 0.9239
vn -1.0000 -0.0000 -0.0000
vn 1.0000 -0.0000 -0.0000
vn -0.0000 -0.5240 -0.8517
vn -0.0000 -0.5863 0.8101
vn -0.0000 -0.7331 0.6801
vn -0.0000 0.0229 0.9997
vn -0.0000 0.1582 0.9874
vn -0.0000 0.9376 -0.3478
vn -0.0000 0.9874 -0.1582
vn -0.0000 0.8821 0.4711
vn -0.0000 0.8101 0.5863
vn -0.0000 -0.8517 0.5240
vn -0.0000 -0.1129 0.9936
vn -0.0000 0.8517 -0.5240
vn -0.0000 0.5240 0.8517
vn -0.0000 0.9378 0.3472
vt 0.559953 0.321672
vt 0.690047 0.321672
vt 0.690047 0.451766
vt 0.795826 0.327076
vt 0.930736 0.327076
vt 0.930736 0.461986
s 1
g off
g Disk_FR_
usemtl 
f 1314/25/1791 1330/26/1792 1331/27/1791
f 1315/25/1792 1332/26/1793 1330/27/1792
f 1316/25/1793 1333/26/1794 1332/27/1793
f 1317/25/1794 1334/26/1795 1333/27/1794
f 1319/25/1796 1334/26/1795 1318/27/1795
f 1320/25/1797 1335/26/1796 1319/27/1796
f 1321/25/1798 1336/26/1797 1320/27/1797
f 1322/25/1799 1337/26/1798 1321/27/1798
f 1322/25/1799 1339/26/1800 1338/27/1799
f 1324/25/1801 1339/26/1800 1323/27/1800
f 1324/25/1801 1341/26/1802 1340/27/1801
f 1326/25/1803 1341/26/1802 1325/27/1802
f 1327/25/1804 1342/26/1803 1326/27/1803
f 1328/25/1805 1343/26/1804 1327/27/1804
f 1329/25/1806 1344/26/1805 1328/27/1805
f 1314/25/1791 1345/26/1806 1329/27/1806
s 2
f 1312/25/1807 1315/26/1807 1314/27/1807
f 1312/25/1807 1316/26/1807 1315/27/1807
f 1312/25/1807 1317/26/1807 1316/27/1807
f 1312/25/1807 1318/26/1807 1317/27/1807
f 1312/25/1807 1319/26/1807 1318/27/1807
f 1312/25/1807 1320/26/1807 1319/27/1807
f 1312/25/1807 1321/26/1807 1320/27/1807
f 1312/25/1807 1322/26/1807 1321/27/1807
f 1312/25/1807 1323/26/1807 1322/27/1807
f 1312/25/1807 1324/26/1807 1323/27/1807
f 1312/25/1807 1325/26/1807 1324/27/1807
f 1312/25/1807 1326/26/1807 1325/27/1807
f 1312/25/1807 1327/26/1807 1326/27/1807
f 1312/25/1807 1328/26/1807 1327/27/1807
f 1312/25/1807 1329/26/1807 1328/27/1807
f 1312/25/1807 1314/26/1807 1329/27/1807
s 3
f 1313/25/1808 1331/26/1808 1330/27/1808
f 1313/25/1808 1330/26/1808 1332/27/1808
f 1313/25/1808 1332/26/1808 1333/27/1808
f 1313/25/1808 1333/26/1808 1334/27/1808
f 1313/25/1808 1334/26/1808 1335/27/1808
f 1313/25/1808 1335/26/1808 1336/27/1808
f 1313/25/1808 1336/26/1808 1337/27/1808
f 1313/25/1808 1337/26/1808 1338/27/1808
f 1313/25/1808 1338/26/1808 1339/27/1808
f 1313/25/1808 1339/26/1808 1340/27/1808
f 1313/25/1808 1340/26/1808 1341/27/1808
f 1313/25/1808 1341/26/1808 1342/27/1808
f 1313/25/1808 1342/26/1808 1343/27/1808
f 1313/25/1808 1343/26/1808 1344/27/1808
f 1313/25/1808 1344/26/1808 1345/27/1808
f 1313/25/1808 1345/26/1808 1331/27/1808
s 1
f 1314/25/1791 1315/26/1792 1330/27/1792
f 1315/25/1792 1316/26/1793 1332/27/1793
f 1316/25/1793 1317/26/1794 1333/27/1794
f 1317/25/1794 1318/26/1795 1334/27/1795
f 1319/25/1796 1335/26/1796 1334/27/1795
f 1320/25/1797 1336/26/1797 1335/27/1796
f 1321/25/1798 1337/26/1798 1336/27/1797
f 1322/25/1799 1338/26/1799 1337/27/1798
f 1322/25/1799 1323/26/1800 1339/27/1800
f 1324/25/1801 1340/26/1801 1339/27/1800
f 1324/25/1801 1325/26/1802 1341/27/1802
f 1326/25/1803 1342/26/1803 1341/27/1802
f 1327/25/1804 1343/26/1804 1342/27/1803
f 1328/25/1805 1344/26/1805 1343/27/1804
f 1329/25/1806 1345/26/1806 1344/27/1805
f 1314/25/1791 1331/26/1791 1345/27/1806
s 4
f 1348/28/1809 1347/29/1809 1349/30/1809
s 5
f 1358/28/1810 1351/29/1811 1356/30/1811
s 6
f 1357/28/1812 1352/29/1813 1358/30/1813
s 7
f 1353/28/1814 1361/29/1815 1360/30/1814
s 8
f 1354/28/1816 1361/29/1817 1355/30/1817
s 5
f 1346/28/1818 1356/29/1811 1351/30/1811
s 9
f 1347/28/1807 1354/29/1807 1353/30/1807
s 6
f 1363/28/1819 1350/29/1812 1357/30/1812
s 7
f 1349/28/1820 1353/29/1814 1360/30/1814
s 10
f 1359/28/1808 1357/29/1808 1348/30/1808
s 11
f 1363/28/1821 1365/29/1821 1362/30/1821
s 9
f 1350/28/1807 1365/29/1807 1354/30/1807
s 8
f 1365/28/1822 1359/29/1816 1354/30/1816
s 10
f 1364/28/1808 1357/29/1808 1359/30/1808
s 4
f 1348/28/1809 1346/29/1809 1347/30/1809
s 5
f 1358/28/1810 1352/29/1810 1351/30/1811
s 6
f 1357/28/1812 1350/29/1812 1352/30/1813
s 7
f 1353/28/1814 1355/29/1815 1361/30/1815
s 8
f 1354/28/1816 1359/29/1816 1361/30/1817
s 5
f 1346/28/1818 1348/29/1818 1356/30/1811
s 9
f 1347/28/1807 1346/29/1807 1350/30/1807
f 1346/28/1807 1351/29/1807 1350/30/1807
f 1351/28/1807 1352/29/1807 1350/30/1807
f 1350/28/1807 1354/29/1807 1347/30/1807
f 1354/28/1807 1355/29/1807 1353/30/1807
s 6
f 1363/28/1819 1362/29/1819 1350/30/1812
s 7
f 1349/28/1820 1347/29/1820 1353/30/1814
s 10
f 1358/28/1808 1356/29/1808 1357/30/1808
f 1356/28/1808 1348/29/1808 1357/30/1808
f 1348/28/1808 1349/29/1808 1359/30/1808
f 1349/28/1808 1360/29/1808 1359/30/1808
f 1360/28/1808 1361/29/1808 1359/30/1808
s 11
f 1363/28/1821 1364/29/1821 1365/30/1821
s 9
f 1350/28/1807 1362/29/1807 1365/30/1807
s 8
f 1365/28/1822 1364/29/1822 1359/30/1816
s 10
f 1364/28/1808 1363/29/1808 1357/30/1808
g Disk_RL_Mesh
v -0.551265 -0.172403 0.908541
v -0.568825 -0.172403 0.908541
v -0.568825 -0.213539 1.007852
v -0.568825 -0.172403 1.016034
v -0.568825 -0.248412 0.984550
v -0.568825 -0.271714 0.949677
v -0.568825 -0.279896 0.908541
v -0.568825 -0.271714 0.867405
v -0.568825 -0.248412 0.832532
v -0.568825 -0.213539 0.809230
v -0.568825 -0.172403 0.801048
v -0.568825 -0.131267 0.809230
v -0.568825 -0.096394 0.832532
v -0.568825 -0.073092 0.867405
v -0.568825 -0.064910 0.908541
v -0.568825 -0.073092 0.949677
v -0.568825 -0.096394 0.984550
v -0.568825 -0.131267 1.007852
v -0.551265 -0.172403 1.016034
v -0.551265 -0.213539 1.007852
v -0.551265 -0.248412 0.984550
v -0.551265 -0.271714 0.949677
v -0.551265 -0.279896 0.908541
v -0.551265 -0.271714 0.867405
v -0.551265 -0.248412 0.832532
v -0.551266 -0.213539 0.809230
v -0.551266 -0.172403 0.801048
v -0.551265 -0.131267 0.809230
v -0.551266 -0.096394 0.832532
v -0.551265 -0.073092 0.867405
v -0.551265 -0.064910 0.908541
v -0.551265 -0.073092 0.949677
v -0.551265 -0.096394 0.984550
v -0.551265 -0.131267 1.007852
v -0.542728 -0.193519 1.005078
v -0.542728 -0.077054 0.933420
v -0.577367 -0.193519 1.005078
v -0.577367 -0.077054 0.933420
v -0.542728 -0.135844 1.029511
v -0.542728 -0.185808 1.017611
v -0.542728 -0.163291 1.033909
v -0.542728 -0.069343 0.945953
v -0.542728 -0.081243 0.995917
v -0.542728 -0.064945 0.973400
v -0.577367 -0.185808 1.017611
v -0.577367 -0.135844 1.029511
v -0.577367 -0.163291 1.033909
v -0.577367 -0.081243 0.995917
v -0.577367 -0.069343 0.945953
v -0.577367 -0.064945 0.973400
v -0.542728 -0.119902 1.031322
v -0.577367 -0.119902 1.031322
v -0.577367 -0.086813 1.010964
v -0.542728 -0.086813 1.010964
vn -0.0000 -0.0000 1.0000
vn -0.0000 -0.3827 0.9239
vn -0.0000 -0.7071 0.7071
vn -0.0000 -0.9239 0.3827
vn -0.0000 -1.0000 -0.0000
vn -0.0000 -0.9239 -0.3827
vn -0.0000 -0.7071 -0.7071
vn -0.0000 -0.3827 -0.9239
vn -0.0000 -0.0000 -1.0000
vn -0.0000 0.3827 -0.9239
vn -0.0000 0.7071 -0.7071
vn -0.0000 0.9239 -0.3827
vn -0.0000 1.0000 -0.0000
vn -0.0000 0.9239 0.3827
vn -0.0000 0.7071 0.7071
vn -0.0000 0.3827 0.9239
vn -1.0000 -0.0000 -0.0000
vn 1.0000 -0.0000 -0.0000
vn -0.0000 -0.5240 -0.8517
vn -0.0000 -0.7331 0.6801
vn -0.0000 -0.5863 0.8101
vn -0.0000 0.1582 0.9874
vn -0.0000 0.0229 0.9997
vn -0.0000 0.9376 -0.3478
vn -0.0000 0.9874 -0.1582
vn -0.0000 0.8101 0.5863
vn -0.0000 0.8821 0.4711
vn -0.0000 -0.8517 0.5240
vn -0.0000 -0.1129 0.9936
vn -0.0000 0.8517 -0.5240
vn -0.0000 0.5240 0.8517
vn -0.0000 0.9378 0.3472
vt 0.559953 0.321672
vt 0.690047 0.321672
vt 0.690047 0.451766
vt 0.795826 0.327076
vt 0.930736 0.327076
vt 0.930736 0.461986
s 1
g off
g Disk_RL_
usemtl 
f 1384/31/1823 1368/32/1824 1385/33/1824
f 1368/31/1824 1386/32/1825 1385/33/1824
f 1386/31/1825 1371/32/1826 1387/33/1826
f 1371/31/1826 1388/32/1827 1387/33/1826
f 1372/31/1827 1389/32/1828 1388/33/1827
f 1373/31/1828 1390/32/1829 1389/33/1828
f 1374/31/1829 1391/32/1830 1390/33/1829
f 1375/31/1830 1392/32/1831 1391/33/1830
f 1392/31/1831 1377/32/1832 1393/33/1832
f 1377/31/1832 1394/32/1833 1393/33/1832
f 1394/31/1833 1379/32/1834 1395/33/1834
f 1379/31/1834 1396/32/1835 1395/33/1834
f 1380/31/1835 1397/32/1836 1396/33/1835
f 1397/31/1836 1382/32/1837 1398/33/1837
f 1398/31/1837 1383/32/1838 1399/33/1838
f 1399/31/1838 1369/32/1823 1384/33/1823
s 2
f 1367/31/1839 1368/32/1839 1369/33/1839
f 1367/31/1839 1370/32/1839 1368/33/1839
f 1367/31/1839 1371/32/1839 1370/33/1839
f 1367/31/1839 1372/32/1839 1371/33/1839
f 1367/31/1839 1373/32/1839 1372/33/1839
f 1367/31/1839 1374/32/1839 1373/33/1839
f 1367/31/1839 1375/32/1839 1374/33/1839
f 1367/31/1839 1376/32/1839 1375/33/1839
f 1367/31/1839 1377/32/1839 1376/33/1839
f 1367/31/1839 1378/32/1839 1377/33/1839
f 1367/31/1839 1379/32/1839 1378/33/1839
f 1367/31/1839 1380/32/1839 1379/33/1839
f 1367/31/1839 1381/32/1839 1380/33/1839
f 1367/31/1839 1382/32/1839 1381/33/1839
f 1367/31/1839 1383/32/1839 1382/33/1839
f 1367/31/1839 1369/32/1839 1383/33/1839
s 3
f 1366/31/1840 1384/32/1840 1385/33/1840
f 1366/31/1840 1385/32/1840 1386/33/1840
f 1366/31/1840 1386/32/1840 1387/33/1840
f 1366/31/1840 1387/32/1840 1388/33/1840
f 1366/31/1840 1388/32/1840 1389/33/1840
f 1366/31/1840 1389/32/1840 1390/33/1840
f 1366/31/1840 1390/32/1840 1391/33/1840
f 1366/31/1840 1391/32/1840 1392/33/1840
f 1366/31/1840 1392/32/1840 1393/33/1840
f 1366/31/1840 1393/32/1840 1394/33/1840
f 1366/31/1840 1394/32/1840 1395/33/1840
f 1366/31/1840 1395/32/1840 1396/33/1840
f 1366/31/1840 1396/32/1840 1397/33/1840
f 1366/31/1840 1397/32/1840 1398/33/1840
f 1366/31/1840 1398/32/1840 1399/33/1840
f 1366/31/1840 1399/32/1840 1384/33/1840
s 1
f 1384/31/1823 1369/32/1823 1368/33/1824
f 1368/31/1824 1370/32/1825 1386/33/1825
f 1386/31/1825 1370/32/1825 1371/33/1826
f 1371/31/1826 1372/32/1827 1388/33/1827
f 1372/31/1827 1373/32/1828 1389/33/1828
f 1373/31/1828 1374/32/1829 1390/33/1829
f 1374/31/1829 1375/32/1830 1391/33/1830
f 1375/31/1830 1376/32/1831 1392/33/1831
f 1392/31/1831 1376/32/1831 1377/33/1832
f 1377/31/1832 1378/32/1833 1394/33/1833
f 1394/31/1833 1378/32/1833 1379/33/1834
f 1379/31/1834 1380/32/1835 1396/33/1835
f 1380/31/1835 1381/32/1836 1397/33/1836
f 1397/31/1836 1381/32/1836 1382/33/1837
f 1398/31/1837 1382/32/1837 1383/33/1838
f 1399/31/1838 1383/32/1838 1369/33/1823
s 4
f 1402/34/1841 1401/35/1841 1400/36/1841
s 5
f 1405/34/1842 1412/35/1843 1410/36/1842
s 6
f 1406/34/1844 1411/35/1845 1412/36/1844
s 7
f 1407/34/1846 1415/35/1847 1409/36/1847
s 8
f 1415/34/1848 1408/35/1849 1409/36/1848
s 5
f 1410/34/1842 1400/35/1850 1405/36/1842
s 9
f 1404/34/1840 1406/35/1840 1405/36/1840
s 6
f 1404/34/1845 1417/35/1851 1411/36/1845
s 7
f 1407/34/1846 1403/35/1852 1414/36/1846
s 10
f 1403/34/1839 1402/35/1839 1413/36/1839
s 11
f 1419/34/1853 1417/35/1853 1416/36/1853
s 9
f 1408/34/1840 1416/35/1840 1404/36/1840
s 8
f 1413/34/1849 1419/35/1854 1408/36/1849
s 10
f 1413/34/1839 1417/35/1839 1418/36/1839
s 4
f 1402/34/1841 1403/35/1841 1401/36/1841
s 5
f 1405/34/1842 1406/35/1843 1412/36/1843
s 6
f 1406/34/1844 1404/35/1845 1411/36/1845
s 7
f 1407/34/1846 1414/35/1846 1415/36/1847
s 8
f 1415/34/1848 1413/35/1849 1408/36/1849
s 5
f 1410/34/1842 1402/35/1850 1400/36/1850
s 9
f 1405/34/1840 1400/35/1840 1404/36/1840
f 1400/34/1840 1401/35/1840 1404/36/1840
f 1401/34/1840 1407/35/1840 1408/36/1840
f 1407/34/1840 1409/35/1840 1408/36/1840
f 1408/34/1840 1404/35/1840 1401/36/1840
s 6
f 1404/34/1845 1416/35/1851 1417/36/1851
s 7
f 1407/34/1846 1401/35/1852 1403/36/1852
s 10
f 1402/34/1839 1410/35/1839 1411/36/1839
f 1410/34/1839 1412/35/1839 1411/36/1839
f 1411/34/1839 1413/35/1839 1402/36/1839
f 1413/34/1839 1415/35/1839 1414/36/1839
f 1414/34/1839 1403/35/1839 1413/36/1839
s 11
f 1419/34/1853 1418/35/1853 1417/36/1853
s 9
f 1408/34/1840 1419/35/1840 1416/36/1840
s 8
f 1413/34/1849 1418/35/1854 1419/36/1854
s 10
f 1413/34/1839 1411/35/1839 1417/36/1839
g Disk_RR_Mesh
v 0.551265 -0.172403 0.908541
v 0.568825 -0.172403 0.908541
v 0.551265 -0.172403 1.016034
v 0.551265 -0.213539 1.007852
v 0.551265 -0.248412 0.984550
v 0.551265 -0.271714 0.949677
v 0.551265 -0.279896 0.908541
v 0.551265 -0.271714 0.867405
v 0.551265 -0.248412 0.832532
v 0.551266 -0.213539 0.809230
v 0.551266 -0.172403 0.801048
v 0.551265 -0.131267 0.809230
v 0.551266 -0.096394 0.832532
v 0.551265 -0.073092 0.867405
v 0.551265 -0.064910 0.908541
v 0.551265 -0.073092 0.949677
v 0.551265 -0.096394 0.984550
v 0.551265 -0.131267 1.007852
v 0.568825 -0.213539 1.007852
v 0.568825 -0.172403 1.016034
v 0.568825 -0.248412 0.984550
v 0.568825 -0.271714 0.949677
v 0.568825 -0.279896 0.908541
v 0.568825 -0.271714 0.867405
v 0.568825 -0.248412 0.832532
v 0.568825 -0.213539 0.809230
v 0.568825 -0.172403 0.801048
v 0.568825 -0.131267 0.809230
v 0.568825 -0.096394 0.832532
v 0.568825 -0.073092 0.867405
v 0.568825 -0.064910 0.908541
v 0.568825 -0.073092 0.949677
v 0.568825 -0.096394 0.984550
v 0.568825 -0.131267 1.007852
v 0.542728 -0.193519 1.005078
v 0.542728 -0.077054 0.933420
v 0.577367 -0.193519 1.005078
v 0.577367 -0.077054 0.933420
v 0.542728 -0.135844 1.029511
v 0.542728 -0.185808 1.017611
v 0.542728 -0.163291 1.033909
v 0.542728 -0.069343 0.945953
v 0.542728 -0.081243 0.995917
v 0.542728 -0.064945 0.973400
v 0.577367 -0.185808 1.017611
v 0.577367 -0.135844 1.029511
v 0.577367 -0.163291 1.033909
v 0.577367 -0.081243 0.995917
v 0.577367 -0.069343 0.945953
v 0.577367 -0.064945 0.973400
v 0.542728 -0.119902 1.031322
v 0.577367 -0.119902 1.031322
v 0.577367 -0.086813 1.010964
v 0.542728 -0.086813 1.010964
vn -0.0000 -0.0000 1.0000
vn -0.0000 -0.3827 0.9239
vn -0.0000 -0.7071 0.7071
vn -0.0000 -0.9239 0.3827
vn -0.0000 -1.0000 -0.0000
vn -0.0000 -0.9239 -0.3827
vn -0.0000 -0.7071 -0.7071
vn -0.0000 -0.3827 -0.9239
vn -0.0000 -0.0000 -1.0000
vn -0.0000 0.3827 -0.9239
vn -0.0000 0.7071 -0.7071
vn -0.0000 0.9239 -0.3827
vn -0.0000 1.0000 -0.0000
vn -0.0000 0.9239 0.3827
vn -0.0000 0.7071 0.7071
vn -0.0000 0.3827 0.9239
vn -1.0000 -0.0000 -0.0000
vn 1.0000 -0.0000 -0.0000
vn -0.0000 -0.5240 -0.8517
vn -0.0000 -0.5863 0.8101
vn -0.0000 -0.7331 0.6801
vn -0.0000 0.0229 0.9997
vn -0.0000 0.1582 0.9874
vn -0.0000 0.9874 -0.1582
vn -0.0000 0.9376 -0.3478
vn -0.0000 0.8821 0.4711
vn -0.0000 0.8101 0.5863
vn -0.0000 -0.8517 0.5240
vn -0.0000 -0.1129 0.9936
vn -0.0000 0.8517 -0.5240
vn -0.0000 0.5240 0.8517
vn -0.0000 0.9378 0.3472
vt 0.559953 0.321672
vt 0.690047 0.321672
vt 0.690047 0.451766
vt 0.795826 0.327076
vt 0.930736 0.327076
vt 0.930736 0.461986
s 1
g off
g Disk_RR_
usemtl 
f 1422/37/1855 1438/38/1856 1439/39/1855
f 1423/37/1856 1440/38/1857 1438/39/1856
f 1424/37/1857 1441/38/1858 1440/39/1857
f 1426/37/1859 1441/38/1858 1425/39/1858
f 1427/37/1860 1442/38/1859 1426/39/1859
f 1428/37/1861 1443/38/1860 1427/39/1860
f 1429/37/1862 1444/38/1861 1428/39/1861
f 1430/37/1863 1445/38/1862 1429/39/1862
f 1430/37/1863 1447/38/1864 1446/39/1863
f 1432/37/1865 1447/38/1864 1431/39/1864
f 1432/37/1865 1449/38/1866 1448/39/1865
f 1434/37/1867 1449/38/1866 1433/39/1866
f 1435/37/1868 1450/38/1867 1434/39/1867
f 1435/37/1868 1452/38/1869 1451/39/1868
f 1436/37/1869 1453/38/1870 1452/39/1869
f 1437/37/1870 1439/38/1855 1453/39/1870
s 2
f 1420/37/1871 1423/38/1871 1422/39/1871
f 1420/37/1871 1424/38/1871 1423/39/1871
f 1420/37/1871 1425/38/1871 1424/39/1871
f 1420/37/1871 1426/38/1871 1425/39/1871
f 1420/37/1871 1427/38/1871 1426/39/1871
f 1420/37/1871 1428/38/1871 1427/39/1871
f 1420/37/1871 1429/38/1871 1428/39/1871
f 1420/37/1871 1430/38/1871 1429/39/1871
f 1420/37/1871 1431/38/1871 1430/39/1871
f 1420/37/1871 1432/38/1871 1431/39/1871
f 1420/37/1871 1433/38/1871 1432/39/1871
f 1420/37/1871 1434/38/1871 1433/39/1871
f 1420/37/1871 1435/38/1871 1434/39/1871
f 1420/37/1871 1436/38/1871 1435/39/1871
f 1420/37/1871 1437/38/1871 1436/39/1871
f 1420/37/1871 1422/38/1871 1437/39/1871
s 3
f 1421/37/1872 1439/38/1872 1438/39/1872
f 1421/37/1872 1438/38/1872 1440/39/1872
f 1421/37/1872 1440/38/1872 1441/39/1872
f 1421/37/1872 1441/38/1872 1442/39/1872
f 1421/37/1872 1442/38/1872 1443/39/1872
f 1421/37/1872 1443/38/1872 1444/39/1872
f 1421/37/1872 1444/38/1872 1445/39/1872
f 1421/37/1872 1445/38/1872 1446/39/1872
f 1421/37/1872 1446/38/1872 1447/39/1872
f 1421/37/1872 1447/38/1872 1448/39/1872
f 1421/37/1872 1448/38/1872 1449/39/1872
f 1421/37/1872 1449/38/1872 1450/39/1872
f 1421/37/1872 1450/38/1872 1451/39/1872
f 1421/37/1872 1451/38/1872 1452/39/1872
f 1421/37/1872 1452/38/1872 1453/39/1872
f 1421/37/1872 1453/38/1872 1439/39/1872
s 1
f 1422/37/1855 1423/38/1856 1438/39/1856
f 1423/37/1856 1424/38/1857 1440/39/1857
f 1424/37/1857 1425/38/1858 1441/39/1858
f 1426/37/1859 1442/38/1859 1441/39/1858
f 1427/37/1860 1443/38/1860 1442/39/1859
f 1428/37/1861 1444/38/1861 1443/39/1860
f 1429/37/1862 1445/38/1862 1444/39/1861
f 1430/37/1863 1446/38/1863 1445/39/1862
f 1430/37/1863 1431/38/1864 1447/39/1864
f 1432/37/1865 1448/38/1865 1447/39/1864
f 1432/37/1865 1433/38/1866 1449/39/1866
f 1434/37/1867 1450/38/1867 1449/39/1866
f 1435/37/1868 1451/38/1868 1450/39/1867
f 1435/37/1868 1436/38/1869 1452/39/1869
f 1436/37/1869 1437/38/1870 1453/39/1870
f 1437/37/1870 1422/38/1855 1439/39/1855
s 4
f 1454/40/1873 1457/41/1873 1456/42/1873
s 5
f 1466/40/1874 1459/41/1875 1464/42/1875
s 6
f 1465/40/1876 1460/41/1877 1466/42/1877
s 7
f 1463/40/1878 1468/41/1879 1461/42/1879
s 8
f 1462/40/1880 1469/41/1881 1463/42/1881
s 5
f 1454/40/1882 1464/41/1875 1459/42/1875
s 9
f 1455/40/1871 1462/41/1871 1461/42/1871
s 6
f 1471/40/1883 1458/41/1876 1465/42/1876
s 7
f 1457/40/1884 1461/41/1879 1468/42/1879
s 10
f 1467/40/1872 1465/41/1872 1456/42/1872
s 11
f 1471/40/1885 1473/41/1885 1470/42/1885
s 9
f 1470/40/1871 1462/41/1871 1458/42/1871
s 8
f 1473/40/1886 1467/41/1880 1462/42/1880
s 10
f 1467/40/1872 1471/41/1872 1465/42/1872
s 4
f 1454/40/1873 1455/41/1873 1457/42/1873
s 5
f 1466/40/1874 1460/41/1874 1459/42/1875
s 6
f 1465/40/1876 1458/41/1876 1460/42/1877
s 7
f 1463/40/1878 1469/41/1878 1468/42/1879
s 8
f 1462/40/1880 1467/41/1880 1469/42/1881
s 5
f 1454/40/1882 1456/41/1882 1464/42/1875
s 9
f 1455/40/1871 1454/41/1871 1458/42/1871
f 1454/40/1871 1459/41/1871 1458/42/1871
f 1459/40/1871 1460/41/1871 1458/42/1871
f 1458/40/1871 1462/41/1871 1455/42/1871
f 1462/40/1871 1463/41/1871 1461/42/1871
s 6
f 1471/40/1883 1470/41/1883 1458/42/1876
s 7
f 1457/40/1884 1455/41/1884 1461/42/1879
s 10
f 1466/40/1872 1464/41/1872 1465/42/1872
f 1464/40/1872 1456/41/1872 1465/42/1872
f 1456/40/1872 1457/41/1872 1467/42/1872
f 1457/40/1872 1468/41/1872 1467/42/1872
f 1468/40/1872 1469/41/1872 1467/42/1872
s 11
f 1471/40/1885 1472/41/1885 1473/42/1885
s 9
f 1470/40/1871 1473/41/1871 1462/42/1871
s 8
f 1473/40/1886 1472/41/1886 1467/42/1880
s 10
f 1467/40/1872 1472/41/1872 1471/42/1872
g Spoiler_Mesh
v -0.366300 0.320413 1.342963
v -0.347124 0.317654 1.453391
v -0.386444 0.321459 1.342186
v -0.386745 0.317465 1.442531
v -0.348195 0.328921 1.356394
v -0.348113 0.332727 1.455551
v -0.394066 0.331304 1.354626
v 0.000000 0.313166 1.372942
v 0.000000 0.315245 1.483543
v -0.000593 0.322643 1.385655
v 0.000000 0.330912 1.487435
v -0.405172 0.327568 1.440518
v -0.405047 0.326187 1.346539
v -0.378347 0.334249 1.360302
v -0.378078 0.342988 1.449701
v -0.405501 0.342785 1.444281
v -0.405580 0.335663 1.359252
v -0.421428 0.322683 1.437787
v -0.421781 0.317658 1.333229
v -0.440628 0.327346 1.437163
v -0.440166 0.322629 1.337933
v -0.449868 0.239231 1.413774
v -0.450238 0.252646 1.240091
v -0.466506 0.239353 1.412184
v -0.466114 0.252302 1.244553
v -0.243798 0.318656 1.471280
v -0.121807 0.317895 1.482445
v -0.121969 0.333561 1.486336
v -0.243960 0.334322 1.475172
v -0.122358 0.328966 1.380962
v -0.244435 0.331423 1.371026
v -0.121825 0.319490 1.368250
v -0.243902 0.321947 1.358313
v -0.366824 0.240543 1.324066
v -0.366824 0.232922 1.404258
v -0.366824 0.316276 1.424672
v -0.366824 0.314273 1.369434
v -0.394171 0.232897 1.404556
v -0.394171 0.240568 1.323767
v -0.387052 0.314251 1.368760
v -0.387052 0.316299 1.425346
v 0.000000 0.314283 1.386920
v 0.000000 0.316267 1.463409
v -0.449941 0.242542 1.370899
v -0.449941 0.248488 1.293932
v -0.466236 0.248732 1.290770
v -0.466236 0.242817 1.367347
v 0.366300 0.320413 1.342963
v 0.347124 0.317654 1.453391
v 0.386444 0.321459 1.342186
v 0.386745 0.317465 1.442531
v 0.348195 0.328921 1.356394
v 0.348113 0.332727 1.455551
v 0.394066 0.331304 1.354626
v 0.000593 0.322643 1.385655
v 0.405172 0.327568 1.440518
v 0.405047 0.326187 1.346539
v 0.378347 0.334249 1.360302
v 0.378078 0.342988 1.449701
v 0.405501 0.342785 1.444281
v 0.405580 0.335663 1.359252
v 0.421428 0.322683 1.437787
v 0.421781 0.317658 1.333229
v 0.440628 0.327346 1.437163
v 0.440166 0.322629 1.337933
v 0.449868 0.239231 1.413774
v 0.450238 0.252646 1.240091
v 0.466506 0.239353 1.412184
v 0.466114 0.252302 1.244553
v 0.243798 0.318656 1.471280
v 0.121807 0.317895 1.482445
v 0.121969 0.333561 1.486336
v 0.243960 0.334322 1.475172
v 0.122358 0.328966 1.380962
v 0.244435 0.331423 1.371026
v 0.121825 0.319490 1.368250
v 0.243902 0.321947 1.358313
v 0.366824 0.240543 1.324066
v 0.366824 0.232922 1.404258
v 0.366824 0.316276 1.424672
v 0.366824 0.314273 1.369434
v 0.394171 0.232897 1.404556
v 0.394171 0.240568 1.323767
v 0.387052 0.314251 1.368760
v 0.387052 0.316299 1.425346
v 0.449941 0.242542 1.370899
v 0.449941 0.248488 1.293932
v 0.466236 0.248732 1.290770
v 0.466236 0.242817 1.367347
vn -0.2323 -0.1908 0.9537
vn -0.1211 -0.7501 0.6502
vn -0.2079 -0.1560 0.9656
vn 0.0645 0.8014 -0.5946
vn 0.0645 0.8014 -0.5947
vn -0.0817 0.9509 -0.2984
vn -0.0404 -0.7835 0.6201
vn -0.0140 -0.2412 0.9704
vn -0.0523 -0.2412 0.9691
vn 0.0800 0.9259 -0.3693
vn 0.0526 0.9378 -0.3431
vn 0.0645 0.8015 -0.5945
vn 0.0897 0.9360 -0.3405
vn -0.0911 -0.2449 0.9653
vn 0.5864 -0.4025 0.7029
vn 0.2587 -0.5921 0.7632
vn -0.5446 0.7765 -0.3169
vn -0.1464 -0.2405 0.9596
vn -0.1878 -0.6775 0.7112
vn 0.0529 0.7986 -0.5995
vn -0.4726 0.7761 -0.4175
vn 0.0346 0.9463 -0.3215
vn -0.0870 -0.7850 0.6133
vn -0.1324 -0.2403 0.9616
vn -0.0196 -0.9998 -0.0079
vn 0.0108 -0.9995 -0.0312
vn 0.0285 -0.9988 0.0391
vn 0.9318 -0.3616 -0.0312
vn 0.9321 -0.3607 -0.0330
vn 0.8468 -0.5319 0.0044
vn -0.0000 -0.9970 -0.0770
vn 0.0437 -0.9978 -0.0490
vn -0.1621 -0.9514 -0.2618
vn -0.3451 -0.9311 -0.1182
vn -0.0503 -0.9975 0.0502
vn -0.0271 -0.9995 -0.0190
vn 0.9978 0.0665 -0.0037
vn 0.9999 0.0135 -0.0065
vn 0.9975 0.0702 -0.0036
vn 0.0047 0.9995 -0.0317
vn 0.0512 0.9434 -0.3276
vn -0.9961 0.0881 0.0021
vn -0.9960 0.0890 0.0042
vn -0.9963 0.0858 -0.0031
vn 1.0000 -0.0000 -0.0000
vn -0.2839 -0.7696 0.5719
vn 0.0087 -0.9715 -0.2370
vn -0.9473 0.3195 0.0231
vn -0.9534 0.3014 0.0079
vn 0.9975 0.0699 -0.0056
vn 0.1743 0.9822 -0.0703
vn 0.1404 0.9895 -0.0351
vn 0.0255 0.9983 -0.0522
vn -0.1608 0.9830 -0.0888
vn -0.6793 0.7323 -0.0481
vn 0.0139 -0.2420 0.9702
vn 0.0280 -0.2387 0.9707
vn 0.0108 -0.2427 0.9700
vn 0.0244 0.5232 -0.8518
vn 0.0124 0.5209 -0.8535
vn 0.0098 0.5204 -0.8538
vn 0.1211 -0.7501 0.6502
vn 0.2323 -0.1908 0.9537
vn 0.2079 -0.1560 0.9656
vn -0.0645 0.8014 -0.5946
vn -0.0645 0.8014 -0.5947
vn 0.0140 -0.2411 0.9704
vn 0.0404 -0.7835 0.6201
vn 0.0523 -0.2412 0.9691
vn -0.0526 0.9378 -0.3431
vn -0.0512 0.9434 -0.3276
vn -0.0897 0.9360 -0.3405
vn -0.0800 0.9259 -0.3693
vn -0.5864 -0.4025 0.7029
vn 0.0911 -0.2449 0.9653
vn -0.2587 -0.5921 0.7632
vn 0.5446 0.7765 -0.3169
vn 0.0817 0.9509 -0.2984
vn 0.1464 -0.2405 0.9596
vn 0.1878 -0.6775 0.7112
vn 0.4726 0.7761 -0.4175
vn -0.0529 0.7986 -0.5995
vn -0.0346 0.9463 -0.3215
vn 0.0870 -0.7850 0.6133
vn 0.1324 -0.2403 0.9616
vn 0.0196 -0.9998 -0.0079
vn -0.0108 -0.9995 -0.0312
vn -0.9318 -0.3616 -0.0312
vn -0.9395 -0.3422 -0.0128
vn -0.8468 -0.5319 0.0044
vn -0.0437 -0.9978 -0.0490
vn 0.3451 -0.9311 -0.1182
vn 0.0271 -0.9995 -0.0190
vn 0.0503 -0.9975 0.0502
vn -0.9999 0.0135 -0.0065
vn -0.9978 0.0665 -0.0037
vn -0.9975 0.0702 -0.0036
vn -0.0047 0.9995 -0.0317
vn 0.9961 0.0881 0.0021
vn 0.9960 0.0890 0.0042
vn 0.9958 0.0909 0.0086
vn -1.0000 -0.0000 -0.0000
vn 0.2839 -0.7696 0.5719
vn -0.0285 -0.9988 0.0391
vn 0.3438 -0.9376 0.0523
vn -0.0087 -0.9715 -0.2370
vn 0.1621 -0.9514 -0.2618
vn 0.9473 0.3195 0.0231
vn -0.9975 0.0699 -0.0056
vn -0.1743 0.9822 -0.0703
vn -0.1404 0.9895 -0.0351
vn -0.0255 0.9983 -0.0522
vn 0.1608 0.9830 -0.0888
vn 0.6793 0.7323 -0.0481
vn -0.0139 -0.2420 0.9702
vn -0.0280 -0.2387 0.9707
vn -0.0321 -0.2378 0.9708
vn -0.0124 0.5209 -0.8535
vn -0.0244 0.5232 -0.8518
vn -0.0098 0.5204 -0.8538
vn -0.0228 -0.8043 0.5938
vn -0.0140 -0.2411 0.9704
vn -0.0940 -0.2462 0.9647
vn -0.1669 0.8317 -0.5296
vn 0.0390 -0.9903 -0.1335
vn 0.9395 -0.3422 -0.0128
vn -0.3438 -0.9376 0.0523
vn -0.0547 -0.9953 0.0795
vn 0.9999 0.0110 -0.0067
vn -0.9958 0.0909 0.0086
vn -0.9605 0.2780 0.0157
vn 0.0224 0.9965 -0.0811
vn 0.0321 -0.2378 0.9708
vn 0.0278 0.5239 -0.8514
vn 0.0229 -0.8043 0.5938
vn -0.0645 0.8015 -0.5945
vn 0.0940 -0.2462 0.9647
vn 0.1669 0.8317 -0.5296
vn -0.0390 -0.9903 -0.1335
vn -0.9321 -0.3607 -0.0330
vn 0.0547 -0.9953 0.0795
vn -0.9999 0.0110 -0.0067
vn 0.9963 0.0858 -0.0031
vn 0.9534 0.3014 0.0079
vn 0.9605 0.2780 0.0157
vn -0.0224 0.9965 -0.0811
vn -0.0108 -0.2427 0.9700
vn -0.0278 0.5239 -0.8514
vt 0.064844 0.814844
vt 0.192969 0.814844
vt 0.192969 0.942969
vt 0.549922 0.819453
vt 0.684453 0.819453
vt 0.684453 0.953985
s 1
g off
g Spoiler_
usemtl 
f 1488/43/1887 1475/44/1888 1479/45/1889
s 2
f 1480/43/1890 1486/44/1891 1490/45/1892
s 1
f 1500/43/1893 1484/44/1894 1501/45/1895
s 2
f 1474/43/1891 1480/44/1890 1478/45/1896
f 1505/43/1891 1483/44/1897 1481/45/1898
f 1480/43/1890 1487/44/1899 1478/45/1896
s 1
f 1493/43/1900 1495/44/1901 1491/45/1902
s 2
f 1486/43/1891 1494/44/1903 1490/45/1892
s 1
f 1489/43/1904 1491/44/1902 1485/45/1905
s 2
f 1492/43/1906 1498/44/1907 1494/45/1903
f 1478/43/1896 1506/44/1890 1474/45/1891
f 1504/43/1908 1505/44/1891 1506/45/1890
s 1
f 1479/43/1889 1499/44/1909 1502/45/1910
f 1502/43/1910 1500/44/1893 1501/45/1895
f 1505/43/1911 1499/44/1909 1506/45/1912
f 1509/43/1913 1506/44/1912 1475/45/1888
f 1518/43/1914 1496/44/1915 1492/45/1916
s 3
f 1520/43/1917 1518/44/1917 1517/45/1917
s 1
f 1491/43/1902 1486/44/1918 1485/45/1905
f 1486/43/1918 1476/44/1919 1513/45/1920
f 1505/43/1911 1515/44/1921 1516/45/1922
s 4
f 1483/43/1923 1516/44/1924 1515/45/1925
s 2
f 1502/43/1926 1503/44/1927 1504/45/1908
s 5
f 1513/46/1928 1511/47/1929 1514/48/1930
s 6
f 1508/46/1931 1510/47/1931 1509/48/1931
s 1
f 1477/43/1932 1509/44/1913 1475/45/1888
f 1474/43/1933 1513/44/1920 1476/45/1919
s 2
f 1494/43/1903 1519/44/1934 1520/45/1935
s 7
f 1482/43/1931 1516/44/1931 1484/45/1931
s 4
f 1515/43/1925 1481/44/1936 1483/45/1923
s 2
f 1478/43/1896 1488/44/1937 1479/45/1938
f 1501/43/1939 1483/44/1897 1503/45/1927
f 1489/43/1940 1487/44/1899 1490/45/1892
f 1490/43/1892 1493/44/1941 1489/45/1940
s 3
f 1518/43/1917 1498/44/1917 1496/45/1917
f 1517/43/1917 1497/44/1917 1520/45/1917
s 2
f 1479/43/1938 1504/44/1908 1478/45/1896
s 8
f 1508/46/1942 1514/47/1943 1511/48/1944
s 9
f 1513/46/1945 1507/47/1946 1512/48/1947
s 1
f 1488/43/1887 1485/44/1905 1477/45/1932
s 10
f 1522/43/1948 1532/44/1949 1526/45/1950
s 11
f 1527/43/1951 1530/44/1952 1523/45/1952
s 10
f 1484/43/1953 1544/44/1954 1545/45/1955
s 11
f 1521/43/1952 1527/44/1951 1523/45/1952
f 1549/43/1952 1528/44/1956 1547/45/1957
f 1531/43/1958 1527/44/1951 1525/45/1959
s 10
f 1539/43/1960 1537/44/1961 1535/45/1962
s 11
f 1538/43/1963 1530/44/1952 1534/45/1964
s 10
f 1535/43/1962 1533/44/1965 1529/45/1966
s 11
f 1542/43/1967 1536/44/1968 1538/45/1963
f 1550/43/1951 1525/44/1959 1521/45/1952
f 1549/43/1952 1548/44/1969 1550/45/1951
s 10
f 1526/43/1950 1543/44/1970 1522/45/1948
f 1546/43/1971 1544/44/1954 1543/45/1970
f 1543/43/1970 1549/44/1972 1550/45/1973
f 1522/43/1948 1543/44/1970 1550/45/1973
f 1560/43/1974 1559/44/1975 1536/45/1976
s 12
f 1560/43/1917 1562/44/1917 1559/45/1917
s 10
f 1530/43/1977 1535/44/1962 1529/45/1966
f 1530/43/1977 1529/44/1966 1557/45/1978
f 1516/43/1979 1515/44/1980 1549/45/1972
s 13
f 1516/43/1981 1528/44/1982 1515/45/1983
s 11
f 1547/43/1957 1546/44/1984 1548/45/1969
s 14
f 1557/46/1985 1555/47/1986 1556/48/1987
s 15
f 1554/46/1988 1552/47/1988 1553/48/1988
s 10
f 1524/43/1989 1553/44/1990 1558/45/1991
f 1557/43/1978 1521/44/1992 1523/45/1993
s 11
f 1561/43/1994 1542/44/1967 1538/45/1963
s 13
f 1515/43/1983 1528/44/1982 1481/45/1995
s 11
f 1532/43/1996 1525/44/1959 1526/45/1997
f 1528/43/1956 1545/44/1998 1547/45/1957
f 1533/43/1999 1531/44/1958 1532/45/1996
f 1537/43/2000 1534/44/1964 1533/45/1999
s 12
f 1542/43/1917 1560/44/1917 1540/45/1917
f 1559/43/1917 1541/44/1917 1539/45/1917
s 11
f 1548/43/1969 1526/44/1997 1525/45/1959
s 16
f 1552/46/2001 1558/47/2002 1553/48/2003
s 17
f 1551/46/2004 1557/47/2005 1556/48/2006
s 10
f 1529/43/1966 1532/44/1949 1524/45/1989
s 1
f 1488/43/1887 1477/44/1932 1475/45/1888
s 2
f 1480/43/1890 1476/44/1891 1486/45/1891
s 1
f 1500/43/1893 1482/44/2007 1484/45/2008
s 2
f 1474/43/1891 1476/44/1891 1480/45/1890
f 1505/43/1891 1503/44/1927 1483/45/1897
f 1480/43/1890 1490/44/1892 1487/45/1899
s 1
f 1493/43/1900 1497/44/2009 1495/45/1901
s 2
f 1486/43/1891 1492/44/1906 1494/45/1903
s 1
f 1489/43/1904 1493/44/1900 1491/45/1902
s 2
f 1492/43/1906 1496/44/2010 1498/45/1907
f 1478/43/1896 1504/44/1908 1506/45/1890
f 1504/43/1908 1503/44/1927 1505/45/1891
s 1
f 1479/43/1889 1475/44/1888 1499/45/1909
f 1502/43/1910 1499/44/1909 1500/45/1893
f 1505/43/1911 1500/44/1893 1499/45/1909
f 1509/43/1913 1510/44/2011 1506/45/1912
f 1510/43/2011 1474/44/1933 1506/45/1912
f 1506/43/1912 1499/44/1909 1475/45/1888
f 1492/43/1916 1491/44/1902 1517/45/2012
f 1491/43/1902 1495/44/1901 1517/45/2012
f 1517/43/2012 1518/44/1914 1492/45/1916
s 3
f 1520/43/1917 1519/44/1917 1518/45/1917
s 1
f 1491/43/1902 1492/44/1916 1486/45/1918
f 1513/43/1920 1514/44/2013 1485/45/1905
f 1514/43/2013 1477/44/1932 1485/45/1905
f 1485/43/1905 1486/44/1918 1513/45/1920
f 1482/43/2007 1500/44/1893 1516/45/1922
f 1500/43/1893 1505/44/1911 1516/45/1922
f 1505/43/1911 1481/44/2014 1515/45/1921
s 4
f 1483/43/1923 1484/44/2015 1516/45/1924
s 2
f 1502/43/1926 1501/44/1939 1503/45/1927
s 18
f 1513/46/1928 1512/47/2016 1511/48/1929
s 6
f 1508/46/1931 1507/47/1931 1510/48/1931
s 1
f 1477/43/1932 1514/44/2013 1509/45/1913
f 1474/43/1933 1510/44/2011 1513/45/1920
s 2
f 1497/43/2017 1493/44/1941 1520/45/1935
f 1493/43/1941 1494/44/1903 1520/45/1935
f 1494/43/1903 1498/44/1907 1519/45/1934
f 1478/43/1896 1487/44/1899 1488/45/1937
f 1501/43/1939 1484/44/2018 1483/45/1897
f 1489/43/1940 1488/44/1937 1487/45/1899
f 1490/43/1892 1494/44/1903 1493/45/1941
s 3
f 1518/43/1917 1519/44/1917 1498/45/1917
f 1517/43/1917 1495/44/1917 1497/45/1917
s 2
f 1479/43/1938 1502/44/1926 1504/45/1908
s 19
f 1508/46/1942 1509/47/2019 1514/48/1943
s 9
f 1513/46/1945 1510/47/2020 1507/48/1946
s 1
f 1488/43/1887 1489/44/1904 1485/45/1905
s 10
f 1522/43/1948 1524/44/1989 1532/45/1949
s 11
f 1527/43/1951 1534/44/1964 1530/45/1952
s 10
f 1484/43/1953 1482/44/2021 1544/45/1954
s 11
f 1521/43/1952 1525/44/1959 1527/45/1951
f 1549/43/1952 1481/44/2022 1528/45/1956
f 1531/43/1958 1534/44/1964 1527/45/1951
s 10
f 1539/43/1960 1541/44/2023 1537/45/1961
s 11
f 1538/43/1963 1536/44/1968 1530/45/1952
s 10
f 1535/43/1962 1537/44/1961 1533/45/1965
s 11
f 1542/43/1967 1540/44/2024 1536/45/1968
f 1550/43/1951 1548/44/1969 1525/45/1959
f 1549/43/1952 1547/44/1957 1548/45/1969
s 10
f 1526/43/1950 1546/44/1971 1543/45/1970
f 1546/43/1971 1545/44/1955 1544/45/1954
f 1543/43/1970 1544/44/1954 1549/45/1972
f 1521/43/1992 1554/44/2025 1550/45/1973
f 1554/43/2025 1553/44/1990 1550/45/1973
f 1553/43/1990 1522/44/1948 1550/45/1973
f 1539/43/1960 1535/44/1962 1559/45/1975
f 1535/43/1962 1536/44/1976 1559/45/1975
f 1536/43/1976 1540/44/2026 1560/45/1974
s 12
f 1560/43/1917 1561/44/1917 1562/45/1917
s 10
f 1530/43/1977 1536/44/1976 1535/45/1962
f 1524/43/1989 1558/44/1991 1529/45/1966
f 1558/43/1991 1557/44/1978 1529/45/1966
f 1557/43/1978 1523/44/1993 1530/45/1977
f 1549/43/1972 1544/44/1954 1516/45/1979
f 1544/43/1954 1482/44/2021 1516/45/1979
f 1515/43/1980 1481/44/2027 1549/45/1972
s 13
f 1516/43/1981 1484/44/2028 1528/45/1982
s 11
f 1547/43/1957 1545/44/1998 1546/45/1984
s 14
f 1557/46/1985 1558/47/2029 1555/48/1986
s 20
f 1554/46/1988 1551/47/1988 1552/48/1988
s 10
f 1524/43/1989 1522/44/1948 1553/45/1990
f 1557/43/1978 1554/44/2025 1521/45/1992
s 11
f 1538/43/1963 1537/44/2000 1562/45/2030
f 1537/43/2000 1541/44/2031 1562/45/2030
f 1562/43/2030 1561/44/1994 1538/45/1963
f 1532/43/1996 1531/44/1958 1525/45/1959
f 1528/43/1956 1484/44/2032 1545/45/1998
f 1533/43/1999 1534/44/1964 1531/45/1958
f 1537/43/2000 1538/44/1963 1534/45/1964
s 12
f 1542/43/1917 1561/44/1917 1560/45/1917
f 1559/43/1917 1562/44/1917 1541/45/1917
s 11
f 1548/43/1969 1546/44/1984 1526/45/1997
s 16
f 1552/46/2001 1555/47/2033 1558/48/2002
s 21
f 1551/46/2004 1554/47/2034 1557/48/2005
s 10
f 1529/43/1966 1533/44/1965 1532/45/1949
g Tire_FL_Mesh
v -0.613267 -0.172403 -0.719359
v -0.613267 -0.143654 -0.722190
v -0.613267 -0.116009 -0.730576
v -0.613267 -0.090532 -0.744194
v -0.613267 -0.068201 -0.762521
v -0.613267 -0.049874 -0.784852
v -0.613267 -0.036256 -0.810329
v -0.613267 -0.027871 -0.837974
v -0.613267 -0.025039 -0.866723
v -0.613267 -0.027871 -0.895472
v -0.613267 -0.036256 -0.923117
v -0.613267 -0.049874 -0.948594
v -0.613267 -0.068201 -0.970925
v -0.613267 -0.090532 -0.989252
v -0.613267 -0.116009 -1.002869
v -0.613267 -0.143654 -1.011255
v -0.613267 -0.172403 -1.014087
v -0.613267 -0.201152 -1.011255
v -0.613267 -0.228797 -1.002869
v -0.613267 -0.254274 -0.989252
v -0.613267 -0.276605 -0.970925
v -0.613267 -0.294932 -0.948594
v -0.613267 -0.308549 -0.923117
v -0.613267 -0.316935 -0.895472
v -0.613267 -0.319767 -0.866723
v -0.613267 -0.316935 -0.837974
v -0.613267 -0.308549 -0.810329
v -0.613267 -0.294932 -0.784852
v -0.613267 -0.276605 -0.762521
v -0.613267 -0.254274 -0.744194
v -0.613267 -0.228797 -0.730576
v -0.613267 -0.201152 -0.722190
v -0.618112 -0.172403 -0.672138
v -0.618112 -0.134441 -0.675876
v -0.618112 -0.097938 -0.686949
v -0.618112 -0.064297 -0.704931
v -0.618112 -0.034810 -0.729130
v -0.618112 -0.010611 -0.758617
v -0.618112 0.007370 -0.792258
v -0.618112 0.018443 -0.828761
v -0.618112 0.022182 -0.866723
v -0.618112 0.018443 -0.904685
v -0.618112 0.007370 -0.941187
v -0.618112 -0.010611 -0.974829
v -0.618112 -0.034810 -1.004316
v -0.618112 -0.064297 -1.028515
v -0.618112 -0.097938 -1.046496
v -0.618112 -0.134441 -1.057569
v -0.618112 -0.172403 -1.061308
v -0.618112 -0.210365 -1.057569
v -0.618112 -0.246868 -1.046496
v -0.618112 -0.280509 -1.028515
v -0.618112 -0.309996 -1.004316
v -0.618112 -0.334195 -0.974829
v -0.618112 -0.352176 -0.941187
v -0.618112 -0.363249 -0.904685
v -0.618112 -0.366988 -0.866723
v -0.618112 -0.363249 -0.828761
v -0.618112 -0.352176 -0.792258
v -0.618112 -0.334195 -0.758617
v -0.618112 -0.309996 -0.729130
v -0.618112 -0.280509 -0.704931
v -0.618112 -0.246868 -0.686949
v -0.618112 -0.210365 -0.675876
v -0.604677 -0.172403 -0.639052
v -0.604677 -0.127987 -0.643427
v -0.604677 -0.085277 -0.656382
v -0.604677 -0.045916 -0.677421
v -0.604677 -0.011415 -0.705735
v -0.604677 0.016898 -0.740236
v -0.604677 0.037938 -0.779597
v -0.604677 0.050893 -0.822306
v -0.604677 0.055268 -0.866723
v -0.604677 0.050893 -0.911139
v -0.604677 0.037938 -0.953849
v -0.604677 0.016898 -0.993210
v -0.604677 -0.011415 -1.027711
v -0.604677 -0.045916 -1.056024
v -0.604677 -0.085277 -1.077063
v -0.604677 -0.127987 -1.090019
v -0.604677 -0.172403 -1.094394
v -0.604677 -0.216819 -1.090019
v -0.604677 -0.259529 -1.077063
v -0.604677 -0.298890 -1.056024
v -0.604677 -0.333391 -1.027711
v -0.604677 -0.361704 -0.993210
v -0.604677 -0.382744 -0.953849
v -0.604677 -0.395699 -0.911139
v -0.604677 -0.400074 -0.866723
v -0.604677 -0.395699 -0.822306
v -0.604677 -0.382744 -0.779597
v -0.604677 -0.361704 -0.740236
v -0.604677 -0.333391 -0.705735
v -0.604677 -0.298890 -0.677421
v -0.604677 -0.259529 -0.656382
v -0.604677 -0.216819 -0.643427
v -0.414097 -0.172403 -0.719359
v -0.414097 -0.143654 -0.722190
v -0.414097 -0.116009 -0.730576
v -0.414097 -0.090532 -0.744194
v -0.414097 -0.068201 -0.762521
v -0.414097 -0.049874 -0.784852
v -0.414097 -0.036256 -0.810329
v -0.414097 -0.027871 -0.837974
v -0.414097 -0.025039 -0.866723
v -0.414097 -0.027871 -0.895472
v -0.414097 -0.036256 -0.923117
v -0.414097 -0.049874 -0.948594
v -0.414097 -0.068201 -0.970925
v -0.414097 -0.090532 -0.989252
v -0.414097 -0.116009 -1.002869
v -0.414097 -0.143654 -1.011255
v -0.414097 -0.172403 -1.014087
v -0.414097 -0.201152 -1.011255
v -0.414097 -0.228797 -1.002869
v -0.414097 -0.254274 -0.989252
v -0.414097 -0.276605 -0.970925
v -0.414097 -0.294932 -0.948594
v -0.414097 -0.308549 -0.923117
v -0.414097 -0.316935 -0.895472
v -0.414097 -0.319767 -0.866723
v -0.414097 -0.316935 -0.837974
v -0.414097 -0.308549 -0.810329
v -0.414097 -0.294932 -0.784852
v -0.414097 -0.276605 -0.762521
v -0.414097 -0.254274 -0.744194
v -0.414097 -0.228797 -0.730576
v -0.414097 -0.201152 -0.722190
v -0.409252 -0.172403 -0.672138
v -0.409252 -0.134441 -0.675876
v -0.409252 -0.097938 -0.686949
v -0.409252 -0.064297 -0.704931
v -0.409252 -0.034810 -0.729130
v -0.409252 -0.010611 -0.758617
v -0.409252 0.007370 -0.792258
v -0.409252 0.018443 -0.828761
v -0.409252 0.022182 -0.866723
v -0.409252 0.018443 -0.904685
v -0.409252 0.007370 -0.941187
v -0.409252 -0.010611 -0.974829
v -0.409252 -0.034810 -1.004316
v -0.409252 -0.064297 -1.028515
v -0.409252 -0.097938 -1.046496
v -0.409252 -0.134441 -1.057569
v -0.409252 -0.172403 -1.061308
v -0.409252 -0.210365 -1.057569
v -0.409252 -0.246868 -1.046496
v -0.409252 -0.280509 -1.028515
v -0.409252 -0.309996 -1.004316
v -0.409252 -0.334195 -0.974829
v -0.409252 -0.352176 -0.941187
v -0.409252 -0.363249 -0.904685
v -0.409252 -0.366988 -0.866723
v -0.409252 -0.363249 -0.828761
v -0.409252 -0.352176 -0.792258
v -0.409252 -0.334195 -0.758617
v -0.409252 -0.309996 -0.729130
v -0.409252 -0.280509 -0.704931
v -0.409252 -0.246868 -0.686949
v -0.409252 -0.210365 -0.675876
v -0.422686 -0.172403 -0.639052
v -0.422686 -0.127987 -0.643427
v -0.422686 -0.085277 -0.656382
v -0.422686 -0.045916 -0.677421
v -0.422686 -0.011415 -0.705735
v -0.422686 0.016898 -0.740236
v -0.422686 0.037938 -0.779597
v -0.422686 0.050893 -0.822306
v -0.422686 0.055268 -0.866723
v -0.422686 0.050893 -0.911139
v -0.422686 0.037938 -0.953849
v -0.422686 0.016898 -0.993210
v -0.422686 -0.011415 -1.027711
v -0.422686 -0.045916 -1.056024
v -0.422686 -0.085277 -1.077063
v -0.422686 -0.127987 -1.090019
v -0.422686 -0.172403 -1.094394
v -0.422686 -0.216819 -1.090019
v -0.422686 -0.259529 -1.077063
v -0.422686 -0.298890 -1.056024
v -0.422686 -0.333391 -1.027711
v -0.422686 -0.361704 -0.993210
v -0.422686 -0.382744 -0.953849
v -0.422686 -0.395699 -0.911139
v -0.422686 -0.400074 -0.866723
v -0.422686 -0.395699 -0.822306
v -0.422686 -0.382744 -0.779597
v -0.422686 -0.361704 -0.740236
v -0.422686 -0.333391 -0.705735
v -0.422686 -0.298890 -0.677421
v -0.422686 -0.259529 -0.656382
v -0.422686 -0.216819 -0.643427
v -0.614726 -0.165124 -0.811966
v -0.614726 -0.148559 -0.816895
v -0.614726 -0.118077 -0.856725
v -0.614726 -0.117646 -0.874002
v -0.614726 -0.146106 -0.915301
v -0.614726 -0.162405 -0.921050
v -0.614726 -0.210477 -0.906744
v -0.614726 -0.220981 -0.893020
v -0.614726 -0.222231 -0.842880
v -0.614726 -0.212424 -0.828649
v -0.619346 -0.164434 -0.783664
v -0.619346 -0.131340 -0.794086
v -0.619346 -0.090947 -0.848635
v -0.619346 -0.090632 -0.883330
v -0.619346 -0.130029 -0.938604
v -0.619346 -0.162929 -0.949624
v -0.619346 -0.227671 -0.929236
v -0.619346 -0.248319 -0.901352
v -0.619346 -0.248935 -0.833478
v -0.619346 -0.228796 -0.805224
v -0.616492 -0.157181 -0.756027
v -0.616492 -0.121448 -0.767280
v -0.616492 -0.062420 -0.846993
v -0.616492 -0.062081 -0.884455
v -0.616492 -0.119652 -0.965226
v -0.616492 -0.155175 -0.977126
v -0.616492 -0.249784 -0.947331
v -0.616492 -0.272078 -0.917224
v -0.616492 -0.272978 -0.818039
v -0.616492 -0.251233 -0.787532
v -0.601567 -0.147866 -0.731437
v -0.601567 -0.114992 -0.741789
v -0.605431 -0.036156 -0.848254
v -0.605431 -0.035843 -0.882718
v -0.601567 -0.112735 -0.990595
v -0.601567 -0.145415 -1.001542
v -0.601567 -0.271774 -0.961749
v -0.601567 -0.292284 -0.934051
v -0.601567 -0.293485 -0.801581
v -0.601567 -0.273481 -0.773516
v -0.616365 -0.116119 -0.896489
v -0.616365 -0.125904 -0.910218
v -0.616365 -0.126701 -0.822392
v -0.616365 -0.116668 -0.835941
v -0.616365 -0.184456 -0.804204
v -0.616365 -0.200442 -0.809559
v -0.616365 -0.235434 -0.875725
v -0.616365 -0.235587 -0.858867
v -0.616365 -0.183320 -0.929451
v -0.616365 -0.199400 -0.924387
v -0.614726 -0.134329 -0.826702
v -0.614726 -0.123825 -0.840427
v -0.614726 -0.122575 -0.890567
v -0.614726 -0.132382 -0.904798
v -0.614726 -0.179682 -0.921480
v -0.614726 -0.196247 -0.916551
v -0.614726 -0.226730 -0.876722
v -0.614726 -0.227160 -0.859444
v -0.614726 -0.198700 -0.818145
v -0.614726 -0.182401 -0.812397
v -0.601567 -0.083804 -0.971864
v -0.601567 -0.044111 -0.916176
v -0.601567 -0.045029 -0.814951
v -0.601567 -0.085726 -0.759992
v -0.601567 -0.182281 -0.729585
v -0.601567 -0.247126 -0.751307
v -0.601567 -0.305882 -0.833739
v -0.601567 -0.305261 -0.902123
v -0.601567 -0.245020 -0.983476
v -0.601567 -0.179791 -1.004018
v -0.601567 -0.309891 -0.867971
v -0.601567 -0.216075 -0.736350
v -0.601567 -0.061906 -0.784901
v -0.601567 -0.060440 -0.946528
v -0.601567 -0.213703 -0.997867
v -0.601567 -0.039977 -0.899447
v -0.601567 -0.040592 -0.831603
v -0.601567 -0.100359 -0.750891
v -0.601567 -0.165073 -0.730511
v -0.601567 -0.260303 -0.762411
v -0.601567 -0.299684 -0.817660
v -0.601567 -0.298773 -0.918087
v -0.601567 -0.258397 -0.972613
v -0.601567 -0.162603 -1.002780
v -0.601567 -0.098270 -0.981230
v -0.613127 -0.147429 -0.729029
v -0.613127 -0.113970 -0.739566
v -0.613127 -0.033731 -0.847925
v -0.613127 -0.033413 -0.883003
v -0.613127 -0.111673 -0.992800
v -0.613127 -0.144935 -1.003941
v -0.613127 -0.273542 -0.963440
v -0.613127 -0.294417 -0.935250
v -0.613127 -0.295640 -0.800422
v -0.613127 -0.275280 -0.771857
v -0.613127 -0.082227 -0.973736
v -0.613127 -0.041828 -0.917056
v -0.613127 -0.042763 -0.814030
v -0.613127 -0.084184 -0.758093
v -0.613127 -0.182456 -0.727145
v -0.613127 -0.248455 -0.749253
v -0.613127 -0.308257 -0.833153
v -0.613127 -0.307626 -0.902753
v -0.613127 -0.246312 -0.985554
v -0.613127 -0.179923 -1.006461
v -0.613127 -0.312337 -0.867993
v -0.613127 -0.216852 -0.734030
v -0.613127 -0.059940 -0.783445
v -0.613127 -0.058448 -0.947948
v -0.613127 -0.214438 -1.000201
v -0.613127 -0.037621 -0.900029
v -0.613127 -0.038247 -0.830978
v -0.613127 -0.099077 -0.748830
v -0.613127 -0.164943 -0.728087
v -0.613127 -0.261868 -0.760555
v -0.613127 -0.301948 -0.816787
v -0.613127 -0.301021 -0.919001
v -0.613127 -0.259927 -0.974497
v -0.613127 -0.162429 -1.005201
v -0.613127 -0.096950 -0.983267
v -0.613127 -0.145002 -0.715650
v -0.613127 -0.108292 -0.727210
v -0.613127 -0.020256 -0.846099
v -0.613127 -0.019907 -0.884584
v -0.613127 -0.105772 -1.005050
v -0.613127 -0.142266 -1.017275
v -0.613127 -0.283370 -0.972838
v -0.613127 -0.306273 -0.941908
v -0.613127 -0.307615 -0.793979
v -0.613127 -0.285276 -0.762639
v -0.613127 -0.073465 -0.984134
v -0.613127 -0.029140 -0.921947
v -0.613127 -0.030165 -0.808910
v -0.613127 -0.075611 -0.747537
v -0.613127 -0.183433 -0.713582
v -0.613127 -0.255845 -0.737838
v -0.613127 -0.321458 -0.829890
v -0.613127 -0.320765 -0.906254
v -0.613127 -0.253494 -0.997101
v -0.613127 -0.180654 -1.020040
v -0.613127 -0.325935 -0.868116
v -0.613127 -0.221172 -0.721136
v -0.613127 -0.049012 -0.775353
v -0.613127 -0.047375 -0.955840
v -0.613127 -0.218523 -1.013171
v -0.613127 -0.024524 -0.903266
v -0.613127 -0.025211 -0.827504
v -0.613127 -0.091952 -0.737374
v -0.613127 -0.164218 -0.714616
v -0.613127 -0.270561 -0.750238
v -0.613127 -0.314536 -0.811935
v -0.613127 -0.313519 -0.924081
v -0.613127 -0.268432 -0.984970
v -0.613127 -0.161460 -1.018657
v -0.613127 -0.089619 -0.994592
v -0.610027 -0.172403 -0.866723
v -0.598034 -0.170552 -0.781429
v -0.598034 -0.125045 -0.795760
v -0.598034 -0.090711 -0.842126
v -0.598034 -0.090278 -0.889834
v -0.598034 -0.123766 -0.936816
v -0.598034 -0.169005 -0.951971
v -0.598034 -0.224036 -0.934640
v -0.598034 -0.252428 -0.896298
v -0.598034 -0.252951 -0.838605
v -0.598034 -0.225259 -0.799755
v -0.595607 -0.164387 -0.757937
v -0.595607 -0.116637 -0.772974
v -0.595607 -0.066464 -0.840731
v -0.595607 -0.066010 -0.890790
v -0.595607 -0.114946 -0.959445
v -0.595607 -0.162414 -0.975346
v -0.595607 -0.242832 -0.950021
v -0.595607 -0.272623 -0.909790
v -0.595607 -0.273388 -0.825482
v -0.595607 -0.244331 -0.784717
v -0.595320 -0.111942 -0.901019
v -0.595320 -0.120260 -0.912689
v -0.595320 -0.121102 -0.819820
v -0.595320 -0.112575 -0.831336
v -0.595320 -0.187570 -0.798887
v -0.595320 -0.201158 -0.803440
v -0.595320 -0.241475 -0.874515
v -0.595320 -0.241605 -0.860186
v -0.595320 -0.186337 -0.934823
v -0.595320 -0.200005 -0.930518
v -0.582742 -0.084475 -0.965088
v -0.582742 -0.050736 -0.917753
v -0.582742 -0.051681 -0.813495
v -0.582742 -0.086273 -0.766780
v -0.582742 -0.185721 -0.735461
v -0.582742 -0.240840 -0.753925
v -0.582742 -0.301356 -0.838828
v -0.582742 -0.300829 -0.896954
v -0.582742 -0.238782 -0.980745
v -0.582742 -0.183338 -0.998205
v -0.582742 -0.304764 -0.867924
v -0.582742 -0.214447 -0.741211
v -0.582742 -0.066027 -0.787952
v -0.582742 -0.064615 -0.943552
v -0.582742 -0.212163 -0.992977
v -0.582742 -0.047222 -0.903533
v -0.582742 -0.047910 -0.827648
v -0.582742 -0.098712 -0.759044
v -0.582742 -0.171095 -0.736248
v -0.582742 -0.252041 -0.763364
v -0.582742 -0.296088 -0.825160
v -0.582742 -0.295313 -0.910523
v -0.582742 -0.250153 -0.971511
v -0.582742 -0.168728 -0.997153
v -0.582742 -0.096770 -0.973049
v -0.414255 -0.147866 -0.731437
v -0.414255 -0.114992 -0.741790
v -0.414255 -0.036156 -0.848254
v -0.414255 -0.035843 -0.882718
v -0.414255 -0.112735 -0.990595
v -0.414255 -0.145415 -1.001542
v -0.414255 -0.271774 -0.961749
v -0.414255 -0.292284 -0.934052
v -0.414255 -0.293486 -0.801581
v -0.414255 -0.273481 -0.773516
v -0.414255 -0.083804 -0.971865
v -0.414255 -0.044111 -0.916177
v -0.414255 -0.045029 -0.814951
v -0.414255 -0.085726 -0.759993
v -0.414255 -0.182281 -0.729585
v -0.414255 -0.247126 -0.751307
v -0.414255 -0.305882 -0.833740
v -0.414255 -0.305261 -0.902123
v -0.414255 -0.245020 -0.983476
v -0.414255 -0.179791 -1.004018
v -0.414255 -0.309891 -0.867971
v -0.414255 -0.216075 -0.736350
v -0.414255 -0.061906 -0.784901
v -0.414255 -0.060440 -0.946528
v -0.414255 -0.213703 -0.997868
v -0.414255 -0.145538 -0.718605
v -0.414255 -0.109547 -0.729940
v -0.414255 -0.023233 -0.846503
v -0.414255 -0.022890 -0.884235
v -0.414255 -0.107076 -1.002345
v -0.414255 -0.142856 -1.014330
v -0.414255 -0.281199 -0.970763
v -0.414255 -0.303655 -0.940438
v -0.414255 -0.304970 -0.795402
v -0.414255 -0.283069 -0.764675
v -0.414255 -0.075400 -0.981838
v -0.414255 -0.031942 -0.920867
v -0.414255 -0.032948 -0.810041
v -0.414255 -0.077505 -0.749869
v -0.414255 -0.183218 -0.716578
v -0.414255 -0.254213 -0.740360
v -0.414255 -0.318542 -0.830611
v -0.414255 -0.317863 -0.905481
v -0.414255 -0.251908 -0.994551
v -0.414255 -0.180492 -1.017041
v -0.414255 -0.322932 -0.868089
v -0.414255 -0.220218 -0.723984
v -0.414255 -0.051425 -0.777140
v -0.414255 -0.049820 -0.954098
v -0.414255 -0.217621 -1.010307
v -0.610027 -0.161451 -0.843835
v -0.610027 -0.169060 -0.841571
v -0.610027 -0.147251 -0.870067
v -0.610027 -0.147449 -0.862131
v -0.610027 -0.167810 -0.891678
v -0.610027 -0.160324 -0.889037
v -0.610027 -0.194717 -0.878803
v -0.610027 -0.189892 -0.885107
v -0.610027 -0.190787 -0.849234
v -0.610027 -0.195291 -0.855771
v -0.610027 -0.154914 -0.848340
v -0.610027 -0.150089 -0.854644
v -0.610027 -0.149515 -0.877676
v -0.610027 -0.154020 -0.884212
v -0.610027 -0.175747 -0.891875
v -0.610027 -0.183355 -0.889611
v -0.610027 -0.197358 -0.871316
v -0.610027 -0.197555 -0.863380
v -0.610027 -0.184482 -0.844409
v -0.610027 -0.176996 -0.841769
vn -0.9878 0.1103 -0.1103
vn -0.9948 -0.0567 0.0849
vn -0.9948 -0.0722 0.0722
vn -0.9948 0.0943 -0.0391
vn -0.9878 -0.1297 0.0867
vn -0.9948 0.0849 -0.0567
vn -0.9878 0.0597 -0.1441
vn -0.9948 -0.0391 0.0943
vn -0.9948 0.0722 -0.0722
vn -0.9948 -0.0199 0.1001
vn -0.9878 0.0304 0.1530
vn -0.9948 -0.0391 -0.0943
vn -0.9948 -0.0199 -0.1001
vn -0.9878 -0.0867 0.1297
vn -0.9948 0.0567 -0.0849
vn -0.9878 -0.0000 -0.1560
vn -0.9948 -0.0000 0.1021
vn -0.9878 0.0867 0.1297
vn -0.9948 -0.0567 -0.0849
vn -0.9948 0.0391 -0.0943
vn -0.9948 0.0199 0.1001
vn -0.9948 -0.0722 -0.0722
vn -0.9878 -0.0304 0.1530
vn -0.9948 0.0199 -0.1001
vn -0.9878 -0.0597 -0.1441
vn -0.9948 0.0391 0.0943
vn -0.9878 0.1297 0.0867
vn -0.9948 -0.0849 -0.0567
vn -0.9878 -0.0000 0.1560
vn -0.9948 -0.0000 -0.1021
vn -0.9878 -0.0867 -0.1297
vn -0.9948 0.0567 0.0849
vn -0.9948 -0.0943 -0.0391
vn -0.5429 -0.0000 0.8398
vn -0.9878 -0.1103 -0.1103
vn -0.9948 0.0722 0.0722
vn -0.9878 0.1530 0.0304
vn -0.9948 -0.1001 -0.0199
vn -0.9878 -0.1297 -0.0867
vn -0.9948 0.0849 0.0567
vn -0.9948 -0.1021 -0.0000
vn -0.9948 0.0943 0.0391
vn -0.9878 0.1530 -0.0304
vn -0.9948 -0.1001 0.0199
vn -0.9878 -0.1530 -0.0304
vn -0.9948 0.1001 0.0199
vn -0.9948 -0.0943 0.0391
vn -0.9948 0.1021 -0.0000
vn -0.9878 0.1297 -0.0867
vn -0.9948 -0.0849 0.0567
vn -0.9878 -0.1530 0.0304
vn -0.9948 0.1001 -0.0199
vn -0.9878 0.1441 -0.0597
vn -0.5429 0.6983 -0.4666
vn -0.5429 -0.8398 -0.0000
vn -0.9878 -0.1560 -0.0000
vn -0.5429 -0.7759 0.3214
vn -0.9878 -0.1441 0.0597
vn -0.5429 0.5938 -0.5938
vn -0.9878 0.0867 -0.1297
vn -0.5429 0.3214 -0.7759
vn -0.5429 -0.6983 0.4666
vn -0.9878 -0.1103 0.1103
vn -0.5429 0.1638 -0.8237
vn -0.9878 0.0304 -0.1530
vn -0.5429 0.1638 0.8237
vn -0.9878 0.0597 0.1441
vn -0.5429 -0.5938 0.5938
vn -0.5429 -0.0000 -0.8398
vn -0.5429 0.4666 0.6983
vn -0.5429 -0.4666 0.6983
vn -0.9878 -0.0597 0.1441
vn -0.9878 -0.0304 -0.1530
vn -0.5429 0.5938 0.5938
vn -0.9878 0.1103 0.1103
vn -0.5429 -0.1638 0.8237
vn -0.5429 -0.1638 -0.8237
vn -0.5429 0.6983 0.4666
vn -0.5429 -0.3214 -0.7759
vn -0.9878 0.1441 0.0597
vn -0.5429 -0.4666 -0.6983
vn -0.5429 0.7759 0.3214
vn -0.5429 -0.6983 -0.4666
vn -0.5429 0.8237 0.1638
vn -0.9878 0.1560 -0.0000
vn -0.9878 -0.1441 -0.0597
vn -0.5429 0.8398 -0.0000
vn -0.5429 -0.7759 -0.3214
vn -0.5429 0.8237 -0.1638
vn -0.5429 -0.8237 -0.1638
vn 0.5429 0.8237 0.1638
vn 0.5429 0.8398 -0.0000
vn 0.5429 -0.5938 -0.5938
vn 0.5429 -0.6983 -0.4666
vn 0.5429 0.7759 0.3214
vn -0.5429 -0.5938 -0.5938
vn 0.5429 -0.4666 -0.6983
vn 0.5429 0.6983 0.4666
vn 0.5429 -0.3214 -0.7759
vn 0.5429 -0.1638 0.8237
vn 0.5429 -0.0000 0.8398
vn 0.5429 0.5938 0.5938
vn 0.5429 -0.1638 -0.8237
vn 0.5429 -0.3214 0.7759
vn 0.5429 0.4666 0.6983
vn 0.5429 -0.0000 -0.8398
vn -0.5429 -0.3214 0.7759
vn 0.5429 -0.4666 0.6983
vn 0.5429 0.3214 0.7759
vn 0.5429 0.1638 -0.8237
vn 0.5429 -0.5938 0.5938
vn -0.5429 0.3214 0.7759
vn 0.5429 0.1638 0.8237
vn 0.5429 0.3214 -0.7759
vn 0.5429 -0.6983 0.4666
vn 0.5429 0.4666 -0.6983
vn 0.5429 -0.7759 0.3214
vn -0.5429 0.4666 -0.6983
vn 0.5429 0.5938 -0.5938
vn 0.5429 -0.8237 0.1638
vn 0.5429 0.6983 -0.4666
vn -0.5429 -0.8237 0.1638
vn 0.5429 -0.8398 -0.0000
vn 0.5429 0.7759 -0.3214
vn 0.5429 -0.8237 -0.1638
vn -0.5429 0.7759 -0.3214
vn 0.5429 0.8237 -0.1638
vn 0.5429 -0.7759 -0.3214
vn 0.9948 -0.0567 0.0849
vn 0.9878 0.1103 -0.1103
vn 0.9948 -0.0722 0.0722
vn 0.9948 0.0943 -0.0391
vn 0.9878 -0.1297 0.0867
vn 0.9878 -0.1441 0.0597
vn 0.9878 0.0597 -0.1441
vn 0.9878 0.0867 -0.1297
vn 0.9948 0.0722 -0.0722
vn 0.9948 0.0849 -0.0567
vn 0.9948 -0.0199 0.1001
vn 0.9948 -0.0391 0.0943
vn 0.9948 -0.0391 -0.0943
vn 0.9878 0.0304 0.1530
vn 0.9948 -0.0199 -0.1001
vn 0.9948 0.0567 -0.0849
vn 0.9878 -0.1103 0.1103
vn 0.9878 -0.0000 -0.1560
vn 0.9878 0.0304 -0.1530
vn 0.9878 0.0867 0.1297
vn 0.9878 0.0597 0.1441
vn 0.9948 0.0391 -0.0943
vn 0.9878 -0.0867 0.1297
vn 0.9948 0.0199 0.1001
vn 0.9948 -0.0000 0.1021
vn 0.9948 -0.0567 -0.0849
vn 0.9878 0.1103 0.1103
vn 0.9878 -0.0304 0.1530
vn 0.9878 -0.0597 0.1441
vn 0.9878 -0.0597 -0.1441
vn 0.9878 -0.0304 -0.1530
vn 0.9948 -0.0722 -0.0722
vn 0.9878 0.1297 0.0867
vn 0.9948 0.0199 -0.1001
vn 0.9878 -0.0000 0.1560
vn 0.9948 0.0391 0.0943
vn 0.9878 -0.0867 -0.1297
vn 0.9948 -0.0943 -0.0391
vn 0.9948 -0.0849 -0.0567
vn 0.9948 0.0567 0.0849
vn 0.9878 -0.1103 -0.1103
vn 0.9878 0.1530 0.0304
vn 0.9878 0.1441 0.0597
vn 0.9948 0.0722 0.0722
vn 0.9878 -0.1297 -0.0867
vn 0.9948 -0.1021 -0.0000
vn 0.9948 -0.1001 -0.0199
vn 0.9948 0.0943 0.0391
vn 0.9948 0.0849 0.0567
vn 0.9878 0.1530 -0.0304
vn 0.9878 0.1560 -0.0000
vn 0.9878 -0.1530 -0.0304
vn 0.9878 -0.1441 -0.0597
vn 0.9948 -0.0943 0.0391
vn 0.9948 -0.1001 0.0199
vn 0.9948 0.1021 -0.0000
vn 0.9948 0.1001 0.0199
vn 0.9878 0.1297 -0.0867
vn 0.9878 0.1441 -0.0597
vn 0.9948 0.1001 -0.0199
vn 0.9878 -0.1560 -0.0000
vn 0.9948 -0.0849 0.0567
vn 0.9878 -0.1530 0.0304
vn 0.9948 -0.0000 -0.1021
vn -0.9988 0.0287 0.0386
vn -0.9869 0.1428 0.0750
vn -0.9869 0.1095 0.1181
vn -0.9988 -0.0459 -0.0144
vn -0.9869 -0.1596 0.0233
vn -0.9869 -0.1580 -0.0312
vn -0.9988 0.0456 -0.0154
vn -0.9869 0.1154 -0.1126
vn -0.9869 0.1462 -0.0677
vn -0.9988 -0.0279 0.0392
vn -0.9869 -0.0272 0.1589
vn -0.9869 -0.0785 0.1406
vn -0.9988 -0.0005 -0.0481
vn -0.9869 -0.0714 -0.1446
vn -0.9869 -0.0192 -0.1599
vn -0.9417 -0.2822 -0.1833
vn -0.9989 0.0451 0.0159
vn -0.9610 0.2713 0.0531
vn -0.9989 -0.0458 0.0136
vn -0.9417 -0.2615 0.2118
vn -0.9989 0.0291 -0.0379
vn -0.9417 0.1263 -0.3119
vn -0.9989 -0.0012 0.0478
vn -0.9417 0.0812 0.3266
vn -0.9989 -0.0271 -0.0394
vn -0.8665 -0.3647 -0.3408
vn -0.9417 -0.2576 -0.2165
vn -0.9096 0.3900 0.1435
vn -0.9610 0.2722 -0.0482
vn -0.8665 -0.4368 0.2415
vn -0.9417 -0.2855 0.1781
vn -0.8665 0.2114 -0.4521
vn -0.9417 0.0871 -0.3250
vn -0.8665 0.0947 0.4901
vn -0.9417 0.1206 0.3141
vn -0.9834 0.0325 -0.1784
vn -0.9846 0.0302 -0.1719
vn -0.9836 0.0815 -0.1608
vn -0.9834 0.1797 -0.0242
vn -0.9846 0.1728 -0.0244
vn -0.9836 0.1781 0.0278
vn -0.9843 0.1730 0.0355
vn -0.9834 0.0786 0.1634
vn -0.9846 0.0766 0.1568
vn -0.9836 0.0286 0.1780
vn -0.9843 0.0197 0.1755
vn -0.9834 -0.1311 0.1252
vn -0.9846 -0.1255 0.1213
vn -0.9836 -0.1604 0.0821
vn -0.9843 -0.1608 0.0730
vn -0.9834 -0.1596 -0.0860
vn -0.9846 -0.1542 -0.0819
vn -0.9836 -0.1277 -0.1272
vn -0.9843 -0.1191 -0.1304
vn -0.9096 0.3925 -0.1364
vn -0.8726 0.3875 -0.2973
vn -0.8726 0.3821 0.3043
vn -0.8665 0.2032 0.4559
vn -0.8591 0.2703 0.4346
vn -0.8591 0.0275 0.5110
vn -0.8665 -0.3708 0.3341
vn -0.8591 -0.3298 0.3914
vn -0.8591 -0.4775 0.1841
vn -0.8665 -0.4324 -0.2494
vn -0.8591 -0.4741 -0.1927
vn -0.8591 -0.3226 -0.3973
vn -0.8665 0.1036 -0.4883
vn -0.8591 0.0368 -0.5105
vn -0.8591 0.2781 -0.4296
vn -0.2847 -0.9522 0.1109
vn -0.2188 -0.9511 0.2179
vn -0.2054 -0.9550 0.2140
vn -0.2055 -0.0703 0.9761
vn -0.2071 0.0526 0.9769
vn -0.2070 0.9783 0.0089
vn -0.2070 0.9498 -0.2347
vn -0.2071 -0.1920 0.9593
vn -0.2071 -0.4246 0.8814
vn -0.2070 -0.9063 -0.3684
vn -0.2188 -0.9470 -0.2351
vn -0.2054 -0.9510 -0.2313
vn -0.2055 -0.5319 0.8215
vn -0.2071 0.3107 -0.9277
vn -0.2070 0.0703 -0.9758
vn -0.2071 0.8530 0.4791
vn -0.2070 0.7071 0.6762
vn -0.2071 -0.4085 -0.8890
vn -0.2055 -0.5169 -0.8310
vn -0.2070 -0.7862 -0.5822
vn -0.2071 0.7192 -0.6632
vn -0.2071 0.8616 -0.4635
vn -0.2055 -0.0526 -0.9772
vn -0.2070 -0.7967 0.5678
vn -0.2071 -0.6304 0.7481
vn -0.2055 0.6306 -0.7484
vn -0.2071 0.2939 0.9331
vn -0.2071 0.5167 0.8307
vn -0.2055 0.9132 -0.3520
vn -0.2054 0.9132 -0.3520
vn -0.2071 -0.9129 0.3519
vn -0.2055 0.9066 0.3685
vn -0.2054 0.9066 0.3685
vn -0.2847 -0.9500 -0.1281
vn -0.3030 -0.9443 -0.1280
vn -0.2055 0.6170 0.7597
vn -0.2070 -0.6167 -0.7594
vn -0.2071 -0.1746 -0.9626
vn -0.2071 0.5317 -0.8212
vn -0.2070 -0.6167 -0.7595
vn -0.2071 0.9453 0.2519
vn -0.2070 0.5317 -0.8212
vn -0.2071 -0.4085 -0.8889
vn -0.2070 0.7071 0.6761
vn -0.3030 -0.9465 0.1109
vn -1.0000 -0.0000 -0.0000
vn -0.9963 -0.0370 -0.0773
vn -0.9843 0.0872 -0.1536
vn -0.9963 0.0621 -0.0591
vn -0.9963 -0.0113 -0.0849
vn -0.9963 -0.0843 -0.0155
vn -0.9963 -0.0754 -0.0408
vn -0.9963 0.0155 -0.0843
vn -0.9963 -0.0849 0.0113
vn -0.9963 -0.0591 -0.0621
vn -0.9963 -0.0155 0.0843
vn -0.9963 -0.0408 0.0754
vn -0.9963 -0.0621 0.0591
vn -0.9963 -0.0773 0.0370
vn -0.9963 0.0754 0.0408
vn -0.9963 0.0591 0.0621
vn -0.9963 0.0370 0.0773
vn -0.9963 0.0113 0.0849
vn -0.9963 0.0773 -0.0370
vn -0.9963 0.0843 0.0155
vn -0.9963 0.0408 -0.0754
vn -0.9963 0.0849 -0.0113
vn -0.3140 0.8322 0.4570
vn -0.2878 0.9523 0.1012
vn -0.3192 0.8046 0.5007
vn -0.2811 -0.5137 -0.8106
vn -0.2878 -0.8211 -0.4929
vn -0.2808 -0.5025 -0.8177
vn -0.3140 -0.9396 -0.1365
vn -0.2890 -0.8279 -0.4807
vn -0.2884 -0.5924 -0.7522
vn -0.3061 -0.5028 -0.8084
vn -0.2811 0.8983 -0.3377
vn -0.2808 0.6224 -0.7306
vn -0.2808 0.8937 -0.3500
vn -0.2811 -0.0435 -0.9587
vn -0.2878 0.3905 -0.8745
vn -0.2889 0.4031 -0.8683
vn -0.3141 -0.9419 0.1194
vn -0.2878 -0.8299 0.4779
vn -0.3192 -0.9452 0.0679
vn -0.3140 0.8403 -0.4418
vn -0.2878 0.9540 -0.0839
vn -0.2890 0.9523 -0.0978
vn -0.2884 0.5323 -0.7959
vn -0.3061 0.6135 -0.7280
vn -0.2811 0.5987 0.7500
vn -0.2808 0.8872 0.3662
vn -0.2808 0.6091 0.7418
vn -0.2884 0.9214 0.2603
vn -0.3061 0.8819 0.3584
vn -0.2884 -0.6060 0.7413
vn -0.3061 -0.5174 0.7991
vn -0.2829 -0.6297 0.7235
vn -0.2884 0.0372 0.9568
vn -0.3061 -0.0684 0.9495
vn -0.2885 -0.8923 -0.3472
vn -0.3061 -0.9199 -0.2451
vn -0.2829 -0.8827 -0.3753
vn -0.3307 -0.3651 -0.8702
vn -0.3192 -0.2108 -0.9239
vn -0.3140 -0.1606 -0.9357
vn -0.2884 0.0545 -0.9559
vn -0.3061 -0.0512 -0.9506
vn -0.2828 0.0842 -0.9555
vn -0.3307 -0.3808 0.8635
vn -0.3192 -0.2275 0.9200
vn -0.3295 -0.3807 0.8640
vn -0.3307 0.7148 -0.6162
vn -0.3192 0.8136 -0.4860
vn -0.2885 0.9260 -0.2436
vn -0.3061 0.8883 -0.3424
vn -0.2829 0.9347 -0.2152
vn -0.3307 -0.9389 -0.0954
vn -0.3295 -0.9394 -0.0951
vn -0.3307 0.8069 0.4894
vn -0.3192 0.7137 0.6235
vn -0.3140 0.6799 0.6626
vn -0.2884 0.5178 0.8054
vn -0.3061 0.6001 0.7390
vn -0.2828 0.4935 0.8225
vn -0.3307 -0.1994 -0.9224
vn -0.3192 -0.3566 -0.8780
vn -0.3295 -0.1998 -0.9228
vn -0.3307 -0.2161 0.9187
vn -0.3192 -0.3725 0.8714
vn -0.3140 -0.4201 0.8514
vn -0.2628 0.2898 0.9203
vn -0.2829 0.0669 0.9568
vn -0.3307 0.8156 -0.4747
vn -0.3192 0.7248 -0.6105
vn -0.3295 0.8159 -0.4752
vn -0.2628 -0.7857 0.5600
vn -0.2829 -0.8893 0.3592
vn -0.2884 -0.8985 0.3310
vn -0.3307 -0.9405 0.0783
vn -0.3192 -0.9439 -0.0850
vn -0.2628 -0.7754 -0.5742
vn -0.2829 -0.6165 -0.7348
vn -0.3307 0.7035 0.6290
vn -0.3295 0.7041 0.6291
vn -0.2628 0.3065 -0.9149
vn -0.2829 0.5083 -0.8134
vn -0.2811 -0.5283 0.8012
vn -0.2808 -0.0741 0.9569
vn -0.2808 -0.5173 0.8084
vn -0.2812 0.6122 -0.7390
vn -0.2878 0.2150 -0.9332
vn -0.2628 0.9648 0.0088
vn -0.2828 0.9307 0.2321
vn -0.2884 0.9215 0.2603
vn -0.2890 0.9504 0.1151
vn -0.3140 0.6918 -0.6502
vn -0.2628 0.9648 0.0087
vn -0.2811 0.8920 0.3539
vn -0.2878 -0.7225 0.6286
vn -0.2890 -0.7130 0.6389
vn -0.2627 0.3065 -0.9149
vn -0.2811 -0.9252 -0.2548
vn -0.2808 -0.9330 0.2252
vn -0.2808 -0.9287 -0.2421
vn -0.2878 0.1981 0.9370
vn -0.2890 0.1843 0.9394
vn -0.3140 -0.1775 0.9327
vn -0.2890 -0.8365 0.4656
vn -0.2890 0.2013 -0.9359
vn -0.2811 -0.0609 0.9577
vn -0.2878 0.3746 0.8814
vn -0.3140 -0.4046 -0.8589
vn -0.2878 -0.7110 -0.6416
vn -0.2808 -0.0567 -0.9581
vn -0.2811 -0.9297 0.2380
vn -0.2889 0.3873 0.8755
vn -0.3061 -0.9242 0.2284
vn -0.2889 -0.7013 -0.6517
vn -0.0000 0.9331 -0.3597
vn -0.0000 0.8806 -0.4738
vn -0.0000 -0.8143 0.5804
vn -0.0000 -0.9331 0.3597
vn -0.0000 0.9264 0.3765
vn -0.0000 0.9663 0.2575
vn -0.0000 0.8719 0.4897
vn -0.0000 -0.8037 -0.5951
vn -0.0000 -0.6304 -0.7763
vn -0.0000 -0.6444 0.7647
vn -0.0000 -0.5435 0.8394
vn -0.0000 -0.4340 0.9009
vn -0.0000 0.3176 -0.9482
vn -0.0000 0.5435 -0.8394
vn -0.0000 -0.1785 -0.9839
vn -0.0000 -0.4176 -0.9086
vn -0.0000 0.6304 0.7763
vn -0.0000 0.7227 0.6911
vn -0.0000 -0.0718 0.9974
vn -0.0000 0.0537 0.9986
vn -0.0000 -0.1963 0.9805
vn -0.0000 1.0000 0.0091
vn -0.0000 -0.9943 0.1068
vn -0.0000 -0.9909 -0.1343
vn -0.0000 -0.9922 -0.1249
vn -0.0000 -0.9264 -0.3765
vn -0.0000 -0.9663 -0.2574
vn -0.0000 -0.5282 -0.8491
vn -0.0000 0.9708 -0.2399
vn 1.0000 -0.0000 -0.0000
vn -0.0000 0.0718 -0.9974
vn -0.0000 -0.0537 -0.9986
vn -0.0000 -0.8036 -0.5951
vn -0.0000 0.7351 -0.6779
vn -0.0000 0.5282 0.8491
vn -0.0000 0.3004 0.9538
vn -0.0000 0.5281 0.8492
vn -0.0000 -0.9932 0.1163
vn -0.0000 -0.9708 0.2399
vn -0.0000 0.6444 -0.7647
vn -0.3061 0.8819 0.3585
vn -0.3295 -0.3650 -0.8708
vn -0.3295 0.7153 -0.6162
vn -0.3294 0.8071 0.4899
vn -0.3295 -0.2165 0.9190
vn -0.3295 -0.9409 0.0781
vn -0.0000 0.7352 -0.6779
vt 0.310802 0.343978
vt 0.262921 0.243026
vt 0.308506 0.139777
vt 0.299192 0.220929
vt 0.367701 0.145876
vt 0.367701 0.298051
s 1
g off
g Tire_FL_elreyMaterial
usemtl elreyMaterial
f 1607/49/2035 1576/50/2036 1575/51/2037
f 1589/49/2038 1622/50/2039 1590/51/2040
f 1576/49/2036 1609/50/2041 1577/51/2042
f 1622/49/2039 1591/50/2043 1590/51/2040
f 1609/49/2041 1578/50/2044 1577/51/2042
f 1596/49/2045 1565/50/2046 1564/51/2047
f 1591/49/2043 1624/50/2048 1592/51/2049
f 1578/49/2044 1611/50/2050 1579/51/2051
f 1565/49/2046 1598/50/2052 1566/51/2053
f 1624/49/2048 1593/50/2054 1592/51/2049
f 1611/49/2050 1580/50/2055 1579/51/2051
f 1598/49/2052 1567/50/2056 1566/51/2053
f 1593/49/2054 1626/50/2057 1594/51/2058
f 1580/49/2055 1613/50/2059 1581/51/2060
f 1567/49/2056 1600/50/2061 1568/51/2062
f 1594/49/2058 1595/50/2063 1563/51/2064
f 1581/49/2060 1614/50/2065 1582/51/2066
f 1600/49/2061 1569/50/2067 1568/51/2062
f 1627/49/2068 1596/50/2045 1595/51/2063
f 1582/49/2066 1615/50/2069 1583/51/2070
f 1569/49/2067 1602/50/2071 1570/51/2072
f 1583/49/2070 1616/50/2073 1584/51/2074
f 1602/49/2071 1571/50/2075 1570/51/2072
f 1616/49/2073 1585/50/2076 1584/51/2074
f 1571/49/2075 1604/50/2077 1572/51/2078
f 1585/49/2076 1618/50/2079 1586/51/2080
f 1604/49/2077 1573/50/2081 1572/51/2078
f 1618/49/2079 1587/50/2082 1586/51/2080
f 1573/49/2081 1606/50/2083 1574/51/2084
f 1587/49/2082 1620/50/2085 1588/51/2086
f 1606/49/2083 1575/50/2037 1574/51/2084
f 1620/49/2085 1589/50/2038 1588/51/2086
f 1605/49/2087 1638/50/2088 1606/51/2083
f 1651/49/2089 1620/50/2085 1619/51/2090
f 1638/49/2088 1607/50/2035 1606/51/2083
f 1620/49/2085 1653/50/2091 1621/51/2092
f 1639/49/2093 1608/50/2094 1607/51/2035
f 1653/49/2091 1622/50/2039 1621/51/2092
f 1608/49/2094 1641/50/2095 1609/51/2041
f 1654/49/2096 1623/50/2097 1622/51/2039
f 1609/49/2041 1642/50/2098 1610/51/2099
f 1628/49/2100 1597/50/2101 1596/51/2045
f 1655/49/2102 1624/50/2048 1623/51/2097
f 1610/49/2099 1643/50/2103 1611/51/2050
f 1597/49/2101 1630/50/2104 1598/51/2052
f 1656/49/2105 1625/50/2106 1624/51/2048
f 1643/49/2103 1612/50/2107 1611/51/2050
f 1598/49/2052 1631/50/2108 1599/51/2109
f 1625/49/2106 1658/50/2110 1626/51/2057
f 1644/49/2111 1613/50/2059 1612/51/2107
f 1599/49/2109 1632/50/2112 1600/51/2061
f 1626/49/2057 1627/50/2068 1595/51/2063
f 1645/49/2113 1614/50/2065 1613/51/2059
f 1632/49/2112 1601/50/2114 1600/51/2061
f 1646/49/2115 1615/50/2069 1614/51/2065
f 1633/49/2116 1602/50/2071 1601/51/2114
f 1615/49/2069 1648/50/2117 1616/51/2073
f 1634/49/2118 1603/50/2119 1602/51/2071
f 1648/49/2117 1617/50/2120 1616/51/2073
f 1635/49/2121 1604/50/2077 1603/51/2119
f 1649/49/2122 1618/50/2079 1617/51/2120
f 1636/49/2123 1605/50/2087 1604/51/2077
f 1650/49/2124 1619/50/2090 1618/51/2079
f 1635/49/2121 1730/50/2125 1731/51/2126
f 1648/49/2117 1743/50/2127 1744/51/2128
f 1634/49/2118 1729/50/2129 1730/51/2125
f 1647/49/2130 1742/50/2131 1743/51/2127
f 1633/49/2116 1728/50/2132 1729/51/2129
f 1646/49/2115 1741/50/2133 1742/51/2131
f 1627/49/2068 1754/50/2134 1723/51/2135
f 1632/49/2112 1727/50/2136 1728/51/2132
f 1645/49/2113 1740/50/2137 1741/51/2133
f 1658/49/2110 1753/50/2138 1754/51/2134
f 1631/49/2108 1726/50/2139 1727/51/2136
f 1644/49/2111 1739/50/2140 1740/51/2137
f 1657/49/2141 1752/50/2142 1753/51/2138
f 1630/49/2104 1725/50/2143 1726/51/2139
f 1643/49/2103 1738/50/2144 1739/51/2140
f 1656/49/2105 1751/50/2145 1752/51/2142
f 1629/49/2146 1724/50/2147 1725/51/2143
f 1642/49/2098 1737/50/2148 1738/51/2144
f 1655/49/2102 1750/50/2149 1751/51/2145
f 1628/49/2100 1723/50/2135 1724/51/2147
f 1641/49/2095 1736/50/2150 1737/51/2148
f 1654/49/2096 1749/50/2151 1750/51/2149
f 1640/49/2152 1735/50/2153 1736/51/2150
f 1653/49/2091 1748/50/2154 1749/51/2151
f 1639/49/2093 1734/50/2155 1735/51/2153
f 1652/49/2156 1747/50/2157 1748/51/2154
f 1638/49/2088 1733/50/2158 1734/51/2155
f 1651/49/2089 1746/50/2159 1747/51/2157
f 1637/49/2160 1732/50/2161 1733/51/2158
f 1650/49/2124 1745/50/2162 1746/51/2159
f 1636/49/2123 1731/50/2126 1732/51/2161
f 1595/49/2063 1564/50/2047 1563/51/2064
f 1672/49/2163 1703/50/2164 1671/51/2165
f 1685/49/2166 1718/50/2167 1717/51/2168
f 1672/49/2163 1705/50/2169 1704/51/2170
f 1687/49/2171 1718/50/2167 1686/51/2172
f 1674/49/2173 1705/50/2169 1673/51/2174
f 1661/49/2175 1692/50/2176 1660/51/2177
f 1688/49/2178 1719/50/2179 1687/51/2171
f 1674/49/2173 1707/50/2180 1706/51/2181
f 1661/49/2175 1694/50/2182 1693/51/2183
f 1689/49/2184 1720/50/2185 1688/51/2178
f 1676/49/2186 1707/50/2180 1675/51/2187
f 1662/49/2188 1695/50/2189 1694/51/2182
f 1689/49/2184 1722/50/2190 1721/51/2191
f 1676/49/2186 1709/50/2192 1708/51/2193
f 1663/49/2194 1696/50/2195 1695/51/2189
f 1690/49/2196 1691/50/2197 1722/51/2190
f 1677/49/2198 1710/50/2199 1709/51/2192
f 1665/49/2200 1696/50/2195 1664/51/2201
f 1692/49/2176 1723/50/2135 1691/51/2197
f 1678/49/2202 1711/50/2203 1710/51/2199
f 1665/49/2200 1698/50/2204 1697/51/2205
f 1679/49/2206 1712/50/2207 1711/51/2203
f 1667/49/2208 1698/50/2204 1666/51/2209
f 1681/49/2210 1712/50/2207 1680/51/2211
f 1667/49/2208 1700/50/2212 1699/51/2213
f 1681/49/2210 1714/50/2214 1713/51/2215
f 1669/49/2216 1700/50/2212 1668/51/2217
f 1683/49/2218 1714/50/2214 1682/51/2219
f 1669/49/2216 1702/50/2220 1701/51/2221
f 1684/49/2222 1715/50/2223 1683/51/2218
f 1671/49/2165 1702/50/2220 1670/51/2224
f 1685/49/2166 1716/50/2225 1684/51/2222
f 1701/49/2221 1734/50/2155 1733/51/2158
f 1716/49/2225 1747/50/2157 1715/51/2223
f 1703/49/2164 1734/50/2155 1702/51/2220
f 1716/49/2225 1749/50/2151 1748/51/2154
f 1704/49/2170 1735/50/2153 1703/51/2164
f 1718/49/2167 1749/50/2151 1717/51/2168
f 1704/49/2170 1737/50/2148 1736/51/2150
f 1719/49/2179 1750/50/2149 1718/51/2167
f 1705/49/2169 1738/50/2144 1737/51/2148
f 1693/49/2183 1724/50/2147 1692/51/2176
f 1720/49/2185 1751/50/2145 1719/51/2179
f 1706/49/2181 1739/50/2140 1738/51/2144
f 1693/49/2183 1726/50/2139 1725/51/2143
f 1721/49/2191 1752/50/2142 1720/51/2185
f 1708/49/2193 1739/50/2140 1707/51/2180
f 1694/49/2182 1727/50/2136 1726/51/2139
f 1721/49/2191 1754/50/2134 1753/51/2138
f 1709/49/2192 1740/50/2137 1708/51/2193
f 1695/49/2189 1728/50/2132 1727/51/2136
f 1722/49/2190 1723/50/2135 1754/51/2134
f 1710/49/2199 1741/50/2133 1709/51/2192
f 1696/49/2195 1729/50/2129 1728/51/2132
f 1711/49/2203 1742/50/2131 1710/51/2199
f 1698/49/2204 1729/50/2129 1697/51/2205
f 1711/49/2203 1744/50/2128 1743/51/2127
f 1699/49/2213 1730/50/2125 1698/51/2204
f 1713/49/2215 1744/50/2128 1712/51/2207
f 1700/49/2212 1731/50/2126 1699/51/2213
f 1714/49/2214 1745/50/2162 1713/51/2215
f 1701/49/2221 1732/50/2161 1700/51/2212
f 1715/49/2223 1746/50/2159 1714/51/2214
f 1660/49/2177 1691/50/2197 1659/51/2226
f 1649/49/2122 1744/50/2128 1745/51/2162
f 1607/49/2035 1608/50/2094 1576/51/2036
f 1589/49/2038 1621/50/2092 1622/51/2039
f 1576/49/2036 1608/50/2094 1609/51/2041
f 1622/49/2039 1623/50/2097 1591/51/2043
f 1609/49/2041 1610/50/2099 1578/51/2044
f 1596/49/2045 1597/50/2101 1565/51/2046
f 1591/49/2043 1623/50/2097 1624/51/2048
f 1578/49/2044 1610/50/2099 1611/51/2050
f 1565/49/2046 1597/50/2101 1598/51/2052
f 1624/49/2048 1625/50/2106 1593/51/2054
f 1611/49/2050 1612/50/2107 1580/51/2055
f 1598/49/2052 1599/50/2109 1567/51/2056
f 1593/49/2054 1625/50/2106 1626/51/2057
f 1580/49/2055 1612/50/2107 1613/51/2059
f 1567/49/2056 1599/50/2109 1600/51/2061
f 1594/49/2058 1626/50/2057 1595/51/2063
f 1581/49/2060 1613/50/2059 1614/51/2065
f 1600/49/2061 1601/50/2114 1569/51/2067
f 1627/49/2068 1628/50/2100 1596/51/2045
f 1582/49/2066 1614/50/2065 1615/51/2069
f 1569/49/2067 1601/50/2114 1602/51/2071
f 1583/49/2070 1615/50/2069 1616/51/2073
f 1602/49/2071 1603/50/2119 1571/51/2075
f 1616/49/2073 1617/50/2120 1585/51/2076
f 1571/49/2075 1603/50/2119 1604/51/2077
f 1585/49/2076 1617/50/2120 1618/51/2079
f 1604/49/2077 1605/50/2087 1573/51/2081
f 1618/49/2079 1619/50/2090 1587/51/2082
f 1573/49/2081 1605/50/2087 1606/51/2083
f 1587/49/2082 1619/50/2090 1620/51/2085
f 1606/49/2083 1607/50/2035 1575/51/2037
f 1620/49/2085 1621/50/2092 1589/51/2038
f 1605/49/2087 1637/50/2160 1638/51/2088
f 1651/49/2089 1652/50/2156 1620/51/2085
f 1638/49/2088 1639/50/2093 1607/51/2035
f 1620/49/2085 1652/50/2156 1653/51/2091
f 1639/49/2093 1640/50/2152 1608/51/2094
f 1653/49/2091 1654/50/2096 1622/51/2039
f 1608/49/2094 1640/50/2152 1641/51/2095
f 1654/49/2096 1655/50/2102 1623/51/2097
f 1609/49/2041 1641/50/2095 1642/51/2098
f 1628/49/2100 1629/50/2146 1597/51/2101
f 1655/49/2102 1656/50/2105 1624/51/2048
f 1610/49/2099 1642/50/2098 1643/51/2103
f 1597/49/2101 1629/50/2146 1630/51/2104
f 1656/49/2105 1657/50/2141 1625/51/2106
f 1643/49/2103 1644/50/2111 1612/51/2107
f 1598/49/2052 1630/50/2104 1631/51/2108
f 1625/49/2106 1657/50/2141 1658/51/2110
f 1644/49/2111 1645/50/2113 1613/51/2059
f 1599/49/2109 1631/50/2108 1632/51/2112
f 1626/49/2057 1658/50/2110 1627/51/2068
f 1645/49/2113 1646/50/2115 1614/51/2065
f 1632/49/2112 1633/50/2116 1601/51/2114
f 1646/49/2115 1647/50/2130 1615/51/2069
f 1633/49/2116 1634/50/2118 1602/51/2071
f 1615/49/2069 1647/50/2130 1648/51/2117
f 1634/49/2118 1635/50/2121 1603/51/2119
f 1648/49/2117 1649/50/2122 1617/51/2120
f 1635/49/2121 1636/50/2123 1604/51/2077
f 1649/49/2122 1650/50/2124 1618/51/2079
f 1636/49/2123 1637/50/2160 1605/51/2087
f 1650/49/2124 1651/50/2089 1619/51/2090
f 1635/49/2121 1634/50/2118 1730/51/2125
f 1648/49/2117 1647/50/2130 1743/51/2127
f 1634/49/2118 1633/50/2116 1729/51/2129
f 1647/49/2130 1646/50/2115 1742/51/2131
f 1633/49/2116 1632/50/2112 1728/51/2132
f 1646/49/2115 1645/50/2113 1741/51/2133
f 1627/49/2068 1658/50/2110 1754/51/2134
f 1632/49/2112 1631/50/2108 1727/51/2136
f 1645/49/2113 1644/50/2111 1740/51/2137
f 1658/49/2110 1657/50/2141 1753/51/2138
f 1631/49/2108 1630/50/2104 1726/51/2139
f 1644/49/2111 1643/50/2103 1739/51/2140
f 1657/49/2141 1656/50/2105 1752/51/2142
f 1630/49/2104 1629/50/2146 1725/51/2143
f 1643/49/2103 1642/50/2098 1738/51/2144
f 1656/49/2105 1655/50/2102 1751/51/2145
f 1629/49/2146 1628/50/2100 1724/51/2147
f 1642/49/2098 1641/50/2095 1737/51/2148
f 1655/49/2102 1654/50/2096 1750/51/2149
f 1628/49/2100 1627/50/2068 1723/51/2135
f 1641/49/2095 1640/50/2152 1736/51/2150
f 1654/49/2096 1653/50/2091 1749/51/2151
f 1640/49/2152 1639/50/2093 1735/51/2153
f 1653/49/2091 1652/50/2156 1748/51/2154
f 1639/49/2093 1638/50/2088 1734/51/2155
f 1652/49/2156 1651/50/2089 1747/51/2157
f 1638/49/2088 1637/50/2160 1733/51/2158
f 1651/49/2089 1650/50/2124 1746/51/2159
f 1637/49/2160 1636/50/2123 1732/51/2161
f 1650/49/2124 1649/50/2122 1745/51/2162
f 1636/49/2123 1635/50/2121 1731/51/2126
f 1595/49/2063 1596/50/2045 1564/51/2047
f 1672/49/2163 1704/50/2170 1703/51/2164
f 1685/49/2166 1686/50/2172 1718/51/2167
f 1672/49/2163 1673/50/2174 1705/51/2169
f 1687/49/2171 1719/50/2179 1718/51/2167
f 1674/49/2173 1706/50/2181 1705/51/2169
f 1661/49/2175 1693/50/2183 1692/51/2176
f 1688/49/2178 1720/50/2185 1719/51/2179
f 1674/49/2173 1675/50/2187 1707/51/2180
f 1661/49/2175 1662/50/2188 1694/51/2182
f 1689/49/2184 1721/50/2191 1720/51/2185
f 1676/49/2186 1708/50/2193 1707/51/2180
f 1662/49/2188 1663/50/2194 1695/51/2189
f 1689/49/2184 1690/50/2196 1722/51/2190
f 1676/49/2186 1677/50/2198 1709/51/2192
f 1663/49/2194 1664/50/2201 1696/51/2195
f 1690/49/2196 1659/50/2226 1691/51/2197
f 1677/49/2198 1678/50/2202 1710/51/2199
f 1665/49/2200 1697/50/2205 1696/51/2195
f 1692/49/2176 1724/50/2147 1723/51/2135
f 1678/49/2202 1679/50/2206 1711/51/2203
f 1665/49/2200 1666/50/2209 1698/51/2204
f 1679/49/2206 1680/50/2211 1712/51/2207
f 1667/49/2208 1699/50/2213 1698/51/2204
f 1681/49/2210 1713/50/2215 1712/51/2207
f 1667/49/2208 1668/50/2217 1700/51/2212
f 1681/49/2210 1682/50/2219 1714/51/2214
f 1669/49/2216 1701/50/2221 1700/51/2212
f 1683/49/2218 1715/50/2223 1714/51/2214
f 1669/49/2216 1670/50/2224 1702/51/2220
f 1684/49/2222 1716/50/2225 1715/51/2223
f 1671/49/2165 1703/50/2164 1702/51/2220
f 1685/49/2166 1717/50/2168 1716/51/2225
f 1701/49/2221 1702/50/2220 1734/51/2155
f 1716/49/2225 1748/50/2154 1747/51/2157
f 1703/49/2164 1735/50/2153 1734/51/2155
f 1716/49/2225 1717/50/2168 1749/51/2151
f 1704/49/2170 1736/50/2150 1735/51/2153
f 1718/49/2167 1750/50/2149 1749/51/2151
f 1704/49/2170 1705/50/2169 1737/51/2148
f 1719/49/2179 1751/50/2145 1750/51/2149
f 1705/49/2169 1706/50/2181 1738/51/2144
f 1693/49/2183 1725/50/2143 1724/51/2147
f 1720/49/2185 1752/50/2142 1751/51/2145
f 1706/49/2181 1707/50/2180 1739/51/2140
f 1693/49/2183 1694/50/2182 1726/51/2139
f 1721/49/2191 1753/50/2138 1752/51/2142
f 1708/49/2193 1740/50/2137 1739/51/2140
f 1694/49/2182 1695/50/2189 1727/51/2136
f 1721/49/2191 1722/50/2190 1754/51/2134
f 1709/49/2192 1741/50/2133 1740/51/2137
f 1695/49/2189 1696/50/2195 1728/51/2132
f 1722/49/2190 1691/50/2197 1723/51/2135
f 1710/49/2199 1742/50/2131 1741/51/2133
f 1696/49/2195 1697/50/2205 1729/51/2129
f 1711/49/2203 1743/50/2127 1742/51/2131
f 1698/49/2204 1730/50/2125 1729/51/2129
f 1711/49/2203 1712/50/2207 1744/51/2128
f 1699/49/2213 1731/50/2126 1730/51/2125
f 1713/49/2215 1745/50/2162 1744/51/2128
f 1700/49/2212 1732/50/2161 1731/51/2126
f 1714/49/2214 1746/50/2159 1745/51/2162
f 1701/49/2221 1733/50/2158 1732/51/2161
f 1715/49/2223 1747/50/2157 1746/51/2159
f 1660/49/2177 1692/50/2176 1691/51/2197
f 1649/49/2122 1648/50/2117 1744/51/2128
s 2
f 1771/52/2227 1762/53/2228 1761/54/2229
f 1767/52/2230 1758/53/2231 1757/54/2232
f 1773/52/2233 1764/53/2234 1763/54/2235
f 1769/52/2236 1760/53/2237 1759/54/2238
f 1765/52/2239 1756/53/2240 1755/54/2241
f 1771/52/2227 1782/53/2242 1772/54/2243
f 1777/52/2244 1768/53/2245 1767/54/2230
f 1773/52/2233 1784/53/2246 1774/54/2247
f 1779/52/2248 1770/53/2249 1769/54/2236
f 1775/52/2250 1766/53/2251 1765/54/2239
f 1791/52/2252 1782/53/2242 1781/54/2253
f 1787/52/2254 1778/53/2255 1777/54/2244
f 1793/52/2256 1784/53/2246 1783/54/2257
f 1789/52/2258 1780/53/2259 1779/54/2248
f 1785/52/2260 1776/53/2261 1775/54/2250
f 1799/52/2262 1755/53/2241 1814/54/2263
f 1800/52/2264 1764/53/2234 1774/54/2247
f 1814/52/2263 1800/53/2264 1799/54/2262
f 1802/52/2265 1763/53/2235 1812/54/2266
f 1801/52/2267 1762/53/2228 1772/54/2243
f 1801/52/2267 1812/53/2266 1811/54/2268
f 1804/52/2269 1761/53/2229 1810/54/2270
f 1803/52/2271 1760/53/2237 1770/54/2249
f 1803/52/2271 1810/53/2270 1809/54/2272
f 1796/52/2273 1759/53/2238 1808/54/2274
f 1795/52/2275 1758/53/2231 1768/54/2245
f 1795/52/2275 1808/53/2274 1807/54/2276
f 1798/52/2277 1757/53/2232 1806/54/2278
f 1797/52/2279 1756/53/2240 1766/54/2251
f 1797/52/2279 1806/53/2278 1805/54/2280
f 1788/52/2281 1830/53/2282 1778/54/2255
f 1777/52/2244 1831/53/2283 1787/54/2254
f 1786/52/2284 1832/53/2285 1776/54/2261
f 1775/52/2250 1833/53/2286 1785/54/2260
f 1794/52/2287 1834/53/2288 1784/54/2246
f 1783/52/2257 1835/53/2289 1793/54/2256
f 1792/52/2290 1836/53/2291 1782/54/2242
f 1781/52/2253 1837/53/2292 1791/54/2252
f 1790/52/2293 1838/53/2294 1780/54/2259
f 1779/52/2248 1839/53/2295 1789/54/2258
s 3
f 1788/52/2296 1865/53/2297 1830/54/2298
f 1873/52/2299 1824/53/2300 1838/54/2299
f 1860/52/2301 1821/53/2302 1825/54/2301
f 1790/52/2303 1844/53/2304 1845/54/2303
f 1817/52/2305 1866/53/2306 1831/54/2307
f 1789/52/2304 1874/53/2308 1844/54/2304
f 1826/52/2309 1854/53/2310 1819/54/2310
f 1792/52/2311 1846/53/2312 1847/54/2311
f 1786/52/2313 1867/53/2314 1832/54/2314
f 1827/52/2315 1852/53/2305 1817/54/2305
f 1794/52/2316 1848/53/2317 1849/54/2316
f 1819/52/2310 1868/53/2318 1833/54/2318
f 1863/52/2319 1815/53/2320 1828/54/2319
f 1794/52/2316 1869/53/2321 1834/54/2321
f 1829/52/2322 1858/53/2323 1823/54/2323
f 1821/52/2302 1870/53/2324 1835/54/2325
f 1865/52/2297 1816/53/2326 1830/54/2298
f 1792/52/2311 1871/53/2327 1836/54/2328
f 1787/52/2329 1866/53/2306 1842/54/2330
f 1823/52/2323 1872/53/2331 1837/54/2331
f 1867/52/2314 1818/53/2332 1832/54/2314
f 1790/52/2303 1873/53/2299 1838/54/2299
f 1785/52/2333 1868/53/2318 1840/54/2333
f 1859/52/2300 1829/53/2322 1824/54/2300
f 1869/52/2321 1820/53/2334 1834/54/2321
f 1816/52/2326 1863/53/2319 1828/54/2319
f 1793/52/2317 1870/53/2324 1848/54/2317
f 1853/52/2335 1827/53/2315 1818/54/2332
f 1871/52/2327 1822/53/2336 1836/54/2328
f 1855/52/2337 1826/53/2309 1820/54/2334
f 1786/52/2313 1840/53/2333 1841/54/2338
f 1815/52/2320 1874/53/2308 1839/54/2308
f 1791/52/2339 1872/53/2331 1846/54/2312
f 1822/52/2336 1860/53/2301 1825/54/2301
f 1787/52/2329 1843/53/2340 1788/54/2296
s 4
f 1843/52/2341 1877/53/2341 1878/54/2341
f 1840/52/2341 1903/53/2341 1875/54/2341
f 1859/52/2341 1899/53/2341 1864/54/2341
f 1844/52/2341 1880/53/2341 1845/54/2341
f 1904/52/2341 1855/53/2341 1869/54/2341
f 1851/52/2341 1898/53/2341 1863/54/2341
f 1847/52/2341 1881/53/2341 1882/54/2341
f 1848/52/2341 1905/53/2341 1883/54/2341
f 1888/52/2341 1862/53/2341 1853/54/2341
f 1848/52/2341 1884/53/2341 1849/54/2341
f 1906/52/2341 1857/53/2341 1871/54/2341
f 1890/52/2341 1861/53/2341 1855/54/2341
f 1850/52/2341 1909/53/2341 1874/54/2341
f 1846/52/2341 1907/53/2341 1881/54/2341
f 1892/52/2341 1860/53/2341 1857/54/2341
f 1843/52/2341 1900/53/2341 1865/54/2341
f 1908/52/2341 1859/53/2341 1873/54/2341
f 1895/52/2341 1856/53/2341 1860/54/2341
f 1852/52/2341 1901/53/2341 1866/54/2341
f 1844/52/2341 1909/53/2341 1879/54/2341
f 1861/52/2341 1889/53/2341 1854/54/2341
f 1841/52/2341 1902/53/2341 1867/54/2341
f 1897/52/2341 1852/53/2341 1862/54/2341
f 1854/52/2341 1903/53/2341 1868/54/2341
f 1863/52/2341 1885/53/2341 1850/54/2341
f 1849/52/2341 1904/53/2341 1869/54/2341
f 1899/52/2341 1858/53/2341 1864/54/2341
f 1856/52/2341 1905/53/2341 1870/54/2341
f 1900/52/2341 1851/53/2341 1865/54/2341
f 1847/52/2341 1906/53/2341 1871/54/2341
f 1842/52/2341 1901/53/2341 1877/54/2341
f 1858/52/2341 1907/53/2341 1872/54/2341
f 1841/52/2341 1875/53/2341 1876/54/2341
f 1902/52/2341 1853/53/2341 1867/54/2341
f 1845/52/2341 1908/53/2341 1873/54/2341
s 2
f 1805/52/2280 2016/53/2342 1756/54/2240
f 1813/52/2343 2024/53/2344 1764/54/2234
f 1755/52/2241 2016/53/2342 2017/54/2345
f 1806/52/2278 2019/53/2346 2027/54/2347
f 1755/52/2241 2035/53/2348 1814/54/2263
f 1757/52/2232 2018/53/2349 2019/54/2346
f 1807/52/2276 2018/53/2349 1758/54/2231
f 1806/52/2278 2026/53/2350 1805/54/2280
f 1759/52/2238 2020/53/2351 2021/54/2352
f 1759/52/2238 2029/53/2353 1808/54/2274
f 1808/52/2274 2028/53/2354 1807/54/2276
f 1761/52/2229 2022/53/2355 2023/54/2356
f 1809/52/2272 2020/53/2351 1760/54/2237
f 1809/52/2272 2031/53/2357 2030/54/2358
f 1763/52/2235 2024/53/2344 2025/54/2359
f 1761/52/2229 2031/53/2357 1810/54/2270
f 1812/52/2266 2032/53/2360 1811/54/2268
f 1762/52/2228 2032/53/2360 2022/54/2355
f 1813/52/2343 2035/53/2348 2034/54/2361
f 1763/52/2235 2033/53/2362 1812/54/2266
s 5
f 1779/52/2363 1915/53/2364 1925/54/2365
s 6
f 1803/52/2366 1916/53/2367 1939/54/2368
f 1780/52/2369 1916/53/2367 1770/54/2370
s 7
f 1818/52/2371 1958/53/2372 1832/54/2372
s 5
f 1796/52/2373 1931/53/2374 1932/54/2375
s 6
f 1804/52/2376 1917/53/2377 1771/54/2378
s 8
f 1775/52/2379 1911/53/2380 1921/54/2381
s 9
f 1776/52/2382 1912/53/2383 1766/54/2384
s 10
f 1820/52/2385 1960/53/2386 1834/54/2386
s 9
f 1798/52/2387 1933/53/2388 1934/54/2389
s 11
f 1822/52/2390 1962/53/2391 1836/54/2391
s 12
f 1815/52/2392 1965/53/2393 1941/54/2394
s 13
f 1824/52/2395 1964/53/2396 1838/54/2396
s 14
f 1817/52/2397 1957/53/2398 1943/54/2399
s 5
f 1830/52/2400 1924/53/2401 1778/54/2402
s 15
f 1819/52/2403 1959/53/2404 1945/54/2405
s 9
f 1831/52/2406 1923/53/2407 1957/54/2408
f 1832/52/2409 1922/53/2410 1776/54/2382
s 16
f 1821/52/2411 1961/53/2412 1947/54/2413
s 8
f 1833/52/2414 1921/53/2381 1959/54/2415
f 1834/52/2416 1930/53/2417 1784/54/2418
s 17
f 1823/52/2419 1963/53/2420 1949/54/2421
s 18
f 1835/52/2422 1929/53/2423 1961/54/2424
f 1836/52/2425 1928/53/2426 1782/54/2427
s 17
f 1829/52/2428 1950/53/2429 1824/54/2395
s 6
f 1837/52/2430 1927/53/2431 1963/54/2432
s 12
f 1828/52/2433 1942/53/2434 1816/54/2435
s 6
f 1838/52/2436 1926/53/2437 1780/54/2369
s 14
f 1827/52/2438 1944/53/2439 1818/54/2371
s 5
f 1839/52/2440 1925/53/2365 1965/54/2441
s 15
f 1826/52/2442 1946/53/2443 1820/54/2385
s 8
f 1799/52/2444 1936/53/2445 1935/54/2446
s 5
f 1795/52/2447 1914/53/2448 1931/54/2374
s 16
f 1825/52/2449 1948/53/2450 1822/54/2451
s 5
f 1796/52/2373 1915/53/2364 1769/54/2452
s 6
f 1781/52/2453 1917/53/2377 1927/54/2431
s 16
f 1825/52/2449 1947/53/2413 1951/54/2454
s 9
f 1797/52/2455 1912/53/2383 1933/54/2388
s 18
f 1782/52/2427 1918/53/2456 1772/54/2457
s 15
f 1826/52/2442 1945/53/2405 1952/54/2458
s 18
f 1802/52/2459 1937/53/2460 1938/54/2461
s 9
f 1798/52/2387 1913/53/2462 1767/54/2463
f 1777/52/2464 1913/53/2462 1923/54/2407
s 14
f 1827/52/2438 1943/53/2399 1953/54/2438
s 8
f 1799/52/2444 1911/53/2380 1765/54/2465
s 5
f 1778/52/2402 1914/53/2448 1768/54/2466
s 12
f 1828/52/2433 1941/53/2394 1954/54/2433
s 8
f 1800/52/2467 1920/53/2468 1936/54/2445
s 18
f 1783/52/2469 1919/53/2470 1929/54/2423
s 17
f 1829/52/2428 1949/53/2421 1955/54/2428
s 6
f 1803/52/2366 1940/53/2471 1804/54/2376
s 18
f 1801/52/2472 1918/53/2456 1937/54/2460
s 8
f 1784/52/2418 1920/53/2468 1774/54/2473
s 19
f 1816/52/2435 1956/53/2474 1830/54/2474
s 18
f 1802/52/2459 1919/53/2470 1773/54/2475
s 20
f 1835/52/2476 1793/53/2477 1974/54/2477
f 1828/52/2478 1977/53/2479 1816/54/2479
f 1836/52/2480 1983/53/2481 1973/54/2482
f 1827/52/2483 1979/53/2484 1818/54/2484
f 1976/52/2485 1839/53/2486 1970/54/2487
f 1987/52/2488 1820/53/2489 1826/54/2488
f 1785/52/2490 1967/53/2491 1966/54/2490
f 1837/52/2492 1791/53/2493 1972/54/2493
f 1838/52/2494 1985/53/2495 1971/54/2496
f 1986/52/2497 1822/53/2481 1825/54/2497
f 1788/52/2498 1968/53/2499 1787/54/2500
f 1978/52/2501 1817/53/2501 1831/54/2502
f 1967/52/2491 1786/53/2491 1832/54/2503
f 1982/52/2504 1825/53/2497 1821/54/2504
f 1790/52/2496 1970/53/2487 1789/54/2487
s 21
f 1977/52/2505 1994/53/2505 1969/54/2505
s 20
f 1791/52/2493 1973/53/2482 1972/54/2493
f 1980/52/2506 1826/53/2488 1819/54/2506
f 1980/52/2506 1819/53/2506 1833/54/2507
f 1817/52/2501 1988/53/2508 1827/54/2483
f 1793/52/2477 1975/53/2509 1974/54/2477
s 21
f 1983/52/2505 1998/53/2505 1973/54/2505
s 20
f 1815/52/2485 1989/53/2478 1828/54/2478
f 1984/52/2510 1829/53/2511 1823/54/2512
f 1829/52/2511 1985/53/2495 1824/54/2495
s 21
f 1988/52/2505 2004/53/2505 1979/54/2505
f 1975/52/2505 1999/53/2505 1974/54/2505
f 1970/52/2505 2001/53/2505 1976/54/2505
f 1981/52/2505 2012/53/2505 2006/54/2505
f 1984/52/2505 1997/53/2505 2009/54/2505
f 1985/52/2505 1996/53/2505 1971/54/2505
f 1986/52/2505 2008/53/2505 1983/54/2505
f 1968/52/2505 2003/53/2505 1978/54/2505
f 1967/52/2505 2004/53/2505 1992/54/2505
f 1982/52/2505 2011/53/2505 1986/54/2505
f 1987/52/2505 2005/53/2505 2012/54/2505
f 1966/52/2505 2005/53/2505 1980/54/2505
f 1978/52/2505 2013/53/2505 1988/54/2505
f 1981/52/2505 2000/53/2505 1975/54/2505
f 1976/52/2505 2014/53/2505 1989/54/2505
f 1982/52/2505 1999/53/2505 2007/54/2505
f 1990/52/2505 2009/53/2505 2015/54/2505
f 1966/52/2505 1992/53/2505 1991/54/2505
f 1969/52/2505 1993/53/2505 1968/54/2505
f 1985/52/2505 2015/53/2505 2010/54/2505
f 1970/52/2505 1996/53/2505 1995/54/2505
f 1989/52/2505 2002/53/2505 1977/54/2505
f 1972/52/2505 1998/53/2505 1997/54/2505
s 20
f 1969/52/2513 1788/53/2498 1830/54/2514
f 1834/52/2515 1981/53/2489 1975/54/2509
s 2
f 1910/52/2341 2017/53/2345 2016/54/2342
f 1910/52/2341 2019/53/2346 2018/54/2349
f 1910/52/2341 2021/53/2352 2020/54/2351
f 1910/52/2341 2023/53/2356 2022/54/2355
f 1910/52/2341 2025/53/2359 2024/54/2344
f 1910/52/2341 2026/53/2350 2027/54/2347
f 1910/52/2341 2028/53/2354 2029/54/2353
f 1910/52/2341 2030/53/2358 2031/54/2357
f 1910/52/2341 2032/53/2360 2033/54/2362
f 1910/52/2341 2034/53/2361 2035/54/2348
f 1910/52/2341 2016/53/2342 2026/54/2350
f 1910/52/2341 2027/53/2347 2019/54/2346
f 1910/52/2341 2018/53/2349 2028/54/2354
f 1910/52/2341 2029/53/2353 2021/54/2352
f 1910/52/2341 2020/53/2351 2030/54/2358
f 1910/52/2341 2031/53/2357 2023/54/2356
f 1910/52/2341 2022/53/2355 2032/54/2360
f 1910/52/2341 2033/53/2362 2025/54/2359
f 1910/52/2341 2024/53/2344 2034/54/2361
f 1910/52/2341 2035/53/2348 2017/54/2345
f 1771/52/2227 1772/53/2243 1762/54/2228
f 1767/52/2230 1768/53/2245 1758/54/2231
f 1773/52/2233 1774/53/2247 1764/54/2234
f 1769/52/2236 1770/53/2249 1760/54/2237
f 1765/52/2239 1766/53/2251 1756/54/2240
f 1771/52/2227 1781/53/2253 1782/54/2242
f 1777/52/2244 1778/53/2255 1768/54/2245
f 1773/52/2233 1783/53/2257 1784/54/2246
f 1779/52/2248 1780/53/2259 1770/54/2249
f 1775/52/2250 1776/53/2261 1766/54/2251
f 1791/52/2252 1792/53/2290 1782/54/2242
f 1787/52/2254 1788/53/2281 1778/54/2255
f 1793/52/2256 1794/53/2287 1784/54/2246
f 1789/52/2258 1790/53/2293 1780/54/2259
f 1785/52/2260 1786/53/2284 1776/54/2261
f 1799/52/2262 1765/53/2239 1755/54/2241
f 1800/52/2264 1813/53/2343 1764/54/2234
f 1814/52/2263 1813/53/2343 1800/54/2264
f 1802/52/2265 1773/53/2233 1763/54/2235
f 1801/52/2267 1811/53/2268 1762/54/2228
f 1801/52/2267 1802/53/2265 1812/54/2266
f 1804/52/2269 1771/53/2227 1761/54/2229
f 1803/52/2271 1809/53/2272 1760/54/2237
f 1803/52/2271 1804/53/2269 1810/54/2270
f 1796/52/2273 1769/53/2236 1759/54/2238
f 1795/52/2275 1807/53/2276 1758/54/2231
f 1795/52/2275 1796/53/2273 1808/54/2274
f 1798/52/2277 1767/53/2230 1757/54/2232
f 1797/52/2279 1805/53/2280 1756/54/2240
f 1797/52/2279 1798/53/2277 1806/54/2278
s 3
f 1788/52/2296 1843/53/2340 1865/54/2297
f 1873/52/2299 1859/53/2300 1824/54/2300
f 1860/52/2301 1856/53/2302 1821/54/2302
f 1790/52/2303 1789/53/2304 1844/54/2304
f 1817/52/2305 1852/53/2305 1866/54/2306
f 1789/52/2304 1839/53/2308 1874/54/2308
f 1826/52/2309 1861/53/2309 1854/54/2310
f 1792/52/2311 1791/53/2339 1846/54/2312
f 1786/52/2313 1841/53/2338 1867/54/2314
f 1827/52/2315 1862/53/2315 1852/54/2305
f 1794/52/2316 1793/53/2317 1848/54/2317
f 1819/52/2310 1854/53/2310 1868/54/2318
f 1863/52/2319 1850/53/2320 1815/54/2320
f 1794/52/2316 1849/53/2316 1869/54/2321
f 1829/52/2322 1864/53/2322 1858/54/2323
f 1821/52/2302 1856/53/2302 1870/54/2324
f 1865/52/2297 1851/53/2326 1816/54/2326
f 1792/52/2311 1847/53/2311 1871/54/2327
f 1787/52/2329 1831/53/2307 1866/54/2306
f 1823/52/2323 1858/53/2323 1872/54/2331
f 1867/52/2314 1853/53/2335 1818/54/2332
f 1790/52/2303 1845/53/2303 1873/54/2299
f 1785/52/2333 1833/53/2318 1868/54/2318
f 1859/52/2300 1864/53/2322 1829/54/2322
f 1869/52/2321 1855/53/2337 1820/54/2334
f 1816/52/2326 1851/53/2326 1863/54/2319
f 1793/52/2317 1835/53/2325 1870/54/2324
f 1853/52/2335 1862/53/2315 1827/54/2315
f 1871/52/2327 1857/53/2336 1822/54/2336
f 1855/52/2337 1861/53/2309 1826/54/2309
f 1786/52/2313 1785/53/2333 1840/54/2333
f 1815/52/2320 1850/53/2320 1874/54/2308
f 1791/52/2339 1837/53/2331 1872/54/2331
f 1822/52/2336 1857/53/2336 1860/54/2301
f 1787/52/2329 1842/53/2330 1843/54/2340
s 4
f 1843/52/2341 1842/53/2341 1877/54/2341
f 1840/52/2341 1868/53/2341 1903/54/2341
f 1859/52/2341 1894/53/2341 1899/54/2341
f 1844/52/2341 1879/53/2341 1880/54/2341
f 1904/52/2341 1890/53/2341 1855/54/2341
f 1851/52/2341 1886/53/2341 1898/54/2341
f 1847/52/2341 1846/53/2341 1881/54/2341
f 1848/52/2341 1870/53/2341 1905/54/2341
f 1888/52/2341 1897/53/2341 1862/54/2341
f 1848/52/2341 1883/53/2341 1884/54/2341
f 1906/52/2341 1892/53/2341 1857/54/2341
f 1890/52/2341 1896/53/2341 1861/54/2341
f 1850/52/2341 1885/53/2341 1909/54/2341
f 1846/52/2341 1872/53/2341 1907/54/2341
f 1892/52/2341 1895/53/2341 1860/54/2341
f 1843/52/2341 1878/53/2341 1900/54/2341
f 1908/52/2341 1894/53/2341 1859/54/2341
f 1895/52/2341 1891/53/2341 1856/54/2341
f 1852/52/2341 1887/53/2341 1901/54/2341
f 1844/52/2341 1874/53/2341 1909/54/2341
f 1861/52/2341 1896/53/2341 1889/54/2341
f 1841/52/2341 1876/53/2341 1902/54/2341
f 1897/52/2341 1887/53/2341 1852/54/2341
f 1854/52/2341 1889/53/2341 1903/54/2341
f 1863/52/2341 1898/53/2341 1885/54/2341
f 1849/52/2341 1884/53/2341 1904/54/2341
f 1899/52/2341 1893/53/2341 1858/54/2341
f 1856/52/2341 1891/53/2341 1905/54/2341
f 1900/52/2341 1886/53/2341 1851/54/2341
f 1847/52/2341 1882/53/2341 1906/54/2341
f 1842/52/2341 1866/53/2341 1901/54/2341
f 1858/52/2341 1893/53/2341 1907/54/2341
f 1841/52/2341 1840/53/2341 1875/54/2341
f 1902/52/2341 1888/53/2341 1853/54/2341
f 1845/52/2341 1880/53/2341 1908/54/2341
s 2
f 1805/52/2280 2026/53/2350 2016/54/2342
f 1813/52/2343 2034/53/2361 2024/54/2344
f 1755/52/2241 1756/53/2240 2016/54/2342
f 1806/52/2278 1757/53/2232 2019/54/2346
f 1755/52/2241 2017/53/2345 2035/54/2348
f 1757/52/2232 1758/53/2231 2018/54/2349
f 1807/52/2276 2028/53/2354 2018/54/2349
f 1806/52/2278 2027/53/2347 2026/54/2350
f 1759/52/2238 1760/53/2237 2020/54/2351
f 1759/52/2238 2021/53/2352 2029/54/2353
f 1808/52/2274 2029/53/2353 2028/54/2354
f 1761/52/2229 1762/53/2228 2022/54/2355
f 1809/52/2272 2030/53/2358 2020/54/2351
f 1809/52/2272 1810/53/2270 2031/54/2357
f 1763/52/2235 1764/53/2234 2024/54/2344
f 1761/52/2229 2023/53/2356 2031/54/2357
f 1812/52/2266 2033/53/2362 2032/54/2360
f 1762/52/2228 1811/53/2268 2032/54/2360
f 1813/52/2343 1814/53/2263 2035/54/2348
f 1763/52/2235 2025/53/2359 2033/54/2362
s 5
f 1779/52/2363 1769/53/2452 1915/54/2364
s 6
f 1803/52/2366 1770/53/2370 1916/54/2367
f 1780/52/2369 1926/53/2437 1916/54/2367
s 14
f 1818/52/2371 1944/53/2439 1958/54/2372
s 5
f 1796/52/2373 1795/53/2447 1931/54/2374
s 6
f 1804/52/2376 1940/53/2471 1917/54/2377
s 8
f 1775/52/2379 1765/53/2465 1911/54/2380
s 9
f 1776/52/2382 1922/53/2410 1912/54/2383
s 15
f 1820/52/2385 1946/53/2443 1960/54/2386
s 9
f 1798/52/2387 1797/53/2455 1933/54/2388
s 16
f 1822/52/2451 1948/53/2450 1962/54/2516
s 12
f 1815/52/2392 1839/53/2393 1965/54/2393
s 17
f 1824/52/2395 1950/53/2429 1964/54/2396
s 14
f 1817/52/2397 1831/53/2398 1957/54/2398
s 5
f 1830/52/2400 1956/53/2517 1924/54/2401
s 15
f 1819/52/2403 1833/53/2404 1959/54/2404
s 9
f 1831/52/2406 1777/53/2464 1923/54/2407
f 1832/52/2409 1958/53/2518 1922/54/2410
s 16
f 1821/52/2411 1835/53/2412 1961/54/2412
s 8
f 1833/52/2414 1775/53/2379 1921/54/2381
f 1834/52/2416 1960/53/2519 1930/54/2417
s 17
f 1823/52/2419 1837/53/2420 1963/54/2420
s 18
f 1835/52/2422 1783/53/2469 1929/54/2423
f 1836/52/2425 1962/53/2520 1928/54/2426
s 17
f 1829/52/2428 1955/53/2428 1950/54/2429
s 6
f 1837/52/2430 1781/53/2453 1927/54/2431
s 12
f 1828/52/2433 1954/53/2433 1942/54/2434
s 6
f 1838/52/2436 1964/53/2521 1926/54/2437
s 14
f 1827/52/2438 1953/53/2438 1944/54/2439
s 5
f 1839/52/2440 1779/53/2363 1925/54/2365
s 15
f 1826/52/2442 1952/53/2458 1946/54/2443
s 8
f 1799/52/2444 1800/53/2467 1936/54/2445
s 5
f 1795/52/2447 1768/53/2466 1914/54/2448
s 16
f 1825/52/2449 1951/53/2454 1948/54/2450
s 5
f 1796/52/2373 1932/53/2375 1915/54/2364
s 6
f 1781/52/2453 1771/53/2378 1917/54/2377
s 16
f 1825/52/2449 1821/53/2411 1947/54/2413
s 9
f 1797/52/2455 1766/53/2384 1912/54/2383
s 18
f 1782/52/2427 1928/53/2426 1918/54/2456
s 15
f 1826/52/2442 1819/53/2403 1945/54/2405
s 18
f 1802/52/2459 1801/53/2472 1937/54/2460
s 9
f 1798/52/2387 1934/53/2389 1913/54/2462
f 1777/52/2464 1767/53/2463 1913/54/2462
s 14
f 1827/52/2438 1817/53/2397 1943/54/2399
s 8
f 1799/52/2444 1935/53/2446 1911/54/2380
s 5
f 1778/52/2402 1924/53/2401 1914/54/2448
s 12
f 1828/52/2433 1815/53/2392 1941/54/2394
s 8
f 1800/52/2467 1774/53/2473 1920/54/2468
s 18
f 1783/52/2469 1773/53/2475 1919/54/2470
s 17
f 1829/52/2428 1823/53/2419 1949/54/2421
s 6
f 1803/52/2366 1939/53/2368 1940/54/2471
s 18
f 1801/52/2472 1772/53/2457 1918/54/2456
s 8
f 1784/52/2418 1930/53/2417 1920/54/2468
s 12
f 1816/52/2435 1942/53/2434 1956/54/2474
s 18
f 1802/52/2459 1938/53/2461 1919/54/2470
s 20
f 1974/52/2477 1982/53/2504 1835/54/2476
f 1982/52/2504 1821/53/2504 1835/54/2476
f 1828/52/2478 1989/53/2478 1977/54/2479
f 1973/52/2482 1792/53/2482 1836/54/2480
f 1836/52/2480 1822/53/2481 1983/54/2481
f 1827/52/2483 1988/53/2508 1979/54/2484
f 1815/52/2485 1839/53/2486 1976/54/2485
f 1839/52/2486 1789/53/2487 1970/54/2487
f 1987/52/2488 1981/53/2489 1820/54/2489
f 1785/52/2490 1786/53/2491 1967/54/2491
f 1972/52/2493 1984/53/2510 1837/54/2492
f 1984/52/2510 1823/53/2512 1837/54/2492
f 1971/52/2496 1790/53/2496 1838/54/2494
f 1838/52/2494 1824/53/2495 1985/54/2495
f 1986/52/2497 1983/53/2481 1822/54/2481
f 1788/52/2498 1969/53/2513 1968/54/2499
f 1831/52/2502 1787/53/2500 1968/54/2499
f 1968/52/2499 1978/53/2501 1831/54/2502
f 1832/52/2503 1818/53/2484 1979/54/2484
f 1979/52/2484 1967/53/2491 1832/54/2503
f 1982/52/2504 1986/53/2497 1825/54/2497
f 1790/52/2496 1971/53/2496 1970/54/2487
s 21
f 1977/52/2505 2002/53/2505 1994/54/2505
s 20
f 1791/52/2493 1792/53/2482 1973/54/2482
f 1980/52/2506 1987/53/2488 1826/54/2488
f 1833/52/2507 1785/53/2490 1966/54/2490
f 1966/52/2490 1980/53/2506 1833/54/2507
f 1817/52/2501 1978/53/2501 1988/54/2508
f 1793/52/2477 1794/53/2522 1975/54/2509
s 21
f 1983/52/2505 2008/53/2505 1998/54/2505
s 20
f 1815/52/2485 1976/53/2485 1989/54/2478
f 1984/52/2510 1990/53/2511 1829/54/2511
f 1829/52/2511 1990/53/2511 1985/54/2495
s 21
f 1988/52/2505 2013/53/2505 2004/54/2505
f 1975/52/2505 2000/53/2505 1999/54/2505
f 1970/52/2505 1995/53/2505 2001/54/2505
f 1981/52/2505 1987/53/2505 2012/54/2505
f 1984/52/2505 1972/53/2505 1997/54/2505
f 1985/52/2505 2010/53/2505 1996/54/2505
f 1986/52/2505 2011/53/2505 2008/54/2505
f 1968/52/2505 1993/53/2505 2003/54/2505
f 1967/52/2505 1979/53/2505 2004/54/2505
f 1982/52/2505 2007/53/2505 2011/54/2505
f 1987/52/2505 1980/53/2505 2005/54/2505
f 1966/52/2505 1991/53/2505 2005/54/2505
f 1978/52/2505 2003/53/2505 2013/54/2505
f 1981/52/2505 2006/53/2505 2000/54/2505
f 1976/52/2505 2001/53/2505 2014/54/2505
f 1982/52/2505 1974/53/2505 1999/54/2505
f 1990/52/2505 1984/53/2505 2009/54/2505
f 1966/52/2505 1967/53/2505 1992/54/2505
f 1969/52/2505 1994/53/2505 1993/54/2505
f 1985/52/2505 1990/53/2505 2015/54/2505
f 1970/52/2505 1971/53/2505 1996/54/2505
f 1989/52/2505 2014/53/2505 2002/54/2505
f 1972/52/2505 1973/53/2505 1998/54/2505
s 20
f 1830/52/2514 1816/53/2479 1977/54/2479
f 1977/52/2479 1969/53/2513 1830/54/2514
f 1975/52/2509 1794/53/2522 1834/54/2515
f 1834/52/2515 1820/53/2489 1981/54/2489
g Tire_FR_Mesh
v 0.613267 -0.172403 -0.719359
v 0.613267 -0.143654 -0.722190
v 0.613267 -0.116009 -0.730576
v 0.613267 -0.090532 -0.744194
v 0.613267 -0.068201 -0.762521
v 0.613267 -0.049874 -0.784852
v 0.613267 -0.036256 -0.810329
v 0.613267 -0.027871 -0.837974
v 0.613267 -0.025039 -0.866723
v 0.613267 -0.027871 -0.895472
v 0.613267 -0.036256 -0.923117
v 0.613267 -0.049874 -0.948594
v 0.613267 -0.068201 -0.970925
v 0.613267 -0.090532 -0.989252
v 0.613267 -0.116009 -1.002869
v 0.613267 -0.143654 -1.011255
v 0.613267 -0.172403 -1.014087
v 0.613267 -0.201152 -1.011255
v 0.613267 -0.228797 -1.002869
v 0.613267 -0.254274 -0.989252
v 0.613267 -0.276605 -0.970925
v 0.613267 -0.294932 -0.948594
v 0.613267 -0.308549 -0.923117
v 0.613267 -0.316935 -0.895472
v 0.613267 -0.319767 -0.866723
v 0.613267 -0.316935 -0.837974
v 0.613267 -0.308549 -0.810329
v 0.613267 -0.294932 -0.784852
v 0.613267 -0.276605 -0.762521
v 0.613267 -0.254274 -0.744194
v 0.613267 -0.228797 -0.730576
v 0.613267 -0.201152 -0.722190
v 0.618112 -0.172403 -0.672138
v 0.618112 -0.134441 -0.675876
v 0.618112 -0.097938 -0.686949
v 0.618112 -0.064297 -0.704931
v 0.618112 -0.034810 -0.729130
v 0.618112 -0.010611 -0.758617
v 0.618112 0.007370 -0.792258
v 0.618112 0.018443 -0.828761
v 0.618112 0.022182 -0.866723
v 0.618112 0.018443 -0.904685
v 0.618112 0.007370 -0.941187
v 0.618112 -0.010611 -0.974829
v 0.618112 -0.034810 -1.004316
v 0.618112 -0.064297 -1.028515
v 0.618112 -0.097938 -1.046496
v 0.618112 -0.134441 -1.057569
v 0.618112 -0.172403 -1.061308
v 0.618112 -0.210365 -1.057569
v 0.618112 -0.246868 -1.046496
v 0.618112 -0.280509 -1.028515
v 0.618112 -0.309996 -1.004316
v 0.618112 -0.334195 -0.974829
v 0.618112 -0.352176 -0.941187
v 0.618112 -0.363249 -0.904685
v 0.618112 -0.366988 -0.866723
v 0.618112 -0.363249 -0.828761
v 0.618112 -0.352176 -0.792258
v 0.618112 -0.334195 -0.758617
v 0.618112 -0.309996 -0.729130
v 0.618112 -0.280509 -0.704931
v 0.618112 -0.246868 -0.686949
v 0.618112 -0.210365 -0.675876
v 0.604677 -0.172403 -0.639052
v 0.604677 -0.127987 -0.643427
v 0.604677 -0.085277 -0.656382
v 0.604677 -0.045916 -0.677421
v 0.604677 -0.011415 -0.705735
v 0.604677 0.016898 -0.740236
v 0.604677 0.037938 -0.779597
v 0.604677 0.050893 -0.822306
v 0.604677 0.055268 -0.866723
v 0.604677 0.050893 -0.911139
v 0.604677 0.037938 -0.953849
v 0.604677 0.016898 -0.993210
v 0.604677 -0.011415 -1.027711
v 0.604677 -0.045916 -1.056024
v 0.604677 -0.085277 -1.077063
v 0.604677 -0.127987 -1.090019
v 0.604677 -0.172403 -1.094394
v 0.604677 -0.216819 -1.090019
v 0.604677 -0.259529 -1.077063
v 0.604677 -0.298890 -1.056024
v 0.604677 -0.333391 -1.027711
v 0.604677 -0.361704 -0.993210
v 0.604677 -0.382744 -0.953849
v 0.604677 -0.395699 -0.911139
v 0.604677 -0.400074 -0.866723
v 0.604677 -0.395699 -0.822306
v 0.604677 -0.382744 -0.779597
v 0.604677 -0.361704 -0.740236
v 0.604677 -0.333391 -0.705735
v 0.604677 -0.298890 -0.677421
v 0.604677 -0.259529 -0.656382
v 0.604677 -0.216819 -0.643427
v 0.414097 -0.172403 -0.719359
v 0.414097 -0.143654 -0.722190
v 0.414097 -0.116009 -0.730576
v 0.414097 -0.090532 -0.744194
v 0.414097 -0.068201 -0.762521
v 0.414097 -0.049874 -0.784852
v 0.414097 -0.036256 -0.810329
v 0.414097 -0.027871 -0.837974
v 0.414097 -0.025039 -0.866723
v 0.414097 -0.027871 -0.895472
v 0.414097 -0.036256 -0.923117
v 0.414097 -0.049874 -0.948594
v 0.414097 -0.068201 -0.970925
v 0.414097 -0.090532 -0.989252
v 0.414097 -0.116009 -1.002869
v 0.414097 -0.143654 -1.011255
v 0.414097 -0.172403 -1.014087
v 0.414097 -0.201152 -1.011255
v 0.414097 -0.228797 -1.002869
v 0.414097 -0.254274 -0.989252
v 0.414097 -0.276605 -0.970925
v 0.414097 -0.294932 -0.948594
v 0.414097 -0.308549 -0.923117
v 0.414097 -0.316935 -0.895472
v 0.414097 -0.319767 -0.866723
v 0.414097 -0.316935 -0.837974
v 0.414097 -0.308549 -0.810329
v 0.414097 -0.294932 -0.784852
v 0.414097 -0.276605 -0.762521
v 0.414097 -0.254274 -0.744194
v 0.414097 -0.228797 -0.730576
v 0.414097 -0.201152 -0.722190
v 0.409252 -0.172403 -0.672138
v 0.409252 -0.134441 -0.675876
v 0.409252 -0.097938 -0.686949
v 0.409252 -0.064297 -0.704931
v 0.409252 -0.034810 -0.729130
v 0.409252 -0.010611 -0.758617
v 0.409252 0.007370 -0.792258
v 0.409252 0.018443 -0.828761
v 0.409252 0.022182 -0.866723
v 0.409252 0.018443 -0.904685
v 0.409252 0.007370 -0.941187
v 0.409252 -0.010611 -0.974829
v 0.409252 -0.034810 -1.004316
v 0.409252 -0.064297 -1.028515
v 0.409252 -0.097938 -1.046496
v 0.409252 -0.134441 -1.057569
v 0.409252 -0.172403 -1.061308
v 0.409252 -0.210365 -1.057569
v 0.409252 -0.246868 -1.046496
v 0.409252 -0.280509 -1.028515
v 0.409252 -0.309996 -1.004316
v 0.409252 -0.334195 -0.974829
v 0.409252 -0.352176 -0.941187
v 0.409252 -0.363249 -0.904685
v 0.409252 -0.366988 -0.866723
v 0.409252 -0.363249 -0.828761
v 0.409252 -0.352176 -0.792258
v 0.409252 -0.334195 -0.758617
v 0.409252 -0.309996 -0.729130
v 0.409252 -0.280509 -0.704931
v 0.409252 -0.246868 -0.686949
v 0.409252 -0.210365 -0.675876
v 0.422686 -0.172403 -0.639052
v 0.422686 -0.127987 -0.643427
v 0.422686 -0.085277 -0.656382
v 0.422686 -0.045916 -0.677421
v 0.422686 -0.011415 -0.705735
v 0.422686 0.016898 -0.740236
v 0.422686 0.037938 -0.779597
v 0.422686 0.050893 -0.822306
v 0.422686 0.055268 -0.866723
v 0.422686 0.050893 -0.911139
v 0.422686 0.037938 -0.953849
v 0.422686 0.016898 -0.993210
v 0.422686 -0.011415 -1.027711
v 0.422686 -0.045916 -1.056024
v 0.422686 -0.085277 -1.077063
v 0.422686 -0.127987 -1.090019
v 0.422686 -0.172403 -1.094394
v 0.422686 -0.216819 -1.090019
v 0.422686 -0.259529 -1.077063
v 0.422686 -0.298890 -1.056024
v 0.422686 -0.333391 -1.027711
v 0.422686 -0.361704 -0.993210
v 0.422686 -0.382744 -0.953849
v 0.422686 -0.395699 -0.911139
v 0.422686 -0.400074 -0.866723
v 0.422686 -0.395699 -0.822306
v 0.422686 -0.382744 -0.779597
v 0.422686 -0.361704 -0.740236
v 0.422686 -0.333391 -0.705735
v 0.422686 -0.298890 -0.677421
v 0.422686 -0.259529 -0.656382
v 0.422686 -0.216819 -0.643427
v 0.614726 -0.165124 -0.811966
v 0.614726 -0.148559 -0.816895
v 0.614726 -0.118077 -0.856725
v 0.614726 -0.117646 -0.874002
v 0.614726 -0.146106 -0.915301
v 0.614726 -0.162405 -0.921050
v 0.614726 -0.210477 -0.906744
v 0.614726 -0.220981 -0.893020
v 0.614726 -0.222231 -0.842880
v 0.614726 -0.212424 -0.828649
v 0.619346 -0.164434 -0.783664
v 0.619346 -0.131340 -0.794086
v 0.619346 -0.090947 -0.848635
v 0.619346 -0.090632 -0.883330
v 0.619346 -0.130029 -0.938604
v 0.619346 -0.162929 -0.949624
v 0.619346 -0.227671 -0.929236
v 0.619346 -0.248319 -0.901352
v 0.619346 -0.248935 -0.833478
v 0.619346 -0.228796 -0.805224
v 0.616492 -0.157181 -0.756027
v 0.616492 -0.121448 -0.767280
v 0.616492 -0.062420 -0.846993
v 0.616492 -0.062081 -0.884455
v 0.616492 -0.119652 -0.965226
v 0.616492 -0.155175 -0.977126
v 0.616492 -0.249784 -0.947331
v 0.616492 -0.272078 -0.917224
v 0.616492 -0.272978 -0.818039
v 0.616492 -0.251233 -0.787532
v 0.601567 -0.147866 -0.731437
v 0.601567 -0.114992 -0.741789
v 0.605431 -0.036156 -0.848254
v 0.605431 -0.035843 -0.882718
v 0.601567 -0.112735 -0.990595
v 0.601567 -0.145415 -1.001542
v 0.601567 -0.271774 -0.961749
v 0.601567 -0.292284 -0.934051
v 0.601567 -0.293485 -0.801581
v 0.601567 -0.273481 -0.773516
v 0.616365 -0.116119 -0.896489
v 0.616365 -0.125904 -0.910218
v 0.616365 -0.126701 -0.822392
v 0.616365 -0.116668 -0.835941
v 0.616365 -0.184456 -0.804204
v 0.616365 -0.200442 -0.809559
v 0.616365 -0.235434 -0.875725
v 0.616365 -0.235587 -0.858867
v 0.616365 -0.183320 -0.929451
v 0.616365 -0.199400 -0.924387
v 0.614726 -0.134329 -0.826702
v 0.614726 -0.123825 -0.840427
v 0.614726 -0.122575 -0.890567
v 0.614726 -0.132382 -0.904798
v 0.614726 -0.179682 -0.921480
v 0.614726 -0.196247 -0.916551
v 0.614726 -0.226730 -0.876722
v 0.614726 -0.227160 -0.859444
v 0.614726 -0.198700 -0.818145
v 0.614726 -0.182401 -0.812397
v 0.601567 -0.083804 -0.971864
v 0.601567 -0.044111 -0.916176
v 0.601567 -0.045029 -0.814951
v 0.601567 -0.085726 -0.759992
v 0.601567 -0.182281 -0.729585
v 0.601567 -0.247126 -0.751307
v 0.601567 -0.305882 -0.833739
v 0.601567 -0.305261 -0.902123
v 0.601567 -0.245020 -0.983476
v 0.601567 -0.179791 -1.004018
v 0.601567 -0.309891 -0.867971
v 0.601567 -0.216075 -0.736350
v 0.601567 -0.061906 -0.784901
v 0.601567 -0.060440 -0.946528
v 0.601567 -0.213703 -0.997867
v 0.601567 -0.039977 -0.899447
v 0.601567 -0.040592 -0.831603
v 0.601567 -0.100359 -0.750891
v 0.601567 -0.165073 -0.730511
v 0.601567 -0.260303 -0.762411
v 0.601567 -0.299684 -0.817660
v 0.601567 -0.298773 -0.918087
v 0.601567 -0.258397 -0.972613
v 0.601567 -0.162603 -1.002780
v 0.601567 -0.098270 -0.981230
v 0.613127 -0.147429 -0.729029
v 0.613127 -0.113970 -0.739566
v 0.613127 -0.033731 -0.847925
v 0.613127 -0.033413 -0.883003
v 0.613127 -0.111673 -0.992800
v 0.613127 -0.144935 -1.003941
v 0.613127 -0.273542 -0.963440
v 0.613127 -0.294417 -0.935250
v 0.613127 -0.295640 -0.800422
v 0.613127 -0.275280 -0.771857
v 0.613127 -0.082227 -0.973736
v 0.613127 -0.041828 -0.917056
v 0.613127 -0.042763 -0.814030
v 0.613127 -0.084184 -0.758093
v 0.613127 -0.182456 -0.727145
v 0.613127 -0.248455 -0.749253
v 0.613127 -0.308257 -0.833153
v 0.613127 -0.307626 -0.902753
v 0.613127 -0.246312 -0.985554
v 0.613127 -0.179923 -1.006461
v 0.613127 -0.312337 -0.867993
v 0.613127 -0.216852 -0.734030
v 0.613127 -0.059940 -0.783445
v 0.613127 -0.058448 -0.947948
v 0.613127 -0.214438 -1.000201
v 0.613127 -0.037621 -0.900029
v 0.613127 -0.038247 -0.830978
v 0.613127 -0.099077 -0.748830
v 0.613127 -0.164943 -0.728087
v 0.613127 -0.261868 -0.760555
v 0.613127 -0.301948 -0.816787
v 0.613127 -0.301021 -0.919001
v 0.613127 -0.259927 -0.974497
v 0.613127 -0.162429 -1.005201
v 0.613127 -0.096950 -0.983267
v 0.613127 -0.145002 -0.715650
v 0.613127 -0.108292 -0.727210
v 0.613127 -0.020256 -0.846099
v 0.613127 -0.019907 -0.884584
v 0.613127 -0.105772 -1.005050
v 0.613127 -0.142266 -1.017275
v 0.613127 -0.283370 -0.972838
v 0.613127 -0.306273 -0.941908
v 0.613127 -0.307615 -0.793979
v 0.613127 -0.285276 -0.762639
v 0.613127 -0.073465 -0.984134
v 0.613127 -0.029140 -0.921947
v 0.613127 -0.030165 -0.808910
v 0.613127 -0.075611 -0.747537
v 0.613127 -0.183433 -0.713582
v 0.613127 -0.255845 -0.737838
v 0.613127 -0.321458 -0.829890
v 0.613127 -0.320765 -0.906254
v 0.613127 -0.253494 -0.997101
v 0.613127 -0.180654 -1.020040
v 0.613127 -0.325935 -0.868116
v 0.613127 -0.221172 -0.721136
v 0.613127 -0.049012 -0.775353
v 0.613127 -0.047375 -0.955840
v 0.613127 -0.218523 -1.013171
v 0.613127 -0.024524 -0.903266
v 0.613127 -0.025211 -0.827504
v 0.613127 -0.091952 -0.737374
v 0.613127 -0.164218 -0.714616
v 0.613127 -0.270561 -0.750238
v 0.613127 -0.314536 -0.811935
v 0.613127 -0.313519 -0.924081
v 0.613127 -0.268432 -0.984970
v 0.613127 -0.161460 -1.018657
v 0.613127 -0.089619 -0.994592
v 0.610027 -0.172403 -0.866723
v 0.598034 -0.170552 -0.781429
v 0.598034 -0.125045 -0.795760
v 0.598034 -0.090711 -0.842126
v 0.598034 -0.090278 -0.889834
v 0.598034 -0.123766 -0.936816
v 0.598034 -0.169005 -0.951971
v 0.598034 -0.224036 -0.934640
v 0.598034 -0.252428 -0.896298
v 0.598034 -0.252951 -0.838605
v 0.598034 -0.225259 -0.799755
v 0.595607 -0.164387 -0.757937
v 0.595607 -0.116637 -0.772974
v 0.595607 -0.066464 -0.840731
v 0.595607 -0.066010 -0.890790
v 0.595607 -0.114946 -0.959445
v 0.595607 -0.162414 -0.975346
v 0.595607 -0.242832 -0.950021
v 0.595607 -0.272623 -0.909790
v 0.595607 -0.273388 -0.825482
v 0.595607 -0.244331 -0.784717
v 0.595320 -0.111942 -0.901019
v 0.595320 -0.120260 -0.912689
v 0.595320 -0.121102 -0.819820
v 0.595320 -0.112575 -0.831336
v 0.595320 -0.187570 -0.798887
v 0.595320 -0.201158 -0.803440
v 0.595320 -0.241475 -0.874515
v 0.595320 -0.241605 -0.860186
v 0.595320 -0.186337 -0.934823
v 0.595320 -0.200005 -0.930518
v 0.582742 -0.084475 -0.965088
v 0.582742 -0.050736 -0.917753
v 0.582742 -0.051681 -0.813495
v 0.582742 -0.086273 -0.766780
v 0.582742 -0.185721 -0.735461
v 0.582742 -0.240840 -0.753925
v 0.582742 -0.301356 -0.838828
v 0.582742 -0.300829 -0.896954
v 0.582742 -0.238782 -0.980745
v 0.582742 -0.183338 -0.998205
v 0.582742 -0.304764 -0.867924
v 0.582742 -0.214447 -0.741211
v 0.582742 -0.066027 -0.787952
v 0.582742 -0.064615 -0.943552
v 0.582742 -0.212163 -0.992977
v 0.582742 -0.047222 -0.903533
v 0.582742 -0.047910 -0.827648
v 0.582742 -0.098712 -0.759044
v 0.582742 -0.171095 -0.736248
v 0.582742 -0.252041 -0.763364
v 0.582742 -0.296088 -0.825160
v 0.582742 -0.295313 -0.910523
v 0.582742 -0.250153 -0.971511
v 0.582742 -0.168728 -0.997153
v 0.582742 -0.096770 -0.973049
v 0.414255 -0.147866 -0.731437
v 0.414255 -0.114992 -0.741790
v 0.414255 -0.036156 -0.848254
v 0.414255 -0.035843 -0.882718
v 0.414255 -0.112735 -0.990595
v 0.414255 -0.145415 -1.001542
v 0.414255 -0.271774 -0.961749
v 0.414255 -0.292284 -0.934052
v 0.414255 -0.293486 -0.801581
v 0.414255 -0.273481 -0.773516
v 0.414255 -0.083804 -0.971865
v 0.414255 -0.044111 -0.916177
v 0.414255 -0.045029 -0.814951
v 0.414255 -0.085726 -0.759993
v 0.414255 -0.182281 -0.729585
v 0.414255 -0.247126 -0.751307
v 0.414255 -0.305882 -0.833740
v 0.414255 -0.305261 -0.902123
v 0.414255 -0.245020 -0.983476
v 0.414255 -0.179791 -1.004018
v 0.414255 -0.309891 -0.867971
v 0.414255 -0.216075 -0.736350
v 0.414255 -0.061906 -0.784901
v 0.414255 -0.060440 -0.946528
v 0.414255 -0.213703 -0.997868
v 0.414255 -0.145538 -0.718605
v 0.414255 -0.109547 -0.729940
v 0.414255 -0.023233 -0.846503
v 0.414255 -0.022890 -0.884235
v 0.414255 -0.107076 -1.002345
v 0.414255 -0.142856 -1.014330
v 0.414255 -0.281199 -0.970763
v 0.414255 -0.303655 -0.940438
v 0.414255 -0.304970 -0.795402
v 0.414255 -0.283069 -0.764675
v 0.414255 -0.075400 -0.981838
v 0.414255 -0.031942 -0.920867
v 0.414255 -0.032948 -0.810041
v 0.414255 -0.077505 -0.749869
v 0.414255 -0.183218 -0.716578
v 0.414255 -0.254213 -0.740360
v 0.414255 -0.318542 -0.830611
v 0.414255 -0.317863 -0.905481
v 0.414255 -0.251908 -0.994551
v 0.414255 -0.180492 -1.017041
v 0.414255 -0.322932 -0.868089
v 0.414255 -0.220218 -0.723984
v 0.414255 -0.051425 -0.777140
v 0.414255 -0.049820 -0.954098
v 0.414255 -0.217621 -1.010307
v 0.610027 -0.161451 -0.843835
v 0.610027 -0.169060 -0.841571
v 0.610027 -0.147251 -0.870067
v 0.610027 -0.147449 -0.862131
v 0.610027 -0.167810 -0.891678
v 0.610027 -0.160324 -0.889037
v 0.610027 -0.194717 -0.878803
v 0.610027 -0.189892 -0.885107
v 0.610027 -0.190787 -0.849234
v 0.610027 -0.195291 -0.855771
v 0.610027 -0.154914 -0.848340
v 0.610027 -0.150089 -0.854644
v 0.610027 -0.149515 -0.877676
v 0.610027 -0.154020 -0.884212
v 0.610027 -0.175747 -0.891875
v 0.610027 -0.183355 -0.889611
v 0.610027 -0.197358 -0.871316
v 0.610027 -0.197555 -0.863380
v 0.610027 -0.184482 -0.844409
v 0.610027 -0.176996 -0.841769
vn 0.9948 -0.0567 0.0849
vn 0.9878 0.1103 -0.1103
vn 0.9948 -0.0722 0.0722
vn 0.9948 0.0943 -0.0391
vn 0.9878 -0.1297 0.0867
vn 0.9878 -0.1441 0.0597
vn 0.9878 0.0597 -0.1441
vn 0.9878 0.0867 -0.1297
vn 0.9948 0.0722 -0.0722
vn 0.9948 0.0849 -0.0567
vn 0.9948 -0.0199 0.1001
vn 0.9948 -0.0391 0.0943
vn 0.9948 -0.0391 -0.0943
vn 0.9878 0.0304 0.1530
vn 0.9948 -0.0199 -0.1001
vn 0.9948 0.0567 -0.0849
vn 0.9878 -0.1103 0.1103
vn 0.9878 -0.0000 -0.1560
vn 0.9878 0.0304 -0.1530
vn 0.9878 0.0867 0.1297
vn 0.9878 0.0597 0.1441
vn 0.9948 0.0391 -0.0943
vn 0.9878 -0.0867 0.1297
vn 0.9948 0.0199 0.1001
vn 0.9948 -0.0000 0.1021
vn 0.9948 -0.0722 -0.0722
vn 0.9948 -0.0567 -0.0849
vn 0.9878 -0.0304 0.1530
vn 0.9878 -0.0597 0.1441
vn 0.9878 -0.0597 -0.1441
vn 0.9878 -0.0304 -0.1530
vn 0.9878 0.1297 0.0867
vn 0.9878 0.1103 0.1103
vn 0.9948 0.0199 -0.1001
vn 0.9878 -0.0000 0.1560
vn 0.9948 0.0391 0.0943
vn 0.9878 -0.0867 -0.1297
vn 0.9948 -0.0943 -0.0391
vn 0.9948 -0.0849 -0.0567
vn 0.5429 -0.0000 0.8398
vn 0.9948 0.0567 0.0849
vn 0.9878 -0.1103 -0.1103
vn 0.9878 0.1530 0.0304
vn 0.9878 0.1441 0.0597
vn 0.9948 0.0722 0.0722
vn 0.9878 -0.1297 -0.0867
vn 0.9948 -0.1021 -0.0000
vn 0.9948 -0.1001 -0.0199
vn 0.9948 0.0943 0.0391
vn 0.9948 0.0849 0.0567
vn 0.9878 0.1530 -0.0304
vn 0.9878 0.1560 -0.0000
vn 0.9878 -0.1530 -0.0304
vn 0.9878 -0.1441 -0.0597
vn 0.9948 -0.0943 0.0391
vn 0.9948 -0.1001 0.0199
vn 0.9948 0.1021 -0.0000
vn 0.9948 0.1001 0.0199
vn 0.9878 0.1297 -0.0867
vn 0.9878 0.1441 -0.0597
vn 0.9878 -0.1530 0.0304
vn 0.9878 -0.1560 -0.0000
vn 0.9948 -0.0849 0.0567
vn 0.9948 0.1001 -0.0199
vn 0.5429 0.6983 -0.4666
vn 0.5429 0.7759 -0.3214
vn 0.5429 -0.8398 -0.0000
vn 0.5429 -0.7759 0.3214
vn 0.5429 -0.8237 0.1638
vn 0.5429 0.5938 -0.5938
vn 0.5429 0.3214 -0.7759
vn 0.5429 0.4666 -0.6983
vn 0.5429 -0.6983 0.4666
vn 0.5429 0.1638 -0.8237
vn 0.5429 0.1638 0.8237
vn 0.5429 -0.5938 0.5938
vn 0.5429 -0.0000 -0.8398
vn 0.5429 0.4666 0.6983
vn 0.5429 0.3214 0.7759
vn 0.5429 -0.4666 0.6983
vn 0.5429 0.5938 0.5938
vn 0.5429 -0.1638 0.8237
vn 0.5429 -0.3214 0.7759
vn 0.5429 -0.1638 -0.8237
vn 0.5429 0.6983 0.4666
vn 0.5429 -0.3214 -0.7759
vn 0.5429 -0.4666 -0.6983
vn 0.5429 0.8237 0.1638
vn 0.5429 0.7759 0.3214
vn 0.5429 -0.6983 -0.4666
vn 0.5429 -0.5938 -0.5938
vn 0.5429 0.8398 -0.0000
vn 0.5429 -0.7759 -0.3214
vn 0.5429 0.8237 -0.1638
vn 0.5429 -0.8237 -0.1638
vn -0.5429 0.8237 0.1638
vn -0.5429 0.8398 -0.0000
vn -0.5429 -0.5938 -0.5938
vn -0.5429 -0.6983 -0.4666
vn -0.5429 0.7759 0.3214
vn -0.5429 -0.4666 -0.6983
vn -0.5429 0.6983 0.4666
vn -0.5429 -0.3214 -0.7759
vn -0.5429 -0.1638 0.8237
vn -0.5429 -0.0000 0.8398
vn -0.5429 0.5938 0.5938
vn -0.5429 -0.1638 -0.8237
vn -0.5429 -0.3214 0.7759
vn -0.5429 -0.0000 -0.8398
vn -0.5429 -0.4666 0.6983
vn -0.5429 0.3214 0.7759
vn -0.5429 0.4666 0.6983
vn -0.5429 0.1638 -0.8237
vn -0.5429 -0.5938 0.5938
vn -0.5429 0.1638 0.8237
vn -0.5429 0.3214 -0.7759
vn -0.5429 -0.6983 0.4666
vn -0.5429 -0.7759 0.3214
vn -0.5429 0.5938 -0.5938
vn -0.5429 0.4666 -0.6983
vn -0.5429 -0.8237 0.1638
vn -0.5429 0.6983 -0.4666
vn -0.5429 -0.8398 -0.0000
vn -0.5429 0.7759 -0.3214
vn -0.5429 -0.8237 -0.1638
vn -0.5429 0.8237 -0.1638
vn -0.5429 -0.7759 -0.3214
vn 0.9948 -0.0000 -0.1021
vn -0.9878 0.1103 -0.1103
vn -0.9948 -0.0567 0.0849
vn -0.9948 -0.0722 0.0722
vn -0.9948 0.0943 -0.0391
vn -0.9878 -0.1297 0.0867
vn -0.9948 0.0849 -0.0567
vn -0.9878 0.0597 -0.1441
vn -0.9948 -0.0391 0.0943
vn -0.9948 0.0722 -0.0722
vn -0.9948 -0.0199 0.1001
vn -0.9878 0.0304 0.1530
vn -0.9948 -0.0391 -0.0943
vn -0.9948 -0.0199 -0.1001
vn -0.9878 -0.1103 0.1103
vn -0.9948 0.0567 -0.0849
vn -0.9878 -0.0000 -0.1560
vn -0.9948 -0.0000 0.1021
vn -0.9878 0.0867 0.1297
vn -0.9948 -0.0567 -0.0849
vn -0.9878 -0.0867 0.1297
vn -0.9948 0.0391 -0.0943
vn -0.9948 0.0199 0.1001
vn -0.9878 0.1103 0.1103
vn -0.9948 -0.0722 -0.0722
vn -0.9878 -0.0304 0.1530
vn -0.9948 0.0199 -0.1001
vn -0.9878 -0.0597 -0.1441
vn -0.9948 0.0391 0.0943
vn -0.9878 0.1297 0.0867
vn -0.9948 -0.0849 -0.0567
vn -0.9878 -0.0000 0.1560
vn -0.9948 -0.0000 -0.1021
vn -0.9878 -0.0867 -0.1297
vn -0.9948 0.0567 0.0849
vn -0.9948 -0.0943 -0.0391
vn -0.9878 -0.1103 -0.1103
vn -0.9948 0.0722 0.0722
vn -0.9878 0.1530 0.0304
vn -0.9948 -0.1001 -0.0199
vn -0.9878 -0.1297 -0.0867
vn -0.9948 0.0849 0.0567
vn -0.9948 -0.1021 -0.0000
vn -0.9948 0.0943 0.0391
vn -0.9878 0.1530 -0.0304
vn -0.9948 -0.1001 0.0199
vn -0.9878 -0.1530 -0.0304
vn -0.9948 0.1001 0.0199
vn -0.9948 -0.0943 0.0391
vn -0.9878 -0.1560 -0.0000
vn -0.9948 0.1021 -0.0000
vn -0.9878 0.1297 -0.0867
vn -0.9948 -0.0849 0.0567
vn -0.9948 0.1001 -0.0199
vn -0.9878 -0.1530 0.0304
vn -0.9878 0.1441 -0.0597
vn -0.9878 -0.1441 0.0597
vn -0.9878 0.0867 -0.1297
vn -0.9878 0.0304 -0.1530
vn -0.9878 0.0597 0.1441
vn -0.9878 -0.0597 0.1441
vn -0.9878 -0.0304 -0.1530
vn -0.9878 0.1441 0.0597
vn -0.9878 0.1560 -0.0000
vn -0.9878 -0.1441 -0.0597
vn 0.9869 0.1428 0.0750
vn 0.9988 0.0287 0.0386
vn 0.9869 0.1095 0.1181
vn 0.9869 -0.1596 0.0233
vn 0.9988 -0.0459 -0.0144
vn 0.9869 -0.1580 -0.0312
vn 0.9869 0.1154 -0.1126
vn 0.9988 0.0456 -0.0154
vn 0.9869 0.1462 -0.0677
vn 0.9869 -0.0272 0.1589
vn 0.9988 -0.0279 0.0392
vn 0.9869 -0.0785 0.1406
vn 0.9869 -0.0714 -0.1446
vn 0.9988 -0.0005 -0.0481
vn 0.9869 -0.0192 -0.1599
vn 0.9417 -0.2822 -0.1833
vn 0.9417 -0.2576 -0.2165
vn 0.9989 -0.0458 0.0136
vn 0.9610 0.2713 0.0531
vn 0.9417 -0.2615 0.2118
vn 0.9417 -0.2855 0.1781
vn 0.9989 -0.0012 0.0478
vn 0.9417 0.1263 -0.3119
vn 0.9989 -0.0271 -0.0394
vn 0.9417 0.0812 0.3266
vn 0.8665 -0.3647 -0.3408
vn 0.9610 0.2722 -0.0482
vn 0.9096 0.3900 0.1435
vn 0.8665 -0.4368 0.2415
vn 0.9417 0.0871 -0.3250
vn 0.8665 0.2114 -0.4521
vn 0.9417 0.1206 0.3141
vn 0.8665 0.0947 0.4901
vn 0.9834 0.0325 -0.1784
vn 0.9846 0.0302 -0.1719
vn 0.9836 0.0815 -0.1608
vn 0.9843 0.0872 -0.1536
vn 0.9834 0.1797 -0.0242
vn 0.9846 0.1728 -0.0244
vn 0.9836 0.1781 0.0278
vn 0.9843 0.1730 0.0355
vn 0.9834 0.0786 0.1634
vn 0.9846 0.0766 0.1568
vn 0.9836 0.0286 0.1780
vn 0.9843 0.0197 0.1755
vn 0.9834 -0.1311 0.1252
vn 0.9846 -0.1255 0.1213
vn 0.9836 -0.1604 0.0822
vn 0.9843 -0.1608 0.0730
vn 0.9834 -0.1596 -0.0860
vn 0.9846 -0.1542 -0.0819
vn 0.9836 -0.1277 -0.1272
vn 0.9843 -0.1191 -0.1304
vn 0.9096 0.3925 -0.1364
vn 0.8726 0.3875 -0.2973
vn 0.8726 0.3821 0.3043
vn 0.8665 0.2032 0.4559
vn 0.8591 0.2703 0.4346
vn 0.8591 0.0275 0.5110
vn 0.8665 -0.3708 0.3341
vn 0.8591 -0.3298 0.3914
vn 0.8591 -0.4775 0.1841
vn 0.8665 -0.4324 -0.2494
vn 0.8591 -0.4741 -0.1927
vn 0.8591 -0.3226 -0.3973
vn 0.8665 0.1036 -0.4883
vn 0.8591 0.0368 -0.5105
vn 0.8591 0.2781 -0.4296
vn 0.2188 -0.9511 0.2179
vn 0.2847 -0.9522 0.1109
vn 0.2054 -0.9550 0.2140
vn 0.2071 0.0526 0.9769
vn 0.2055 -0.0703 0.9761
vn 0.2070 0.9498 -0.2347
vn 0.2070 0.9783 0.0089
vn 0.2071 -0.1920 0.9593
vn 0.2071 -0.4246 0.8814
vn 0.2070 -0.9063 -0.3684
vn 0.2188 -0.9470 -0.2351
vn 0.2055 -0.5319 0.8215
vn 0.2071 0.3107 -0.9277
vn 0.2070 0.0703 -0.9758
vn 0.2071 0.8530 0.4791
vn 0.2070 0.7071 0.6762
vn 0.2070 0.7071 0.6761
vn 0.2055 -0.5169 -0.8310
vn 0.2071 -0.4085 -0.8890
vn 0.2070 -0.7862 -0.5822
vn 0.2071 0.7192 -0.6632
vn 0.2071 0.8616 -0.4635
vn 0.2055 -0.0526 -0.9772
vn 0.2071 -0.6304 0.7481
vn 0.2070 -0.7967 0.5678
vn 0.2055 0.6306 -0.7484
vn 0.2071 0.2939 0.9331
vn 0.2071 0.5167 0.8307
vn 0.2055 0.9132 -0.3520
vn 0.2071 -0.9129 0.3519
vn 0.2055 0.9066 0.3685
vn 0.2054 0.9066 0.3685
vn 0.2847 -0.9500 -0.1281
vn 0.2054 -0.9510 -0.2313
vn 0.2055 0.6170 0.7597
vn 0.2070 -0.6167 -0.7594
vn 0.2071 -0.1746 -0.9626
vn 0.2071 0.5317 -0.8212
vn 0.2054 0.9132 -0.3520
vn 0.2070 -0.6167 -0.7595
vn 0.2071 0.9453 0.2519
vn 0.2070 0.5317 -0.8212
vn 0.3030 -0.9443 -0.1280
vn 1.0000 -0.0000 -0.0000
vn 0.9963 -0.0370 -0.0773
vn 0.9963 0.0621 -0.0591
vn 0.9963 -0.0843 -0.0155
vn 0.9963 0.0155 -0.0843
vn 0.9963 -0.0849 0.0113
vn 0.9963 -0.0591 -0.0621
vn 0.9963 -0.0155 0.0843
vn 0.9963 -0.0621 0.0591
vn 0.9963 -0.0773 0.0370
vn 0.9963 0.0754 0.0408
vn 0.9963 0.0370 0.0773
vn 0.9963 0.0843 0.0155
vn 0.9963 0.0849 -0.0113
vn 0.3140 0.8322 0.4570
vn 0.2878 0.9523 0.1012
vn 0.2890 0.9504 0.1151
vn 0.2811 -0.5137 -0.8106
vn 0.2878 -0.8211 -0.4929
vn 0.2890 -0.8279 -0.4807
vn 0.3140 -0.9396 -0.1365
vn 0.3061 -0.5028 -0.8084
vn 0.2885 -0.5924 -0.7522
vn 0.2811 0.8983 -0.3377
vn 0.2808 0.6224 -0.7306
vn 0.2812 0.6122 -0.7390
vn 0.2878 0.3905 -0.8745
vn 0.2811 -0.0435 -0.9587
vn 0.2889 0.4031 -0.8683
vn 0.3141 -0.9419 0.1194
vn 0.2878 -0.8299 0.4779
vn 0.2890 -0.8365 0.4656
vn 0.2878 0.9540 -0.0839
vn 0.3140 0.8403 -0.4418
vn 0.2890 0.9523 -0.0978
vn 0.3061 0.6135 -0.7280
vn 0.2884 0.5323 -0.7959
vn 0.2811 0.5987 0.7500
vn 0.2808 0.8872 0.3662
vn 0.2811 0.8920 0.3539
vn 0.3061 0.8819 0.3585
vn 0.2884 0.9214 0.2603
vn 0.3061 0.8819 0.3584
vn 0.2884 -0.6060 0.7413
vn 0.3061 -0.5174 0.7991
vn 0.3061 -0.0684 0.9495
vn 0.2884 0.0371 0.9568
vn 0.2884 -0.8923 -0.3472
vn 0.3061 -0.9199 -0.2451
vn 0.3192 -0.2108 -0.9239
vn 0.3307 -0.3651 -0.8702
vn 0.3140 -0.1606 -0.9357
vn 0.2884 0.0545 -0.9560
vn 0.3061 -0.0512 -0.9506
vn 0.3307 -0.3808 0.8635
vn 0.3192 -0.2275 0.9200
vn 0.3140 -0.1775 0.9327
vn 0.3192 0.8136 -0.4860
vn 0.3307 0.7148 -0.6162
vn 0.2884 0.9260 -0.2436
vn 0.3061 0.8883 -0.3424
vn 0.3307 -0.9389 -0.0954
vn 0.3192 -0.9452 0.0679
vn 0.3192 0.7137 0.6235
vn 0.3307 0.8069 0.4894
vn 0.3140 0.6799 0.6626
vn 0.2884 0.5178 0.8054
vn 0.3061 0.6001 0.7390
vn 0.3307 -0.1994 -0.9224
vn 0.3192 -0.3566 -0.8780
vn 0.3140 -0.4046 -0.8589
vn 0.3192 -0.3725 0.8714
vn 0.3307 -0.2161 0.9187
vn 0.3140 -0.4201 0.8514
vn 0.2829 0.0669 0.9568
vn 0.2628 0.2898 0.9203
vn 0.3307 0.8156 -0.4747
vn 0.3192 0.7248 -0.6105
vn 0.3140 0.6918 -0.6502
vn 0.2829 -0.8893 0.3592
vn 0.2628 -0.7857 0.5600
vn 0.2885 -0.8985 0.3310
vn 0.3192 -0.9439 -0.0850
vn 0.3307 -0.9405 0.0783
vn 0.2829 -0.6165 -0.7348
vn 0.2628 -0.7754 -0.5742
vn 0.3307 0.7035 0.6290
vn 0.3192 0.8046 0.5007
vn 0.2829 0.5083 -0.8134
vn 0.2628 0.3065 -0.9149
vn 0.2811 -0.5283 0.8012
vn 0.2808 -0.0741 0.9569
vn 0.2811 -0.0609 0.9577
vn 0.2878 0.2150 -0.9332
vn 0.2890 0.2013 -0.9359
vn 0.2828 0.9307 0.2321
vn 0.2628 0.9648 0.0088
vn 0.2829 0.9347 -0.2152
vn 0.2878 -0.7225 0.6286
vn 0.2890 -0.7130 0.6389
vn 0.2828 0.0842 -0.9555
vn 0.2811 -0.9252 -0.2548
vn 0.2808 -0.9330 0.2252
vn 0.2811 -0.9297 0.2380
vn 0.2878 0.1981 0.9370
vn 0.2890 0.1843 0.9394
vn 0.2829 -0.8827 -0.3753
vn 0.2829 -0.6297 0.7235
vn 0.2878 0.3746 0.8814
vn 0.2889 0.3873 0.8755
vn 0.2878 -0.7110 -0.6416
vn 0.2889 -0.7013 -0.6517
vn 0.2828 0.4935 0.8225
vn 0.2808 -0.0567 -0.9581
vn 0.3061 -0.9242 0.2284
vn -0.0000 0.8806 -0.4738
vn -0.0000 0.9331 -0.3597
vn -0.0000 -0.8143 0.5804
vn -0.0000 -0.9331 0.3597
vn -0.0000 0.9663 0.2575
vn -0.0000 0.9264 0.3765
vn -0.0000 -0.8037 -0.5951
vn -0.0000 -0.6304 -0.7763
vn -0.0000 -0.8036 -0.5951
vn -0.0000 -0.4340 0.9009
vn -0.0000 -0.5435 0.8394
vn -0.0000 -0.6444 0.7647
vn -0.0000 0.5435 -0.8394
vn -0.0000 0.3176 -0.9482
vn -0.0000 -0.1785 -0.9839
vn -0.0000 -0.4176 -0.9086
vn -0.0000 0.7227 0.6911
vn -0.0000 0.6304 0.7763
vn -0.0000 0.0537 0.9986
vn -0.0000 -0.0718 0.9974
vn -0.0000 1.0000 0.0091
vn -0.0000 -0.9909 -0.1343
vn -0.0000 -0.9943 0.1068
vn -0.0000 -0.9922 -0.1249
vn -0.0000 -0.9663 -0.2574
vn -0.0000 -0.5282 -0.8491
vn -0.0000 0.9708 -0.2399
vn -0.0000 -0.1963 0.9805
vn -1.0000 -0.0000 -0.0000
vn -0.0000 0.8719 0.4897
vn -0.0000 0.0718 -0.9974
vn -0.0000 -0.0537 -0.9986
vn -0.0000 -0.9264 -0.3765
vn -0.0000 0.7351 -0.6779
vn -0.0000 0.7352 -0.6779
vn -0.0000 0.3004 0.9538
vn -0.0000 0.5282 0.8491
vn -0.0000 0.5281 0.8492
vn -0.0000 -0.9708 0.2399
vn -0.0000 -0.9932 0.1163
vn -0.0000 0.6444 -0.7647
vn 0.9963 -0.0113 -0.0849
vn 0.9963 -0.0408 0.0754
vn 0.9963 0.0591 0.0621
vn 0.9963 0.0773 -0.0370
vn 0.9963 -0.0754 -0.0408
vn 0.9963 0.0113 0.0849
vn 0.9963 0.0408 -0.0754
vn 0.9989 0.0451 0.0159
vn 0.9989 0.0291 -0.0379
vn 0.3030 -0.9465 0.1109
vn 0.2071 -0.4085 -0.8889
vn 0.2808 -0.5025 -0.8177
vn 0.2808 0.8937 -0.3500
vn 0.2808 0.6091 0.7418
vn 0.3295 -0.3650 -0.8708
vn 0.3295 -0.3807 0.8640
vn 0.3295 0.7153 -0.6162
vn 0.3295 -0.9394 -0.0951
vn 0.3294 0.8071 0.4899
vn 0.3295 -0.1998 -0.9228
vn 0.3295 -0.2165 0.9190
vn 0.3295 0.8159 -0.4752
vn 0.3295 -0.9409 0.0781
vn 0.3295 0.7041 0.6291
vn 0.2627 0.3065 -0.9149
vn 0.2808 -0.5173 0.8084
vn 0.2628 0.9648 0.0087
vn 0.2808 -0.9287 -0.2421
vt 0.303215 0.142048
vt 0.327037 0.310612
vt 0.267978 0.249538
vt 0.320229 0.175903
vt 0.393659 0.175903
vt 0.360439 0.305931
s 1
g off
g Tire_FR_elreyMaterial
usemtl elreyMaterial
f 2049/55/2523 2080/56/2524 2048/57/2525
f 2062/55/2526 2095/56/2527 2094/57/2528
f 2049/55/2523 2082/56/2529 2081/57/2530
f 2064/55/2531 2095/56/2527 2063/57/2532
f 2051/55/2533 2082/56/2529 2050/57/2534
f 2038/55/2535 2069/56/2536 2037/57/2537
f 2065/55/2538 2096/56/2539 2064/57/2531
f 2051/55/2533 2084/56/2540 2083/57/2541
f 2038/55/2535 2071/56/2542 2070/57/2543
f 2066/55/2544 2097/56/2545 2065/57/2538
f 2053/55/2546 2084/56/2540 2052/57/2547
f 2040/55/2548 2071/56/2542 2039/57/2549
f 2066/55/2544 2099/56/2550 2098/57/2551
f 2053/55/2546 2086/56/2552 2085/57/2553
f 2040/55/2548 2073/56/2554 2072/57/2555
f 2067/55/2556 2068/56/2557 2099/57/2550
f 2054/55/2558 2087/56/2559 2086/57/2552
f 2042/55/2560 2073/56/2554 2041/57/2561
f 2069/55/2536 2100/56/2562 2068/57/2557
f 2055/55/2563 2088/56/2564 2087/57/2559
f 2042/55/2560 2075/56/2565 2074/57/2566
f 2056/55/2567 2089/56/2568 2088/57/2564
f 2044/55/2569 2075/56/2565 2043/57/2570
f 2058/55/2571 2089/56/2568 2057/57/2572
f 2044/55/2569 2077/56/2573 2076/57/2574
f 2058/55/2571 2091/56/2575 2090/57/2576
f 2046/55/2577 2077/56/2573 2045/57/2578
f 2060/55/2579 2091/56/2575 2059/57/2580
f 2046/55/2577 2079/56/2581 2078/57/2582
f 2060/55/2579 2093/56/2583 2092/57/2584
f 2048/55/2525 2079/56/2581 2047/57/2585
f 2062/55/2526 2093/56/2583 2061/57/2586
f 2078/55/2582 2111/56/2587 2110/57/2588
f 2093/55/2583 2124/56/2589 2092/57/2584
f 2080/55/2524 2111/56/2587 2079/57/2581
f 2093/55/2583 2126/56/2590 2125/57/2591
f 2081/55/2530 2112/56/2592 2080/57/2524
f 2095/55/2527 2126/56/2590 2094/57/2528
f 2081/55/2530 2114/56/2593 2113/57/2594
f 2096/55/2539 2127/56/2595 2095/57/2527
f 2082/55/2529 2115/56/2596 2114/57/2593
f 2070/55/2543 2101/56/2597 2069/57/2536
f 2097/55/2545 2128/56/2598 2096/57/2539
f 2083/55/2541 2116/56/2599 2115/57/2596
f 2070/55/2543 2103/56/2600 2102/57/2601
f 2098/55/2551 2129/56/2602 2097/57/2545
f 2085/55/2553 2116/56/2599 2084/57/2540
f 2071/55/2542 2104/56/2603 2103/57/2600
f 2098/55/2551 2131/56/2604 2130/57/2605
f 2086/55/2552 2117/56/2606 2085/57/2553
f 2072/55/2555 2105/56/2607 2104/57/2603
f 2099/55/2550 2100/56/2562 2131/57/2604
f 2087/55/2559 2118/56/2608 2086/57/2552
f 2074/55/2566 2105/56/2607 2073/57/2554
f 2088/55/2564 2119/56/2609 2087/57/2559
f 2074/55/2566 2107/56/2610 2106/57/2611
f 2088/55/2564 2121/56/2612 2120/57/2613
f 2076/55/2574 2107/56/2610 2075/57/2565
f 2090/55/2576 2121/56/2612 2089/57/2568
f 2077/55/2573 2108/56/2614 2076/57/2574
f 2091/55/2575 2122/56/2615 2090/57/2576
f 2078/55/2582 2109/56/2616 2077/57/2573
f 2092/55/2584 2123/56/2617 2091/57/2575
f 2203/55/2618 2108/56/2614 2204/57/2619
f 2216/55/2620 2121/56/2612 2217/57/2621
f 2202/55/2622 2107/56/2610 2203/57/2618
f 2215/55/2623 2120/56/2613 2216/57/2620
f 2201/55/2624 2106/56/2611 2202/57/2622
f 2214/55/2625 2119/56/2609 2215/57/2623
f 2227/55/2626 2100/56/2562 2196/57/2627
f 2200/55/2628 2105/56/2607 2201/57/2624
f 2213/55/2629 2118/56/2608 2214/57/2625
f 2226/55/2630 2131/56/2604 2227/57/2626
f 2200/55/2628 2103/56/2600 2104/57/2603
f 2212/55/2631 2117/56/2606 2213/57/2629
f 2225/55/2632 2130/56/2605 2226/57/2630
f 2198/55/2633 2103/56/2600 2199/57/2634
f 2211/55/2635 2116/56/2599 2212/57/2631
f 2224/55/2636 2129/56/2602 2225/57/2632
f 2197/55/2637 2102/56/2601 2198/57/2633
f 2210/55/2638 2115/56/2596 2211/57/2635
f 2223/55/2639 2128/56/2598 2224/57/2636
f 2196/55/2627 2101/56/2597 2197/57/2637
f 2210/55/2638 2113/56/2594 2114/57/2593
f 2222/55/2640 2127/56/2595 2223/57/2639
f 2208/55/2641 2113/56/2594 2209/57/2642
f 2221/55/2643 2126/56/2590 2222/57/2640
f 2207/55/2644 2112/56/2592 2208/57/2641
f 2220/55/2645 2125/56/2591 2221/57/2643
f 2206/55/2646 2111/56/2587 2207/57/2644
f 2219/55/2647 2124/56/2589 2220/57/2645
f 2205/55/2648 2110/56/2588 2206/57/2646
f 2218/55/2649 2123/56/2617 2219/57/2647
f 2204/55/2619 2109/56/2616 2205/57/2648
f 2037/55/2537 2068/56/2557 2036/57/2650
f 2176/55/2651 2145/56/2652 2144/57/2653
f 2158/55/2654 2191/56/2655 2159/57/2656
f 2145/55/2652 2178/56/2657 2146/57/2658
f 2191/55/2655 2160/56/2659 2159/57/2656
f 2178/55/2657 2147/56/2660 2146/57/2658
f 2165/55/2661 2134/56/2662 2133/57/2663
f 2192/55/2664 2161/56/2665 2160/57/2659
f 2147/55/2660 2180/56/2666 2148/57/2667
f 2134/55/2662 2167/56/2668 2135/57/2669
f 2193/55/2670 2162/56/2671 2161/57/2665
f 2180/55/2666 2149/56/2672 2148/57/2667
f 2135/55/2669 2168/56/2673 2136/57/2674
f 2162/55/2671 2195/56/2675 2163/57/2676
f 2149/55/2672 2182/56/2677 2150/57/2678
f 2136/55/2674 2169/56/2679 2137/57/2680
f 2163/55/2676 2164/56/2681 2132/57/2682
f 2150/55/2678 2183/56/2683 2151/57/2684
f 2169/55/2679 2138/56/2685 2137/57/2680
f 2196/55/2627 2165/56/2661 2164/57/2681
f 2151/55/2684 2184/56/2686 2152/57/2687
f 2138/55/2685 2171/56/2688 2139/57/2689
f 2152/55/2687 2185/56/2690 2153/57/2691
f 2171/55/2688 2140/56/2692 2139/57/2689
f 2185/55/2690 2154/56/2693 2153/57/2691
f 2140/55/2692 2173/56/2694 2141/57/2695
f 2154/55/2693 2187/56/2696 2155/57/2697
f 2173/55/2694 2142/56/2698 2141/57/2695
f 2155/55/2697 2188/56/2699 2156/57/2700
f 2142/55/2698 2175/56/2701 2143/57/2702
f 2188/55/2699 2157/56/2703 2156/57/2700
f 2175/55/2701 2144/56/2653 2143/57/2702
f 2189/55/2704 2158/56/2654 2157/57/2703
f 2174/55/2705 2207/56/2644 2175/57/2701
f 2220/55/2645 2189/56/2704 2188/57/2699
f 2207/55/2644 2176/56/2651 2175/57/2701
f 2189/55/2704 2222/56/2640 2190/57/2706
f 2208/55/2641 2177/56/2707 2176/57/2651
f 2222/55/2640 2191/56/2655 2190/57/2706
f 2177/55/2707 2210/56/2638 2178/57/2657
f 2223/55/2639 2192/56/2664 2191/57/2655
f 2178/55/2657 2211/56/2635 2179/57/2708
f 2197/55/2637 2166/56/2709 2165/57/2661
f 2224/55/2636 2193/56/2670 2192/57/2664
f 2179/55/2708 2212/56/2631 2180/57/2666
f 2166/55/2709 2199/56/2634 2167/57/2668
f 2225/55/2632 2194/56/2710 2193/57/2670
f 2212/55/2631 2181/56/2711 2180/57/2666
f 2167/55/2668 2200/56/2628 2168/57/2673
f 2194/55/2710 2227/56/2626 2195/57/2675
f 2213/55/2629 2182/56/2677 2181/57/2711
f 2168/55/2673 2201/56/2624 2169/57/2679
f 2195/55/2675 2196/56/2627 2164/57/2681
f 2214/55/2625 2183/56/2683 2182/57/2677
f 2201/55/2624 2170/56/2712 2169/57/2679
f 2215/55/2623 2184/56/2686 2183/57/2683
f 2170/55/2712 2203/56/2618 2171/57/2688
f 2184/55/2686 2217/56/2621 2185/57/2690
f 2203/55/2618 2172/56/2713 2171/57/2688
f 2217/55/2621 2186/56/2714 2185/57/2690
f 2204/55/2619 2173/56/2694 2172/57/2713
f 2218/55/2649 2187/56/2696 2186/57/2714
f 2205/55/2648 2174/56/2705 2173/57/2694
f 2219/55/2647 2188/56/2699 2187/57/2696
f 2164/55/2681 2133/56/2663 2132/57/2682
f 2217/55/2621 2122/56/2615 2218/57/2649
f 2049/55/2523 2081/56/2530 2080/57/2524
f 2062/55/2526 2063/56/2532 2095/57/2527
f 2049/55/2523 2050/56/2534 2082/57/2529
f 2064/55/2531 2096/56/2539 2095/57/2527
f 2051/55/2533 2083/56/2541 2082/57/2529
f 2038/55/2535 2070/56/2543 2069/57/2536
f 2065/55/2538 2097/56/2545 2096/57/2539
f 2051/55/2533 2052/56/2547 2084/57/2540
f 2038/55/2535 2039/56/2549 2071/57/2542
f 2066/55/2544 2098/56/2551 2097/57/2545
f 2053/55/2546 2085/56/2553 2084/57/2540
f 2040/55/2548 2072/56/2555 2071/57/2542
f 2066/55/2544 2067/56/2556 2099/57/2550
f 2053/55/2546 2054/56/2558 2086/57/2552
f 2040/55/2548 2041/56/2561 2073/57/2554
f 2067/55/2556 2036/56/2650 2068/57/2557
f 2054/55/2558 2055/56/2563 2087/57/2559
f 2042/55/2560 2074/56/2566 2073/57/2554
f 2069/55/2536 2101/56/2597 2100/57/2562
f 2055/55/2563 2056/56/2567 2088/57/2564
f 2042/55/2560 2043/56/2570 2075/57/2565
f 2056/55/2567 2057/56/2572 2089/57/2568
f 2044/55/2569 2076/56/2574 2075/57/2565
f 2058/55/2571 2090/56/2576 2089/57/2568
f 2044/55/2569 2045/56/2578 2077/57/2573
f 2058/55/2571 2059/56/2580 2091/57/2575
f 2046/55/2577 2078/56/2582 2077/57/2573
f 2060/55/2579 2092/56/2584 2091/57/2575
f 2046/55/2577 2047/56/2585 2079/57/2581
f 2060/55/2579 2061/56/2586 2093/57/2583
f 2048/55/2525 2080/56/2524 2079/57/2581
f 2062/55/2526 2094/56/2528 2093/57/2583
f 2078/55/2582 2079/56/2581 2111/57/2587
f 2093/55/2583 2125/56/2591 2124/57/2589
f 2080/55/2524 2112/56/2592 2111/57/2587
f 2093/55/2583 2094/56/2528 2126/57/2590
f 2081/55/2530 2113/56/2594 2112/57/2592
f 2095/55/2527 2127/56/2595 2126/57/2590
f 2081/55/2530 2082/56/2529 2114/57/2593
f 2096/55/2539 2128/56/2598 2127/57/2595
f 2082/55/2529 2083/56/2541 2115/57/2596
f 2070/55/2543 2102/56/2601 2101/57/2597
f 2097/55/2545 2129/56/2602 2128/57/2598
f 2083/55/2541 2084/56/2540 2116/57/2599
f 2070/55/2543 2071/56/2542 2103/57/2600
f 2098/55/2551 2130/56/2605 2129/57/2602
f 2085/55/2553 2117/56/2606 2116/57/2599
f 2071/55/2542 2072/56/2555 2104/57/2603
f 2098/55/2551 2099/56/2550 2131/57/2604
f 2086/55/2552 2118/56/2608 2117/57/2606
f 2072/55/2555 2073/56/2554 2105/57/2607
f 2099/55/2550 2068/56/2557 2100/57/2562
f 2087/55/2559 2119/56/2609 2118/57/2608
f 2074/55/2566 2106/56/2611 2105/57/2607
f 2088/55/2564 2120/56/2613 2119/57/2609
f 2074/55/2566 2075/56/2565 2107/57/2610
f 2088/55/2564 2089/56/2568 2121/57/2612
f 2076/55/2574 2108/56/2614 2107/57/2610
f 2090/55/2576 2122/56/2615 2121/57/2612
f 2077/55/2573 2109/56/2616 2108/57/2614
f 2091/55/2575 2123/56/2617 2122/57/2615
f 2078/55/2582 2110/56/2588 2109/57/2616
f 2092/55/2584 2124/56/2589 2123/57/2617
f 2203/55/2618 2107/56/2610 2108/57/2614
f 2216/55/2620 2120/56/2613 2121/57/2612
f 2202/55/2622 2106/56/2611 2107/57/2610
f 2215/55/2623 2119/56/2609 2120/57/2613
f 2201/55/2624 2105/56/2607 2106/57/2611
f 2214/55/2625 2118/56/2608 2119/57/2609
f 2227/55/2626 2131/56/2604 2100/57/2562
f 2200/55/2628 2104/56/2603 2105/57/2607
f 2213/55/2629 2117/56/2606 2118/57/2608
f 2226/55/2630 2130/56/2605 2131/57/2604
f 2200/55/2628 2199/56/2634 2103/57/2600
f 2212/55/2631 2116/56/2599 2117/57/2606
f 2225/55/2632 2129/56/2602 2130/57/2605
f 2198/55/2633 2102/56/2601 2103/57/2600
f 2211/55/2635 2115/56/2596 2116/57/2599
f 2224/55/2636 2128/56/2598 2129/57/2602
f 2197/55/2637 2101/56/2597 2102/57/2601
f 2210/55/2638 2114/56/2593 2115/57/2596
f 2223/55/2639 2127/56/2595 2128/57/2598
f 2196/55/2627 2100/56/2562 2101/57/2597
f 2210/55/2638 2209/56/2642 2113/57/2594
f 2222/55/2640 2126/56/2590 2127/57/2595
f 2208/55/2641 2112/56/2592 2113/57/2594
f 2221/55/2643 2125/56/2591 2126/57/2590
f 2207/55/2644 2111/56/2587 2112/57/2592
f 2220/55/2645 2124/56/2589 2125/57/2591
f 2206/55/2646 2110/56/2588 2111/57/2587
f 2219/55/2647 2123/56/2617 2124/57/2589
f 2205/55/2648 2109/56/2616 2110/57/2588
f 2218/55/2649 2122/56/2615 2123/57/2617
f 2204/55/2619 2108/56/2614 2109/57/2616
f 2037/55/2537 2069/56/2536 2068/57/2557
f 2176/55/2651 2177/56/2707 2145/57/2652
f 2158/55/2654 2190/56/2706 2191/57/2655
f 2145/55/2652 2177/56/2707 2178/57/2657
f 2191/55/2655 2192/56/2664 2160/57/2659
f 2178/55/2657 2179/56/2708 2147/57/2660
f 2165/55/2661 2166/56/2709 2134/57/2662
f 2192/55/2664 2193/56/2670 2161/57/2665
f 2147/55/2660 2179/56/2708 2180/57/2666
f 2134/55/2662 2166/56/2709 2167/57/2668
f 2193/55/2670 2194/56/2710 2162/57/2671
f 2180/55/2666 2181/56/2711 2149/57/2672
f 2135/55/2669 2167/56/2668 2168/57/2673
f 2162/55/2671 2194/56/2710 2195/57/2675
f 2149/55/2672 2181/56/2711 2182/57/2677
f 2136/55/2674 2168/56/2673 2169/57/2679
f 2163/55/2676 2195/56/2675 2164/57/2681
f 2150/55/2678 2182/56/2677 2183/57/2683
f 2169/55/2679 2170/56/2712 2138/57/2685
f 2196/55/2627 2197/56/2637 2165/57/2661
f 2151/55/2684 2183/56/2683 2184/57/2686
f 2138/55/2685 2170/56/2712 2171/57/2688
f 2152/55/2687 2184/56/2686 2185/57/2690
f 2171/55/2688 2172/56/2713 2140/57/2692
f 2185/55/2690 2186/56/2714 2154/57/2693
f 2140/55/2692 2172/56/2713 2173/57/2694
f 2154/55/2693 2186/56/2714 2187/57/2696
f 2173/55/2694 2174/56/2705 2142/57/2698
f 2155/55/2697 2187/56/2696 2188/57/2699
f 2142/55/2698 2174/56/2705 2175/57/2701
f 2188/55/2699 2189/56/2704 2157/57/2703
f 2175/55/2701 2176/56/2651 2144/57/2653
f 2189/55/2704 2190/56/2706 2158/57/2654
f 2174/55/2705 2206/56/2646 2207/57/2644
f 2220/55/2645 2221/56/2643 2189/57/2704
f 2207/55/2644 2208/56/2641 2176/57/2651
f 2189/55/2704 2221/56/2643 2222/57/2640
f 2208/55/2641 2209/56/2642 2177/57/2707
f 2222/55/2640 2223/56/2639 2191/57/2655
f 2177/55/2707 2209/56/2642 2210/57/2638
f 2223/55/2639 2224/56/2636 2192/57/2664
f 2178/55/2657 2210/56/2638 2211/57/2635
f 2197/55/2637 2198/56/2633 2166/57/2709
f 2224/55/2636 2225/56/2632 2193/57/2670
f 2179/55/2708 2211/56/2635 2212/57/2631
f 2166/55/2709 2198/56/2633 2199/57/2634
f 2225/55/2632 2226/56/2630 2194/57/2710
f 2212/55/2631 2213/56/2629 2181/57/2711
f 2167/55/2668 2199/56/2634 2200/57/2628
f 2194/55/2710 2226/56/2630 2227/57/2626
f 2213/55/2629 2214/56/2625 2182/57/2677
f 2168/55/2673 2200/56/2628 2201/57/2624
f 2195/55/2675 2227/56/2626 2196/57/2627
f 2214/55/2625 2215/56/2623 2183/57/2683
f 2201/55/2624 2202/56/2622 2170/57/2712
f 2215/55/2623 2216/56/2620 2184/57/2686
f 2170/55/2712 2202/56/2622 2203/57/2618
f 2184/55/2686 2216/56/2620 2217/57/2621
f 2203/55/2618 2204/56/2619 2172/57/2713
f 2217/55/2621 2218/56/2649 2186/57/2714
f 2204/55/2619 2205/56/2648 2173/57/2694
f 2218/55/2649 2219/56/2647 2187/57/2696
f 2205/55/2648 2206/56/2646 2174/57/2705
f 2219/55/2647 2220/56/2645 2188/57/2699
f 2164/55/2681 2165/56/2661 2133/57/2663
f 2217/55/2621 2121/56/2612 2122/57/2615
s 2
f 2235/58/2715 2244/59/2716 2234/60/2717
f 2231/58/2718 2240/59/2719 2230/60/2720
f 2237/58/2721 2246/59/2722 2236/60/2723
f 2233/58/2724 2242/59/2725 2232/60/2726
f 2229/58/2727 2238/59/2728 2228/60/2729
f 2244/58/2716 2255/59/2730 2254/60/2731
f 2241/58/2732 2250/59/2733 2240/60/2719
f 2246/58/2722 2257/59/2734 2256/60/2735
f 2243/58/2736 2252/59/2737 2242/60/2725
f 2239/58/2738 2248/59/2739 2238/60/2728
f 2255/58/2730 2264/59/2740 2254/60/2731
f 2251/58/2741 2260/59/2742 2250/60/2733
f 2257/58/2734 2266/59/2743 2256/60/2735
f 2253/58/2744 2262/59/2745 2252/60/2737
f 2249/58/2746 2258/59/2747 2248/60/2739
f 2228/58/2729 2272/59/2748 2287/60/2749
f 2273/58/2750 2237/59/2721 2286/60/2751
f 2287/58/2749 2273/59/2750 2286/60/2751
f 2236/58/2723 2275/59/2752 2285/60/2753
f 2274/58/2754 2235/59/2715 2284/60/2755
f 2285/58/2753 2274/59/2754 2284/60/2755
f 2234/58/2717 2277/59/2756 2283/60/2757
f 2276/58/2758 2233/59/2724 2282/60/2759
f 2283/58/2757 2276/59/2758 2282/60/2759
f 2232/58/2726 2269/59/2760 2281/60/2761
f 2268/58/2762 2231/59/2718 2280/60/2763
f 2281/58/2761 2268/59/2762 2280/60/2763
f 2230/58/2720 2271/59/2764 2279/60/2765
f 2270/58/2766 2229/59/2727 2278/60/2767
f 2279/58/2765 2270/59/2766 2278/60/2767
f 2261/58/2768 2251/59/2741 2303/60/2769
f 2250/58/2733 2260/59/2742 2304/60/2770
f 2259/58/2771 2249/59/2746 2305/60/2772
f 2248/58/2739 2258/59/2747 2306/60/2773
f 2267/58/2774 2257/59/2734 2307/60/2775
f 2256/58/2735 2266/59/2743 2308/60/2776
f 2265/58/2777 2255/59/2730 2309/60/2778
f 2254/58/2731 2264/59/2740 2310/60/2779
f 2263/58/2780 2253/59/2744 2311/60/2781
f 2252/58/2737 2262/59/2745 2312/60/2782
s 3
f 2338/58/2783 2261/59/2784 2303/60/2785
f 2297/58/2786 2346/59/2787 2311/60/2787
f 2294/58/2788 2333/59/2789 2298/60/2789
f 2263/58/2790 2317/59/2791 2262/60/2791
f 2290/58/2792 2339/59/2793 2325/60/2792
f 2262/58/2791 2347/59/2794 2312/60/2794
f 2299/58/2795 2327/59/2796 2334/60/2795
f 2265/58/2797 2319/59/2798 2264/60/2799
f 2340/58/2800 2259/59/2801 2305/60/2800
f 2300/58/2802 2325/59/2792 2335/60/2802
f 2267/58/2803 2321/59/2804 2266/60/2804
f 2292/58/2796 2341/59/2805 2327/60/2796
f 2288/58/2806 2336/59/2807 2301/60/2807
f 2342/58/2808 2267/59/2803 2307/60/2808
f 2302/58/2809 2331/59/2810 2337/60/2809
f 2294/58/2788 2343/59/2811 2329/60/2788
f 2289/58/2812 2338/59/2783 2303/60/2785
f 2344/58/2813 2265/59/2797 2309/60/2814
f 2260/58/2815 2339/59/2793 2304/60/2816
f 2296/58/2810 2345/59/2817 2331/60/2810
f 2291/58/2818 2340/59/2800 2305/60/2800
f 2346/58/2787 2263/59/2790 2311/60/2787
f 2258/58/2819 2341/59/2805 2306/60/2805
f 2302/58/2809 2332/59/2786 2297/60/2786
f 2293/58/2820 2342/59/2808 2307/60/2808
f 2289/58/2812 2336/59/2807 2324/60/2812
f 2266/58/2804 2343/59/2811 2308/60/2821
f 2300/58/2802 2326/59/2822 2291/60/2818
f 2295/58/2823 2344/59/2813 2309/60/2814
f 2299/58/2795 2328/59/2824 2293/60/2820
f 2259/58/2801 2313/59/2819 2258/60/2819
f 2288/58/2806 2347/59/2794 2323/60/2806
f 2264/58/2799 2345/59/2817 2310/60/2817
f 2295/58/2823 2333/59/2789 2330/60/2823
f 2261/58/2784 2315/59/2825 2260/60/2815
s 4
f 2316/58/2826 2350/59/2826 2315/60/2826
f 2313/58/2826 2376/59/2826 2341/60/2826
f 2332/58/2826 2372/59/2826 2367/60/2826
f 2353/58/2826 2317/59/2826 2318/60/2826
f 2328/58/2826 2377/59/2826 2342/60/2826
f 2324/58/2826 2371/59/2826 2359/60/2826
f 2320/58/2826 2354/59/2826 2319/60/2826
f 2321/58/2826 2378/59/2826 2343/60/2826
f 2335/58/2826 2361/59/2826 2326/60/2826
f 2357/58/2826 2321/59/2826 2322/60/2826
f 2330/58/2826 2379/59/2826 2344/60/2826
f 2328/58/2826 2369/59/2826 2363/60/2826
f 2323/58/2826 2382/59/2826 2358/60/2826
f 2319/58/2826 2380/59/2826 2345/60/2826
f 2333/58/2826 2365/59/2826 2330/60/2826
f 2373/58/2826 2316/59/2826 2338/60/2826
f 2332/58/2826 2381/59/2826 2346/60/2826
f 2329/58/2826 2368/59/2826 2333/60/2826
f 2325/58/2826 2374/59/2826 2360/60/2826
f 2317/58/2826 2382/59/2826 2347/60/2826
f 2334/58/2826 2362/59/2826 2369/60/2826
f 2375/58/2826 2314/59/2826 2340/60/2826
f 2325/58/2826 2370/59/2826 2335/60/2826
f 2327/58/2826 2376/59/2826 2362/60/2826
f 2336/58/2826 2358/59/2826 2371/60/2826
f 2377/58/2826 2322/59/2826 2342/60/2826
f 2331/58/2826 2372/59/2826 2337/60/2826
f 2329/58/2826 2378/59/2826 2364/60/2826
f 2324/58/2826 2373/59/2826 2338/60/2826
f 2379/58/2826 2320/59/2826 2344/60/2826
f 2315/58/2826 2374/59/2826 2339/60/2826
f 2331/58/2826 2380/59/2826 2366/60/2826
f 2314/58/2826 2348/59/2826 2313/60/2826
f 2326/58/2826 2375/59/2826 2340/60/2826
f 2381/58/2826 2318/59/2826 2346/60/2826
s 2
f 2489/58/2827 2278/59/2767 2229/60/2727
f 2497/58/2828 2286/59/2751 2237/60/2721
f 2228/58/2729 2489/59/2827 2229/60/2727
f 2279/58/2765 2492/59/2829 2230/60/2720
f 2508/58/2830 2228/59/2729 2287/60/2749
f 2230/58/2720 2491/59/2831 2231/60/2718
f 2491/58/2831 2280/59/2763 2231/60/2718
f 2499/58/2832 2279/59/2765 2278/60/2767
f 2232/58/2726 2493/59/2833 2233/60/2724
f 2502/58/2834 2232/59/2726 2281/60/2761
f 2501/58/2835 2281/59/2761 2280/60/2763
f 2234/58/2717 2495/59/2836 2235/60/2715
f 2493/58/2833 2282/59/2759 2233/60/2724
f 2282/58/2759 2504/59/2837 2283/60/2757
f 2236/58/2723 2497/59/2828 2237/60/2721
f 2504/58/2837 2234/59/2717 2283/60/2757
f 2505/58/2838 2285/59/2753 2284/60/2755
f 2235/58/2715 2505/59/2838 2284/60/2755
f 2286/58/2751 2508/59/2830 2287/60/2749
f 2506/58/2839 2236/59/2723 2285/60/2753
s 5
f 2252/58/2840 2388/59/2841 2242/60/2842
s 6
f 2276/58/2843 2389/59/2844 2243/60/2845
f 2389/58/2844 2253/59/2846 2243/60/2845
s 7
f 2431/58/2847 2291/59/2848 2305/60/2847
s 5
f 2269/58/2849 2404/59/2850 2268/60/2851
s 6
f 2390/58/2852 2277/59/2853 2244/60/2854
s 8
f 2248/58/2855 2384/59/2856 2238/60/2857
s 9
f 2385/58/2858 2249/59/2859 2239/60/2860
s 10
f 2433/58/2861 2293/59/2862 2307/60/2861
s 9
f 2271/58/2863 2406/59/2864 2270/60/2865
s 11
f 2435/58/2866 2295/59/2867 2309/60/2868
s 12
f 2288/58/2869 2438/59/2870 2312/60/2870
s 13
f 2437/58/2871 2297/59/2872 2311/60/2871
s 14
f 2290/58/2873 2430/59/2874 2304/60/2874
s 5
f 2397/58/2875 2303/59/2876 2251/60/2877
s 15
f 2292/58/2878 2432/59/2879 2306/60/2879
s 9
f 2304/58/2880 2396/59/2881 2250/60/2882
f 2395/58/2883 2305/59/2884 2249/60/2859
s 16
f 2294/58/2885 2434/59/2886 2308/60/2886
s 8
f 2306/58/2887 2394/59/2888 2248/60/2855
f 2403/58/2889 2307/59/2890 2257/60/2891
s 17
f 2296/58/2892 2436/59/2893 2310/60/2893
s 18
f 2308/58/2894 2402/59/2895 2256/60/2896
f 2401/58/2897 2309/59/2898 2255/60/2899
s 13
f 2423/58/2900 2302/59/2901 2297/60/2872
s 6
f 2310/58/2902 2400/59/2903 2254/60/2904
s 19
f 2415/58/2905 2301/59/2906 2289/60/2907
s 6
f 2399/58/2908 2311/59/2909 2253/60/2846
s 7
f 2417/58/2910 2300/59/2911 2291/60/2848
s 5
f 2312/58/2912 2398/59/2913 2252/60/2840
s 10
f 2419/58/2914 2299/59/2915 2293/60/2862
s 8
f 2272/58/2916 2409/59/2917 2273/60/2918
s 5
f 2268/58/2851 2387/59/2919 2241/60/2920
s 11
f 2421/58/2921 2298/59/2922 2295/60/2867
s 5
f 2388/58/2841 2269/59/2849 2242/60/2842
s 6
f 2254/58/2904 2390/59/2852 2244/60/2854
s 11
f 2298/58/2922 2420/59/2923 2294/60/2885
s 9
f 2270/58/2865 2385/59/2858 2239/60/2860
s 18
f 2391/58/2924 2255/59/2899 2245/60/2925
s 10
f 2299/58/2915 2418/59/2926 2292/60/2878
s 18
f 2275/58/2927 2410/59/2928 2274/60/2929
s 9
f 2386/58/2930 2271/59/2863 2240/60/2931
f 2250/58/2882 2386/59/2930 2240/60/2931
s 7
f 2300/58/2911 2416/59/2932 2290/60/2873
s 8
f 2384/58/2856 2272/59/2916 2238/60/2857
s 5
f 2387/58/2919 2251/59/2877 2241/60/2920
s 19
f 2301/58/2906 2414/59/2933 2288/60/2869
s 8
f 2273/58/2918 2393/59/2934 2247/60/2935
s 18
f 2256/58/2896 2392/59/2936 2246/60/2937
s 13
f 2302/58/2901 2422/59/2938 2296/60/2892
s 6
f 2413/58/2939 2276/59/2843 2277/60/2853
s 18
f 2274/58/2929 2391/59/2924 2245/60/2925
s 8
f 2393/58/2934 2257/59/2891 2247/60/2935
s 19
f 2429/58/2940 2289/59/2907 2303/60/2940
s 18
f 2392/58/2936 2275/59/2927 2246/60/2937
s 20
f 2447/58/2941 2266/59/2941 2308/60/2942
f 2301/58/2943 2450/59/2944 2462/60/2943
f 2456/58/2945 2295/59/2945 2309/60/2946
f 2300/58/2947 2452/59/2948 2461/60/2949
f 2443/58/2950 2312/59/2951 2449/60/2952
f 2293/58/2953 2460/59/2954 2299/60/2954
f 2258/58/2955 2440/59/2956 2259/60/2956
f 2445/58/2957 2264/59/2957 2310/60/2958
f 2458/58/2959 2297/59/2959 2311/60/2960
f 2295/58/2945 2459/59/2961 2298/60/2961
f 2441/58/2962 2261/59/2963 2260/60/2964
f 2441/58/2962 2260/59/2964 2304/60/2965
f 2305/58/2966 2440/59/2956 2452/60/2948
f 2298/58/2961 2455/59/2967 2294/60/2967
f 2443/58/2950 2263/59/2968 2262/60/2950
s 21
f 2467/58/2969 2450/59/2969 2442/60/2969
s 20
f 2264/58/2957 2446/59/2970 2265/60/2970
f 2299/58/2954 2453/59/2971 2292/60/2971
f 2439/58/2955 2258/59/2955 2306/60/2972
f 2290/58/2973 2461/59/2949 2451/60/2973
f 2266/58/2941 2448/59/2974 2267/60/2975
s 21
f 2471/58/2969 2456/59/2969 2446/60/2969
s 20
f 2288/58/2952 2462/59/2943 2449/60/2952
f 2302/58/2976 2457/59/2977 2296/60/2978
f 2297/58/2959 2463/59/2976 2302/60/2976
s 21
f 2477/58/2969 2461/59/2969 2452/60/2969
f 2472/58/2969 2448/59/2969 2447/60/2969
f 2474/58/2969 2443/59/2969 2449/60/2969
f 2454/58/2969 2485/59/2969 2460/60/2969
f 2457/58/2969 2470/59/2969 2445/60/2969
f 2469/58/2969 2458/59/2969 2444/60/2969
f 2481/58/2969 2459/59/2969 2456/60/2969
f 2476/58/2969 2441/59/2969 2451/60/2969
f 2440/58/2969 2477/59/2969 2452/60/2969
f 2484/58/2969 2455/59/2969 2459/60/2969
f 2460/58/2969 2478/59/2969 2453/60/2969
f 2478/58/2969 2439/59/2969 2453/60/2969
f 2486/58/2969 2451/59/2969 2461/60/2969
f 2473/58/2969 2454/59/2969 2448/60/2969
f 2487/58/2969 2449/59/2969 2462/60/2969
f 2455/58/2969 2472/59/2969 2447/60/2969
f 2463/58/2969 2482/59/2969 2457/60/2969
f 2439/58/2969 2465/59/2969 2440/60/2969
f 2466/58/2969 2442/59/2969 2441/60/2969
f 2458/58/2969 2488/59/2969 2463/60/2969
f 2443/58/2969 2469/59/2969 2444/60/2969
f 2475/58/2969 2462/59/2969 2450/60/2969
f 2445/58/2969 2471/59/2969 2446/60/2969
s 20
f 2303/58/2979 2442/59/2980 2450/60/2944
f 2454/58/2953 2293/59/2953 2307/60/2981
s 2
f 2383/58/2826 2489/59/2827 2490/60/2982
f 2383/58/2826 2491/59/2831 2492/60/2829
f 2383/58/2826 2493/59/2833 2494/60/2983
f 2383/58/2826 2495/59/2836 2496/60/2984
f 2383/58/2826 2497/59/2828 2498/60/2985
f 2383/58/2826 2500/59/2986 2499/60/2832
f 2383/58/2826 2502/59/2834 2501/60/2835
f 2383/58/2826 2504/59/2837 2503/60/2987
f 2383/58/2826 2506/59/2839 2505/60/2838
f 2383/58/2826 2508/59/2830 2507/60/2988
f 2383/58/2826 2499/59/2832 2489/60/2827
f 2383/58/2826 2492/59/2829 2500/60/2986
f 2383/58/2826 2501/59/2835 2491/60/2831
f 2383/58/2826 2494/59/2983 2502/60/2834
f 2383/58/2826 2503/59/2987 2493/60/2833
f 2383/58/2826 2496/59/2984 2504/60/2837
f 2383/58/2826 2505/59/2838 2495/60/2836
f 2383/58/2826 2498/59/2985 2506/60/2839
f 2383/58/2826 2507/59/2988 2497/60/2828
f 2383/58/2826 2490/59/2982 2508/60/2830
f 2235/58/2715 2245/59/2989 2244/60/2716
f 2231/58/2718 2241/59/2732 2240/60/2719
f 2237/58/2721 2247/59/2990 2246/60/2722
f 2233/58/2724 2243/59/2736 2242/60/2725
f 2229/58/2727 2239/59/2738 2238/60/2728
f 2244/58/2716 2245/59/2989 2255/60/2730
f 2241/58/2732 2251/59/2741 2250/60/2733
f 2246/58/2722 2247/59/2990 2257/60/2734
f 2243/58/2736 2253/59/2744 2252/60/2737
f 2239/58/2738 2249/59/2746 2248/60/2739
f 2255/58/2730 2265/59/2777 2264/60/2740
f 2251/58/2741 2261/59/2768 2260/60/2742
f 2257/58/2734 2267/59/2774 2266/60/2743
f 2253/58/2744 2263/59/2780 2262/60/2745
f 2249/58/2746 2259/59/2771 2258/60/2747
f 2228/58/2729 2238/59/2728 2272/60/2748
f 2273/58/2750 2247/59/2990 2237/60/2721
f 2287/58/2749 2272/59/2748 2273/60/2750
f 2236/58/2723 2246/59/2722 2275/60/2752
f 2274/58/2754 2245/59/2989 2235/60/2715
f 2285/58/2753 2275/59/2752 2274/60/2754
f 2234/58/2717 2244/59/2716 2277/60/2756
f 2276/58/2758 2243/59/2736 2233/60/2724
f 2283/58/2757 2277/59/2756 2276/60/2758
f 2232/58/2726 2242/59/2725 2269/60/2760
f 2268/58/2762 2241/59/2732 2231/60/2718
f 2281/58/2761 2269/59/2760 2268/60/2762
f 2230/58/2720 2240/59/2719 2271/60/2764
f 2270/58/2766 2239/59/2738 2229/60/2727
f 2279/58/2765 2271/59/2764 2270/60/2766
s 3
f 2338/58/2783 2316/59/2991 2261/60/2784
f 2297/58/2786 2332/59/2786 2346/60/2787
f 2294/58/2788 2329/59/2788 2333/60/2789
f 2263/58/2790 2318/59/2790 2317/60/2791
f 2290/58/2792 2304/59/2816 2339/60/2793
f 2262/58/2791 2317/59/2791 2347/60/2794
f 2299/58/2795 2292/59/2796 2327/60/2796
f 2265/58/2797 2320/59/2797 2319/60/2798
f 2340/58/2800 2314/59/2992 2259/60/2801
f 2300/58/2802 2290/59/2792 2325/60/2792
f 2267/58/2803 2322/59/2803 2321/60/2804
f 2292/58/2796 2306/59/2805 2341/60/2805
f 2288/58/2806 2323/59/2806 2336/60/2807
f 2342/58/2808 2322/59/2803 2267/60/2803
f 2302/58/2809 2296/59/2810 2331/60/2810
f 2294/58/2788 2308/59/2821 2343/60/2811
f 2289/58/2812 2324/59/2812 2338/60/2783
f 2344/58/2813 2320/59/2797 2265/60/2797
f 2260/58/2815 2315/59/2825 2339/60/2793
f 2296/58/2810 2310/59/2817 2345/60/2817
f 2291/58/2818 2326/59/2822 2340/60/2800
f 2346/58/2787 2318/59/2790 2263/60/2790
f 2258/58/2819 2313/59/2819 2341/60/2805
f 2302/58/2809 2337/59/2809 2332/60/2786
f 2293/58/2820 2328/59/2824 2342/60/2808
f 2289/58/2812 2301/59/2807 2336/60/2807
f 2266/58/2804 2321/59/2804 2343/60/2811
f 2300/58/2802 2335/59/2802 2326/60/2822
f 2295/58/2823 2330/59/2823 2344/60/2813
f 2299/58/2795 2334/59/2795 2328/60/2824
f 2259/58/2801 2314/59/2992 2313/60/2819
f 2288/58/2806 2312/59/2794 2347/60/2794
f 2264/58/2799 2319/59/2798 2345/60/2817
f 2295/58/2823 2298/59/2789 2333/60/2789
f 2261/58/2784 2316/59/2991 2315/60/2825
s 4
f 2316/58/2826 2351/59/2826 2350/60/2826
f 2313/58/2826 2348/59/2826 2376/60/2826
f 2332/58/2826 2337/59/2826 2372/60/2826
f 2353/58/2826 2352/59/2826 2317/60/2826
f 2328/58/2826 2363/59/2826 2377/60/2826
f 2324/58/2826 2336/59/2826 2371/60/2826
f 2320/58/2826 2355/59/2826 2354/60/2826
f 2321/58/2826 2356/59/2826 2378/60/2826
f 2335/58/2826 2370/59/2826 2361/60/2826
f 2357/58/2826 2356/59/2826 2321/60/2826
f 2330/58/2826 2365/59/2826 2379/60/2826
f 2328/58/2826 2334/59/2826 2369/60/2826
f 2323/58/2826 2347/59/2826 2382/60/2826
f 2319/58/2826 2354/59/2826 2380/60/2826
f 2333/58/2826 2368/59/2826 2365/60/2826
f 2373/58/2826 2351/59/2826 2316/60/2826
f 2332/58/2826 2367/59/2826 2381/60/2826
f 2329/58/2826 2364/59/2826 2368/60/2826
f 2325/58/2826 2339/59/2826 2374/60/2826
f 2317/58/2826 2352/59/2826 2382/60/2826
f 2334/58/2826 2327/59/2826 2362/60/2826
f 2375/58/2826 2349/59/2826 2314/60/2826
f 2325/58/2826 2360/59/2826 2370/60/2826
f 2327/58/2826 2341/59/2826 2376/60/2826
f 2336/58/2826 2323/59/2826 2358/60/2826
f 2377/58/2826 2357/59/2826 2322/60/2826
f 2331/58/2826 2366/59/2826 2372/60/2826
f 2329/58/2826 2343/59/2826 2378/60/2826
f 2324/58/2826 2359/59/2826 2373/60/2826
f 2379/58/2826 2355/59/2826 2320/60/2826
f 2315/58/2826 2350/59/2826 2374/60/2826
f 2331/58/2826 2345/59/2826 2380/60/2826
f 2314/58/2826 2349/59/2826 2348/60/2826
f 2326/58/2826 2361/59/2826 2375/60/2826
f 2381/58/2826 2353/59/2826 2318/60/2826
s 2
f 2489/58/2827 2499/59/2832 2278/60/2767
f 2497/58/2828 2507/59/2988 2286/60/2751
f 2228/58/2729 2490/59/2982 2489/60/2827
f 2279/58/2765 2500/59/2986 2492/60/2829
f 2508/58/2830 2490/59/2982 2228/60/2729
f 2230/58/2720 2492/59/2829 2491/60/2831
f 2491/58/2831 2501/59/2835 2280/60/2763
f 2499/58/2832 2500/59/2986 2279/60/2765
f 2232/58/2726 2494/59/2983 2493/60/2833
f 2502/58/2834 2494/59/2983 2232/60/2726
f 2501/58/2835 2502/59/2834 2281/60/2761
f 2234/58/2717 2496/59/2984 2495/60/2836
f 2493/58/2833 2503/59/2987 2282/60/2759
f 2282/58/2759 2503/59/2987 2504/60/2837
f 2236/58/2723 2498/59/2985 2497/60/2828
f 2504/58/2837 2496/59/2984 2234/60/2717
f 2505/58/2838 2506/59/2839 2285/60/2753
f 2235/58/2715 2495/59/2836 2505/60/2838
f 2286/58/2751 2507/59/2988 2508/60/2830
f 2506/58/2839 2498/59/2985 2236/60/2723
s 5
f 2252/58/2840 2398/59/2913 2388/60/2841
s 6
f 2276/58/2843 2412/59/2993 2389/60/2844
f 2389/58/2844 2399/59/2908 2253/60/2846
s 7
f 2431/58/2847 2417/59/2910 2291/60/2848
s 5
f 2269/58/2849 2405/59/2994 2404/60/2850
s 6
f 2390/58/2852 2413/59/2939 2277/60/2853
s 8
f 2248/58/2855 2394/59/2888 2384/60/2856
s 9
f 2385/58/2858 2395/59/2883 2249/60/2859
s 10
f 2433/58/2861 2419/59/2914 2293/60/2862
s 9
f 2271/58/2863 2407/59/2995 2406/60/2864
s 11
f 2435/58/2866 2421/59/2921 2295/60/2867
s 19
f 2288/58/2869 2414/59/2933 2438/60/2870
s 13
f 2437/58/2871 2423/59/2900 2297/60/2872
s 7
f 2290/58/2873 2416/59/2932 2430/60/2874
s 5
f 2397/58/2875 2429/59/2996 2303/60/2876
s 10
f 2292/58/2878 2418/59/2926 2432/60/2879
s 9
f 2304/58/2880 2430/59/2997 2396/60/2881
f 2395/58/2883 2431/59/2998 2305/60/2884
s 11
f 2294/58/2885 2420/59/2923 2434/60/2886
s 8
f 2306/58/2887 2432/59/2999 2394/60/2888
f 2403/58/2889 2433/59/3000 2307/60/2890
s 13
f 2296/58/2892 2422/59/2938 2436/60/2893
s 18
f 2308/58/2894 2434/59/3001 2402/60/2895
f 2401/58/2897 2435/59/3002 2309/60/2898
s 13
f 2423/58/2900 2428/59/2901 2302/60/2901
s 6
f 2310/58/2902 2436/59/3003 2400/60/2903
s 19
f 2415/58/2905 2427/59/2906 2301/60/2906
s 6
f 2399/58/2908 2437/59/3004 2311/60/2909
s 7
f 2417/58/2910 2426/59/2911 2300/60/2911
s 5
f 2312/58/2912 2438/59/3005 2398/60/2913
s 10
f 2419/58/2914 2425/59/3006 2299/60/2915
s 8
f 2272/58/2916 2408/59/3007 2409/60/2917
s 5
f 2268/58/2851 2404/59/2850 2387/60/2919
s 11
f 2421/58/2921 2424/59/3008 2298/60/2922
s 5
f 2388/58/2841 2405/59/2994 2269/60/2849
s 6
f 2254/58/2904 2400/59/2903 2390/60/2852
s 11
f 2298/58/2922 2424/59/3008 2420/60/2923
s 9
f 2270/58/2865 2406/59/2864 2385/60/2858
s 18
f 2391/58/2924 2401/59/2897 2255/60/2899
s 10
f 2299/58/2915 2425/59/3006 2418/60/2926
s 18
f 2275/58/2927 2411/59/3009 2410/60/2928
s 9
f 2386/58/2930 2407/59/2995 2271/60/2863
f 2250/58/2882 2396/59/2881 2386/60/2930
s 7
f 2300/58/2911 2426/59/2911 2416/60/2932
s 8
f 2384/58/2856 2408/59/3007 2272/60/2916
s 5
f 2387/58/2919 2397/59/2875 2251/60/2877
s 19
f 2301/58/2906 2427/59/2906 2414/60/2933
s 8
f 2273/58/2918 2409/59/2917 2393/60/2934
s 18
f 2256/58/2896 2402/59/2895 2392/60/2936
s 13
f 2302/58/2901 2428/59/2901 2422/60/2938
s 6
f 2413/58/2939 2412/59/2993 2276/60/2843
s 18
f 2274/58/2929 2410/59/2928 2391/60/2924
s 8
f 2393/58/2934 2403/59/2889 2257/60/2891
s 19
f 2429/58/2940 2415/59/2905 2289/60/2907
s 18
f 2392/58/2936 2411/59/3009 2275/60/2927
s 20
f 2294/58/2967 2455/59/2967 2308/60/2942
f 2455/58/2967 2447/59/2941 2308/60/2942
f 2301/58/2943 2289/59/2944 2450/60/2944
f 2309/58/2946 2265/59/2970 2446/60/2970
f 2446/58/2970 2456/59/2945 2309/60/2946
f 2300/58/2947 2291/59/2948 2452/60/2948
f 2262/58/2950 2312/59/2951 2443/60/2950
f 2312/58/2951 2288/59/2952 2449/60/2952
f 2293/58/2953 2454/59/2953 2460/60/2954
f 2258/58/2955 2439/59/2955 2440/60/2956
f 2296/58/2978 2457/59/2977 2310/60/2958
f 2457/58/2977 2445/59/2957 2310/60/2958
f 2311/58/2960 2263/59/2968 2444/60/2968
f 2444/58/2968 2458/59/2959 2311/60/2960
f 2295/58/2945 2456/59/2945 2459/60/2961
f 2441/58/2962 2442/59/2980 2261/60/2963
f 2304/58/2965 2290/59/2973 2451/60/2973
f 2451/58/2973 2441/59/2962 2304/60/2965
f 2452/58/2948 2291/59/2948 2305/60/2966
f 2305/58/2966 2259/59/2956 2440/60/2956
f 2298/58/2961 2459/59/2961 2455/60/2967
f 2443/58/2950 2444/59/2968 2263/60/2968
s 21
f 2467/58/2969 2475/59/2969 2450/60/2969
s 20
f 2264/58/2957 2445/59/2957 2446/60/2970
f 2299/58/2954 2460/59/2954 2453/60/2971
f 2306/58/2972 2292/59/2971 2453/60/2971
f 2453/58/2971 2439/59/2955 2306/60/2972
f 2290/58/2973 2300/59/2947 2461/60/2949
f 2266/58/2941 2447/59/2941 2448/60/2974
s 21
f 2471/58/2969 2481/59/2969 2456/60/2969
s 20
f 2288/58/2952 2301/59/2943 2462/60/2943
f 2302/58/2976 2463/59/2976 2457/60/2977
f 2297/58/2959 2458/59/2959 2463/60/2976
s 21
f 2477/58/2969 2486/59/2969 2461/60/2969
f 2472/58/2969 2473/59/2969 2448/60/2969
f 2474/58/2969 2468/59/2969 2443/60/2969
f 2454/58/2969 2479/59/2969 2485/60/2969
f 2457/58/2969 2482/59/2969 2470/60/2969
f 2469/58/2969 2483/59/2969 2458/60/2969
f 2481/58/2969 2484/59/2969 2459/60/2969
f 2476/58/2969 2466/59/2969 2441/60/2969
f 2440/58/2969 2465/59/2969 2477/60/2969
f 2484/58/2969 2480/59/2969 2455/60/2969
f 2460/58/2969 2485/59/2969 2478/60/2969
f 2478/58/2969 2464/59/2969 2439/60/2969
f 2486/58/2969 2476/59/2969 2451/60/2969
f 2473/58/2969 2479/59/2969 2454/60/2969
f 2487/58/2969 2474/59/2969 2449/60/2969
f 2455/58/2969 2480/59/2969 2472/60/2969
f 2463/58/2969 2488/59/2969 2482/60/2969
f 2439/58/2969 2464/59/2969 2465/60/2969
f 2466/58/2969 2467/59/2969 2442/60/2969
f 2458/58/2969 2483/59/2969 2488/60/2969
f 2443/58/2969 2468/59/2969 2469/60/2969
f 2475/58/2969 2487/59/2969 2462/60/2969
f 2445/58/2969 2470/59/2969 2471/60/2969
s 20
f 2450/58/2944 2289/59/2944 2303/60/2979
f 2303/58/2979 2261/59/2963 2442/60/2980
f 2307/58/2981 2267/59/2975 2448/60/2974
f 2448/58/2974 2454/59/2953 2307/60/2981
g Tire_RL_Mesh
v -0.613267 -0.172403 1.055904
v -0.613267 -0.143654 1.053072
v -0.613267 -0.116009 1.044687
v -0.613267 -0.090532 1.031069
v -0.613267 -0.068201 1.012742
v -0.613267 -0.049874 0.990411
v -0.613267 -0.036256 0.964934
v -0.613267 -0.027871 0.937289
v -0.613267 -0.025039 0.908540
v -0.613267 -0.027871 0.879791
v -0.613267 -0.036256 0.852146
v -0.613267 -0.049874 0.826669
v -0.613267 -0.068201 0.804338
v -0.613267 -0.090532 0.786012
v -0.613267 -0.116009 0.772394
v -0.613267 -0.143654 0.764008
v -0.613267 -0.172403 0.761176
v -0.613267 -0.201152 0.764008
v -0.613267 -0.228797 0.772394
v -0.613267 -0.254274 0.786012
v -0.613267 -0.276605 0.804338
v -0.613267 -0.294932 0.826669
v -0.613267 -0.308549 0.852146
v -0.613267 -0.316935 0.879791
v -0.613267 -0.319767 0.908540
v -0.613267 -0.316935 0.937289
v -0.613267 -0.308549 0.964934
v -0.613267 -0.294932 0.990411
v -0.613267 -0.276605 1.012742
v -0.613267 -0.254274 1.031069
v -0.613267 -0.228797 1.044687
v -0.613267 -0.201152 1.053072
v -0.618112 -0.172403 1.103125
v -0.618112 -0.134441 1.099386
v -0.618112 -0.097938 1.088313
v -0.618112 -0.064297 1.070332
v -0.618112 -0.034810 1.046133
v -0.618112 -0.010611 1.016646
v -0.618112 0.007370 0.983005
v -0.618112 0.018443 0.946502
v -0.618112 0.022182 0.908540
v -0.618112 0.018443 0.870578
v -0.618112 0.007370 0.834076
v -0.618112 -0.010611 0.800434
v -0.618112 -0.034810 0.770948
v -0.618112 -0.064297 0.746748
v -0.618112 -0.097938 0.728767
v -0.618112 -0.134441 0.717694
v -0.618112 -0.172403 0.713955
v -0.618112 -0.210365 0.717694
v -0.618112 -0.246868 0.728767
v -0.618112 -0.280509 0.746748
v -0.618112 -0.309996 0.770948
v -0.618112 -0.334195 0.800434
v -0.618112 -0.352176 0.834076
v -0.618112 -0.363249 0.870578
v -0.618112 -0.366988 0.908540
v -0.618112 -0.363249 0.946502
v -0.618112 -0.352176 0.983005
v -0.618112 -0.334195 1.016646
v -0.618112 -0.309996 1.046133
v -0.618112 -0.280509 1.070332
v -0.618112 -0.246868 1.088313
v -0.618112 -0.210365 1.099386
v -0.604677 -0.172403 1.136211
v -0.604677 -0.127987 1.131836
v -0.604677 -0.085277 1.118881
v -0.604677 -0.045916 1.097842
v -0.604677 -0.011415 1.069528
v -0.604677 0.016898 1.035027
v -0.604677 0.037938 0.995666
v -0.604677 0.050893 0.952956
v -0.604677 0.055268 0.908540
v -0.604677 0.050893 0.864124
v -0.604677 0.037938 0.821414
v -0.604677 0.016898 0.782053
v -0.604677 -0.011415 0.747552
v -0.604677 -0.045916 0.719239
v -0.604677 -0.085277 0.698200
v -0.604677 -0.127987 0.685244
v -0.604677 -0.172403 0.680869
v -0.604677 -0.216819 0.685244
v -0.604677 -0.259529 0.698200
v -0.604677 -0.298890 0.719239
v -0.604677 -0.333391 0.747552
v -0.604677 -0.361704 0.782053
v -0.604677 -0.382744 0.821414
v -0.604677 -0.395699 0.864124
v -0.604677 -0.400074 0.908540
v -0.604677 -0.395699 0.952956
v -0.604677 -0.382744 0.995666
v -0.604677 -0.361704 1.035027
v -0.604677 -0.333391 1.069528
v -0.604677 -0.298890 1.097842
v -0.604677 -0.259529 1.118881
v -0.604677 -0.216819 1.131836
v -0.414097 -0.172403 1.055904
v -0.414097 -0.143654 1.053072
v -0.414097 -0.116009 1.044687
v -0.414097 -0.090532 1.031069
v -0.414097 -0.068201 1.012742
v -0.414097 -0.049874 0.990411
v -0.414097 -0.036256 0.964934
v -0.414097 -0.027871 0.937289
v -0.414097 -0.025039 0.908540
v -0.414097 -0.027871 0.879791
v -0.414097 -0.036256 0.852146
v -0.414097 -0.049874 0.826669
v -0.414097 -0.068201 0.804338
v -0.414097 -0.090532 0.786012
v -0.414097 -0.116009 0.772394
v -0.414097 -0.143654 0.764008
v -0.414097 -0.172403 0.761176
v -0.414097 -0.201152 0.764008
v -0.414097 -0.228797 0.772394
v -0.414097 -0.254274 0.786012
v -0.414097 -0.276605 0.804338
v -0.414097 -0.294932 0.826669
v -0.414097 -0.308549 0.852146
v -0.414097 -0.316935 0.879791
v -0.414097 -0.319767 0.908540
v -0.414097 -0.316935 0.937289
v -0.414097 -0.308549 0.964934
v -0.414097 -0.294932 0.990411
v -0.414097 -0.276605 1.012742
v -0.414097 -0.254274 1.031069
v -0.414097 -0.228797 1.044687
v -0.414097 -0.201152 1.053072
v -0.409252 -0.172403 1.103125
v -0.409252 -0.134441 1.099386
v -0.409252 -0.097938 1.088313
v -0.409252 -0.064297 1.070332
v -0.409252 -0.034810 1.046133
v -0.409252 -0.010611 1.016646
v -0.409252 0.007370 0.983005
v -0.409252 0.018443 0.946502
v -0.409252 0.022182 0.908540
v -0.409252 0.018443 0.870578
v -0.409252 0.007370 0.834076
v -0.409252 -0.010611 0.800434
v -0.409252 -0.034810 0.770948
v -0.409252 -0.064297 0.746748
v -0.409252 -0.097938 0.728767
v -0.409252 -0.134441 0.717694
v -0.409252 -0.172403 0.713955
v -0.409252 -0.210365 0.717694
v -0.409252 -0.246868 0.728767
v -0.409252 -0.280509 0.746748
v -0.409252 -0.309996 0.770948
v -0.409252 -0.334195 0.800434
v -0.409252 -0.352176 0.834076
v -0.409252 -0.363249 0.870578
v -0.409252 -0.366988 0.908540
v -0.409252 -0.363249 0.946502
v -0.409252 -0.352176 0.983005
v -0.409252 -0.334195 1.016646
v -0.409252 -0.309996 1.046133
v -0.409252 -0.280509 1.070332
v -0.409252 -0.246868 1.088313
v -0.409252 -0.210365 1.099386
v -0.422686 -0.172403 1.136211
v -0.422686 -0.127987 1.131836
v -0.422686 -0.085277 1.118881
v -0.422686 -0.045916 1.097842
v -0.422686 -0.011415 1.069528
v -0.422686 0.016898 1.035027
v -0.422686 0.037938 0.995666
v -0.422686 0.050893 0.952956
v -0.422686 0.055268 0.908540
v -0.422686 0.050893 0.864124
v -0.422686 0.037938 0.821414
v -0.422686 0.016898 0.782053
v -0.422686 -0.011415 0.747552
v -0.422686 -0.045916 0.719239
v -0.422686 -0.085277 0.698200
v -0.422686 -0.127987 0.685244
v -0.422686 -0.172403 0.680869
v -0.422686 -0.216819 0.685244
v -0.422686 -0.259529 0.698200
v -0.422686 -0.298890 0.719239
v -0.422686 -0.333391 0.747552
v -0.422686 -0.361704 0.782053
v -0.422686 -0.382744 0.821414
v -0.422686 -0.395699 0.864124
v -0.422686 -0.400074 0.908540
v -0.422686 -0.395699 0.952956
v -0.422686 -0.382744 0.995666
v -0.422686 -0.361704 1.035027
v -0.422686 -0.333391 1.069528
v -0.422686 -0.298890 1.097842
v -0.422686 -0.259529 1.118881
v -0.422686 -0.216819 1.131836
v -0.614726 -0.165124 0.963297
v -0.614726 -0.148559 0.958367
v -0.614726 -0.118077 0.918538
v -0.614726 -0.117646 0.901261
v -0.614726 -0.146106 0.859962
v -0.614726 -0.162405 0.854213
v -0.614726 -0.210477 0.868519
v -0.614726 -0.220981 0.882243
v -0.614726 -0.222231 0.932383
v -0.614726 -0.212424 0.946614
v -0.619346 -0.164434 0.991599
v -0.619346 -0.131340 0.981177
v -0.619346 -0.090947 0.926628
v -0.619346 -0.090632 0.891933
v -0.619346 -0.130029 0.836659
v -0.619346 -0.162929 0.825639
v -0.619346 -0.227671 0.846027
v -0.619346 -0.248319 0.873911
v -0.619346 -0.248935 0.941785
v -0.619346 -0.228796 0.970039
v -0.616492 -0.157181 1.019236
v -0.616492 -0.121448 1.007983
v -0.616492 -0.062420 0.928270
v -0.616492 -0.062081 0.890808
v -0.616492 -0.119652 0.810037
v -0.616492 -0.155175 0.798137
v -0.616492 -0.249784 0.827932
v -0.616492 -0.272078 0.858039
v -0.616492 -0.272978 0.957223
v -0.616492 -0.251233 0.987731
v -0.601567 -0.147866 1.043826
v -0.601567 -0.114992 1.033473
v -0.605431 -0.036156 0.927009
v -0.605431 -0.035843 0.892545
v -0.601567 -0.112735 0.784668
v -0.601567 -0.145415 0.773721
v -0.601567 -0.271774 0.813514
v -0.601567 -0.292284 0.841212
v -0.601567 -0.293485 0.973682
v -0.601567 -0.273481 1.001747
v -0.616365 -0.116119 0.878774
v -0.616365 -0.125904 0.865045
v -0.616365 -0.126701 0.952871
v -0.616365 -0.116668 0.939322
v -0.616365 -0.184456 0.971059
v -0.616365 -0.200442 0.965704
v -0.616365 -0.235434 0.899538
v -0.616365 -0.235587 0.916396
v -0.616365 -0.183320 0.845812
v -0.616365 -0.199400 0.850876
v -0.614726 -0.134329 0.948561
v -0.614726 -0.123825 0.934836
v -0.614726 -0.122575 0.884696
v -0.614726 -0.132382 0.870465
v -0.614726 -0.179682 0.853783
v -0.614726 -0.196247 0.858712
v -0.614726 -0.226730 0.898542
v -0.614726 -0.227160 0.915819
v -0.614726 -0.198700 0.957118
v -0.614726 -0.182401 0.962866
v -0.601567 -0.083804 0.803399
v -0.601567 -0.044111 0.859087
v -0.601567 -0.045029 0.960312
v -0.601567 -0.085726 1.015271
v -0.601567 -0.182281 1.045678
v -0.601567 -0.247126 1.023956
v -0.601567 -0.305882 0.941524
v -0.601567 -0.305261 0.873140
v -0.601567 -0.245020 0.791787
v -0.601567 -0.179791 0.771245
v -0.601567 -0.309891 0.907292
v -0.601567 -0.216075 1.038913
v -0.601567 -0.061906 0.990362
v -0.601567 -0.060440 0.828735
v -0.601567 -0.213703 0.777396
v -0.601567 -0.039977 0.875816
v -0.601567 -0.040592 0.943660
v -0.601567 -0.100359 1.024372
v -0.601567 -0.165073 1.044752
v -0.601567 -0.260303 1.012852
v -0.601567 -0.299684 0.957603
v -0.601567 -0.298773 0.857175
v -0.601567 -0.258397 0.802650
v -0.601567 -0.162603 0.772483
v -0.601567 -0.098270 0.794033
v -0.613127 -0.147429 1.046234
v -0.613127 -0.113970 1.035697
v -0.613127 -0.033731 0.927337
v -0.613127 -0.033413 0.892261
v -0.613127 -0.111673 0.782464
v -0.613127 -0.144935 0.771322
v -0.613127 -0.273542 0.811823
v -0.613127 -0.294417 0.840013
v -0.613127 -0.295640 0.974841
v -0.613127 -0.275280 1.003406
v -0.613127 -0.082227 0.801527
v -0.613127 -0.041828 0.858207
v -0.613127 -0.042763 0.961233
v -0.613127 -0.084184 1.017170
v -0.613127 -0.182456 1.048118
v -0.613127 -0.248455 1.026010
v -0.613127 -0.308257 0.942110
v -0.613127 -0.307626 0.872510
v -0.613127 -0.246312 0.789709
v -0.613127 -0.179923 0.768802
v -0.613127 -0.312337 0.907270
v -0.613127 -0.216852 1.041233
v -0.613127 -0.059940 0.991818
v -0.613127 -0.058448 0.827315
v -0.613127 -0.214438 0.775062
v -0.613127 -0.037621 0.875234
v -0.613127 -0.038247 0.944285
v -0.613127 -0.099077 1.026433
v -0.613127 -0.164943 1.047175
v -0.613127 -0.261868 1.014708
v -0.613127 -0.301948 0.958476
v -0.613127 -0.301021 0.856262
v -0.613127 -0.259927 0.800766
v -0.613127 -0.162429 0.770062
v -0.613127 -0.096950 0.791996
v -0.613127 -0.145002 1.059613
v -0.613127 -0.108292 1.048053
v -0.613127 -0.020256 0.929164
v -0.613127 -0.019907 0.890679
v -0.613127 -0.105772 0.770213
v -0.613127 -0.142266 0.757988
v -0.613127 -0.283370 0.802425
v -0.613127 -0.306273 0.833355
v -0.613127 -0.307615 0.981284
v -0.613127 -0.285276 1.012624
v -0.613127 -0.073465 0.791129
v -0.613127 -0.029140 0.853316
v -0.613127 -0.030165 0.966353
v -0.613127 -0.075611 1.027725
v -0.613127 -0.183433 1.061681
v -0.613127 -0.255845 1.037424
v -0.613127 -0.321458 0.945373
v -0.613127 -0.320765 0.869009
v -0.613127 -0.253494 0.778162
v -0.613127 -0.180654 0.755224
v -0.613127 -0.325935 0.907147
v -0.613127 -0.221172 1.054127
v -0.613127 -0.049012 0.999910
v -0.613127 -0.047375 0.819423
v -0.613127 -0.218523 0.762092
v -0.613127 -0.024524 0.871997
v -0.613127 -0.025211 0.947758
v -0.613127 -0.091952 1.037889
v -0.613127 -0.164218 1.060647
v -0.613127 -0.270561 1.025025
v -0.613127 -0.314536 0.963328
v -0.613127 -0.313519 0.851182
v -0.613127 -0.268432 0.790294
v -0.613127 -0.161460 0.756606
v -0.613127 -0.089619 0.780671
v -0.610027 -0.172403 0.908540
v -0.598034 -0.170552 0.993834
v -0.598034 -0.125045 0.979503
v -0.598034 -0.090711 0.933137
v -0.598034 -0.090278 0.885429
v -0.598034 -0.123766 0.838446
v -0.598034 -0.169005 0.823293
v -0.598034 -0.224036 0.840623
v -0.598034 -0.252428 0.878965
v -0.598034 -0.252951 0.936658
v -0.598034 -0.225259 0.975508
v -0.595607 -0.164387 1.017326
v -0.595607 -0.116637 1.002289
v -0.595607 -0.066464 0.934532
v -0.595607 -0.066010 0.884473
v -0.595607 -0.114946 0.815818
v -0.595607 -0.162414 0.799917
v -0.595607 -0.242832 0.825242
v -0.595607 -0.272623 0.865474
v -0.595607 -0.273388 0.949781
v -0.595607 -0.244331 0.990546
v -0.595320 -0.111942 0.874244
v -0.595320 -0.120260 0.862574
v -0.595320 -0.121102 0.955443
v -0.595320 -0.112575 0.943927
v -0.595320 -0.187570 0.976375
v -0.595320 -0.201158 0.971824
v -0.595320 -0.241475 0.900748
v -0.595320 -0.241605 0.915077
v -0.595320 -0.186337 0.840440
v -0.595320 -0.200005 0.844745
v -0.582742 -0.084475 0.810175
v -0.582742 -0.050736 0.857510
v -0.582742 -0.051681 0.961768
v -0.582742 -0.086273 1.008483
v -0.582742 -0.185721 1.039801
v -0.582742 -0.240840 1.021338
v -0.582742 -0.301356 0.936435
v -0.582742 -0.300829 0.878309
v -0.582742 -0.238782 0.794518
v -0.582742 -0.183338 0.777058
v -0.582742 -0.304764 0.907339
v -0.582742 -0.214447 1.034052
v -0.582742 -0.066027 0.987311
v -0.582742 -0.064615 0.831711
v -0.582742 -0.212163 0.782286
v -0.582742 -0.047222 0.871730
v -0.582742 -0.047910 0.947615
v -0.582742 -0.098712 1.016219
v -0.582742 -0.171095 1.039015
v -0.582742 -0.252041 1.011899
v -0.582742 -0.296088 0.950103
v -0.582742 -0.295313 0.864739
v -0.582742 -0.250153 0.803752
v -0.582742 -0.168728 0.778110
v -0.582742 -0.096770 0.802214
v -0.414255 -0.147866 1.043826
v -0.414255 -0.114992 1.033473
v -0.414255 -0.036156 0.927008
v -0.414255 -0.035843 0.892545
v -0.414255 -0.112735 0.784668
v -0.414255 -0.145415 0.773721
v -0.414255 -0.271774 0.813514
v -0.414255 -0.292284 0.841211
v -0.414255 -0.293486 0.973682
v -0.414255 -0.273481 1.001747
v -0.414255 -0.083804 0.803398
v -0.414255 -0.044111 0.859087
v -0.414255 -0.045029 0.960312
v -0.414255 -0.085726 1.015270
v -0.414255 -0.182281 1.045678
v -0.414255 -0.247126 1.023956
v -0.414255 -0.305882 0.941523
v -0.414255 -0.305261 0.873140
v -0.414255 -0.245020 0.791786
v -0.414255 -0.179791 0.771245
v -0.414255 -0.309891 0.907292
v -0.414255 -0.216075 1.038913
v -0.414255 -0.061906 0.990362
v -0.414255 -0.060440 0.828735
v -0.414255 -0.213703 0.777395
v -0.414255 -0.145538 1.056658
v -0.414255 -0.109547 1.045323
v -0.414255 -0.023233 0.928761
v -0.414255 -0.022890 0.891028
v -0.414255 -0.107076 0.772919
v -0.414255 -0.142856 0.760933
v -0.414255 -0.281199 0.804500
v -0.414255 -0.303655 0.834825
v -0.414255 -0.304970 0.979861
v -0.414255 -0.283069 1.010588
v -0.414255 -0.075400 0.793426
v -0.414255 -0.031942 0.854395
v -0.414255 -0.032948 0.965222
v -0.414255 -0.077505 1.025394
v -0.414255 -0.183218 1.058686
v -0.414255 -0.254213 1.034904
v -0.414255 -0.318542 0.944652
v -0.414255 -0.317863 0.869782
v -0.414255 -0.251908 0.780712
v -0.414255 -0.180492 0.758222
v -0.414255 -0.322932 0.907174
v -0.414255 -0.220218 1.051279
v -0.414255 -0.051425 0.998123
v -0.414255 -0.049820 0.821165
v -0.414255 -0.217621 0.764957
v -0.610027 -0.161451 0.931428
v -0.610027 -0.169060 0.933692
v -0.610027 -0.147251 0.905196
v -0.610027 -0.147449 0.913132
v -0.610027 -0.167810 0.883585
v -0.610027 -0.160324 0.886226
v -0.610027 -0.194717 0.896461
v -0.610027 -0.189892 0.890157
v -0.610027 -0.190787 0.926029
v -0.610027 -0.195291 0.919492
v -0.610027 -0.154914 0.926923
v -0.610027 -0.150089 0.920619
v -0.610027 -0.149515 0.897587
v -0.610027 -0.154020 0.891051
v -0.610027 -0.175747 0.883387
v -0.610027 -0.183355 0.885651
v -0.610027 -0.197358 0.903947
v -0.610027 -0.197555 0.911883
v -0.610027 -0.184482 0.930854
v -0.610027 -0.176996 0.933495
vn -0.9948 -0.0722 0.0722
vn -0.9878 0.0867 -0.1297
vn -0.9948 -0.0567 0.0849
vn -0.9948 0.0943 -0.0391
vn -0.9878 -0.1297 0.0867
vn -0.9948 0.0849 -0.0567
vn -0.9948 -0.0391 0.0943
vn -0.9878 -0.1103 0.1103
vn -0.9948 0.0722 -0.0722
vn -0.9878 0.0597 -0.1441
vn -0.9948 -0.0199 0.1001
vn -0.9948 -0.0199 -0.1001
vn -0.9878 0.0597 0.1441
vn -0.9948 -0.0391 -0.0943
vn -0.9878 -0.0867 0.1297
vn -0.9948 0.0567 -0.0849
vn -0.9878 -0.0000 -0.1560
vn -0.9948 -0.0000 0.1021
vn -0.9878 0.0867 0.1297
vn -0.9948 -0.0567 -0.0849
vn -0.9948 0.0391 -0.0943
vn -0.9948 0.0199 0.1001
vn -0.9948 -0.0722 -0.0722
vn -0.9878 -0.0597 0.1441
vn -0.9948 0.0199 -0.1001
vn -0.9878 -0.0597 -0.1441
vn -0.9948 0.0391 0.0943
vn -0.9878 0.1103 0.1103
vn -0.9948 -0.0849 -0.0567
vn -0.9878 -0.0000 0.1560
vn -0.9948 -0.0000 -0.1021
vn -0.9878 -0.0867 -0.1297
vn -0.9948 0.0567 0.0849
vn -0.9878 0.1297 0.0867
vn -0.9948 -0.0943 -0.0391
vn -0.5429 0.1638 0.8237
vn -0.9878 0.0304 0.1530
vn -0.9948 0.0722 0.0722
vn -0.9878 0.1530 0.0304
vn -0.9948 -0.1001 -0.0199
vn -0.9878 -0.1103 -0.1103
vn -0.9948 0.0849 0.0567
vn -0.9948 -0.1021 -0.0000
vn -0.9878 -0.1297 -0.0867
vn -0.9948 0.0943 0.0391
vn -0.9878 0.1530 -0.0304
vn -0.9948 -0.1001 0.0199
vn -0.9878 -0.1530 -0.0304
vn -0.9948 0.1001 0.0199
vn -0.9948 -0.0943 0.0391
vn -0.9948 0.1021 -0.0000
vn -0.9878 0.1297 -0.0867
vn -0.9948 -0.0849 0.0567
vn -0.9878 -0.1530 0.0304
vn -0.9948 0.1001 -0.0199
vn -0.9878 0.1103 -0.1103
vn -0.5429 0.7759 -0.3214
vn -0.9878 0.1441 -0.0597
vn -0.5429 -0.8398 -0.0000
vn -0.9878 -0.1560 -0.0000
vn -0.5429 0.6983 -0.4666
vn -0.5429 -0.7759 0.3214
vn -0.9878 -0.1441 0.0597
vn -0.5429 0.5938 -0.5938
vn -0.5429 0.3214 -0.7759
vn -0.5429 -0.6983 0.4666
vn -0.9878 0.0304 -0.1530
vn -0.5429 -0.5938 0.5938
vn -0.5429 -0.0000 -0.8398
vn -0.5429 0.3214 0.7759
vn -0.5429 -0.3214 0.7759
vn -0.9878 -0.0304 -0.1530
vn -0.5429 0.5938 0.5938
vn -0.5429 -0.1638 0.8237
vn -0.9878 -0.0304 0.1530
vn -0.5429 -0.3214 -0.7759
vn -0.5429 0.6983 0.4666
vn -0.5429 -0.0000 0.8398
vn -0.5429 0.7759 0.3214
vn -0.9878 0.1441 0.0597
vn -0.5429 -0.5938 -0.5938
vn -0.5429 -0.6983 -0.4666
vn -0.5429 0.8237 0.1638
vn -0.9878 0.1560 -0.0000
vn -0.5429 -0.7759 -0.3214
vn -0.9878 -0.1441 -0.0597
vn -0.5429 0.8398 -0.0000
vn -0.5429 -0.8237 -0.1638
vn 0.5429 0.8237 0.1638
vn 0.5429 0.8398 -0.0000
vn 0.5429 -0.5938 -0.5938
vn 0.5429 -0.6983 -0.4666
vn 0.5429 0.7759 0.3214
vn 0.5429 -0.4666 -0.6983
vn 0.5429 0.6983 0.4666
vn -0.5429 -0.4666 -0.6983
vn 0.5429 -0.3214 -0.7759
vn 0.5429 -0.1638 0.8237
vn 0.5429 -0.0000 0.8398
vn 0.5429 0.5938 0.5938
vn 0.5429 -0.1638 -0.8237
vn 0.5429 -0.3214 0.7759
vn -0.5429 0.4666 0.6983
vn 0.5429 0.4666 0.6983
vn -0.5429 -0.1638 -0.8237
vn 0.5429 -0.0000 -0.8398
vn 0.5429 -0.4666 0.6983
vn 0.5429 0.3214 0.7759
vn 0.5429 0.1638 -0.8237
vn -0.5429 -0.4666 0.6983
vn 0.5429 -0.5938 0.5938
vn 0.5429 0.1638 0.8237
vn -0.5429 0.1638 -0.8237
vn 0.5429 0.3214 -0.7759
vn 0.5429 -0.6983 0.4666
vn 0.5429 0.4666 -0.6983
vn 0.5429 -0.7759 0.3214
vn -0.5429 0.4666 -0.6983
vn 0.5429 0.5938 -0.5938
vn 0.5429 -0.8237 0.1638
vn 0.5429 0.6983 -0.4666
vn -0.5429 -0.8237 0.1638
vn 0.5429 -0.8398 -0.0000
vn 0.5429 0.7759 -0.3214
vn 0.5429 -0.8237 -0.1638
vn 0.5429 0.8237 -0.1638
vn 0.5429 -0.7759 -0.3214
vn -0.5429 0.8237 -0.1638
vn 0.9948 -0.0567 0.0849
vn 0.9878 0.1103 -0.1103
vn 0.9948 -0.0722 0.0722
vn 0.9948 0.0943 -0.0391
vn 0.9878 -0.1297 0.0867
vn 0.9878 -0.1441 0.0597
vn 0.9948 -0.0391 0.0943
vn 0.9878 0.0867 -0.1297
vn 0.9948 0.0849 -0.0567
vn 0.9878 -0.1103 0.1103
vn 0.9948 -0.0199 0.1001
vn 0.9878 0.0597 -0.1441
vn 0.9948 -0.0199 -0.1001
vn 0.9878 0.0597 0.1441
vn 0.9878 0.0304 0.1530
vn 0.9948 0.0567 -0.0849
vn 0.9948 0.0722 -0.0722
vn 0.9878 -0.0000 -0.1560
vn 0.9878 0.0304 -0.1530
vn 0.9948 -0.0567 -0.0849
vn 0.9948 -0.0391 -0.0943
vn 0.9948 0.0391 -0.0943
vn 0.9878 -0.0867 0.1297
vn 0.9948 0.0199 0.1001
vn 0.9948 -0.0000 0.1021
vn 0.9948 -0.0722 -0.0722
vn 0.9878 0.0867 0.1297
vn 0.9948 0.0199 -0.1001
vn 0.9878 -0.0597 0.1441
vn 0.9878 -0.0597 -0.1441
vn 0.9878 -0.0304 -0.1530
vn 0.9948 -0.0849 -0.0567
vn 0.9878 0.1103 0.1103
vn 0.9878 -0.0000 0.1560
vn 0.9878 -0.0304 0.1530
vn 0.9948 0.0391 0.0943
vn 0.9878 -0.0867 -0.1297
vn 0.9948 -0.0943 -0.0391
vn 0.9878 0.1297 0.0867
vn 0.9948 0.0722 0.0722
vn 0.9948 0.0567 0.0849
vn 0.9878 0.1530 0.0304
vn 0.9878 0.1441 0.0597
vn 0.9948 0.0849 0.0567
vn 0.9878 -0.1103 -0.1103
vn 0.9948 -0.1021 -0.0000
vn 0.9948 -0.1001 -0.0199
vn 0.9948 0.0943 0.0391
vn 0.9878 -0.1297 -0.0867
vn 0.9878 0.1530 -0.0304
vn 0.9878 0.1560 -0.0000
vn 0.9878 -0.1530 -0.0304
vn 0.9878 -0.1441 -0.0597
vn 0.9948 -0.0943 0.0391
vn 0.9948 -0.1001 0.0199
vn 0.9948 0.1021 -0.0000
vn 0.9948 0.1001 0.0199
vn 0.9878 0.1297 -0.0867
vn 0.9878 0.1441 -0.0597
vn 0.9948 0.1001 -0.0199
vn 0.9878 -0.1560 -0.0000
vn 0.9948 -0.0849 0.0567
vn 0.9878 -0.1530 0.0304
vn 0.9948 -0.0000 -0.1021
vn -0.9988 0.0287 0.0386
vn -0.9869 0.1428 0.0750
vn -0.9869 0.1095 0.1181
vn -0.9988 -0.0459 -0.0144
vn -0.9869 -0.1596 0.0233
vn -0.9869 -0.1580 -0.0312
vn -0.9988 0.0456 -0.0154
vn -0.9869 0.1154 -0.1126
vn -0.9869 0.1462 -0.0677
vn -0.9988 -0.0279 0.0392
vn -0.9869 -0.0272 0.1589
vn -0.9869 -0.0785 0.1406
vn -0.9988 -0.0005 -0.0481
vn -0.9869 -0.0714 -0.1446
vn -0.9869 -0.0192 -0.1599
vn -0.9417 -0.2822 -0.1833
vn -0.9989 0.0451 0.0159
vn -0.9610 0.2713 0.0531
vn -0.9989 -0.0458 0.0136
vn -0.9417 -0.2615 0.2118
vn -0.9989 0.0291 -0.0379
vn -0.9417 0.0871 -0.3250
vn -0.9989 -0.0012 0.0478
vn -0.9417 0.0812 0.3266
vn -0.9989 -0.0271 -0.0393
vn -0.8665 -0.3647 -0.3408
vn -0.9417 -0.2576 -0.2165
vn -0.9096 0.3900 0.1435
vn -0.9610 0.2722 -0.0482
vn -0.8665 -0.4368 0.2415
vn -0.9417 -0.2855 0.1781
vn -0.8665 0.2114 -0.4521
vn -0.9417 0.1263 -0.3119
vn -0.8665 0.2032 0.4559
vn -0.9417 0.1206 0.3142
vn -0.9834 0.0325 -0.1784
vn -0.9846 0.0302 -0.1719
vn -0.9836 0.0815 -0.1608
vn -0.9834 0.1797 -0.0242
vn -0.9846 0.1728 -0.0244
vn -0.9836 0.1781 0.0278
vn -0.9843 0.1730 0.0355
vn -0.9834 0.0786 0.1634
vn -0.9846 0.0766 0.1568
vn -0.9836 0.0286 0.1780
vn -0.9843 0.0197 0.1755
vn -0.9834 -0.1311 0.1252
vn -0.9846 -0.1255 0.1213
vn -0.9836 -0.1604 0.0822
vn -0.9843 -0.1608 0.0730
vn -0.9834 -0.1596 -0.0860
vn -0.9846 -0.1542 -0.0819
vn -0.9836 -0.1277 -0.1272
vn -0.9843 -0.1191 -0.1304
vn -0.9096 0.3925 -0.1364
vn -0.8726 0.3875 -0.2973
vn -0.8726 0.3821 0.3043
vn -0.8591 0.2703 0.4346
vn -0.8591 0.0275 0.5110
vn -0.8665 0.0947 0.4901
vn -0.8665 -0.3708 0.3341
vn -0.8591 -0.3298 0.3914
vn -0.8591 -0.4775 0.1841
vn -0.8665 -0.4324 -0.2494
vn -0.8591 -0.4741 -0.1927
vn -0.8591 -0.3226 -0.3973
vn -0.8665 0.1036 -0.4883
vn -0.8591 0.0368 -0.5105
vn -0.8591 0.2781 -0.4296
vn -0.2847 -0.9522 0.1109
vn -0.2188 -0.9511 0.2179
vn -0.2054 -0.9550 0.2140
vn -0.2055 -0.0703 0.9761
vn -0.2071 0.0526 0.9769
vn -0.2070 0.9783 0.0089
vn -0.2070 0.9498 -0.2347
vn -0.2070 -0.1920 0.9593
vn -0.2070 -0.4246 0.8814
vn -0.2070 -0.9063 -0.3684
vn -0.2188 -0.9470 -0.2351
vn -0.2054 -0.9510 -0.2313
vn -0.2055 -0.5319 0.8215
vn -0.2071 0.3107 -0.9277
vn -0.2070 0.0703 -0.9758
vn -0.2071 0.8530 0.4791
vn -0.2071 0.7071 0.6762
vn -0.2071 -0.4085 -0.8889
vn -0.2055 -0.5169 -0.8310
vn -0.2070 -0.7862 -0.5822
vn -0.2071 0.7192 -0.6632
vn -0.2071 0.8616 -0.4635
vn -0.2055 -0.0526 -0.9773
vn -0.2054 -0.0526 -0.9773
vn -0.2070 -0.7967 0.5678
vn -0.2071 -0.6304 0.7481
vn -0.2055 0.6306 -0.7484
vn -0.2071 0.2939 0.9331
vn -0.2071 0.5167 0.8307
vn -0.2055 0.9132 -0.3520
vn -0.2054 0.9132 -0.3520
vn -0.2071 -0.9129 0.3519
vn -0.2055 0.9066 0.3685
vn -0.2054 0.9066 0.3685
vn -0.2847 -0.9500 -0.1281
vn -0.3030 -0.9443 -0.1280
vn -0.2055 0.6170 0.7597
vn -0.2070 -0.6167 -0.7594
vn -0.2071 -0.1746 -0.9626
vn -0.2071 0.5317 -0.8212
vn -0.2070 -0.6167 -0.7595
vn -0.2071 0.9453 0.2519
vn -0.2071 0.5317 -0.8213
vn -0.2070 0.7071 0.6761
vn -0.3030 -0.9465 0.1109
vn -1.0000 -0.0000 -0.0000
vn -0.9963 -0.0591 -0.0621
vn -0.9963 -0.0370 -0.0773
vn -0.9843 0.0872 -0.1536
vn -0.9963 0.0621 -0.0591
vn -0.9963 -0.0113 -0.0849
vn -0.9963 -0.0843 -0.0155
vn -0.9963 -0.0754 -0.0408
vn -0.9963 0.0155 -0.0843
vn -0.9963 -0.0849 0.0113
vn -0.9963 -0.0155 0.0843
vn -0.9963 -0.0408 0.0754
vn -0.9963 -0.0621 0.0591
vn -0.9963 -0.0773 0.0370
vn -0.9963 0.0754 0.0408
vn -0.9963 0.0591 0.0621
vn -0.9963 0.0370 0.0773
vn -0.9963 0.0113 0.0849
vn -0.9963 0.0773 -0.0370
vn -0.9963 0.0843 0.0155
vn -0.9963 0.0408 -0.0754
vn -0.9963 0.0849 -0.0113
vn -0.3140 0.8322 0.4570
vn -0.2878 0.9523 0.1012
vn -0.3192 0.8046 0.5007
vn -0.2811 -0.5136 -0.8106
vn -0.2878 -0.8211 -0.4929
vn -0.2808 -0.5025 -0.8177
vn -0.3140 -0.9396 -0.1365
vn -0.2890 -0.8279 -0.4807
vn -0.2884 -0.5924 -0.7522
vn -0.3061 -0.5028 -0.8084
vn -0.2811 0.8983 -0.3377
vn -0.2808 0.6224 -0.7306
vn -0.2808 0.8937 -0.3500
vn -0.2811 -0.0435 -0.9587
vn -0.2878 0.3905 -0.8745
vn -0.2889 0.4031 -0.8683
vn -0.3141 -0.9419 0.1194
vn -0.2878 -0.8299 0.4779
vn -0.3192 -0.9452 0.0679
vn -0.3140 0.8403 -0.4418
vn -0.2878 0.9540 -0.0839
vn -0.2890 0.9523 -0.0978
vn -0.2884 0.5323 -0.7959
vn -0.3061 0.6135 -0.7280
vn -0.2811 0.5987 0.7500
vn -0.2808 0.8872 0.3662
vn -0.2808 0.6091 0.7418
vn -0.2884 0.9214 0.2603
vn -0.3061 0.8819 0.3584
vn -0.2884 -0.6060 0.7413
vn -0.3061 -0.5174 0.7991
vn -0.2829 -0.6297 0.7235
vn -0.2884 0.0372 0.9568
vn -0.3061 -0.0684 0.9495
vn -0.2885 -0.8923 -0.3472
vn -0.3061 -0.9199 -0.2451
vn -0.2829 -0.8827 -0.3753
vn -0.3307 -0.3651 -0.8702
vn -0.3192 -0.2108 -0.9239
vn -0.3140 -0.1606 -0.9357
vn -0.2885 0.0545 -0.9559
vn -0.3061 -0.0511 -0.9506
vn -0.2829 0.0842 -0.9555
vn -0.3307 -0.3808 0.8635
vn -0.3192 -0.2275 0.9200
vn -0.3295 -0.3807 0.8640
vn -0.3307 0.7148 -0.6162
vn -0.3192 0.8136 -0.4860
vn -0.2885 0.9260 -0.2436
vn -0.3061 0.8883 -0.3424
vn -0.2829 0.9347 -0.2152
vn -0.3307 -0.9389 -0.0954
vn -0.3295 -0.9394 -0.0951
vn -0.3307 0.8069 0.4894
vn -0.3192 0.7137 0.6235
vn -0.3140 0.6799 0.6626
vn -0.2884 0.5178 0.8054
vn -0.3061 0.6001 0.7390
vn -0.2828 0.4935 0.8225
vn -0.3307 -0.1994 -0.9224
vn -0.3192 -0.3566 -0.8780
vn -0.3295 -0.1998 -0.9228
vn -0.3307 -0.2162 0.9186
vn -0.3192 -0.3725 0.8714
vn -0.3141 -0.4201 0.8514
vn -0.2628 0.2898 0.9203
vn -0.2829 0.0669 0.9568
vn -0.3307 0.8156 -0.4747
vn -0.3192 0.7248 -0.6105
vn -0.3295 0.8159 -0.4752
vn -0.2628 -0.7857 0.5600
vn -0.2829 -0.8893 0.3592
vn -0.2884 -0.8985 0.3310
vn -0.3307 -0.9405 0.0783
vn -0.3192 -0.9439 -0.0850
vn -0.2628 -0.7754 -0.5742
vn -0.2829 -0.6165 -0.7348
vn -0.3307 0.7035 0.6290
vn -0.3295 0.7041 0.6291
vn -0.2628 0.3065 -0.9149
vn -0.2829 0.5083 -0.8134
vn -0.2811 -0.5283 0.8012
vn -0.2808 -0.0741 0.9569
vn -0.2808 -0.5172 0.8085
vn -0.2812 0.6122 -0.7390
vn -0.2878 0.2150 -0.9332
vn -0.2628 0.9648 0.0088
vn -0.2828 0.9307 0.2321
vn -0.2884 0.9215 0.2603
vn -0.2889 0.9504 0.1151
vn -0.3140 0.6918 -0.6502
vn -0.2628 0.9648 0.0087
vn -0.2811 0.8920 0.3539
vn -0.2878 -0.7225 0.6286
vn -0.2890 -0.7130 0.6389
vn -0.2627 0.3065 -0.9149
vn -0.2811 -0.9297 0.2380
vn -0.2808 -0.9287 -0.2421
vn -0.2811 -0.9252 -0.2548
vn -0.2878 0.1981 0.9370
vn -0.2890 0.1843 0.9394
vn -0.3140 -0.1775 0.9327
vn -0.2890 -0.8365 0.4656
vn -0.2890 0.2013 -0.9359
vn -0.2811 -0.0609 0.9577
vn -0.2878 0.3746 0.8814
vn -0.3140 -0.4046 -0.8589
vn -0.2877 -0.7110 -0.6416
vn -0.2808 -0.0567 -0.9581
vn -0.2808 -0.9330 0.2252
vn -0.2889 0.3873 0.8755
vn -0.3061 -0.9242 0.2284
vn -0.2889 -0.7013 -0.6517
vn -0.0000 0.9331 -0.3597
vn -0.0000 0.8806 -0.4738
vn -0.0000 -0.8143 0.5804
vn -0.0000 -0.9331 0.3597
vn -0.0000 0.9264 0.3765
vn -0.0000 0.9663 0.2575
vn -0.0000 0.8719 0.4897
vn -0.0000 -0.8037 -0.5951
vn -0.0000 -0.6304 -0.7763
vn -0.0000 -0.6444 0.7647
vn -0.0000 -0.5435 0.8394
vn -0.0000 -0.4340 0.9009
vn -0.0000 0.3176 -0.9482
vn -0.0000 0.5435 -0.8394
vn -0.0000 -0.4176 -0.9087
vn -0.0000 -0.1785 -0.9839
vn -0.0000 0.6304 0.7763
vn -0.0000 0.7227 0.6911
vn -0.0000 -0.0718 0.9974
vn -0.0000 0.0537 0.9986
vn -0.0000 -0.1963 0.9805
vn -0.0000 1.0000 0.0091
vn -0.0000 0.9663 0.2574
vn -0.0000 -0.9943 0.1068
vn -0.0000 -0.9909 -0.1343
vn -0.0000 -0.9922 -0.1249
vn -0.0000 -0.9264 -0.3765
vn -0.0000 -0.9663 -0.2574
vn -0.0000 -0.4176 -0.9086
vn -0.0000 -0.5281 -0.8492
vn -0.0000 0.9708 -0.2399
vn 1.0000 -0.0000 -0.0000
vn -0.0000 0.0718 -0.9974
vn -0.0000 -0.0537 -0.9986
vn -0.0000 -0.8036 -0.5951
vn -0.0000 0.7352 -0.6779
vn -0.0000 0.5282 0.8491
vn -0.0000 0.3004 0.9538
vn -0.0000 0.5281 0.8492
vn -0.0000 -0.9932 0.1163
vn -0.0000 -0.9708 0.2399
vn -0.0000 0.6444 -0.7647
vn -0.0000 0.7351 -0.6779
vn -0.3061 0.8819 0.3585
vn -0.3295 -0.3650 -0.8708
vn -0.3061 -0.0512 -0.9506
vn -0.3295 0.7153 -0.6162
vn -0.3294 0.8071 0.4899
vn -0.3295 -0.2166 0.9190
vn -0.3295 -0.9409 0.0781
vt 0.266303 0.240480
vt 0.303659 0.129744
vt 0.328267 0.303675
vt 0.306694 0.193128
vt 0.377664 0.146373
vt 0.350596 0.294858
s 1
g off
g Tire_RL_elreyMaterial
usemtl elreyMaterial
f 2521/61/3010 2554/62/3011 2522/63/3012
f 2535/61/3013 2568/62/3014 2536/63/3015
f 2554/61/3011 2523/62/3016 2522/63/3012
f 2536/61/3015 2569/62/3017 2537/63/3018
f 2555/61/3019 2524/62/3020 2523/63/3016
f 2510/61/3021 2543/62/3022 2511/63/3023
f 2537/61/3018 2570/62/3024 2538/63/3025
f 2524/61/3020 2557/62/3026 2525/63/3027
f 2511/61/3023 2544/62/3028 2512/63/3029
f 2570/61/3024 2539/62/3030 2538/63/3025
f 2557/61/3026 2526/62/3031 2525/63/3027
f 2544/61/3028 2513/62/3032 2512/63/3029
f 2571/61/3033 2540/62/3034 2539/63/3030
f 2526/61/3031 2559/62/3035 2527/63/3036
f 2545/61/3037 2514/62/3038 2513/63/3032
f 2540/61/3034 2541/62/3039 2509/63/3040
f 2527/61/3036 2560/62/3041 2528/63/3042
f 2546/61/3043 2515/62/3044 2514/63/3038
f 2541/61/3039 2574/62/3045 2542/63/3046
f 2560/61/3041 2529/62/3047 2528/63/3042
f 2515/61/3044 2548/62/3048 2516/63/3049
f 2561/61/3050 2530/62/3051 2529/63/3047
f 2548/61/3048 2517/62/3052 2516/63/3049
f 2562/61/3053 2531/62/3054 2530/63/3051
f 2517/61/3052 2550/62/3055 2518/63/3056
f 2531/61/3054 2564/62/3057 2532/63/3058
f 2550/61/3055 2519/62/3059 2518/63/3056
f 2564/61/3057 2533/62/3060 2532/63/3058
f 2519/61/3059 2552/62/3061 2520/63/3062
f 2533/61/3060 2566/62/3063 2534/63/3064
f 2520/61/3062 2553/62/3065 2521/63/3010
f 2566/61/3063 2535/62/3013 2534/63/3064
f 2583/61/3066 2552/62/3061 2551/63/3067
f 2597/61/3068 2566/62/3063 2565/63/3069
f 2584/61/3070 2553/62/3065 2552/63/3061
f 2566/61/3063 2599/62/3071 2567/63/3072
f 2585/61/3073 2554/62/3011 2553/63/3065
f 2599/61/3071 2568/62/3014 2567/63/3072
f 2554/61/3011 2587/62/3074 2555/63/3019
f 2600/61/3075 2569/62/3017 2568/63/3014
f 2587/61/3074 2556/62/3076 2555/63/3019
f 2574/61/3045 2543/62/3022 2542/63/3046
f 2601/61/3077 2570/62/3024 2569/63/3017
f 2556/61/3076 2589/62/3078 2557/63/3026
f 2575/61/3079 2544/62/3028 2543/63/3022
f 2570/61/3024 2603/62/3080 2571/63/3033
f 2589/61/3078 2558/62/3081 2557/63/3026
f 2544/61/3028 2577/62/3082 2545/63/3037
f 2571/61/3033 2604/62/3083 2572/63/3084
f 2558/61/3081 2591/62/3085 2559/63/3035
f 2545/61/3037 2578/62/3086 2546/63/3043
f 2572/61/3084 2573/62/3087 2541/63/3039
f 2591/61/3085 2560/62/3041 2559/63/3035
f 2546/61/3043 2579/62/3088 2547/63/3089
f 2560/61/3041 2593/62/3090 2561/63/3050
f 2579/61/3088 2548/62/3048 2547/63/3089
f 2561/61/3050 2594/62/3091 2562/63/3053
f 2580/61/3092 2549/62/3093 2548/63/3048
f 2562/61/3053 2595/62/3094 2563/63/3095
f 2581/61/3096 2550/62/3055 2549/63/3093
f 2595/61/3094 2564/62/3057 2563/63/3095
f 2550/61/3055 2583/62/3066 2551/63/3067
f 2596/61/3097 2565/62/3069 2564/63/3057
f 2581/61/3096 2676/62/3098 2677/63/3099
f 2594/61/3091 2689/62/3100 2690/63/3101
f 2580/61/3092 2675/62/3102 2676/63/3098
f 2593/61/3090 2688/62/3103 2689/63/3100
f 2579/61/3088 2674/62/3104 2675/63/3102
f 2592/61/3105 2687/62/3106 2688/63/3103
f 2573/61/3087 2700/62/3107 2669/63/3108
f 2578/61/3086 2673/62/3109 2674/63/3104
f 2591/61/3085 2686/62/3110 2687/63/3106
f 2604/61/3083 2699/62/3111 2700/63/3107
f 2673/61/3109 2576/62/3112 2672/63/3113
f 2590/61/3114 2685/62/3115 2686/63/3110
f 2603/61/3080 2698/62/3116 2699/63/3111
f 2672/61/3113 2575/62/3079 2671/63/3117
f 2589/61/3078 2684/62/3118 2685/63/3115
f 2602/61/3119 2697/62/3120 2698/63/3116
f 2575/61/3079 2670/62/3121 2671/63/3117
f 2588/61/3122 2683/62/3123 2684/63/3118
f 2601/61/3077 2696/62/3124 2697/63/3120
f 2574/61/3045 2669/62/3108 2670/63/3121
f 2587/61/3074 2682/62/3125 2683/63/3123
f 2600/61/3075 2695/62/3126 2696/63/3124
f 2586/61/3127 2681/62/3128 2682/63/3125
f 2599/61/3071 2694/62/3129 2695/63/3126
f 2585/61/3073 2680/62/3130 2681/63/3128
f 2598/61/3131 2693/62/3132 2694/63/3129
f 2584/61/3070 2679/62/3133 2680/63/3130
f 2597/61/3068 2692/62/3134 2693/63/3132
f 2583/61/3066 2678/62/3135 2679/63/3133
f 2596/61/3097 2691/62/3136 2692/63/3134
f 2582/61/3137 2677/62/3099 2678/63/3135
f 2541/61/3039 2510/62/3021 2509/63/3040
f 2618/61/3138 2649/62/3139 2617/63/3140
f 2631/61/3141 2664/62/3142 2663/63/3143
f 2619/61/3144 2650/62/3145 2618/63/3138
f 2632/61/3146 2665/62/3147 2664/63/3142
f 2620/61/3148 2651/62/3149 2619/63/3144
f 2606/61/3150 2639/62/3151 2638/63/3152
f 2634/61/3153 2665/62/3147 2633/63/3154
f 2620/61/3148 2653/62/3155 2652/63/3156
f 2608/61/3157 2639/62/3151 2607/63/3158
f 2635/61/3159 2666/62/3160 2634/63/3153
f 2622/61/3161 2653/62/3155 2621/63/3162
f 2609/61/3163 2640/62/3164 2608/63/3157
f 2636/61/3165 2667/62/3166 2635/63/3159
f 2622/61/3161 2655/62/3167 2654/63/3168
f 2610/61/3169 2641/62/3170 2609/63/3163
f 2636/61/3165 2637/62/3171 2668/63/3172
f 2623/61/3173 2656/62/3174 2655/63/3167
f 2611/61/3175 2642/62/3176 2610/63/3169
f 2637/61/3171 2670/62/3121 2669/63/3108
f 2625/61/3177 2656/62/3174 2624/63/3178
f 2611/61/3175 2644/62/3179 2643/63/3180
f 2626/61/3181 2657/62/3182 2625/63/3177
f 2613/61/3183 2644/62/3179 2612/63/3184
f 2627/61/3185 2658/62/3186 2626/63/3181
f 2613/61/3183 2646/62/3187 2645/63/3188
f 2627/61/3185 2660/62/3189 2659/63/3190
f 2615/61/3191 2646/62/3187 2614/63/3192
f 2629/61/3193 2660/62/3189 2628/63/3194
f 2615/61/3191 2648/62/3195 2647/63/3196
f 2630/61/3197 2661/62/3198 2629/63/3193
f 2616/61/3199 2649/62/3139 2648/63/3195
f 2631/61/3141 2662/62/3200 2630/63/3197
f 2648/61/3195 2679/62/3133 2647/63/3196
f 2662/61/3200 2693/62/3132 2661/63/3198
f 2649/61/3139 2680/62/3130 2648/63/3195
f 2662/61/3200 2695/62/3126 2694/63/3129
f 2650/61/3145 2681/62/3128 2649/63/3139
f 2664/61/3142 2695/62/3126 2663/63/3143
f 2650/61/3145 2683/62/3123 2682/63/3125
f 2665/61/3147 2696/62/3124 2664/63/3142
f 2652/61/3156 2683/62/3123 2651/63/3149
f 2639/61/3151 2670/62/3121 2638/63/3152
f 2666/61/3160 2697/62/3120 2665/63/3147
f 2652/61/3156 2685/62/3115 2684/63/3118
f 2640/61/3164 2671/62/3117 2639/63/3151
f 2666/61/3160 2699/62/3111 2698/63/3116
f 2654/61/3168 2685/62/3115 2653/63/3155
f 2640/61/3164 2673/62/3109 2672/63/3113
f 2667/61/3166 2700/62/3107 2699/63/3111
f 2654/61/3168 2687/62/3106 2686/63/3110
f 2641/61/3170 2674/62/3104 2673/63/3109
f 2637/61/3171 2700/62/3107 2668/63/3172
f 2656/61/3174 2687/62/3106 2655/63/3167
f 2642/61/3176 2675/62/3102 2674/63/3104
f 2656/61/3174 2689/62/3100 2688/63/3103
f 2644/61/3179 2675/62/3102 2643/63/3180
f 2657/61/3182 2690/62/3101 2689/63/3100
f 2645/61/3188 2676/62/3098 2644/63/3179
f 2658/61/3186 2691/62/3136 2690/63/3101
f 2646/61/3187 2677/62/3099 2645/63/3188
f 2660/61/3189 2691/62/3136 2659/63/3190
f 2646/61/3187 2679/62/3133 2678/63/3135
f 2661/61/3198 2692/62/3134 2660/63/3189
f 2606/61/3150 2637/62/3171 2605/63/3201
f 2595/61/3094 2690/62/3101 2691/63/3136
f 2521/61/3010 2553/62/3065 2554/63/3011
f 2535/61/3013 2567/62/3072 2568/63/3014
f 2554/61/3011 2555/62/3019 2523/63/3016
f 2536/61/3015 2568/62/3014 2569/63/3017
f 2555/61/3019 2556/62/3076 2524/63/3020
f 2510/61/3021 2542/62/3046 2543/63/3022
f 2537/61/3018 2569/62/3017 2570/63/3024
f 2524/61/3020 2556/62/3076 2557/63/3026
f 2511/61/3023 2543/62/3022 2544/63/3028
f 2570/61/3024 2571/62/3033 2539/63/3030
f 2557/61/3026 2558/62/3081 2526/63/3031
f 2544/61/3028 2545/62/3037 2513/63/3032
f 2571/61/3033 2572/62/3084 2540/63/3034
f 2526/61/3031 2558/62/3081 2559/63/3035
f 2545/61/3037 2546/62/3043 2514/63/3038
f 2540/61/3034 2572/62/3084 2541/63/3039
f 2527/61/3036 2559/62/3035 2560/63/3041
f 2546/61/3043 2547/62/3089 2515/63/3044
f 2541/61/3039 2573/62/3087 2574/63/3045
f 2560/61/3041 2561/62/3050 2529/63/3047
f 2515/61/3044 2547/62/3089 2548/63/3048
f 2561/61/3050 2562/62/3053 2530/63/3051
f 2548/61/3048 2549/62/3093 2517/63/3052
f 2562/61/3053 2563/62/3095 2531/63/3054
f 2517/61/3052 2549/62/3093 2550/63/3055
f 2531/61/3054 2563/62/3095 2564/63/3057
f 2550/61/3055 2551/62/3067 2519/63/3059
f 2564/61/3057 2565/62/3069 2533/63/3060
f 2519/61/3059 2551/62/3067 2552/63/3061
f 2533/61/3060 2565/62/3069 2566/63/3063
f 2520/61/3062 2552/62/3061 2553/63/3065
f 2566/61/3063 2567/62/3072 2535/63/3013
f 2583/61/3066 2584/62/3070 2552/63/3061
f 2597/61/3068 2598/62/3131 2566/63/3063
f 2584/61/3070 2585/62/3073 2553/63/3065
f 2566/61/3063 2598/62/3131 2599/63/3071
f 2585/61/3073 2586/62/3127 2554/63/3011
f 2599/61/3071 2600/62/3075 2568/63/3014
f 2554/61/3011 2586/62/3127 2587/63/3074
f 2600/61/3075 2601/62/3077 2569/63/3017
f 2587/61/3074 2588/62/3122 2556/63/3076
f 2574/61/3045 2575/62/3079 2543/63/3022
f 2601/61/3077 2602/62/3119 2570/63/3024
f 2556/61/3076 2588/62/3122 2589/63/3078
f 2575/61/3079 2576/62/3112 2544/63/3028
f 2570/61/3024 2602/62/3119 2603/63/3080
f 2589/61/3078 2590/62/3114 2558/63/3081
f 2544/61/3028 2576/62/3112 2577/63/3082
f 2571/61/3033 2603/62/3080 2604/63/3083
f 2558/61/3081 2590/62/3114 2591/63/3085
f 2545/61/3037 2577/62/3082 2578/63/3086
f 2572/61/3084 2604/62/3083 2573/63/3087
f 2591/61/3085 2592/62/3105 2560/63/3041
f 2546/61/3043 2578/62/3086 2579/63/3088
f 2560/61/3041 2592/62/3105 2593/63/3090
f 2579/61/3088 2580/62/3092 2548/63/3048
f 2561/61/3050 2593/62/3090 2594/63/3091
f 2580/61/3092 2581/62/3096 2549/63/3093
f 2562/61/3053 2594/62/3091 2595/63/3094
f 2581/61/3096 2582/62/3137 2550/63/3055
f 2595/61/3094 2596/62/3097 2564/63/3057
f 2550/61/3055 2582/62/3137 2583/63/3066
f 2596/61/3097 2597/62/3068 2565/63/3069
f 2581/61/3096 2580/62/3092 2676/63/3098
f 2594/61/3091 2593/62/3090 2689/63/3100
f 2580/61/3092 2579/62/3088 2675/63/3102
f 2593/61/3090 2592/62/3105 2688/63/3103
f 2579/61/3088 2578/62/3086 2674/63/3104
f 2592/61/3105 2591/62/3085 2687/63/3106
f 2573/61/3087 2604/62/3083 2700/63/3107
f 2578/61/3086 2577/62/3082 2673/63/3109
f 2591/61/3085 2590/62/3114 2686/63/3110
f 2604/61/3083 2603/62/3080 2699/63/3111
f 2673/61/3109 2577/62/3082 2576/63/3112
f 2590/61/3114 2589/62/3078 2685/63/3115
f 2603/61/3080 2602/62/3119 2698/63/3116
f 2672/61/3113 2576/62/3112 2575/63/3079
f 2589/61/3078 2588/62/3122 2684/63/3118
f 2602/61/3119 2601/62/3077 2697/63/3120
f 2575/61/3079 2574/62/3045 2670/63/3121
f 2588/61/3122 2587/62/3074 2683/63/3123
f 2601/61/3077 2600/62/3075 2696/63/3124
f 2574/61/3045 2573/62/3087 2669/63/3108
f 2587/61/3074 2586/62/3127 2682/63/3125
f 2600/61/3075 2599/62/3071 2695/63/3126
f 2586/61/3127 2585/62/3073 2681/63/3128
f 2599/61/3071 2598/62/3131 2694/63/3129
f 2585/61/3073 2584/62/3070 2680/63/3130
f 2598/61/3131 2597/62/3068 2693/63/3132
f 2584/61/3070 2583/62/3066 2679/63/3133
f 2597/61/3068 2596/62/3097 2692/63/3134
f 2583/61/3066 2582/62/3137 2678/63/3135
f 2596/61/3097 2595/62/3094 2691/63/3136
f 2582/61/3137 2581/62/3096 2677/63/3099
f 2541/61/3039 2542/62/3046 2510/63/3021
f 2618/61/3138 2650/62/3145 2649/63/3139
f 2631/61/3141 2632/62/3146 2664/63/3142
f 2619/61/3144 2651/62/3149 2650/63/3145
f 2632/61/3146 2633/62/3154 2665/63/3147
f 2620/61/3148 2652/62/3156 2651/63/3149
f 2606/61/3150 2607/62/3158 2639/63/3151
f 2634/61/3153 2666/62/3160 2665/63/3147
f 2620/61/3148 2621/62/3162 2653/63/3155
f 2608/61/3157 2640/62/3164 2639/63/3151
f 2635/61/3159 2667/62/3166 2666/63/3160
f 2622/61/3161 2654/62/3168 2653/63/3155
f 2609/61/3163 2641/62/3170 2640/63/3164
f 2636/61/3165 2668/62/3172 2667/63/3166
f 2622/61/3161 2623/62/3173 2655/63/3167
f 2610/61/3169 2642/62/3176 2641/63/3170
f 2636/61/3165 2605/62/3201 2637/63/3171
f 2623/61/3173 2624/62/3178 2656/63/3174
f 2611/61/3175 2643/62/3180 2642/63/3176
f 2637/61/3171 2638/62/3152 2670/63/3121
f 2625/61/3177 2657/62/3182 2656/63/3174
f 2611/61/3175 2612/62/3184 2644/63/3179
f 2626/61/3181 2658/62/3186 2657/63/3182
f 2613/61/3183 2645/62/3188 2644/63/3179
f 2627/61/3185 2659/62/3190 2658/63/3186
f 2613/61/3183 2614/62/3192 2646/63/3187
f 2627/61/3185 2628/62/3194 2660/63/3189
f 2615/61/3191 2647/62/3196 2646/63/3187
f 2629/61/3193 2661/62/3198 2660/63/3189
f 2615/61/3191 2616/62/3199 2648/63/3195
f 2630/61/3197 2662/62/3200 2661/63/3198
f 2616/61/3199 2617/62/3140 2649/63/3139
f 2631/61/3141 2663/62/3143 2662/63/3200
f 2648/61/3195 2680/62/3130 2679/63/3133
f 2662/61/3200 2694/62/3129 2693/63/3132
f 2649/61/3139 2681/62/3128 2680/63/3130
f 2662/61/3200 2663/62/3143 2695/63/3126
f 2650/61/3145 2682/62/3125 2681/63/3128
f 2664/61/3142 2696/62/3124 2695/63/3126
f 2650/61/3145 2651/62/3149 2683/63/3123
f 2665/61/3147 2697/62/3120 2696/63/3124
f 2652/61/3156 2684/62/3118 2683/63/3123
f 2639/61/3151 2671/62/3117 2670/63/3121
f 2666/61/3160 2698/62/3116 2697/63/3120
f 2652/61/3156 2653/62/3155 2685/63/3115
f 2640/61/3164 2672/62/3113 2671/63/3117
f 2666/61/3160 2667/62/3166 2699/63/3111
f 2654/61/3168 2686/62/3110 2685/63/3115
f 2640/61/3164 2641/62/3170 2673/63/3109
f 2667/61/3166 2668/62/3172 2700/63/3107
f 2654/61/3168 2655/62/3167 2687/63/3106
f 2641/61/3170 2642/62/3176 2674/63/3104
f 2637/61/3171 2669/62/3108 2700/63/3107
f 2656/61/3174 2688/62/3103 2687/63/3106
f 2642/61/3176 2643/62/3180 2675/63/3102
f 2656/61/3174 2657/62/3182 2689/63/3100
f 2644/61/3179 2676/62/3098 2675/63/3102
f 2657/61/3182 2658/62/3186 2690/63/3101
f 2645/61/3188 2677/62/3099 2676/63/3098
f 2658/61/3186 2659/62/3190 2691/63/3136
f 2646/61/3187 2678/62/3135 2677/63/3099
f 2660/61/3189 2692/62/3134 2691/63/3136
f 2646/61/3187 2647/62/3196 2679/63/3133
f 2661/61/3198 2693/62/3132 2692/63/3134
f 2606/61/3150 2638/62/3152 2637/63/3171
f 2595/61/3094 2594/62/3091 2690/63/3101
s 2
f 2717/64/3202 2708/65/3203 2707/66/3204
f 2713/64/3205 2704/65/3206 2703/66/3207
f 2719/64/3208 2710/65/3209 2709/66/3210
f 2715/64/3211 2706/65/3212 2705/66/3213
f 2711/64/3214 2702/65/3215 2701/66/3216
f 2717/64/3202 2728/65/3217 2718/66/3218
f 2723/64/3219 2714/65/3220 2713/66/3205
f 2719/64/3208 2730/65/3221 2720/66/3222
f 2715/64/3211 2726/65/3223 2716/66/3224
f 2721/64/3225 2712/65/3226 2711/66/3214
f 2737/64/3227 2728/65/3217 2727/66/3228
f 2733/64/3229 2724/65/3230 2723/66/3219
f 2739/64/3231 2730/65/3221 2729/66/3232
f 2735/64/3233 2726/65/3223 2725/66/3234
f 2721/64/3225 2732/65/3235 2722/66/3236
f 2745/64/3237 2701/65/3216 2760/66/3238
f 2746/64/3239 2710/65/3209 2720/66/3222
f 2760/64/3238 2746/65/3239 2745/66/3237
f 2748/64/3240 2709/65/3210 2758/66/3241
f 2747/64/3242 2708/65/3203 2718/66/3218
f 2747/64/3242 2758/65/3241 2757/66/3243
f 2750/64/3244 2707/65/3204 2756/66/3245
f 2749/64/3246 2706/65/3212 2716/66/3224
f 2749/64/3246 2756/65/3245 2755/66/3247
f 2742/64/3248 2705/65/3213 2754/66/3249
f 2741/64/3250 2704/65/3206 2714/66/3220
f 2741/64/3250 2754/65/3249 2753/66/3251
f 2744/64/3252 2703/65/3207 2752/66/3253
f 2743/64/3254 2702/65/3215 2712/66/3226
f 2743/64/3254 2752/65/3253 2751/66/3255
f 2734/64/3256 2776/65/3257 2724/66/3230
f 2723/64/3219 2777/65/3258 2733/66/3229
f 2732/64/3235 2778/65/3259 2722/66/3236
f 2721/64/3225 2779/65/3260 2731/66/3261
f 2740/64/3262 2780/65/3263 2730/66/3221
f 2729/64/3232 2781/65/3264 2739/66/3231
f 2738/64/3265 2782/65/3266 2728/66/3217
f 2727/64/3228 2783/65/3267 2737/66/3227
f 2736/64/3268 2784/65/3269 2726/66/3223
f 2725/64/3234 2785/65/3270 2735/66/3233
s 3
f 2734/64/3271 2811/65/3272 2776/66/3273
f 2819/64/3274 2770/65/3275 2784/66/3274
f 2771/64/3276 2802/65/3277 2767/66/3277
f 2736/64/3278 2790/65/3279 2791/66/3278
f 2763/64/3280 2812/65/3281 2777/66/3282
f 2735/64/3279 2820/65/3283 2790/66/3279
f 2772/64/3284 2800/65/3285 2765/66/3285
f 2738/64/3286 2792/65/3287 2793/66/3286
f 2732/64/3288 2813/65/3289 2778/66/3289
f 2773/64/3290 2798/65/3280 2763/66/3280
f 2740/64/3291 2794/65/3292 2795/66/3291
f 2765/64/3285 2814/65/3293 2779/66/3294
f 2809/64/3295 2761/65/3296 2774/66/3295
f 2740/64/3291 2815/65/3297 2780/66/3297
f 2775/64/3298 2804/65/3299 2769/66/3299
f 2767/64/3277 2816/65/3300 2781/66/3301
f 2811/64/3272 2762/65/3302 2776/66/3273
f 2738/64/3286 2817/65/3303 2782/66/3304
f 2733/64/3305 2812/65/3281 2788/66/3306
f 2769/64/3299 2818/65/3307 2783/66/3307
f 2813/64/3289 2764/65/3308 2778/66/3289
f 2736/64/3278 2819/65/3274 2784/66/3274
f 2731/64/3309 2814/65/3293 2786/66/3309
f 2770/64/3275 2810/65/3298 2775/66/3298
f 2815/64/3297 2766/65/3310 2780/66/3297
f 2762/64/3302 2809/65/3295 2774/66/3295
f 2739/64/3292 2816/65/3300 2794/66/3292
f 2799/64/3311 2773/65/3290 2764/66/3308
f 2817/64/3303 2768/65/3312 2782/66/3304
f 2801/64/3313 2772/65/3284 2766/66/3310
f 2731/64/3309 2787/65/3288 2732/66/3288
f 2761/64/3296 2820/65/3283 2785/66/3283
f 2737/64/3314 2818/65/3307 2792/66/3287
f 2768/64/3312 2806/65/3276 2771/66/3276
f 2734/64/3271 2788/65/3306 2789/66/3315
s 4
f 2789/64/3316 2823/65/3316 2824/66/3316
f 2786/64/3316 2849/65/3316 2821/66/3316
f 2805/64/3316 2845/65/3316 2810/66/3316
f 2790/64/3316 2826/65/3316 2791/66/3316
f 2850/64/3316 2801/65/3316 2815/66/3316
f 2797/64/3316 2844/65/3316 2809/66/3316
f 2793/64/3316 2827/65/3316 2828/66/3316
f 2794/64/3316 2851/65/3316 2829/66/3316
f 2834/64/3316 2808/65/3316 2799/66/3316
f 2794/64/3316 2830/65/3316 2795/66/3316
f 2852/64/3316 2803/65/3316 2817/66/3316
f 2836/64/3316 2807/65/3316 2801/66/3316
f 2796/64/3316 2855/65/3316 2820/66/3316
f 2792/64/3316 2853/65/3316 2827/66/3316
f 2838/64/3316 2806/65/3316 2803/66/3316
f 2789/64/3316 2846/65/3316 2811/66/3316
f 2854/64/3316 2805/65/3316 2819/66/3316
f 2841/64/3316 2802/65/3316 2806/66/3316
f 2798/64/3316 2847/65/3316 2812/66/3316
f 2790/64/3316 2855/65/3316 2825/66/3316
f 2807/64/3316 2835/65/3316 2800/66/3316
f 2787/64/3316 2848/65/3316 2813/66/3316
f 2843/64/3316 2798/65/3316 2808/66/3316
f 2800/64/3316 2849/65/3316 2814/66/3316
f 2809/64/3316 2831/65/3316 2796/66/3316
f 2795/64/3316 2850/65/3316 2815/66/3316
f 2845/64/3316 2804/65/3316 2810/66/3316
f 2802/64/3316 2851/65/3316 2816/66/3316
f 2846/64/3316 2797/65/3316 2811/66/3316
f 2793/64/3316 2852/65/3316 2817/66/3316
f 2788/64/3316 2847/65/3316 2823/66/3316
f 2804/64/3316 2853/65/3316 2818/66/3316
f 2787/64/3316 2821/65/3316 2822/66/3316
f 2848/64/3316 2799/65/3316 2813/66/3316
f 2791/64/3316 2854/65/3316 2819/66/3316
s 2
f 2702/64/3215 2972/65/3317 2962/66/3318
f 2759/64/3319 2970/65/3320 2710/66/3209
f 2702/64/3215 2963/65/3321 2701/66/3216
f 2752/64/3253 2965/65/3322 2973/66/3323
f 2701/64/3216 2981/65/3324 2760/66/3238
f 2703/64/3207 2964/65/3325 2965/66/3322
f 2753/64/3251 2964/65/3325 2704/66/3206
f 2752/64/3253 2972/65/3317 2751/66/3255
f 2705/64/3213 2966/65/3326 2967/66/3327
f 2705/64/3213 2975/65/3328 2754/66/3249
f 2754/64/3249 2974/65/3329 2753/66/3251
f 2707/64/3204 2968/65/3330 2969/66/3331
f 2755/64/3247 2966/65/3326 2706/66/3212
f 2755/64/3247 2977/65/3332 2976/66/3333
f 2709/64/3210 2970/65/3320 2971/66/3334
f 2707/64/3204 2977/65/3332 2756/66/3245
f 2758/64/3241 2978/65/3335 2757/66/3243
f 2708/64/3203 2978/65/3335 2968/66/3330
f 2759/64/3319 2981/65/3324 2980/66/3336
f 2709/64/3210 2979/65/3337 2758/66/3241
s 5
f 2725/64/3338 2861/65/3339 2871/66/3340
s 6
f 2749/64/3341 2862/65/3342 2885/66/3343
f 2726/64/3344 2862/65/3342 2716/66/3345
s 7
f 2764/64/3346 2904/65/3347 2778/66/3347
s 5
f 2742/64/3348 2877/65/3349 2878/66/3350
s 6
f 2750/64/3351 2863/65/3352 2717/66/3353
s 8
f 2721/64/3354 2857/65/3355 2867/66/3356
s 9
f 2722/64/3357 2858/65/3358 2712/66/3359
s 10
f 2766/64/3360 2906/65/3361 2780/66/3361
s 9
f 2744/64/3362 2879/65/3363 2880/66/3364
s 11
f 2768/64/3365 2908/65/3366 2782/66/3366
s 12
f 2761/64/3367 2911/65/3368 2887/66/3369
s 13
f 2770/64/3370 2910/65/3371 2784/66/3371
s 14
f 2763/64/3372 2903/65/3373 2889/66/3374
s 5
f 2776/64/3375 2870/65/3376 2724/66/3377
s 15
f 2765/64/3378 2905/65/3379 2891/66/3380
s 9
f 2777/64/3381 2869/65/3382 2903/66/3383
f 2778/64/3384 2868/65/3385 2722/66/3357
s 16
f 2767/64/3386 2907/65/3387 2893/66/3388
s 8
f 2779/64/3389 2867/65/3356 2905/66/3390
f 2780/64/3391 2876/65/3392 2730/66/3393
s 17
f 2769/64/3394 2909/65/3395 2895/66/3396
s 18
f 2781/64/3397 2875/65/3398 2907/66/3399
f 2782/64/3400 2874/65/3401 2728/66/3402
s 17
f 2775/64/3403 2896/65/3404 2770/66/3370
s 6
f 2783/64/3405 2873/65/3406 2909/66/3407
s 12
f 2774/64/3408 2888/65/3409 2762/66/3410
s 6
f 2784/64/3411 2872/65/3412 2726/66/3344
s 14
f 2773/64/3413 2890/65/3414 2764/66/3346
s 5
f 2785/64/3415 2871/65/3340 2911/66/3416
s 15
f 2772/64/3417 2892/65/3418 2766/66/3360
s 8
f 2745/64/3419 2882/65/3420 2881/66/3421
s 5
f 2741/64/3422 2860/65/3423 2877/66/3349
s 16
f 2771/64/3424 2894/65/3425 2768/66/3426
s 5
f 2742/64/3348 2861/65/3339 2715/66/3427
s 6
f 2727/64/3428 2863/65/3352 2873/66/3406
s 16
f 2771/64/3424 2893/65/3388 2897/66/3429
s 9
f 2743/64/3430 2858/65/3358 2879/66/3363
s 18
f 2728/64/3402 2864/65/3431 2718/66/3432
s 15
f 2772/64/3417 2891/65/3380 2898/66/3433
s 18
f 2747/64/3434 2884/65/3435 2748/66/3436
s 9
f 2744/64/3362 2859/65/3437 2713/66/3438
f 2723/64/3439 2859/65/3437 2869/66/3382
s 14
f 2773/64/3413 2889/65/3374 2899/66/3413
s 8
f 2745/64/3419 2857/65/3355 2711/66/3440
s 5
f 2724/64/3377 2860/65/3423 2714/66/3441
s 12
f 2774/64/3408 2887/65/3369 2900/66/3408
s 8
f 2746/64/3442 2866/65/3443 2882/66/3420
s 18
f 2729/64/3444 2865/65/3445 2875/66/3398
s 17
f 2775/64/3403 2895/65/3396 2901/66/3403
s 6
f 2750/64/3351 2885/65/3343 2886/66/3446
s 18
f 2747/64/3434 2864/65/3431 2883/66/3447
s 8
f 2730/64/3393 2866/65/3443 2720/66/3448
s 19
f 2762/64/3410 2902/65/3449 2776/66/3449
s 18
f 2748/64/3436 2865/65/3445 2719/66/3450
s 20
f 2781/64/3451 2739/65/3452 2920/66/3452
f 2935/64/3453 2762/65/3454 2774/66/3453
f 2782/64/3455 2929/65/3456 2919/66/3457
f 2773/64/3458 2925/65/3459 2764/66/3459
f 2922/64/3460 2785/65/3461 2916/66/3462
f 2933/64/3463 2766/65/3464 2772/66/3463
f 2732/64/3465 2912/65/3466 2731/66/3466
f 2783/64/3467 2737/65/3468 2918/66/3468
f 2784/64/3469 2931/65/3470 2917/66/3471
f 2932/64/3472 2768/65/3473 2771/66/3472
f 2734/64/3474 2914/65/3475 2733/66/3476
f 2924/64/3477 2763/65/3477 2777/66/3478
f 2913/64/3479 2732/65/3465 2778/66/3480
f 2928/64/3481 2771/65/3472 2767/66/3481
f 2736/64/3471 2916/65/3462 2735/66/3462
s 21
f 2923/64/3482 2940/65/3482 2915/66/3482
s 20
f 2737/64/3468 2919/65/3457 2918/66/3468
f 2926/64/3483 2772/65/3463 2765/66/3483
f 2926/64/3483 2765/65/3483 2779/66/3484
f 2763/64/3477 2934/65/3485 2773/66/3458
f 2740/64/3486 2920/65/3452 2739/66/3452
s 21
f 2929/64/3482 2944/65/3482 2919/66/3482
s 20
f 2761/64/3460 2935/65/3453 2774/66/3453
f 2930/64/3487 2775/65/3488 2769/66/3489
f 2936/64/3488 2770/65/3470 2775/66/3488
s 21
f 2934/64/3482 2950/65/3482 2925/66/3482
f 2921/64/3482 2945/65/3482 2920/66/3482
f 2922/64/3482 2941/65/3482 2947/66/3482
f 2927/64/3482 2958/65/3482 2952/66/3482
f 2930/64/3482 2943/65/3482 2955/66/3482
f 2931/64/3482 2942/65/3482 2917/66/3482
f 2932/64/3482 2954/65/3482 2929/66/3482
f 2924/64/3482 2939/65/3482 2949/66/3482
f 2913/64/3482 2950/65/3482 2938/66/3482
f 2928/64/3482 2957/65/3482 2932/66/3482
f 2933/64/3482 2951/65/3482 2958/66/3482
f 2912/64/3482 2951/65/3482 2926/66/3482
f 2924/64/3482 2959/65/3482 2934/66/3482
f 2927/64/3482 2946/65/3482 2921/66/3482
f 2935/64/3482 2947/65/3482 2960/66/3482
f 2920/64/3482 2953/65/3482 2928/66/3482
f 2930/64/3482 2961/65/3482 2936/66/3482
f 2912/64/3482 2938/65/3482 2937/66/3482
f 2914/64/3482 2940/65/3482 2939/66/3482
f 2931/64/3482 2961/65/3482 2956/66/3482
f 2917/64/3482 2941/65/3482 2916/66/3482
f 2935/64/3482 2948/65/3482 2923/66/3482
f 2919/64/3482 2943/65/3482 2918/66/3482
s 20
f 2915/64/3490 2734/65/3474 2776/66/3491
f 2780/64/3492 2927/65/3464 2921/66/3493
s 2
f 2856/64/3316 2963/65/3321 2962/66/3318
f 2856/64/3316 2965/65/3322 2964/66/3325
f 2856/64/3316 2967/65/3327 2966/66/3326
f 2856/64/3316 2969/65/3331 2968/66/3330
f 2856/64/3316 2971/65/3334 2970/66/3320
f 2856/64/3316 2972/65/3317 2973/66/3323
f 2856/64/3316 2974/65/3329 2975/66/3328
f 2856/64/3316 2976/65/3333 2977/66/3332
f 2856/64/3316 2978/65/3335 2979/66/3337
f 2856/64/3316 2980/65/3336 2981/66/3324
f 2856/64/3316 2962/65/3318 2972/66/3317
f 2856/64/3316 2973/65/3323 2965/66/3322
f 2856/64/3316 2964/65/3325 2974/66/3329
f 2856/64/3316 2975/65/3328 2967/66/3327
f 2856/64/3316 2966/65/3326 2976/66/3333
f 2856/64/3316 2977/65/3332 2969/66/3331
f 2856/64/3316 2968/65/3330 2978/66/3335
f 2856/64/3316 2979/65/3337 2971/66/3334
f 2856/64/3316 2970/65/3320 2980/66/3336
f 2856/64/3316 2981/65/3324 2963/66/3321
f 2717/64/3202 2718/65/3218 2708/66/3203
f 2713/64/3205 2714/65/3220 2704/66/3206
f 2719/64/3208 2720/65/3222 2710/66/3209
f 2715/64/3211 2716/65/3224 2706/66/3212
f 2711/64/3214 2712/65/3226 2702/66/3215
f 2717/64/3202 2727/65/3228 2728/66/3217
f 2723/64/3219 2724/65/3230 2714/66/3220
f 2719/64/3208 2729/65/3232 2730/66/3221
f 2715/64/3211 2725/65/3234 2726/66/3223
f 2721/64/3225 2722/65/3236 2712/66/3226
f 2737/64/3227 2738/65/3265 2728/66/3217
f 2733/64/3229 2734/65/3256 2724/66/3230
f 2739/64/3231 2740/65/3262 2730/66/3221
f 2735/64/3233 2736/65/3268 2726/66/3223
f 2721/64/3225 2731/65/3261 2732/66/3235
f 2745/64/3237 2711/65/3214 2701/66/3216
f 2746/64/3239 2759/65/3319 2710/66/3209
f 2760/64/3238 2759/65/3319 2746/66/3239
f 2748/64/3240 2719/65/3208 2709/66/3210
f 2747/64/3242 2757/65/3243 2708/66/3203
f 2747/64/3242 2748/65/3240 2758/66/3241
f 2750/64/3244 2717/65/3202 2707/66/3204
f 2749/64/3246 2755/65/3247 2706/66/3212
f 2749/64/3246 2750/65/3244 2756/66/3245
f 2742/64/3248 2715/65/3211 2705/66/3213
f 2741/64/3250 2753/65/3251 2704/66/3206
f 2741/64/3250 2742/65/3248 2754/66/3249
f 2744/64/3252 2713/65/3205 2703/66/3207
f 2743/64/3254 2751/65/3255 2702/66/3215
f 2743/64/3254 2744/65/3252 2752/66/3253
s 3
f 2734/64/3271 2789/65/3315 2811/66/3272
f 2819/64/3274 2805/65/3275 2770/66/3275
f 2771/64/3276 2806/65/3276 2802/66/3277
f 2736/64/3278 2735/65/3279 2790/66/3279
f 2763/64/3280 2798/65/3280 2812/66/3281
f 2735/64/3279 2785/65/3283 2820/66/3283
f 2772/64/3284 2807/65/3284 2800/66/3285
f 2738/64/3286 2737/65/3314 2792/66/3287
f 2732/64/3288 2787/65/3288 2813/66/3289
f 2773/64/3290 2808/65/3290 2798/66/3280
f 2740/64/3291 2739/65/3292 2794/66/3292
f 2765/64/3285 2800/65/3285 2814/66/3293
f 2809/64/3295 2796/65/3296 2761/66/3296
f 2740/64/3291 2795/65/3291 2815/66/3297
f 2775/64/3298 2810/65/3298 2804/66/3299
f 2767/64/3277 2802/65/3277 2816/66/3300
f 2811/64/3272 2797/65/3302 2762/66/3302
f 2738/64/3286 2793/65/3286 2817/66/3303
f 2733/64/3305 2777/65/3282 2812/66/3281
f 2769/64/3299 2804/65/3299 2818/66/3307
f 2813/64/3289 2799/65/3311 2764/66/3308
f 2736/64/3278 2791/65/3278 2819/66/3274
f 2731/64/3309 2779/65/3294 2814/66/3293
f 2770/64/3275 2805/65/3275 2810/66/3298
f 2815/64/3297 2801/65/3313 2766/66/3310
f 2762/64/3302 2797/65/3302 2809/66/3295
f 2739/64/3292 2781/65/3301 2816/66/3300
f 2799/64/3311 2808/65/3290 2773/66/3290
f 2817/64/3303 2803/65/3312 2768/66/3312
f 2801/64/3313 2807/65/3284 2772/66/3284
f 2731/64/3309 2786/65/3309 2787/66/3288
f 2761/64/3296 2796/65/3296 2820/66/3283
f 2737/64/3314 2783/65/3307 2818/66/3307
f 2768/64/3312 2803/65/3312 2806/66/3276
f 2734/64/3271 2733/65/3305 2788/66/3306
s 4
f 2789/64/3316 2788/65/3316 2823/66/3316
f 2786/64/3316 2814/65/3316 2849/66/3316
f 2805/64/3316 2840/65/3316 2845/66/3316
f 2790/64/3316 2825/65/3316 2826/66/3316
f 2850/64/3316 2836/65/3316 2801/66/3316
f 2797/64/3316 2832/65/3316 2844/66/3316
f 2793/64/3316 2792/65/3316 2827/66/3316
f 2794/64/3316 2816/65/3316 2851/66/3316
f 2834/64/3316 2843/65/3316 2808/66/3316
f 2794/64/3316 2829/65/3316 2830/66/3316
f 2852/64/3316 2838/65/3316 2803/66/3316
f 2836/64/3316 2842/65/3316 2807/66/3316
f 2796/64/3316 2831/65/3316 2855/66/3316
f 2792/64/3316 2818/65/3316 2853/66/3316
f 2838/64/3316 2841/65/3316 2806/66/3316
f 2789/64/3316 2824/65/3316 2846/66/3316
f 2854/64/3316 2840/65/3316 2805/66/3316
f 2841/64/3316 2837/65/3316 2802/66/3316
f 2798/64/3316 2833/65/3316 2847/66/3316
f 2790/64/3316 2820/65/3316 2855/66/3316
f 2807/64/3316 2842/65/3316 2835/66/3316
f 2787/64/3316 2822/65/3316 2848/66/3316
f 2843/64/3316 2833/65/3316 2798/66/3316
f 2800/64/3316 2835/65/3316 2849/66/3316
f 2809/64/3316 2844/65/3316 2831/66/3316
f 2795/64/3316 2830/65/3316 2850/66/3316
f 2845/64/3316 2839/65/3316 2804/66/3316
f 2802/64/3316 2837/65/3316 2851/66/3316
f 2846/64/3316 2832/65/3316 2797/66/3316
f 2793/64/3316 2828/65/3316 2852/66/3316
f 2788/64/3316 2812/65/3316 2847/66/3316
f 2804/64/3316 2839/65/3316 2853/66/3316
f 2787/64/3316 2786/65/3316 2821/66/3316
f 2848/64/3316 2834/65/3316 2799/66/3316
f 2791/64/3316 2826/65/3316 2854/66/3316
s 2
f 2702/64/3215 2751/65/3255 2972/66/3317
f 2759/64/3319 2980/65/3336 2970/66/3320
f 2702/64/3215 2962/65/3318 2963/66/3321
f 2752/64/3253 2703/65/3207 2965/66/3322
f 2701/64/3216 2963/65/3321 2981/66/3324
f 2703/64/3207 2704/65/3206 2964/66/3325
f 2753/64/3251 2974/65/3329 2964/66/3325
f 2752/64/3253 2973/65/3323 2972/66/3317
f 2705/64/3213 2706/65/3212 2966/66/3326
f 2705/64/3213 2967/65/3327 2975/66/3328
f 2754/64/3249 2975/65/3328 2974/66/3329
f 2707/64/3204 2708/65/3203 2968/66/3330
f 2755/64/3247 2976/65/3333 2966/66/3326
f 2755/64/3247 2756/65/3245 2977/66/3332
f 2709/64/3210 2710/65/3209 2970/66/3320
f 2707/64/3204 2969/65/3331 2977/66/3332
f 2758/64/3241 2979/65/3337 2978/66/3335
f 2708/64/3203 2757/65/3243 2978/66/3335
f 2759/64/3319 2760/65/3238 2981/66/3324
f 2709/64/3210 2971/65/3334 2979/66/3337
s 5
f 2725/64/3338 2715/65/3427 2861/66/3339
s 6
f 2749/64/3341 2716/65/3345 2862/66/3342
f 2726/64/3344 2872/65/3412 2862/66/3342
s 14
f 2764/64/3346 2890/65/3414 2904/66/3347
s 5
f 2742/64/3348 2741/65/3422 2877/66/3349
s 6
f 2750/64/3351 2886/65/3446 2863/66/3352
s 8
f 2721/64/3354 2711/65/3440 2857/66/3355
s 9
f 2722/64/3357 2868/65/3385 2858/66/3358
s 15
f 2766/64/3360 2892/65/3418 2906/66/3361
s 9
f 2744/64/3362 2743/65/3430 2879/66/3363
s 16
f 2768/64/3426 2894/65/3425 2908/66/3494
s 12
f 2761/64/3367 2785/65/3368 2911/66/3368
s 17
f 2770/64/3370 2896/65/3404 2910/66/3371
s 14
f 2763/64/3372 2777/65/3373 2903/66/3373
s 5
f 2776/64/3375 2902/65/3495 2870/66/3376
s 15
f 2765/64/3378 2779/65/3496 2905/66/3379
s 9
f 2777/64/3381 2723/65/3439 2869/66/3382
f 2778/64/3384 2904/65/3497 2868/66/3385
s 16
f 2767/64/3386 2781/65/3387 2907/66/3387
s 8
f 2779/64/3389 2721/65/3354 2867/66/3356
f 2780/64/3391 2906/65/3498 2876/66/3392
s 17
f 2769/64/3394 2783/65/3395 2909/66/3395
s 18
f 2781/64/3397 2729/65/3444 2875/66/3398
f 2782/64/3400 2908/65/3499 2874/66/3401
s 17
f 2775/64/3403 2901/65/3403 2896/66/3404
s 6
f 2783/64/3405 2727/65/3428 2873/66/3406
s 12
f 2774/64/3408 2900/65/3408 2888/66/3409
s 6
f 2784/64/3411 2910/65/3500 2872/66/3412
s 14
f 2773/64/3413 2899/65/3413 2890/66/3414
s 5
f 2785/64/3415 2725/65/3338 2871/66/3340
s 15
f 2772/64/3417 2898/65/3433 2892/66/3418
s 8
f 2745/64/3419 2746/65/3442 2882/66/3420
s 5
f 2741/64/3422 2714/65/3441 2860/66/3423
s 16
f 2771/64/3424 2897/65/3429 2894/66/3425
s 5
f 2742/64/3348 2878/65/3350 2861/66/3339
s 6
f 2727/64/3428 2717/65/3353 2863/66/3352
s 16
f 2771/64/3424 2767/65/3386 2893/66/3388
s 9
f 2743/64/3430 2712/65/3359 2858/66/3358
s 18
f 2728/64/3402 2874/65/3401 2864/66/3431
s 15
f 2772/64/3417 2765/65/3378 2891/66/3380
s 18
f 2747/64/3434 2883/65/3447 2884/66/3435
s 9
f 2744/64/3362 2880/65/3364 2859/66/3437
f 2723/64/3439 2713/65/3438 2859/66/3437
s 14
f 2773/64/3413 2763/65/3372 2889/66/3374
s 8
f 2745/64/3419 2881/65/3421 2857/66/3355
s 5
f 2724/64/3377 2870/65/3376 2860/66/3423
s 12
f 2774/64/3408 2761/65/3367 2887/66/3369
s 8
f 2746/64/3442 2720/65/3448 2866/66/3443
s 18
f 2729/64/3444 2719/65/3450 2865/66/3445
s 17
f 2775/64/3403 2769/65/3394 2895/66/3396
s 6
f 2750/64/3351 2749/65/3341 2885/66/3343
s 18
f 2747/64/3434 2718/65/3432 2864/66/3431
s 8
f 2730/64/3393 2876/65/3392 2866/66/3443
s 12
f 2762/64/3410 2888/65/3409 2902/66/3449
s 18
f 2748/64/3436 2884/65/3435 2865/66/3445
s 20
f 2920/64/3452 2928/65/3481 2781/66/3451
f 2928/64/3481 2767/65/3481 2781/66/3451
f 2935/64/3453 2923/65/3454 2762/66/3454
f 2919/64/3457 2738/65/3457 2782/66/3455
f 2782/64/3455 2768/65/3473 2929/66/3456
f 2773/64/3458 2934/65/3485 2925/66/3459
f 2761/64/3460 2785/65/3461 2922/66/3460
f 2785/64/3461 2735/65/3462 2916/66/3462
f 2933/64/3463 2927/65/3464 2766/66/3464
f 2732/64/3465 2913/65/3479 2912/66/3466
f 2918/64/3468 2930/65/3487 2783/66/3467
f 2930/64/3487 2769/65/3489 2783/66/3467
f 2917/64/3471 2736/65/3471 2784/66/3469
f 2784/64/3469 2770/65/3470 2931/66/3470
f 2932/64/3472 2929/65/3456 2768/66/3473
f 2734/64/3474 2915/65/3490 2914/66/3475
f 2777/64/3478 2733/65/3476 2914/66/3475
f 2914/64/3475 2924/65/3477 2777/66/3478
f 2778/64/3480 2764/65/3459 2925/66/3459
f 2925/64/3459 2913/65/3479 2778/66/3480
f 2928/64/3481 2932/65/3472 2771/66/3472
f 2736/64/3471 2917/65/3471 2916/66/3462
s 21
f 2923/64/3482 2948/65/3482 2940/66/3482
s 20
f 2737/64/3468 2738/65/3457 2919/66/3457
f 2926/64/3483 2933/65/3463 2772/66/3463
f 2779/64/3484 2731/65/3466 2912/66/3466
f 2912/64/3466 2926/65/3483 2779/66/3484
f 2763/64/3477 2924/65/3477 2934/66/3485
f 2740/64/3486 2921/65/3493 2920/66/3452
s 21
f 2929/64/3482 2954/65/3482 2944/66/3482
s 20
f 2761/64/3460 2922/65/3460 2935/66/3453
f 2930/64/3487 2936/65/3488 2775/66/3488
f 2936/64/3488 2931/65/3470 2770/66/3470
s 21
f 2934/64/3482 2959/65/3482 2950/66/3482
f 2921/64/3482 2946/65/3482 2945/66/3482
f 2922/64/3482 2916/65/3482 2941/66/3482
f 2927/64/3482 2933/65/3482 2958/66/3482
f 2930/64/3482 2918/65/3482 2943/66/3482
f 2931/64/3482 2956/65/3482 2942/66/3482
f 2932/64/3482 2957/65/3482 2954/66/3482
f 2924/64/3482 2914/65/3482 2939/66/3482
f 2913/64/3482 2925/65/3482 2950/66/3482
f 2928/64/3482 2953/65/3482 2957/66/3482
f 2933/64/3482 2926/65/3482 2951/66/3482
f 2912/64/3482 2937/65/3482 2951/66/3482
f 2924/64/3482 2949/65/3482 2959/66/3482
f 2927/64/3482 2952/65/3482 2946/66/3482
f 2935/64/3482 2922/65/3482 2947/66/3482
f 2920/64/3482 2945/65/3482 2953/66/3482
f 2930/64/3482 2955/65/3482 2961/66/3482
f 2912/64/3482 2913/65/3482 2938/66/3482
f 2914/64/3482 2915/65/3482 2940/66/3482
f 2931/64/3482 2936/65/3482 2961/66/3482
f 2917/64/3482 2942/65/3482 2941/66/3482
f 2935/64/3482 2960/65/3482 2948/66/3482
f 2919/64/3482 2944/65/3482 2943/66/3482
s 20
f 2776/64/3491 2762/65/3454 2923/66/3454
f 2923/64/3454 2915/65/3490 2776/66/3491
f 2921/64/3493 2740/65/3486 2780/66/3492
f 2780/64/3492 2766/65/3464 2927/66/3464
g Tire_RR_Mesh
v 0.613267 -0.172403 1.055904
v 0.613267 -0.143654 1.053072
v 0.613267 -0.116009 1.044687
v 0.613267 -0.090532 1.031069
v 0.613267 -0.068201 1.012742
v 0.613267 -0.049874 0.990411
v 0.613267 -0.036256 0.964934
v 0.613267 -0.027871 0.937289
v 0.613267 -0.025039 0.908540
v 0.613267 -0.027871 0.879791
v 0.613267 -0.036256 0.852146
v 0.613267 -0.049874 0.826669
v 0.613267 -0.068201 0.804338
v 0.613267 -0.090532 0.786012
v 0.613267 -0.116009 0.772394
v 0.613267 -0.143654 0.764008
v 0.613267 -0.172403 0.761176
v 0.613267 -0.201152 0.764008
v 0.613267 -0.228797 0.772394
v 0.613267 -0.254274 0.786012
v 0.613267 -0.276605 0.804338
v 0.613267 -0.294932 0.826669
v 0.613267 -0.308549 0.852146
v 0.613267 -0.316935 0.879791
v 0.613267 -0.319767 0.908540
v 0.613267 -0.316935 0.937289
v 0.613267 -0.308549 0.964934
v 0.613267 -0.294932 0.990411
v 0.613267 -0.276605 1.012742
v 0.613267 -0.254274 1.031069
v 0.613267 -0.228797 1.044687
v 0.613267 -0.201152 1.053072
v 0.618112 -0.172403 1.103125
v 0.618112 -0.134441 1.099386
v 0.618112 -0.097938 1.088313
v 0.618112 -0.064297 1.070332
v 0.618112 -0.034810 1.046133
v 0.618112 -0.010611 1.016646
v 0.618112 0.007370 0.983005
v 0.618112 0.018443 0.946502
v 0.618112 0.022182 0.908540
v 0.618112 0.018443 0.870578
v 0.618112 0.007370 0.834076
v 0.618112 -0.010611 0.800434
v 0.618112 -0.034810 0.770948
v 0.618112 -0.064297 0.746748
v 0.618112 -0.097938 0.728767
v 0.618112 -0.134441 0.717694
v 0.618112 -0.172403 0.713955
v 0.618112 -0.210365 0.717694
v 0.618112 -0.246868 0.728767
v 0.618112 -0.280509 0.746748
v 0.618112 -0.309996 0.770948
v 0.618112 -0.334195 0.800434
v 0.618112 -0.352176 0.834076
v 0.618112 -0.363249 0.870578
v 0.618112 -0.366988 0.908540
v 0.618112 -0.363249 0.946502
v 0.618112 -0.352176 0.983005
v 0.618112 -0.334195 1.016646
v 0.618112 -0.309996 1.046133
v 0.618112 -0.280509 1.070332
v 0.618112 -0.246868 1.088313
v 0.618112 -0.210365 1.099386
v 0.604677 -0.172403 1.136211
v 0.604677 -0.127987 1.131836
v 0.604677 -0.085277 1.118881
v 0.604677 -0.045916 1.097842
v 0.604677 -0.011415 1.069528
v 0.604677 0.016898 1.035027
v 0.604677 0.037938 0.995666
v 0.604677 0.050893 0.952956
v 0.604677 0.055268 0.908540
v 0.604677 0.050893 0.864124
v 0.604677 0.037938 0.821414
v 0.604677 0.016898 0.782053
v 0.604677 -0.011415 0.747552
v 0.604677 -0.045916 0.719239
v 0.604677 -0.085277 0.698200
v 0.604677 -0.127987 0.685244
v 0.604677 -0.172403 0.680869
v 0.604677 -0.216819 0.685244
v 0.604677 -0.259529 0.698200
v 0.604677 -0.298890 0.719239
v 0.604677 -0.333391 0.747552
v 0.604677 -0.361704 0.782053
v 0.604677 -0.382744 0.821414
v 0.604677 -0.395699 0.864124
v 0.604677 -0.400074 0.908540
v 0.604677 -0.395699 0.952956
v 0.604677 -0.382744 0.995666
v 0.604677 -0.361704 1.035027
v 0.604677 -0.333391 1.069528
v 0.604677 -0.298890 1.097842
v 0.604677 -0.259529 1.118881
v 0.604677 -0.216819 1.131836
v 0.414097 -0.172403 1.055904
v 0.414097 -0.143654 1.053072
v 0.414097 -0.116009 1.044687
v 0.414097 -0.090532 1.031069
v 0.414097 -0.068201 1.012742
v 0.414097 -0.049874 0.990411
v 0.414097 -0.036256 0.964934
v 0.414097 -0.027871 0.937289
v 0.414097 -0.025039 0.908540
v 0.414097 -0.027871 0.879791
v 0.414097 -0.036256 0.852146
v 0.414097 -0.049874 0.826669
v 0.414097 -0.068201 0.804338
v 0.414097 -0.090532 0.786012
v 0.414097 -0.116009 0.772394
v 0.414097 -0.143654 0.764008
v 0.414097 -0.172403 0.761176
v 0.414097 -0.201152 0.764008
v 0.414097 -0.228797 0.772394
v 0.414097 -0.254274 0.786012
v 0.414097 -0.276605 0.804338
v 0.414097 -0.294932 0.826669
v 0.414097 -0.308549 0.852146
v 0.414097 -0.316935 0.879791
v 0.414097 -0.319767 0.908540
v 0.414097 -0.316935 0.937289
v 0.414097 -0.308549 0.964934
v 0.414097 -0.294932 0.990411
v 0.414097 -0.276605 1.012742
v 0.414097 -0.254274 1.031069
v 0.414097 -0.228797 1.044687
v 0.414097 -0.201152 1.053072
v 0.409252 -0.172403 1.103125
v 0.409252 -0.134441 1.099386
v 0.409252 -0.097938 1.088313
v 0.409252 -0.064297 1.070332
v 0.409252 -0.034810 1.046133
v 0.409252 -0.010611 1.016646
v 0.409252 0.007370 0.983005
v 0.409252 0.018443 0.946502
v 0.409252 0.022182 0.908540
v 0.409252 0.018443 0.870578
v 0.409252 0.007370 0.834076
v 0.409252 -0.010611 0.800434
v 0.409252 -0.034810 0.770948
v 0.409252 -0.064297 0.746748
v 0.409252 -0.097938 0.728767
v 0.409252 -0.134441 0.717694
v 0.409252 -0.172403 0.713955
v 0.409252 -0.210365 0.717694
v 0.409252 -0.246868 0.728767
v 0.409252 -0.280509 0.746748
v 0.409252 -0.309996 0.770948
v 0.409252 -0.334195 0.800434
v 0.409252 -0.352176 0.834076
v 0.409252 -0.363249 0.870578
v 0.409252 -0.366988 0.908540
v 0.409252 -0.363249 0.946502
v 0.409252 -0.352176 0.983005
v 0.409252 -0.334195 1.016646
v 0.409252 -0.309996 1.046133
v 0.409252 -0.280509 1.070332
v 0.409252 -0.246868 1.088313
v 0.409252 -0.210365 1.099386
v 0.422686 -0.172403 1.136211
v 0.422686 -0.127987 1.131836
v 0.422686 -0.085277 1.118881
v 0.422686 -0.045916 1.097842
v 0.422686 -0.011415 1.069528
v 0.422686 0.016898 1.035027
v 0.422686 0.037938 0.995666
v 0.422686 0.050893 0.952956
v 0.422686 0.055268 0.908540
v 0.422686 0.050893 0.864124
v 0.422686 0.037938 0.821414
v 0.422686 0.016898 0.782053
v 0.422686 -0.011415 0.747552
v 0.422686 -0.045916 0.719239
v 0.422686 -0.085277 0.698200
v 0.422686 -0.127987 0.685244
v 0.422686 -0.172403 0.680869
v 0.422686 -0.216819 0.685244
v 0.422686 -0.259529 0.698200
v 0.422686 -0.298890 0.719239
v 0.422686 -0.333391 0.747552
v 0.422686 -0.361704 0.782053
v 0.422686 -0.382744 0.821414
v 0.422686 -0.395699 0.864124
v 0.422686 -0.400074 0.908540
v 0.422686 -0.395699 0.952956
v 0.422686 -0.382744 0.995666
v 0.422686 -0.361704 1.035027
v 0.422686 -0.333391 1.069528
v 0.422686 -0.298890 1.097842
v 0.422686 -0.259529 1.118881
v 0.422686 -0.216819 1.131836
v 0.614726 -0.165124 0.963297
v 0.614726 -0.148559 0.958367
v 0.614726 -0.118077 0.918538
v 0.614726 -0.117646 0.901261
v 0.614726 -0.146106 0.859962
v 0.614726 -0.162405 0.854213
v 0.614726 -0.210477 0.868519
v 0.614726 -0.220981 0.882243
v 0.614726 -0.222231 0.932383
v 0.614726 -0.212424 0.946614
v 0.619347 -0.164434 0.991599
v 0.619347 -0.131340 0.981177
v 0.619347 -0.090947 0.926628
v 0.619347 -0.090632 0.891933
v 0.619347 -0.130029 0.836659
v 0.619347 -0.162929 0.825639
v 0.619347 -0.227671 0.846027
v 0.619347 -0.248319 0.873911
v 0.619347 -0.248935 0.941785
v 0.619347 -0.228796 0.970039
v 0.616492 -0.157181 1.019236
v 0.616492 -0.121448 1.007983
v 0.616492 -0.062420 0.928270
v 0.616492 -0.062081 0.890808
v 0.616492 -0.119652 0.810037
v 0.616492 -0.155175 0.798137
v 0.616492 -0.249784 0.827932
v 0.616492 -0.272078 0.858039
v 0.616492 -0.272978 0.957223
v 0.616492 -0.251233 0.987731
v 0.601567 -0.147866 1.043826
v 0.601567 -0.114992 1.033473
v 0.605431 -0.036156 0.927009
v 0.605431 -0.035843 0.892545
v 0.601567 -0.112735 0.784668
v 0.601567 -0.145415 0.773721
v 0.601567 -0.271774 0.813514
v 0.601567 -0.292284 0.841212
v 0.601567 -0.293485 0.973682
v 0.601567 -0.273481 1.001747
v 0.616365 -0.116119 0.878774
v 0.616365 -0.125904 0.865045
v 0.616365 -0.126701 0.952871
v 0.616365 -0.116668 0.939322
v 0.616365 -0.184456 0.971059
v 0.616365 -0.200442 0.965704
v 0.616365 -0.235434 0.899538
v 0.616365 -0.235587 0.916396
v 0.616365 -0.183320 0.845812
v 0.616365 -0.199400 0.850876
v 0.614726 -0.134329 0.948561
v 0.614726 -0.123825 0.934836
v 0.614726 -0.122575 0.884696
v 0.614726 -0.132382 0.870465
v 0.614726 -0.179682 0.853783
v 0.614726 -0.196247 0.858712
v 0.614726 -0.226730 0.898542
v 0.614726 -0.227160 0.915819
v 0.614726 -0.198700 0.957118
v 0.614726 -0.182401 0.962866
v 0.601567 -0.083804 0.803399
v 0.601567 -0.044111 0.859087
v 0.601567 -0.045029 0.960312
v 0.601567 -0.085726 1.015271
v 0.601567 -0.182281 1.045678
v 0.601567 -0.247126 1.023956
v 0.601567 -0.305882 0.941524
v 0.601567 -0.305261 0.873140
v 0.601567 -0.245020 0.791787
v 0.601567 -0.179791 0.771245
v 0.601567 -0.309891 0.907292
v 0.601567 -0.216075 1.038913
v 0.601567 -0.061906 0.990362
v 0.601567 -0.060440 0.828735
v 0.601567 -0.213703 0.777396
v 0.601567 -0.039977 0.875816
v 0.601567 -0.040592 0.943660
v 0.601567 -0.100359 1.024372
v 0.601567 -0.165073 1.044752
v 0.601567 -0.260303 1.012852
v 0.601567 -0.299684 0.957603
v 0.601567 -0.298773 0.857175
v 0.601567 -0.258397 0.802650
v 0.601567 -0.162603 0.772483
v 0.601567 -0.098270 0.794033
v 0.613127 -0.147429 1.046234
v 0.613127 -0.113970 1.035697
v 0.613127 -0.033731 0.927337
v 0.613127 -0.033413 0.892261
v 0.613127 -0.111673 0.782464
v 0.613127 -0.144935 0.771322
v 0.613127 -0.273542 0.811823
v 0.613127 -0.294417 0.840013
v 0.613127 -0.295640 0.974841
v 0.613127 -0.275280 1.003406
v 0.613127 -0.082227 0.801527
v 0.613127 -0.041828 0.858207
v 0.613127 -0.042763 0.961233
v 0.613127 -0.084184 1.017170
v 0.613127 -0.182456 1.048118
v 0.613127 -0.248455 1.026010
v 0.613127 -0.308257 0.942110
v 0.613127 -0.307626 0.872510
v 0.613127 -0.246312 0.789709
v 0.613127 -0.179923 0.768802
v 0.613127 -0.312337 0.907270
v 0.613127 -0.216852 1.041233
v 0.613127 -0.059940 0.991818
v 0.613127 -0.058448 0.827315
v 0.613127 -0.214438 0.775062
v 0.613127 -0.037621 0.875234
v 0.613127 -0.038247 0.944285
v 0.613127 -0.099077 1.026433
v 0.613127 -0.164943 1.047175
v 0.613127 -0.261868 1.014708
v 0.613127 -0.301948 0.958476
v 0.613127 -0.301021 0.856262
v 0.613127 -0.259927 0.800766
v 0.613127 -0.162429 0.770062
v 0.613127 -0.096950 0.791996
v 0.613127 -0.145002 1.059613
v 0.613127 -0.108292 1.048053
v 0.613127 -0.020256 0.929164
v 0.613127 -0.019907 0.890679
v 0.613127 -0.105772 0.770213
v 0.613127 -0.142266 0.757988
v 0.613127 -0.283370 0.802425
v 0.613127 -0.306273 0.833355
v 0.613127 -0.307615 0.981284
v 0.613127 -0.285276 1.012624
v 0.613127 -0.073465 0.791129
v 0.613127 -0.029140 0.853316
v 0.613127 -0.030165 0.966353
v 0.613127 -0.075611 1.027725
v 0.613127 -0.183433 1.061681
v 0.613127 -0.255845 1.037424
v 0.613127 -0.321458 0.945373
v 0.613127 -0.320765 0.869009
v 0.613127 -0.253494 0.778162
v 0.613127 -0.180654 0.755224
v 0.613127 -0.325935 0.907147
v 0.613127 -0.221172 1.054127
v 0.613127 -0.049012 0.999910
v 0.613127 -0.047375 0.819423
v 0.613127 -0.218523 0.762092
v 0.613127 -0.024524 0.871997
v 0.613127 -0.025211 0.947758
v 0.613127 -0.091952 1.037889
v 0.613127 -0.164218 1.060647
v 0.613127 -0.270561 1.025025
v 0.613127 -0.314536 0.963328
v 0.613127 -0.313519 0.851182
v 0.613127 -0.268432 0.790294
v 0.613127 -0.161460 0.756606
v 0.613127 -0.089619 0.780671
v 0.610027 -0.172403 0.908540
v 0.598034 -0.170552 0.993834
v 0.598034 -0.125045 0.979503
v 0.598034 -0.090711 0.933137
v 0.598034 -0.090278 0.885429
v 0.598034 -0.123766 0.838446
v 0.598034 -0.169005 0.823293
v 0.598034 -0.224036 0.840623
v 0.598034 -0.252428 0.878965
v 0.598034 -0.252951 0.936658
v 0.598034 -0.225259 0.975508
v 0.595607 -0.164387 1.017326
v 0.595607 -0.116637 1.002289
v 0.595607 -0.066464 0.934532
v 0.595607 -0.066010 0.884473
v 0.595607 -0.114946 0.815818
v 0.595607 -0.162414 0.799917
v 0.595607 -0.242832 0.825242
v 0.595607 -0.272623 0.865474
v 0.595607 -0.273388 0.949781
v 0.595607 -0.244331 0.990546
v 0.595320 -0.111942 0.874244
v 0.595320 -0.120260 0.862574
v 0.595320 -0.121102 0.955443
v 0.595320 -0.112575 0.943927
v 0.595320 -0.187570 0.976375
v 0.595320 -0.201158 0.971824
v 0.595320 -0.241475 0.900748
v 0.595320 -0.241605 0.915077
v 0.595320 -0.186337 0.840440
v 0.595320 -0.200005 0.844745
v 0.582742 -0.084475 0.810175
v 0.582742 -0.050736 0.857510
v 0.582742 -0.051681 0.961768
v 0.582742 -0.086273 1.008483
v 0.582742 -0.185721 1.039801
v 0.582742 -0.240840 1.021338
v 0.582742 -0.301356 0.936435
v 0.582742 -0.300829 0.878309
v 0.582742 -0.238782 0.794518
v 0.582742 -0.183338 0.777058
v 0.582742 -0.304764 0.907339
v 0.582742 -0.214447 1.034052
v 0.582742 -0.066027 0.987311
v 0.582742 -0.064615 0.831711
v 0.582742 -0.212163 0.782286
v 0.582742 -0.047222 0.871730
v 0.582742 -0.047910 0.947615
v 0.582742 -0.098712 1.016219
v 0.582742 -0.171095 1.039015
v 0.582742 -0.252041 1.011899
v 0.582742 -0.296088 0.950103
v 0.582742 -0.295313 0.864739
v 0.582742 -0.250153 0.803752
v 0.582742 -0.168728 0.778110
v 0.582742 -0.096770 0.802214
v 0.414255 -0.147866 1.043826
v 0.414255 -0.114992 1.033473
v 0.414255 -0.036156 0.927008
v 0.414255 -0.035843 0.892545
v 0.414255 -0.112735 0.784668
v 0.414255 -0.145415 0.773721
v 0.414255 -0.271774 0.813514
v 0.414255 -0.292284 0.841211
v 0.414255 -0.293486 0.973682
v 0.414255 -0.273481 1.001747
v 0.414255 -0.083804 0.803398
v 0.414255 -0.044111 0.859087
v 0.414255 -0.045029 0.960312
v 0.414255 -0.085726 1.015270
v 0.414255 -0.182281 1.045678
v 0.414255 -0.247126 1.023956
v 0.414255 -0.305882 0.941523
v 0.414255 -0.305261 0.873140
v 0.414255 -0.245020 0.791786
v 0.414255 -0.179791 0.771245
v 0.414255 -0.309891 0.907292
v 0.414255 -0.216075 1.038913
v 0.414255 -0.061906 0.990362
v 0.414255 -0.060440 0.828735
v 0.414255 -0.213703 0.777395
v 0.414255 -0.145538 1.056658
v 0.414255 -0.109547 1.045323
v 0.414255 -0.023233 0.928761
v 0.414255 -0.022890 0.891028
v 0.414255 -0.107076 0.772919
v 0.414255 -0.142856 0.760933
v 0.414255 -0.281199 0.804500
v 0.414255 -0.303655 0.834825
v 0.414255 -0.304970 0.979861
v 0.414255 -0.283069 1.010588
v 0.414255 -0.075400 0.793426
v 0.414255 -0.031942 0.854395
v 0.414255 -0.032948 0.965222
v 0.414255 -0.077505 1.025394
v 0.414255 -0.183218 1.058686
v 0.414255 -0.254213 1.034904
v 0.414255 -0.318542 0.944652
v 0.414255 -0.317863 0.869782
v 0.414255 -0.251908 0.780712
v 0.414255 -0.180492 0.758222
v 0.414255 -0.322932 0.907174
v 0.414255 -0.220218 1.051279
v 0.414255 -0.051425 0.998123
v 0.414255 -0.049820 0.821165
v 0.414255 -0.217621 0.764957
v 0.610027 -0.161451 0.931428
v 0.610027 -0.169060 0.933692
v 0.610027 -0.147251 0.905196
v 0.610027 -0.147449 0.913132
v 0.610027 -0.167810 0.883585
v 0.610027 -0.160324 0.886226
v 0.610027 -0.194717 0.896461
v 0.610027 -0.189892 0.890157
v 0.610027 -0.190787 0.926029
v 0.610027 -0.195291 0.919492
v 0.610027 -0.154914 0.926923
v 0.610027 -0.150089 0.920619
v 0.610027 -0.149515 0.897587
v 0.610027 -0.154020 0.891051
v 0.610027 -0.175747 0.883387
v 0.610027 -0.183355 0.885651
v 0.610027 -0.197358 0.903947
v 0.610027 -0.197555 0.911883
v 0.610027 -0.184482 0.930854
v 0.610027 -0.176996 0.933495
vn 0.9948 -0.0567 0.0849
vn 0.9878 0.1103 -0.1103
vn 0.9948 -0.0722 0.0722
vn 0.9948 0.0943 -0.0391
vn 0.9878 -0.1297 0.0867
vn 0.9878 -0.1441 0.0597
vn 0.9948 -0.0391 0.0943
vn 0.9878 0.0867 -0.1297
vn 0.9948 0.0849 -0.0567
vn 0.9878 -0.1103 0.1103
vn 0.9948 -0.0199 0.1001
vn 0.9878 0.0597 -0.1441
vn 0.9948 -0.0199 -0.1001
vn 0.9878 0.0597 0.1441
vn 0.9878 0.0304 0.1530
vn 0.9948 0.0567 -0.0849
vn 0.9948 0.0722 -0.0722
vn 0.9878 -0.0000 -0.1560
vn 0.9878 0.0304 -0.1530
vn 0.9948 -0.0567 -0.0849
vn 0.9948 -0.0391 -0.0943
vn 0.9948 0.0391 -0.0943
vn 0.9878 -0.0867 0.1297
vn 0.9948 0.0199 0.1001
vn 0.9948 -0.0000 0.1021
vn 0.9878 0.1103 0.1103
vn 0.9878 0.0867 0.1297
vn 0.9948 0.0199 -0.1001
vn 0.9878 -0.0597 0.1441
vn 0.9878 -0.0597 -0.1441
vn 0.9878 -0.0304 -0.1530
vn 0.9948 -0.0849 -0.0567
vn 0.9948 -0.0722 -0.0722
vn 0.9878 -0.0000 0.1560
vn 0.9878 -0.0304 0.1530
vn 0.9948 0.0391 0.0943
vn 0.9878 -0.0867 -0.1297
vn 0.9948 -0.0943 -0.0391
vn 0.9878 0.1297 0.0867
vn 0.5429 0.1638 0.8237
vn 0.5429 -0.0000 0.8398
vn 0.9948 0.0722 0.0722
vn 0.9948 0.0567 0.0849
vn 0.9878 0.1530 0.0304
vn 0.9878 0.1441 0.0597
vn 0.9948 0.0849 0.0567
vn 0.9878 -0.1103 -0.1103
vn 0.9948 -0.1021 -0.0000
vn 0.9948 -0.1001 -0.0199
vn 0.9948 0.0943 0.0391
vn 0.9878 -0.1297 -0.0867
vn 0.9878 0.1530 -0.0304
vn 0.9878 0.1560 -0.0000
vn 0.9878 -0.1530 -0.0304
vn 0.9878 -0.1441 -0.0597
vn 0.9948 -0.0943 0.0391
vn 0.9948 -0.1001 0.0199
vn 0.9948 0.1021 -0.0000
vn 0.9948 0.1001 0.0199
vn 0.9878 0.1297 -0.0867
vn 0.9878 0.1441 -0.0597
vn 0.9878 -0.1530 0.0304
vn 0.9878 -0.1560 -0.0000
vn 0.9948 -0.0849 0.0567
vn 0.9948 0.1001 -0.0199
vn 0.5429 0.7759 -0.3214
vn 0.5429 -0.8398 -0.0000
vn 0.5429 0.6983 -0.4666
vn 0.5429 -0.7759 0.3214
vn 0.5429 -0.8237 0.1638
vn 0.5429 0.5938 -0.5938
vn 0.5429 0.3214 -0.7759
vn 0.5429 0.4666 -0.6983
vn 0.5429 -0.6983 0.4666
vn 0.5429 -0.5938 0.5938
vn 0.5429 -0.0000 -0.8398
vn 0.5429 0.1638 -0.8237
vn 0.5429 0.3214 0.7759
vn 0.5429 -0.3214 0.7759
vn 0.5429 -0.4666 0.6983
vn 0.5429 0.5938 0.5938
vn 0.5429 0.4666 0.6983
vn 0.5429 -0.1638 0.8237
vn 0.5429 -0.3214 -0.7759
vn 0.5429 -0.1638 -0.8237
vn 0.5429 0.6983 0.4666
vn 0.5429 0.7759 0.3214
vn 0.5429 -0.5938 -0.5938
vn 0.5429 -0.4666 -0.6983
vn 0.5429 -0.6983 -0.4666
vn 0.5429 0.8237 0.1638
vn 0.5429 -0.7759 -0.3214
vn 0.5429 0.8398 -0.0000
vn 0.5429 0.8237 -0.1638
vn 0.5429 -0.8237 -0.1638
vn -0.5429 0.8237 0.1638
vn -0.5429 0.8398 -0.0000
vn -0.5429 -0.5938 -0.5938
vn -0.5429 -0.6983 -0.4666
vn -0.5429 0.7759 0.3214
vn -0.5429 -0.4666 -0.6983
vn -0.5429 0.6983 0.4666
vn -0.5429 -0.3214 -0.7759
vn -0.5429 -0.1638 0.8237
vn -0.5429 -0.0000 0.8398
vn -0.5429 0.5938 0.5938
vn -0.5429 -0.1638 -0.8237
vn -0.5429 -0.3214 0.7759
vn -0.5429 0.4666 0.6983
vn -0.5429 -0.0000 -0.8398
vn -0.5429 -0.4666 0.6983
vn -0.5429 0.3214 0.7759
vn -0.5429 0.1638 -0.8237
vn -0.5429 -0.5938 0.5938
vn -0.5429 0.1638 0.8237
vn -0.5429 0.3214 -0.7759
vn -0.5429 -0.6983 0.4666
vn -0.5429 0.4666 -0.6983
vn -0.5429 -0.7759 0.3214
vn -0.5429 0.5938 -0.5938
vn -0.5429 -0.8237 0.1638
vn -0.5429 0.6983 -0.4666
vn -0.5429 -0.8398 -0.0000
vn -0.5429 0.7759 -0.3214
vn -0.5429 -0.8237 -0.1638
vn -0.5429 0.8237 -0.1638
vn -0.5429 -0.7759 -0.3214
vn 0.9948 -0.0000 -0.1021
vn -0.9878 0.1103 -0.1103
vn -0.9948 -0.0567 0.0849
vn -0.9948 -0.0722 0.0722
vn -0.9948 0.0943 -0.0391
vn -0.9878 -0.1297 0.0867
vn -0.9948 0.0849 -0.0567
vn -0.9878 0.0867 -0.1297
vn -0.9948 -0.0391 0.0943
vn -0.9878 -0.1103 0.1103
vn -0.9948 0.0722 -0.0722
vn -0.9878 0.0597 -0.1441
vn -0.9948 -0.0199 0.1001
vn -0.9948 -0.0199 -0.1001
vn -0.9878 0.0597 0.1441
vn -0.9948 -0.0391 -0.0943
vn -0.9948 0.0567 -0.0849
vn -0.9878 -0.0000 -0.1560
vn -0.9948 -0.0000 0.1021
vn -0.9948 -0.0567 -0.0849
vn -0.9878 -0.0867 0.1297
vn -0.9948 0.0391 -0.0943
vn -0.9948 0.0199 0.1001
vn -0.9878 0.0867 0.1297
vn -0.9948 -0.0722 -0.0722
vn -0.9878 -0.0597 0.1441
vn -0.9948 0.0199 -0.1001
vn -0.9878 -0.0597 -0.1441
vn -0.9948 0.0391 0.0943
vn -0.9878 0.1103 0.1103
vn -0.9948 -0.0849 -0.0567
vn -0.9878 -0.0000 0.1560
vn -0.9948 -0.0000 -0.1021
vn -0.9878 -0.0867 -0.1297
vn -0.9948 0.0567 0.0849
vn -0.9878 0.1297 0.0867
vn -0.9948 -0.0943 -0.0391
vn -0.9878 0.0304 0.1530
vn -0.9948 0.0722 0.0722
vn -0.9878 0.1530 0.0304
vn -0.9948 -0.1001 -0.0199
vn -0.9878 -0.1103 -0.1103
vn -0.9948 0.0849 0.0567
vn -0.9948 -0.1021 -0.0000
vn -0.9878 -0.1297 -0.0867
vn -0.9948 0.0943 0.0391
vn -0.9878 0.1530 -0.0304
vn -0.9948 -0.1001 0.0199
vn -0.9878 -0.1530 -0.0304
vn -0.9948 0.1001 0.0199
vn -0.9948 -0.0943 0.0391
vn -0.9878 -0.1560 -0.0000
vn -0.9948 0.1021 -0.0000
vn -0.9878 0.1297 -0.0867
vn -0.9948 -0.0849 0.0567
vn -0.9948 0.1001 -0.0199
vn -0.9878 -0.1530 0.0304
vn -0.9878 0.1441 -0.0597
vn -0.9878 -0.1441 0.0597
vn -0.9878 0.0304 -0.1530
vn -0.9878 -0.0304 -0.1530
vn -0.9878 -0.0304 0.1530
vn -0.9878 0.1441 0.0597
vn -0.9878 0.1560 -0.0000
vn -0.9878 -0.1441 -0.0597
vn 0.9869 0.1428 0.0750
vn 0.9988 0.0287 0.0386
vn 0.9869 0.1095 0.1181
vn 0.9869 -0.1596 0.0233
vn 0.9988 -0.0459 -0.0144
vn 0.9869 -0.1580 -0.0312
vn 0.9869 0.1154 -0.1126
vn 0.9988 0.0456 -0.0154
vn 0.9869 0.1462 -0.0677
vn 0.9869 -0.0272 0.1590
vn 0.9988 -0.0279 0.0392
vn 0.9869 -0.0785 0.1407
vn 0.9869 -0.0714 -0.1446
vn 0.9988 -0.0005 -0.0481
vn 0.9869 -0.0192 -0.1599
vn 0.9417 -0.2822 -0.1833
vn 0.9417 -0.2576 -0.2165
vn 0.9610 0.2723 -0.0482
vn 0.9610 0.2713 0.0531
vn 0.9417 -0.2615 0.2118
vn 0.9417 -0.2855 0.1781
vn 0.9417 0.0871 -0.3251
vn 0.9417 0.1263 -0.3119
vn 0.9989 -0.0271 -0.0394
vn 0.9417 0.0812 0.3266
vn 0.8665 -0.3647 -0.3408
vn 0.9096 0.3900 0.1435
vn 0.8665 -0.4368 0.2415
vn 0.8665 0.2114 -0.4521
vn 0.8665 0.2032 0.4559
vn 0.8665 0.0947 0.4901
vn 0.9834 0.0325 -0.1784
vn 0.9846 0.0302 -0.1719
vn 0.9836 0.0815 -0.1608
vn 0.9843 0.0872 -0.1536
vn 0.9834 0.1797 -0.0243
vn 0.9846 0.1728 -0.0244
vn 0.9836 0.1781 0.0278
vn 0.9843 0.1730 0.0355
vn 0.9834 0.0786 0.1634
vn 0.9846 0.0766 0.1568
vn 0.9836 0.0285 0.1780
vn 0.9843 0.0197 0.1755
vn 0.9834 -0.1311 0.1252
vn 0.9846 -0.1255 0.1213
vn 0.9836 -0.1605 0.0821
vn 0.9843 -0.1608 0.0730
vn 0.9834 -0.1596 -0.0860
vn 0.9846 -0.1542 -0.0819
vn 0.9836 -0.1277 -0.1272
vn 0.9843 -0.1191 -0.1304
vn 0.9096 0.3925 -0.1364
vn 0.8726 0.3875 -0.2973
vn 0.8726 0.3821 0.3043
vn 0.9417 0.1206 0.3142
vn 0.8591 0.2703 0.4346
vn 0.8591 0.0275 0.5110
vn 0.8665 -0.3708 0.3341
vn 0.8591 -0.3298 0.3914
vn 0.8591 -0.4775 0.1841
vn 0.8665 -0.4324 -0.2494
vn 0.8591 -0.4741 -0.1927
vn 0.8591 -0.3226 -0.3973
vn 0.8665 0.1036 -0.4883
vn 0.8591 0.0368 -0.5105
vn 0.8591 0.2781 -0.4296
vn 0.2188 -0.9511 0.2179
vn 0.2847 -0.9522 0.1109
vn 0.2054 -0.9550 0.2140
vn 0.2071 0.0526 0.9769
vn 0.2055 -0.0703 0.9761
vn 0.2070 0.9783 0.0089
vn 0.2070 0.9498 -0.2347
vn 0.2070 -0.1920 0.9593
vn 0.2070 -0.4246 0.8814
vn 0.2070 -0.9063 -0.3684
vn 0.2188 -0.9470 -0.2351
vn 0.2055 -0.5319 0.8215
vn 0.2071 0.3107 -0.9277
vn 0.2070 0.0703 -0.9758
vn 0.2071 0.8530 0.4791
vn 0.2071 0.7071 0.6762
vn 0.2070 0.7071 0.6761
vn 0.2055 -0.5169 -0.8310
vn 0.2071 -0.4085 -0.8889
vn 0.2070 -0.7862 -0.5822
vn 0.2071 0.7192 -0.6632
vn 0.2071 0.8616 -0.4635
vn 0.2055 -0.0526 -0.9773
vn 0.2071 -0.6304 0.7481
vn 0.2070 -0.7967 0.5678
vn 0.2055 0.6306 -0.7484
vn 0.2071 0.2939 0.9331
vn 0.2071 0.5167 0.8307
vn 0.2055 0.9132 -0.3520
vn 0.2071 -0.9129 0.3519
vn 0.2055 0.9066 0.3685
vn 0.2054 0.9066 0.3685
vn 0.2847 -0.9500 -0.1281
vn 0.2054 -0.9510 -0.2313
vn 0.2055 0.6170 0.7597
vn 0.2070 -0.6167 -0.7594
vn 0.2071 -0.1746 -0.9626
vn 0.2054 -0.0526 -0.9773
vn 0.2071 0.5317 -0.8212
vn 0.2054 0.9132 -0.3520
vn 0.2071 0.9453 0.2519
vn 0.2072 -0.6304 0.7481
vn 0.3030 -0.9443 -0.1280
vn 1.0000 -0.0000 -0.0000
vn 0.9963 -0.0591 -0.0621
vn 0.9963 0.0621 -0.0591
vn 0.9963 -0.0113 -0.0849
vn 0.9963 -0.0843 -0.0155
vn 0.9963 0.0155 -0.0843
vn 0.9963 -0.0849 0.0113
vn 0.9963 -0.0155 0.0843
vn 0.9963 -0.0621 0.0591
vn 0.9963 -0.0773 0.0370
vn 0.9963 0.0754 0.0408
vn 0.9963 0.0370 0.0773
vn 0.9963 0.0849 -0.0113
vn 0.9963 0.0843 0.0155
vn 0.3140 0.8322 0.4570
vn 0.2877 0.9523 0.1012
vn 0.2889 0.9504 0.1151
vn 0.2811 -0.5137 -0.8106
vn 0.2878 -0.8211 -0.4929
vn 0.2889 -0.8279 -0.4807
vn 0.3140 -0.9396 -0.1365
vn 0.3061 -0.5028 -0.8084
vn 0.2885 -0.5924 -0.7522
vn 0.2811 0.8983 -0.3377
vn 0.2808 0.6224 -0.7306
vn 0.2812 0.6122 -0.7390
vn 0.2877 0.3905 -0.8745
vn 0.2811 -0.0435 -0.9587
vn 0.2889 0.4031 -0.8683
vn 0.3141 -0.9419 0.1194
vn 0.2878 -0.8299 0.4779
vn 0.2890 -0.8365 0.4656
vn 0.2878 0.9540 -0.0839
vn 0.3140 0.8403 -0.4418
vn 0.2890 0.9523 -0.0978
vn 0.3061 0.6135 -0.7280
vn 0.2884 0.5323 -0.7959
vn 0.2811 0.5987 0.7500
vn 0.2808 0.8872 0.3662
vn 0.2811 0.8920 0.3539
vn 0.3061 0.8819 0.3585
vn 0.2884 0.9214 0.2603
vn 0.3061 0.8819 0.3584
vn 0.2884 -0.6060 0.7413
vn 0.3061 -0.5174 0.7991
vn 0.3061 -0.0684 0.9495
vn 0.2884 0.0371 0.9568
vn 0.2884 -0.8923 -0.3472
vn 0.3061 -0.9199 -0.2451
vn 0.3192 -0.2108 -0.9239
vn 0.3307 -0.3651 -0.8702
vn 0.3140 -0.1606 -0.9357
vn 0.2884 0.0545 -0.9560
vn 0.3061 -0.0512 -0.9506
vn 0.3307 -0.3808 0.8635
vn 0.3192 -0.2275 0.9200
vn 0.3140 -0.1775 0.9327
vn 0.3192 0.8136 -0.4860
vn 0.3307 0.7148 -0.6162
vn 0.2884 0.9260 -0.2436
vn 0.3061 0.8883 -0.3424
vn 0.3307 -0.9389 -0.0954
vn 0.3192 -0.9452 0.0679
vn 0.3192 0.7137 0.6235
vn 0.3307 0.8069 0.4894
vn 0.3140 0.6799 0.6627
vn 0.2884 0.5178 0.8054
vn 0.3061 0.6001 0.7390
vn 0.3307 -0.1994 -0.9224
vn 0.3192 -0.3566 -0.8780
vn 0.3140 -0.4046 -0.8589
vn 0.3192 -0.3725 0.8714
vn 0.3307 -0.2162 0.9186
vn 0.3141 -0.4201 0.8514
vn 0.2829 0.0669 0.9568
vn 0.2628 0.2898 0.9203
vn 0.3307 0.8156 -0.4747
vn 0.3192 0.7248 -0.6105
vn 0.3140 0.6918 -0.6502
vn 0.2829 -0.8893 0.3592
vn 0.2628 -0.7857 0.5600
vn 0.2885 -0.8985 0.3310
vn 0.3192 -0.9439 -0.0850
vn 0.3307 -0.9405 0.0783
vn 0.2829 -0.6165 -0.7348
vn 0.2628 -0.7754 -0.5742
vn 0.3307 0.7035 0.6290
vn 0.3192 0.8046 0.5007
vn 0.2829 0.5083 -0.8134
vn 0.2628 0.3065 -0.9149
vn 0.2811 -0.5283 0.8012
vn 0.2808 -0.0741 0.9569
vn 0.2811 -0.0609 0.9577
vn 0.2878 0.2150 -0.9332
vn 0.2890 0.2013 -0.9359
vn 0.2828 0.9307 0.2321
vn 0.2628 0.9648 0.0088
vn 0.2829 0.9347 -0.2152
vn 0.2878 -0.7225 0.6286
vn 0.2890 -0.7130 0.6389
vn 0.2829 0.0842 -0.9555
vn 0.2808 -0.9287 -0.2421
vn 0.2811 -0.9297 0.2380
vn 0.2811 -0.9252 -0.2548
vn 0.2878 0.1981 0.9370
vn 0.2890 0.1843 0.9394
vn 0.2829 -0.8827 -0.3753
vn 0.2829 -0.6297 0.7235
vn 0.2878 0.3746 0.8814
vn 0.2889 0.3873 0.8755
vn 0.2877 -0.7110 -0.6416
vn 0.2889 -0.7013 -0.6517
vn 0.2828 0.4935 0.8225
vn 0.2808 -0.5025 -0.8177
vn 0.3061 -0.9242 0.2284
vn -0.0000 0.8806 -0.4738
vn -0.0000 0.9331 -0.3597
vn -0.0000 -0.9331 0.3597
vn -0.0000 -0.8143 0.5804
vn -0.0000 0.9663 0.2575
vn -0.0000 0.9663 0.2574
vn -0.0000 0.9264 0.3765
vn -0.0000 -0.8037 -0.5951
vn -0.0000 -0.6304 -0.7763
vn -0.0000 -0.8036 -0.5951
vn -0.0000 -0.4340 0.9009
vn -0.0000 -0.5435 0.8394
vn -0.0000 -0.6444 0.7647
vn -0.0000 0.5435 -0.8394
vn -0.0000 0.3176 -0.9482
vn -0.0000 -0.1785 -0.9839
vn -0.0000 -0.4176 -0.9087
vn -0.0000 0.7227 0.6911
vn -0.0000 0.6304 0.7763
vn -0.0000 0.0537 0.9986
vn -0.0000 -0.0718 0.9974
vn -0.0000 1.0000 0.0091
vn -0.0000 -0.9909 -0.1343
vn -0.0000 -0.9943 0.1068
vn -0.0000 -0.9922 -0.1249
vn -0.0000 -0.9663 -0.2574
vn -0.0000 -0.5281 -0.8492
vn -0.0000 -0.4176 -0.9086
vn -0.0000 0.9708 -0.2399
vn -0.0000 -0.1963 0.9805
vn -1.0000 -0.0000 -0.0000
vn -0.0000 0.8719 0.4897
vn -0.0000 0.0718 -0.9974
vn -0.0000 -0.0537 -0.9986
vn -0.0000 -0.9264 -0.3765
vn -0.0000 0.7351 -0.6779
vn -0.0000 0.7352 -0.6779
vn -0.0000 0.3004 0.9538
vn -0.0000 0.5282 0.8491
vn -0.0000 0.5281 0.8492
vn -0.0000 -0.9708 0.2399
vn -0.0000 -0.9932 0.1163
vn -0.0000 0.6444 -0.7647
vn 0.9963 -0.0370 -0.0773
vn 0.9963 -0.0408 0.0754
vn 0.9963 0.0591 0.0621
vn 0.9963 0.0773 -0.0370
vn 0.9963 -0.0754 -0.0408
vn 0.9963 0.0113 0.0849
vn 0.9963 0.0408 -0.0754
vn 0.9989 0.0451 0.0159
vn 0.9989 -0.0458 0.0136
vn 0.9989 0.0291 -0.0379
vn 0.9989 -0.0012 0.0478
vn 0.3030 -0.9465 0.1109
vn 0.2071 -0.1920 0.9593
vn 0.2808 0.8937 -0.3500
vn 0.2808 -0.0567 -0.9581
vn 0.2808 0.6091 0.7418
vn 0.3295 -0.3650 -0.8708
vn 0.3061 -0.0511 -0.9506
vn 0.3295 -0.3807 0.8640
vn 0.3295 0.7153 -0.6162
vn 0.3295 -0.9394 -0.0951
vn 0.3294 0.8071 0.4899
vn 0.3295 -0.1998 -0.9228
vn 0.3295 -0.2166 0.9190
vn 0.3295 0.8159 -0.4752
vn 0.3295 -0.9409 0.0781
vn 0.3295 0.7041 0.6291
vn 0.2627 0.3065 -0.9149
vn 0.2808 -0.5172 0.8085
vn 0.2628 0.9648 0.0087
vn 0.2808 -0.9330 0.2252
vt 0.307622 0.328597
vt 0.270910 0.244888
vt 0.300483 0.139273
vt 0.299415 0.221099
vt 0.347240 0.151515
vt 0.369797 0.284486
s 1
g off
g Tire_RR_elreyMaterial
usemtl elreyMaterial
f 2995/67/3501 3026/68/3502 2994/69/3503
f 3008/67/3504 3041/68/3505 3040/69/3506
f 2996/67/3507 3027/68/3508 2995/69/3501
f 3009/67/3509 3042/68/3510 3041/69/3505
f 2997/67/3511 3028/68/3512 2996/69/3507
f 2983/67/3513 3016/68/3514 3015/69/3515
f 3011/67/3516 3042/68/3510 3010/69/3517
f 2997/67/3511 3030/68/3518 3029/69/3519
f 2985/67/3520 3016/68/3514 2984/69/3521
f 3012/67/3522 3043/68/3523 3011/69/3516
f 2999/67/3524 3030/68/3518 2998/69/3525
f 2985/67/3520 3018/68/3526 3017/69/3527
f 3013/67/3528 3044/68/3529 3012/69/3522
f 2999/67/3524 3032/68/3530 3031/69/3531
f 2987/67/3532 3018/68/3526 2986/69/3533
f 3013/67/3528 3014/68/3534 3045/69/3535
f 3000/67/3536 3033/68/3537 3032/69/3530
f 2988/67/3538 3019/68/3539 2987/69/3532
f 3014/67/3534 3047/68/3540 3046/69/3541
f 3002/67/3542 3033/68/3537 3001/69/3543
f 2988/67/3538 3021/68/3544 3020/69/3545
f 3003/67/3546 3034/68/3547 3002/69/3542
f 2990/67/3548 3021/68/3544 2989/69/3549
f 3004/67/3550 3035/68/3551 3003/69/3546
f 2990/67/3548 3023/68/3552 3022/69/3553
f 3004/67/3550 3037/68/3554 3036/69/3555
f 2992/67/3556 3023/68/3552 2991/69/3557
f 3006/67/3558 3037/68/3554 3005/69/3559
f 2992/67/3556 3025/68/3560 3024/69/3561
f 3006/67/3558 3039/68/3562 3038/69/3563
f 2993/67/3564 3026/68/3502 3025/69/3560
f 3008/67/3504 3039/68/3562 3007/69/3565
f 3025/67/3560 3056/68/3566 3024/69/3561
f 3039/67/3562 3070/68/3567 3038/69/3563
f 3026/67/3502 3057/68/3568 3025/69/3560
f 3039/67/3562 3072/68/3569 3071/69/3570
f 3027/67/3508 3058/68/3571 3026/69/3502
f 3041/67/3505 3072/68/3569 3040/69/3506
f 3027/67/3508 3060/68/3572 3059/69/3573
f 3042/67/3510 3073/68/3574 3041/69/3505
f 3029/67/3519 3060/68/3572 3028/69/3512
f 3016/67/3514 3047/68/3540 3015/69/3515
f 3043/67/3523 3074/68/3575 3042/69/3510
f 3029/67/3519 3062/68/3576 3061/69/3577
f 3017/67/3527 3048/68/3578 3016/69/3514
f 3043/67/3523 3076/68/3579 3075/69/3580
f 3031/67/3531 3062/68/3576 3030/69/3518
f 3017/67/3527 3050/68/3581 3049/69/3582
f 3044/67/3529 3077/68/3583 3076/69/3579
f 3031/67/3531 3064/68/3584 3063/69/3585
f 3018/67/3526 3051/68/3586 3050/69/3581
f 3014/67/3534 3077/68/3583 3045/69/3535
f 3033/67/3537 3064/68/3584 3032/69/3530
f 3019/67/3539 3052/68/3587 3051/69/3586
f 3033/67/3537 3066/68/3588 3065/69/3589
f 3021/67/3544 3052/68/3587 3020/69/3545
f 3034/67/3547 3067/68/3590 3066/69/3588
f 3022/67/3553 3053/68/3591 3021/69/3544
f 3035/67/3551 3068/68/3592 3067/69/3590
f 3023/67/3552 3054/68/3593 3022/69/3553
f 3037/67/3554 3068/68/3592 3036/69/3555
f 3023/67/3552 3056/68/3566 3055/69/3594
f 3037/67/3554 3070/68/3567 3069/69/3595
f 3149/67/3596 3054/68/3593 3150/69/3597
f 3162/67/3598 3067/68/3590 3163/69/3599
f 3148/67/3600 3053/68/3591 3149/69/3596
f 3161/67/3601 3066/68/3588 3162/69/3598
f 3147/67/3602 3052/68/3587 3148/69/3600
f 3160/67/3603 3065/68/3589 3161/69/3601
f 3173/67/3604 3046/68/3541 3142/69/3605
f 3146/67/3606 3051/68/3586 3147/69/3602
f 3159/67/3607 3064/68/3584 3160/69/3603
f 3172/67/3608 3077/68/3583 3173/69/3604
f 3145/67/3609 3050/68/3581 3146/69/3606
f 3158/67/3610 3063/68/3585 3159/69/3607
f 3171/67/3611 3076/68/3579 3172/69/3608
f 3144/67/3612 3049/68/3582 3145/69/3609
f 3157/67/3613 3062/68/3576 3158/69/3610
f 3170/67/3614 3075/68/3580 3171/69/3611
f 3143/67/3615 3048/68/3578 3144/69/3612
f 3156/67/3616 3061/68/3577 3157/69/3613
f 3169/67/3617 3074/68/3575 3170/69/3614
f 3142/67/3605 3047/68/3540 3143/69/3615
f 3155/67/3618 3060/68/3572 3156/69/3616
f 3168/67/3619 3073/68/3574 3169/69/3617
f 3154/67/3620 3059/68/3573 3155/69/3618
f 3167/67/3621 3072/68/3569 3168/69/3619
f 3153/67/3622 3058/68/3571 3154/69/3620
f 3166/67/3623 3071/68/3570 3167/69/3621
f 3152/67/3624 3057/68/3568 3153/69/3622
f 3165/67/3625 3070/68/3567 3166/69/3623
f 3151/67/3626 3056/68/3566 3152/69/3624
f 3164/67/3627 3069/68/3595 3165/69/3625
f 3150/67/3597 3055/68/3594 3151/69/3626
f 2983/67/3513 3014/68/3534 2982/69/3628
f 3122/67/3629 3091/68/3630 3090/69/3631
f 3104/67/3632 3137/68/3633 3105/69/3634
f 3123/67/3635 3092/68/3636 3091/69/3630
f 3105/67/3634 3138/68/3637 3106/69/3638
f 3124/67/3639 3093/68/3640 3092/69/3636
f 3079/67/3641 3112/68/3642 3080/69/3643
f 3138/67/3637 3107/68/3644 3106/69/3638
f 3093/67/3640 3126/68/3645 3094/69/3646
f 3112/67/3642 3081/68/3647 3080/69/3643
f 3139/67/3648 3108/68/3649 3107/69/3644
f 3126/67/3645 3095/68/3650 3094/69/3646
f 3113/67/3651 3082/68/3652 3081/69/3647
f 3140/67/3653 3109/68/3654 3108/69/3649
f 3095/67/3650 3128/68/3655 3096/69/3656
f 3114/67/3657 3083/68/3658 3082/69/3652
f 3109/67/3654 3110/68/3659 3078/69/3660
f 3096/67/3656 3129/68/3661 3097/69/3662
f 3115/67/3663 3084/68/3664 3083/69/3658
f 3110/67/3659 3143/68/3615 3111/69/3665
f 3129/67/3661 3098/68/3666 3097/69/3662
f 3084/67/3664 3117/68/3667 3085/69/3668
f 3130/67/3669 3099/68/3670 3098/69/3666
f 3117/67/3667 3086/68/3671 3085/69/3668
f 3131/67/3672 3100/68/3673 3099/69/3670
f 3086/67/3671 3119/68/3674 3087/69/3675
f 3100/67/3673 3133/68/3676 3101/69/3677
f 3119/67/3674 3088/68/3678 3087/69/3675
f 3101/67/3677 3134/68/3679 3102/69/3680
f 3088/67/3678 3121/68/3681 3089/69/3682
f 3134/67/3679 3103/68/3683 3102/69/3680
f 3089/67/3682 3122/68/3629 3090/69/3631
f 3135/67/3684 3104/68/3632 3103/69/3683
f 3152/67/3624 3121/68/3681 3120/69/3685
f 3166/67/3623 3135/68/3684 3134/69/3679
f 3153/67/3622 3122/68/3629 3121/69/3681
f 3135/67/3684 3168/68/3619 3136/69/3686
f 3154/67/3620 3123/68/3635 3122/69/3629
f 3168/67/3619 3137/68/3633 3136/69/3686
f 3123/67/3635 3156/68/3616 3124/69/3639
f 3169/67/3617 3138/68/3637 3137/69/3633
f 3156/67/3616 3125/68/3687 3124/69/3639
f 3143/67/3615 3112/68/3642 3111/69/3665
f 3170/67/3614 3139/68/3648 3138/69/3637
f 3125/67/3687 3158/68/3610 3126/69/3645
f 3144/67/3612 3113/68/3651 3112/69/3642
f 3139/67/3648 3172/68/3608 3140/69/3653
f 3158/67/3610 3127/68/3688 3126/69/3645
f 3113/67/3651 3146/68/3606 3114/69/3657
f 3140/67/3653 3173/68/3604 3141/69/3689
f 3127/67/3688 3160/68/3603 3128/69/3655
f 3114/67/3657 3147/68/3602 3115/69/3663
f 3141/67/3689 3142/68/3605 3110/69/3659
f 3160/67/3603 3129/68/3661 3128/69/3655
f 3115/67/3663 3148/68/3600 3116/69/3690
f 3129/67/3661 3162/68/3598 3130/69/3669
f 3148/67/3600 3117/68/3667 3116/69/3690
f 3130/67/3669 3163/68/3599 3131/69/3672
f 3149/67/3596 3118/68/3691 3117/69/3667
f 3131/67/3672 3164/68/3627 3132/69/3692
f 3118/67/3691 3151/68/3626 3119/69/3674
f 3164/67/3627 3133/68/3676 3132/69/3692
f 3119/67/3674 3152/68/3624 3120/69/3685
f 3165/67/3625 3134/68/3679 3133/69/3676
f 3110/67/3659 3079/68/3641 3078/69/3660
f 3163/67/3599 3068/68/3592 3164/69/3627
f 2995/67/3501 3027/68/3508 3026/69/3502
f 3008/67/3504 3009/68/3509 3041/69/3505
f 2996/67/3507 3028/68/3512 3027/69/3508
f 3009/67/3509 3010/68/3517 3042/69/3510
f 2997/67/3511 3029/68/3519 3028/69/3512
f 2983/67/3513 2984/68/3521 3016/69/3514
f 3011/67/3516 3043/68/3523 3042/69/3510
f 2997/67/3511 2998/68/3525 3030/69/3518
f 2985/67/3520 3017/68/3527 3016/69/3514
f 3012/67/3522 3044/68/3529 3043/69/3523
f 2999/67/3524 3031/68/3531 3030/69/3518
f 2985/67/3520 2986/68/3533 3018/69/3526
f 3013/67/3528 3045/68/3535 3044/69/3529
f 2999/67/3524 3000/68/3536 3032/69/3530
f 2987/67/3532 3019/68/3539 3018/69/3526
f 3013/67/3528 2982/68/3628 3014/69/3534
f 3000/67/3536 3001/68/3543 3033/69/3537
f 2988/67/3538 3020/68/3545 3019/69/3539
f 3014/67/3534 3015/68/3515 3047/69/3540
f 3002/67/3542 3034/68/3547 3033/69/3537
f 2988/67/3538 2989/68/3549 3021/69/3544
f 3003/67/3546 3035/68/3551 3034/69/3547
f 2990/67/3548 3022/68/3553 3021/69/3544
f 3004/67/3550 3036/68/3555 3035/69/3551
f 2990/67/3548 2991/68/3557 3023/69/3552
f 3004/67/3550 3005/68/3559 3037/69/3554
f 2992/67/3556 3024/68/3561 3023/69/3552
f 3006/67/3558 3038/68/3563 3037/69/3554
f 2992/67/3556 2993/68/3564 3025/69/3560
f 3006/67/3558 3007/68/3565 3039/69/3562
f 2993/67/3564 2994/68/3503 3026/69/3502
f 3008/67/3504 3040/68/3506 3039/69/3562
f 3025/67/3560 3057/68/3568 3056/69/3566
f 3039/67/3562 3071/68/3570 3070/69/3567
f 3026/67/3502 3058/68/3571 3057/69/3568
f 3039/67/3562 3040/68/3506 3072/69/3569
f 3027/67/3508 3059/68/3573 3058/69/3571
f 3041/67/3505 3073/68/3574 3072/69/3569
f 3027/67/3508 3028/68/3512 3060/69/3572
f 3042/67/3510 3074/68/3575 3073/69/3574
f 3029/67/3519 3061/68/3577 3060/69/3572
f 3016/67/3514 3048/68/3578 3047/69/3540
f 3043/67/3523 3075/68/3580 3074/69/3575
f 3029/67/3519 3030/68/3518 3062/69/3576
f 3017/67/3527 3049/68/3582 3048/69/3578
f 3043/67/3523 3044/68/3529 3076/69/3579
f 3031/67/3531 3063/68/3585 3062/69/3576
f 3017/67/3527 3018/68/3526 3050/69/3581
f 3044/67/3529 3045/68/3535 3077/69/3583
f 3031/67/3531 3032/68/3530 3064/69/3584
f 3018/67/3526 3019/68/3539 3051/69/3586
f 3014/67/3534 3046/68/3541 3077/69/3583
f 3033/67/3537 3065/68/3589 3064/69/3584
f 3019/67/3539 3020/68/3545 3052/69/3587
f 3033/67/3537 3034/68/3547 3066/69/3588
f 3021/67/3544 3053/68/3591 3052/69/3587
f 3034/67/3547 3035/68/3551 3067/69/3590
f 3022/67/3553 3054/68/3593 3053/69/3591
f 3035/67/3551 3036/68/3555 3068/69/3592
f 3023/67/3552 3055/68/3594 3054/69/3593
f 3037/67/3554 3069/68/3595 3068/69/3592
f 3023/67/3552 3024/68/3561 3056/69/3566
f 3037/67/3554 3038/68/3563 3070/69/3567
f 3149/67/3596 3053/68/3591 3054/69/3593
f 3162/67/3598 3066/68/3588 3067/69/3590
f 3148/67/3600 3052/68/3587 3053/69/3591
f 3161/67/3601 3065/68/3589 3066/69/3588
f 3147/67/3602 3051/68/3586 3052/69/3587
f 3160/67/3603 3064/68/3584 3065/69/3589
f 3173/67/3604 3077/68/3583 3046/69/3541
f 3146/67/3606 3050/68/3581 3051/69/3586
f 3159/67/3607 3063/68/3585 3064/69/3584
f 3172/67/3608 3076/68/3579 3077/69/3583
f 3145/67/3609 3049/68/3582 3050/69/3581
f 3158/67/3610 3062/68/3576 3063/69/3585
f 3171/67/3611 3075/68/3580 3076/69/3579
f 3144/67/3612 3048/68/3578 3049/69/3582
f 3157/67/3613 3061/68/3577 3062/69/3576
f 3170/67/3614 3074/68/3575 3075/69/3580
f 3143/67/3615 3047/68/3540 3048/69/3578
f 3156/67/3616 3060/68/3572 3061/69/3577
f 3169/67/3617 3073/68/3574 3074/69/3575
f 3142/67/3605 3046/68/3541 3047/69/3540
f 3155/67/3618 3059/68/3573 3060/69/3572
f 3168/67/3619 3072/68/3569 3073/69/3574
f 3154/67/3620 3058/68/3571 3059/69/3573
f 3167/67/3621 3071/68/3570 3072/69/3569
f 3153/67/3622 3057/68/3568 3058/69/3571
f 3166/67/3623 3070/68/3567 3071/69/3570
f 3152/67/3624 3056/68/3566 3057/69/3568
f 3165/67/3625 3069/68/3595 3070/69/3567
f 3151/67/3626 3055/68/3594 3056/69/3566
f 3164/67/3627 3068/68/3592 3069/69/3595
f 3150/67/3597 3054/68/3593 3055/69/3594
f 2983/67/3513 3015/68/3515 3014/69/3534
f 3122/67/3629 3123/68/3635 3091/69/3630
f 3104/67/3632 3136/68/3686 3137/69/3633
f 3123/67/3635 3124/68/3639 3092/69/3636
f 3105/67/3634 3137/68/3633 3138/69/3637
f 3124/67/3639 3125/68/3687 3093/69/3640
f 3079/67/3641 3111/68/3665 3112/69/3642
f 3138/67/3637 3139/68/3648 3107/69/3644
f 3093/67/3640 3125/68/3687 3126/69/3645
f 3112/67/3642 3113/68/3651 3081/69/3647
f 3139/67/3648 3140/68/3653 3108/69/3649
f 3126/67/3645 3127/68/3688 3095/69/3650
f 3113/67/3651 3114/68/3657 3082/69/3652
f 3140/67/3653 3141/68/3689 3109/69/3654
f 3095/67/3650 3127/68/3688 3128/69/3655
f 3114/67/3657 3115/68/3663 3083/69/3658
f 3109/67/3654 3141/68/3689 3110/69/3659
f 3096/67/3656 3128/68/3655 3129/69/3661
f 3115/67/3663 3116/68/3690 3084/69/3664
f 3110/67/3659 3142/68/3605 3143/69/3615
f 3129/67/3661 3130/68/3669 3098/69/3666
f 3084/67/3664 3116/68/3690 3117/69/3667
f 3130/67/3669 3131/68/3672 3099/69/3670
f 3117/67/3667 3118/68/3691 3086/69/3671
f 3131/67/3672 3132/68/3692 3100/69/3673
f 3086/67/3671 3118/68/3691 3119/69/3674
f 3100/67/3673 3132/68/3692 3133/69/3676
f 3119/67/3674 3120/68/3685 3088/69/3678
f 3101/67/3677 3133/68/3676 3134/69/3679
f 3088/67/3678 3120/68/3685 3121/69/3681
f 3134/67/3679 3135/68/3684 3103/69/3683
f 3089/67/3682 3121/68/3681 3122/69/3629
f 3135/67/3684 3136/68/3686 3104/69/3632
f 3152/67/3624 3153/68/3622 3121/69/3681
f 3166/67/3623 3167/68/3621 3135/69/3684
f 3153/67/3622 3154/68/3620 3122/69/3629
f 3135/67/3684 3167/68/3621 3168/69/3619
f 3154/67/3620 3155/68/3618 3123/69/3635
f 3168/67/3619 3169/68/3617 3137/69/3633
f 3123/67/3635 3155/68/3618 3156/69/3616
f 3169/67/3617 3170/68/3614 3138/69/3637
f 3156/67/3616 3157/68/3613 3125/69/3687
f 3143/67/3615 3144/68/3612 3112/69/3642
f 3170/67/3614 3171/68/3611 3139/69/3648
f 3125/67/3687 3157/68/3613 3158/69/3610
f 3144/67/3612 3145/68/3609 3113/69/3651
f 3139/67/3648 3171/68/3611 3172/69/3608
f 3158/67/3610 3159/68/3607 3127/69/3688
f 3113/67/3651 3145/68/3609 3146/69/3606
f 3140/67/3653 3172/68/3608 3173/69/3604
f 3127/67/3688 3159/68/3607 3160/69/3603
f 3114/67/3657 3146/68/3606 3147/69/3602
f 3141/67/3689 3173/68/3604 3142/69/3605
f 3160/67/3603 3161/68/3601 3129/69/3661
f 3115/67/3663 3147/68/3602 3148/69/3600
f 3129/67/3661 3161/68/3601 3162/69/3598
f 3148/67/3600 3149/68/3596 3117/69/3667
f 3130/67/3669 3162/68/3598 3163/69/3599
f 3149/67/3596 3150/68/3597 3118/69/3691
f 3131/67/3672 3163/68/3599 3164/69/3627
f 3118/67/3691 3150/68/3597 3151/69/3626
f 3164/67/3627 3165/68/3625 3133/69/3676
f 3119/67/3674 3151/68/3626 3152/69/3624
f 3165/67/3625 3166/68/3623 3134/69/3679
f 3110/67/3659 3111/68/3665 3079/69/3641
f 3163/67/3599 3067/68/3590 3068/69/3592
s 2
f 3181/70/3693 3190/71/3694 3180/72/3695
f 3177/70/3696 3186/71/3697 3176/72/3698
f 3183/70/3699 3192/71/3700 3182/72/3701
f 3179/70/3702 3188/71/3703 3178/72/3704
f 3175/70/3705 3184/71/3706 3174/72/3707
f 3190/70/3694 3201/71/3708 3200/72/3709
f 3186/70/3697 3197/71/3710 3196/72/3711
f 3192/70/3700 3203/71/3712 3202/72/3713
f 3188/70/3703 3199/71/3714 3198/72/3715
f 3185/70/3716 3194/71/3717 3184/72/3706
f 3201/70/3708 3210/71/3718 3200/72/3709
f 3197/70/3710 3206/71/3719 3196/72/3711
f 3203/70/3712 3212/71/3720 3202/72/3713
f 3199/70/3714 3208/71/3721 3198/72/3715
f 3194/70/3717 3205/71/3722 3204/72/3723
f 3174/70/3707 3218/71/3724 3233/72/3725
f 3219/70/3726 3183/71/3699 3232/72/3727
f 3233/70/3725 3219/71/3726 3232/72/3727
f 3182/70/3701 3221/71/3728 3231/72/3729
f 3220/70/3730 3181/71/3693 3230/72/3731
f 3231/70/3729 3220/71/3730 3230/72/3731
f 3180/70/3695 3223/71/3732 3229/72/3733
f 3222/70/3734 3179/71/3702 3228/72/3735
f 3229/70/3733 3222/71/3734 3228/72/3735
f 3178/70/3704 3215/71/3736 3227/72/3737
f 3214/70/3738 3177/71/3696 3226/72/3739
f 3227/70/3737 3214/71/3738 3226/72/3739
f 3176/70/3698 3217/71/3740 3225/72/3741
f 3216/70/3742 3175/71/3705 3224/72/3743
f 3225/70/3741 3216/71/3742 3224/72/3743
f 3207/70/3744 3197/71/3710 3249/72/3745
f 3196/70/3711 3206/71/3719 3250/72/3746
f 3205/70/3722 3195/71/3747 3251/72/3748
f 3194/70/3717 3204/71/3723 3252/72/3749
f 3213/70/3750 3203/71/3712 3253/72/3751
f 3202/70/3713 3212/71/3720 3254/72/3752
f 3211/70/3753 3201/71/3708 3255/72/3754
f 3200/70/3709 3210/71/3718 3256/72/3755
f 3209/70/3756 3199/71/3714 3257/72/3757
f 3198/70/3715 3208/71/3721 3258/72/3758
s 3
f 3284/70/3759 3207/71/3760 3249/72/3761
f 3243/70/3762 3292/71/3763 3257/72/3763
f 3244/70/3764 3275/71/3765 3279/72/3764
f 3209/70/3766 3263/71/3767 3208/72/3767
f 3236/70/3768 3285/71/3769 3271/72/3768
f 3208/70/3767 3293/71/3770 3258/72/3770
f 3245/70/3771 3273/71/3772 3280/72/3771
f 3211/70/3773 3265/71/3774 3210/72/3775
f 3286/70/3776 3205/71/3777 3251/72/3776
f 3246/70/3778 3271/71/3768 3281/72/3778
f 3213/70/3779 3267/71/3780 3212/72/3780
f 3238/70/3772 3287/71/3781 3273/72/3772
f 3234/70/3782 3282/71/3783 3247/72/3783
f 3288/70/3784 3213/71/3779 3253/72/3784
f 3248/70/3785 3277/71/3786 3283/72/3785
f 3240/70/3765 3289/71/3787 3275/72/3765
f 3235/70/3788 3284/71/3759 3249/72/3761
f 3290/70/3789 3211/71/3773 3255/72/3790
f 3206/70/3791 3285/71/3769 3250/72/3792
f 3242/70/3786 3291/71/3793 3277/72/3786
f 3237/70/3794 3286/71/3776 3251/72/3776
f 3292/70/3763 3209/71/3766 3257/72/3763
f 3204/70/3795 3287/71/3781 3252/72/3796
f 3243/70/3762 3283/71/3785 3278/72/3762
f 3239/70/3797 3288/71/3784 3253/72/3784
f 3235/70/3788 3282/71/3783 3270/72/3788
f 3212/70/3780 3289/71/3787 3254/72/3798
f 3246/70/3778 3272/71/3794 3237/72/3794
f 3241/70/3799 3290/71/3789 3255/72/3790
f 3245/70/3771 3274/71/3797 3239/72/3797
f 3260/70/3777 3204/71/3795 3205/72/3777
f 3234/70/3782 3293/71/3770 3269/72/3800
f 3210/70/3775 3291/71/3793 3256/72/3793
f 3241/70/3799 3279/71/3764 3276/72/3799
f 3207/70/3760 3261/71/3801 3206/72/3791
s 4
f 3262/70/3802 3296/71/3802 3261/72/3802
f 3259/70/3802 3322/71/3802 3287/72/3802
f 3278/70/3802 3318/71/3802 3313/72/3802
f 3299/70/3802 3263/71/3802 3264/72/3802
f 3274/70/3802 3323/71/3802 3288/72/3802
f 3270/70/3802 3317/71/3802 3305/72/3802
f 3266/70/3802 3300/71/3802 3265/72/3802
f 3267/70/3802 3324/71/3802 3289/72/3802
f 3281/70/3802 3307/71/3802 3272/72/3802
f 3303/70/3802 3267/71/3802 3268/72/3802
f 3276/70/3802 3325/71/3802 3290/72/3802
f 3280/70/3802 3309/71/3802 3274/72/3802
f 3269/70/3802 3328/71/3802 3304/72/3802
f 3265/70/3802 3326/71/3802 3291/72/3802
f 3279/70/3802 3311/71/3802 3276/72/3802
f 3319/70/3802 3262/71/3802 3284/72/3802
f 3278/70/3802 3327/71/3802 3292/72/3802
f 3275/70/3802 3314/71/3802 3279/72/3802
f 3271/70/3802 3320/71/3802 3306/72/3802
f 3263/70/3802 3328/71/3802 3293/72/3802
f 3280/70/3802 3308/71/3802 3315/72/3802
f 3321/70/3802 3260/71/3802 3286/72/3802
f 3271/70/3802 3316/71/3802 3281/72/3802
f 3273/70/3802 3322/71/3802 3308/72/3802
f 3282/70/3802 3304/71/3802 3317/72/3802
f 3323/70/3802 3268/71/3802 3288/72/3802
f 3277/70/3802 3318/71/3802 3283/72/3802
f 3275/70/3802 3324/71/3802 3310/72/3802
f 3270/70/3802 3319/71/3802 3284/72/3802
f 3325/70/3802 3266/71/3802 3290/72/3802
f 3261/70/3802 3320/71/3802 3285/72/3802
f 3277/70/3802 3326/71/3802 3312/72/3802
f 3260/70/3802 3294/71/3802 3259/72/3802
f 3272/70/3802 3321/71/3802 3286/72/3802
f 3327/70/3802 3264/71/3802 3292/72/3802
s 2
f 3175/70/3705 3445/71/3803 3224/72/3743
f 3443/70/3804 3232/71/3727 3183/72/3699
f 3436/70/3805 3175/71/3705 3174/72/3707
f 3225/70/3741 3438/71/3806 3176/72/3698
f 3454/70/3807 3174/71/3707 3233/72/3725
f 3176/70/3698 3437/71/3808 3177/72/3696
f 3437/70/3808 3226/71/3739 3177/72/3696
f 3445/70/3803 3225/71/3741 3224/72/3743
f 3178/70/3704 3439/71/3809 3179/72/3702
f 3448/70/3810 3178/71/3704 3227/72/3737
f 3447/70/3811 3227/71/3737 3226/72/3739
f 3180/70/3695 3441/71/3812 3181/72/3693
f 3439/70/3809 3228/71/3735 3179/72/3702
f 3228/70/3735 3450/71/3813 3229/72/3733
f 3182/70/3701 3443/71/3804 3183/72/3699
f 3450/70/3813 3180/71/3695 3229/72/3733
f 3230/70/3731 3452/71/3814 3231/72/3729
f 3181/70/3693 3451/71/3815 3230/72/3731
f 3232/70/3727 3454/71/3807 3233/72/3725
f 3452/70/3814 3182/71/3701 3231/72/3729
s 5
f 3198/70/3816 3334/71/3817 3188/72/3818
s 6
f 3222/70/3819 3335/71/3820 3189/72/3821
f 3335/70/3820 3199/71/3822 3189/72/3821
s 7
f 3377/70/3823 3237/71/3824 3251/72/3823
s 5
f 3215/70/3825 3350/71/3826 3214/72/3827
s 6
f 3336/70/3828 3223/71/3829 3190/72/3830
s 8
f 3194/70/3831 3330/71/3832 3184/72/3833
s 9
f 3331/70/3834 3195/71/3835 3185/72/3836
s 10
f 3379/70/3837 3239/71/3838 3253/72/3837
s 9
f 3217/70/3839 3352/71/3840 3216/72/3841
s 11
f 3381/70/3842 3241/71/3843 3255/72/3844
s 12
f 3234/70/3845 3384/71/3846 3258/72/3846
s 13
f 3383/70/3847 3243/71/3848 3257/72/3847
s 14
f 3236/70/3849 3376/71/3850 3250/72/3850
s 5
f 3343/70/3851 3249/71/3852 3197/72/3853
s 15
f 3238/70/3854 3378/71/3855 3252/72/3855
s 9
f 3250/70/3856 3342/71/3857 3196/72/3858
f 3341/70/3859 3251/71/3860 3195/72/3835
s 16
f 3240/70/3861 3380/71/3862 3254/72/3862
s 8
f 3252/70/3863 3340/71/3864 3194/72/3831
f 3349/70/3865 3253/71/3866 3203/72/3867
s 17
f 3242/70/3868 3382/71/3869 3256/72/3869
s 18
f 3254/70/3870 3348/71/3871 3202/72/3872
f 3347/70/3873 3255/71/3874 3201/72/3875
s 13
f 3369/70/3876 3248/71/3877 3243/72/3848
s 6
f 3256/70/3878 3346/71/3879 3200/72/3880
s 19
f 3361/70/3881 3247/71/3882 3235/72/3883
s 6
f 3345/70/3884 3257/71/3885 3199/72/3822
s 7
f 3363/70/3886 3246/71/3887 3237/72/3824
s 5
f 3258/70/3888 3344/71/3889 3198/72/3816
s 10
f 3365/70/3890 3245/71/3891 3239/72/3838
s 8
f 3218/70/3892 3355/71/3893 3219/72/3894
s 5
f 3214/70/3827 3333/71/3895 3187/72/3896
s 11
f 3367/70/3897 3244/71/3898 3241/72/3843
s 5
f 3334/70/3817 3215/71/3825 3188/72/3818
s 6
f 3200/70/3880 3336/71/3828 3190/72/3830
s 11
f 3244/70/3898 3366/71/3899 3240/72/3861
s 9
f 3216/70/3841 3331/71/3834 3185/72/3836
s 18
f 3337/70/3900 3201/71/3875 3191/72/3901
s 10
f 3245/70/3891 3364/71/3902 3238/72/3854
s 18
f 3357/70/3903 3220/71/3904 3221/72/3905
s 9
f 3332/70/3906 3217/71/3839 3186/72/3907
f 3196/70/3858 3332/71/3906 3186/72/3907
s 7
f 3246/70/3887 3362/71/3908 3236/72/3849
s 8
f 3330/70/3832 3218/71/3892 3184/72/3833
s 5
f 3333/70/3895 3197/71/3853 3187/72/3896
s 19
f 3247/70/3882 3360/71/3909 3234/72/3845
s 8
f 3219/70/3894 3339/71/3910 3193/72/3911
s 18
f 3202/70/3872 3338/71/3912 3192/72/3913
s 13
f 3248/70/3877 3368/71/3914 3242/72/3868
s 6
f 3223/70/3829 3358/71/3915 3222/72/3819
s 18
f 3220/70/3904 3337/71/3900 3191/72/3901
s 8
f 3339/70/3910 3203/71/3867 3193/72/3911
s 19
f 3375/70/3916 3235/71/3883 3249/72/3916
s 18
f 3338/70/3912 3221/71/3905 3192/72/3913
s 20
f 3393/70/3917 3212/71/3917 3254/72/3918
f 3235/70/3919 3408/71/3920 3247/72/3920
f 3402/70/3921 3241/71/3922 3255/72/3923
f 3246/70/3924 3398/71/3925 3407/72/3926
f 3389/70/3927 3258/71/3928 3395/72/3929
f 3239/70/3930 3406/71/3931 3245/72/3931
f 3385/70/3932 3205/71/3933 3204/72/3932
f 3391/70/3934 3210/71/3934 3256/72/3935
f 3404/70/3936 3243/71/3936 3257/72/3937
f 3241/70/3922 3405/71/3938 3244/72/3938
f 3387/70/3939 3207/71/3940 3206/72/3941
f 3387/70/3939 3206/71/3941 3250/72/3942
f 3251/70/3943 3386/71/3944 3398/72/3925
f 3244/70/3938 3401/71/3945 3240/72/3945
f 3389/70/3927 3209/71/3946 3208/72/3927
s 21
f 3413/70/3947 3396/71/3947 3388/72/3947
s 20
f 3210/70/3934 3392/71/3948 3211/72/3948
f 3245/70/3931 3399/71/3949 3238/72/3949
f 3385/70/3932 3204/71/3932 3252/72/3950
f 3236/70/3951 3407/71/3926 3397/72/3951
f 3212/70/3917 3394/71/3952 3213/72/3953
s 21
f 3417/70/3947 3402/71/3947 3392/72/3947
s 20
f 3234/70/3929 3408/71/3920 3395/72/3929
f 3248/70/3954 3403/71/3955 3242/72/3956
f 3243/70/3936 3409/71/3954 3248/72/3954
s 21
f 3423/70/3947 3407/71/3947 3398/72/3947
f 3418/70/3947 3394/71/3947 3393/72/3947
f 3395/70/3947 3414/71/3947 3389/72/3947
f 3400/70/3947 3431/71/3947 3406/72/3947
f 3403/70/3947 3416/71/3947 3391/72/3947
f 3415/70/3947 3404/71/3947 3390/72/3947
f 3427/70/3947 3405/71/3947 3402/72/3947
f 3397/70/3947 3412/71/3947 3387/72/3947
f 3386/70/3947 3423/71/3947 3398/72/3947
f 3430/70/3947 3401/71/3947 3405/72/3947
f 3406/70/3947 3424/71/3947 3399/72/3947
f 3424/70/3947 3385/71/3947 3399/72/3947
f 3432/70/3947 3397/71/3947 3407/72/3947
f 3419/70/3947 3400/71/3947 3394/72/3947
f 3408/70/3947 3420/71/3947 3395/72/3947
f 3426/70/3947 3393/71/3947 3401/72/3947
f 3434/70/3947 3403/71/3947 3409/72/3947
f 3385/70/3947 3411/71/3947 3386/72/3947
f 3387/70/3947 3413/71/3947 3388/72/3947
f 3404/70/3947 3434/71/3947 3409/72/3947
f 3414/70/3947 3390/71/3947 3389/72/3947
f 3421/70/3947 3408/71/3947 3396/72/3947
f 3416/70/3947 3392/71/3947 3391/72/3947
s 20
f 3249/70/3957 3388/71/3958 3396/72/3919
f 3400/70/3930 3239/71/3930 3253/72/3959
s 2
f 3329/70/3802 3435/71/3960 3436/72/3805
f 3329/70/3802 3437/71/3808 3438/72/3806
f 3329/70/3802 3439/71/3809 3440/72/3961
f 3329/70/3802 3441/71/3812 3442/72/3962
f 3329/70/3802 3443/71/3804 3444/72/3963
f 3329/70/3802 3446/71/3964 3445/72/3803
f 3329/70/3802 3448/71/3810 3447/72/3811
f 3329/70/3802 3450/71/3813 3449/72/3965
f 3329/70/3802 3452/71/3814 3451/72/3815
f 3329/70/3802 3454/71/3807 3453/72/3966
f 3329/70/3802 3445/71/3803 3435/72/3960
f 3329/70/3802 3438/71/3806 3446/72/3964
f 3329/70/3802 3447/71/3811 3437/72/3808
f 3329/70/3802 3440/71/3961 3448/72/3810
f 3329/70/3802 3449/71/3965 3439/72/3809
f 3329/70/3802 3442/71/3962 3450/72/3813
f 3329/70/3802 3451/71/3815 3441/72/3812
f 3329/70/3802 3444/71/3963 3452/72/3814
f 3329/70/3802 3453/71/3966 3443/72/3804
f 3329/70/3802 3436/71/3805 3454/72/3807
f 3181/70/3693 3191/71/3967 3190/72/3694
f 3177/70/3696 3187/71/3968 3186/72/3697
f 3183/70/3699 3193/71/3969 3192/72/3700
f 3179/70/3702 3189/71/3970 3188/72/3703
f 3175/70/3705 3185/71/3716 3184/72/3706
f 3190/70/3694 3191/71/3967 3201/72/3708
f 3186/70/3697 3187/71/3968 3197/72/3710
f 3192/70/3700 3193/71/3969 3203/72/3712
f 3188/70/3703 3189/71/3970 3199/72/3714
f 3185/70/3716 3195/71/3747 3194/72/3717
f 3201/70/3708 3211/71/3753 3210/72/3718
f 3197/70/3710 3207/71/3744 3206/72/3719
f 3203/70/3712 3213/71/3750 3212/72/3720
f 3199/70/3714 3209/71/3756 3208/72/3721
f 3194/70/3717 3195/71/3747 3205/72/3722
f 3174/70/3707 3184/71/3706 3218/72/3724
f 3219/70/3726 3193/71/3969 3183/72/3699
f 3233/70/3725 3218/71/3724 3219/72/3726
f 3182/70/3701 3192/71/3700 3221/72/3728
f 3220/70/3730 3191/71/3967 3181/72/3693
f 3231/70/3729 3221/71/3728 3220/72/3730
f 3180/70/3695 3190/71/3694 3223/72/3732
f 3222/70/3734 3189/71/3970 3179/72/3702
f 3229/70/3733 3223/71/3732 3222/72/3734
f 3178/70/3704 3188/71/3703 3215/72/3736
f 3214/70/3738 3187/71/3968 3177/72/3696
f 3227/70/3737 3215/71/3736 3214/72/3738
f 3176/70/3698 3186/71/3697 3217/72/3740
f 3216/70/3742 3185/71/3716 3175/72/3705
f 3225/70/3741 3217/71/3740 3216/72/3742
s 3
f 3284/70/3759 3262/71/3971 3207/72/3760
f 3243/70/3762 3278/71/3762 3292/72/3763
f 3244/70/3764 3240/71/3765 3275/72/3765
f 3209/70/3766 3264/71/3972 3263/72/3767
f 3236/70/3768 3250/71/3792 3285/72/3769
f 3208/70/3767 3263/71/3767 3293/72/3770
f 3245/70/3771 3238/71/3772 3273/72/3772
f 3211/70/3773 3266/71/3773 3265/72/3774
f 3286/70/3776 3260/71/3777 3205/72/3777
f 3246/70/3778 3236/71/3768 3271/72/3768
f 3213/70/3779 3268/71/3779 3267/72/3780
f 3238/70/3772 3252/71/3796 3287/72/3781
f 3234/70/3782 3269/71/3800 3282/72/3783
f 3288/70/3784 3268/71/3779 3213/72/3779
f 3248/70/3785 3242/71/3786 3277/72/3786
f 3240/70/3765 3254/71/3798 3289/72/3787
f 3235/70/3788 3270/71/3788 3284/72/3759
f 3290/70/3789 3266/71/3773 3211/72/3773
f 3206/70/3791 3261/71/3801 3285/72/3769
f 3242/70/3786 3256/71/3793 3291/72/3793
f 3237/70/3794 3272/71/3794 3286/72/3776
f 3292/70/3763 3264/71/3972 3209/72/3766
f 3204/70/3795 3259/71/3795 3287/72/3781
f 3243/70/3762 3248/71/3785 3283/72/3785
f 3239/70/3797 3274/71/3797 3288/72/3784
f 3235/70/3788 3247/71/3783 3282/72/3783
f 3212/70/3780 3267/71/3780 3289/72/3787
f 3246/70/3778 3281/71/3778 3272/72/3794
f 3241/70/3799 3276/71/3799 3290/72/3789
f 3245/70/3771 3280/71/3771 3274/72/3797
f 3260/70/3777 3259/71/3795 3204/72/3795
f 3234/70/3782 3258/71/3770 3293/72/3770
f 3210/70/3775 3265/71/3774 3291/72/3793
f 3241/70/3799 3244/71/3764 3279/72/3764
f 3207/70/3760 3262/71/3971 3261/72/3801
s 4
f 3262/70/3802 3297/71/3802 3296/72/3802
f 3259/70/3802 3294/71/3802 3322/72/3802
f 3278/70/3802 3283/71/3802 3318/72/3802
f 3299/70/3802 3298/71/3802 3263/72/3802
f 3274/70/3802 3309/71/3802 3323/72/3802
f 3270/70/3802 3282/71/3802 3317/72/3802
f 3266/70/3802 3301/71/3802 3300/72/3802
f 3267/70/3802 3302/71/3802 3324/72/3802
f 3281/70/3802 3316/71/3802 3307/72/3802
f 3303/70/3802 3302/71/3802 3267/72/3802
f 3276/70/3802 3311/71/3802 3325/72/3802
f 3280/70/3802 3315/71/3802 3309/72/3802
f 3269/70/3802 3293/71/3802 3328/72/3802
f 3265/70/3802 3300/71/3802 3326/72/3802
f 3279/70/3802 3314/71/3802 3311/72/3802
f 3319/70/3802 3297/71/3802 3262/72/3802
f 3278/70/3802 3313/71/3802 3327/72/3802
f 3275/70/3802 3310/71/3802 3314/72/3802
f 3271/70/3802 3285/71/3802 3320/72/3802
f 3263/70/3802 3298/71/3802 3328/72/3802
f 3280/70/3802 3273/71/3802 3308/72/3802
f 3321/70/3802 3295/71/3802 3260/72/3802
f 3271/70/3802 3306/71/3802 3316/72/3802
f 3273/70/3802 3287/71/3802 3322/72/3802
f 3282/70/3802 3269/71/3802 3304/72/3802
f 3323/70/3802 3303/71/3802 3268/72/3802
f 3277/70/3802 3312/71/3802 3318/72/3802
f 3275/70/3802 3289/71/3802 3324/72/3802
f 3270/70/3802 3305/71/3802 3319/72/3802
f 3325/70/3802 3301/71/3802 3266/72/3802
f 3261/70/3802 3296/71/3802 3320/72/3802
f 3277/70/3802 3291/71/3802 3326/72/3802
f 3260/70/3802 3295/71/3802 3294/72/3802
f 3272/70/3802 3307/71/3802 3321/72/3802
f 3327/70/3802 3299/71/3802 3264/72/3802
s 2
f 3175/70/3705 3435/71/3960 3445/72/3803
f 3443/70/3804 3453/71/3966 3232/72/3727
f 3436/70/3805 3435/71/3960 3175/72/3705
f 3225/70/3741 3446/71/3964 3438/72/3806
f 3454/70/3807 3436/71/3805 3174/72/3707
f 3176/70/3698 3438/71/3806 3437/72/3808
f 3437/70/3808 3447/71/3811 3226/72/3739
f 3445/70/3803 3446/71/3964 3225/72/3741
f 3178/70/3704 3440/71/3961 3439/72/3809
f 3448/70/3810 3440/71/3961 3178/72/3704
f 3447/70/3811 3448/71/3810 3227/72/3737
f 3180/70/3695 3442/71/3962 3441/72/3812
f 3439/70/3809 3449/71/3965 3228/72/3735
f 3228/70/3735 3449/71/3965 3450/72/3813
f 3182/70/3701 3444/71/3963 3443/72/3804
f 3450/70/3813 3442/71/3962 3180/72/3695
f 3230/70/3731 3451/71/3815 3452/72/3814
f 3181/70/3693 3441/71/3812 3451/72/3815
f 3232/70/3727 3453/71/3966 3454/72/3807
f 3452/70/3814 3444/71/3963 3182/72/3701
s 5
f 3198/70/3816 3344/71/3889 3334/72/3817
s 6
f 3222/70/3819 3358/71/3915 3335/72/3820
f 3335/70/3820 3345/71/3884 3199/72/3822
s 7
f 3377/70/3823 3363/71/3886 3237/72/3824
s 5
f 3215/70/3825 3351/71/3973 3350/72/3826
s 6
f 3336/70/3828 3359/71/3974 3223/72/3829
s 8
f 3194/70/3831 3340/71/3864 3330/72/3832
s 9
f 3331/70/3834 3341/71/3859 3195/72/3835
s 10
f 3379/70/3837 3365/71/3890 3239/72/3838
s 9
f 3217/70/3839 3353/71/3975 3352/72/3840
s 11
f 3381/70/3842 3367/71/3897 3241/72/3843
s 19
f 3234/70/3845 3360/71/3909 3384/72/3846
s 13
f 3383/70/3847 3369/71/3876 3243/72/3848
s 7
f 3236/70/3849 3362/71/3908 3376/72/3850
s 5
f 3343/70/3851 3375/71/3976 3249/72/3852
s 10
f 3238/70/3854 3364/71/3902 3378/72/3977
s 9
f 3250/70/3856 3376/71/3978 3342/72/3857
f 3341/70/3859 3377/71/3979 3251/72/3860
s 11
f 3240/70/3861 3366/71/3899 3380/72/3862
s 8
f 3252/70/3863 3378/71/3980 3340/72/3864
f 3349/70/3865 3379/71/3981 3253/72/3866
s 13
f 3242/70/3868 3368/71/3914 3382/72/3869
s 18
f 3254/70/3870 3380/71/3982 3348/72/3871
f 3347/70/3873 3381/71/3983 3255/72/3874
s 13
f 3369/70/3876 3374/71/3877 3248/72/3877
s 6
f 3256/70/3878 3382/71/3984 3346/72/3879
s 19
f 3361/70/3881 3373/71/3882 3247/72/3882
s 6
f 3345/70/3884 3383/71/3985 3257/72/3885
s 7
f 3363/70/3886 3372/71/3887 3246/72/3887
s 5
f 3258/70/3888 3384/71/3986 3344/72/3889
s 10
f 3365/70/3890 3371/71/3987 3245/72/3891
s 8
f 3218/70/3892 3354/71/3988 3355/72/3893
s 5
f 3214/70/3827 3350/71/3826 3333/72/3895
s 11
f 3367/70/3897 3370/71/3989 3244/72/3898
s 5
f 3334/70/3817 3351/71/3973 3215/72/3825
s 6
f 3200/70/3880 3346/71/3879 3336/72/3828
s 11
f 3244/70/3898 3370/71/3989 3366/72/3899
s 9
f 3216/70/3841 3352/71/3840 3331/72/3834
s 18
f 3337/70/3900 3347/71/3873 3201/72/3875
s 10
f 3245/70/3891 3371/71/3987 3364/72/3902
s 18
f 3357/70/3903 3356/71/3990 3220/72/3904
s 9
f 3332/70/3906 3353/71/3975 3217/72/3839
f 3196/70/3858 3342/71/3857 3332/72/3906
s 7
f 3246/70/3887 3372/71/3887 3362/72/3908
s 8
f 3330/70/3832 3354/71/3988 3218/72/3892
s 5
f 3333/70/3895 3343/71/3851 3197/72/3853
s 19
f 3247/70/3882 3373/71/3882 3360/72/3909
s 8
f 3219/70/3894 3355/71/3893 3339/72/3910
s 18
f 3202/70/3872 3348/71/3871 3338/72/3912
s 13
f 3248/70/3877 3374/71/3877 3368/72/3914
s 6
f 3223/70/3829 3359/71/3974 3358/72/3915
s 18
f 3220/70/3904 3356/71/3990 3337/72/3900
s 8
f 3339/70/3910 3349/71/3865 3203/72/3867
s 19
f 3375/70/3916 3361/71/3881 3235/72/3883
s 18
f 3338/70/3912 3357/71/3903 3221/72/3905
s 20
f 3240/70/3945 3401/71/3945 3254/72/3918
f 3401/70/3945 3393/71/3917 3254/72/3918
f 3235/70/3919 3396/71/3919 3408/72/3920
f 3255/70/3923 3211/71/3948 3392/72/3948
f 3392/70/3948 3402/71/3921 3255/72/3923
f 3246/70/3924 3237/71/3925 3398/72/3925
f 3208/70/3927 3258/71/3928 3389/72/3927
f 3258/70/3928 3234/71/3929 3395/72/3929
f 3239/70/3930 3400/71/3930 3406/72/3931
f 3385/70/3932 3386/71/3944 3205/72/3933
f 3242/70/3956 3403/71/3955 3256/72/3935
f 3403/70/3955 3391/71/3934 3256/72/3935
f 3257/70/3937 3209/71/3946 3390/72/3946
f 3390/70/3946 3404/71/3936 3257/72/3937
f 3241/70/3922 3402/71/3921 3405/72/3938
f 3387/70/3939 3388/71/3958 3207/72/3940
f 3250/70/3942 3236/71/3951 3397/72/3951
f 3397/70/3951 3387/71/3939 3250/72/3942
f 3398/70/3925 3237/71/3925 3251/72/3943
f 3251/70/3943 3205/71/3933 3386/72/3944
f 3244/70/3938 3405/71/3938 3401/72/3945
f 3389/70/3927 3390/71/3946 3209/72/3946
s 21
f 3413/70/3947 3421/71/3947 3396/72/3947
s 20
f 3210/70/3934 3391/71/3934 3392/72/3948
f 3245/70/3931 3406/71/3931 3399/72/3949
f 3252/70/3950 3238/71/3949 3399/72/3949
f 3399/70/3949 3385/71/3932 3252/72/3950
f 3236/70/3951 3246/71/3924 3407/72/3926
f 3212/70/3917 3393/71/3917 3394/72/3952
s 21
f 3417/70/3947 3427/71/3947 3402/72/3947
s 20
f 3234/70/3929 3247/71/3920 3408/72/3920
f 3248/70/3954 3409/71/3954 3403/72/3955
f 3243/70/3936 3404/71/3936 3409/72/3954
s 21
f 3423/70/3947 3432/71/3947 3407/72/3947
f 3418/70/3947 3419/71/3947 3394/72/3947
f 3395/70/3947 3420/71/3947 3414/72/3947
f 3400/70/3947 3425/71/3947 3431/72/3947
f 3403/70/3947 3428/71/3947 3416/72/3947
f 3415/70/3947 3429/71/3947 3404/72/3947
f 3427/70/3947 3430/71/3947 3405/72/3947
f 3397/70/3947 3422/71/3947 3412/72/3947
f 3386/70/3947 3411/71/3947 3423/72/3947
f 3430/70/3947 3426/71/3947 3401/72/3947
f 3406/70/3947 3431/71/3947 3424/72/3947
f 3424/70/3947 3410/71/3947 3385/72/3947
f 3432/70/3947 3422/71/3947 3397/72/3947
f 3419/70/3947 3425/71/3947 3400/72/3947
f 3408/70/3947 3433/71/3947 3420/72/3947
f 3426/70/3947 3418/71/3947 3393/72/3947
f 3434/70/3947 3428/71/3947 3403/72/3947
f 3385/70/3947 3410/71/3947 3411/72/3947
f 3387/70/3947 3412/71/3947 3413/72/3947
f 3404/70/3947 3429/71/3947 3434/72/3947
f 3414/70/3947 3415/71/3947 3390/72/3947
f 3421/70/3947 3433/71/3947 3408/72/3947
f 3416/70/3947 3417/71/3947 3392/72/3947
s 20
f 3396/70/3919 3235/71/3919 3249/72/3957
f 3249/70/3957 3207/71/3940 3388/72/3958
f 3253/70/3959 3213/71/3953 3394/72/3952
f 3394/70/3952 3400/71/3930 3253/72/3959
g Body.001_Mesh
v -0.503313 0.194531 -0.454081
v -0.365668 0.209975 -0.562601
v -0.365668 0.203538 -0.562601
v -0.501023 0.190371 -0.451182
v 0.519880 0.235638 -0.257111
v 0.533962 0.197458 -0.312792
vn 0.4424 0.6525 0.6153
vn 0.6186 0.0128 0.7856
vn 0.6191 -0.0000 0.7853
vn 0.4359 0.6636 0.6080
vt 0.064844 0.379239
vt 0.192969 0.379239
vt 0.192969 0.507364
s 1
g off
g Body.001_elreyMaterial
usemtl elreyMaterial
f 3455/73/3991 3457/74/3992 3456/75/3993
f 3455/73/3991 3458/74/3994 3457/75/3992
g Body.002_Mesh
v -0.503313 0.194531 -0.454081
v -0.507544 0.193076 -0.454081
v -0.503313 0.194531 -0.454081
v 0.000000 0.063477 -1.453998
v 0.000000 0.225692 -0.625031
v -0.365668 0.209975 -0.562601
v -0.219404 0.218855 -0.605010
v -0.492198 0.126284 -1.120117
v -0.499668 0.156712 -0.900762
v -0.501627 0.178855 -0.684996
v -0.483667 0.098895 -1.243459
v -0.255799 0.216921 -0.595019
v -0.246593 0.217324 -0.597546
v -0.321232 0.069026 -1.396124
v -0.474003 0.072026 -1.325680
v -0.245602 0.061493 -1.422161
v -0.163647 0.063582 -1.447708
v 0.000000 0.058702 -1.455280
v -0.254451 0.066719 -1.417984
v 0.503313 0.194531 -0.454081
v 0.365668 0.209975 -0.562601
v 0.219404 0.218855 -0.605010
v 0.492198 0.126284 -1.120117
v 0.499668 0.156712 -0.900762
v 0.501627 0.178855 -0.684996
v 0.483667 0.098895 -1.243459
v 0.255799 0.216921 -0.595019
v 0.246593 0.217324 -0.597546
v 0.321232 0.069026 -1.396124
v 0.474003 0.072026 -1.325680
v 0.163647 0.063582 -1.447708
v 0.254451 0.066719 -1.417984
v 0.497272 0.125267 -1.117784
v 0.507063 0.177455 -0.682287
vn -0.0209 -0.3792 -0.9251
vn -0.0182 0.3258 -0.9453
vn 0.0369 0.2591 -0.9651
vn -0.0269 0.9935 -0.1106
vn 0.1150 0.9932 -0.0205
vn 0.2571 0.9515 -0.1692
vn -0.1439 0.9846 -0.0996
vn 0.9744 0.2108 0.0787
vn -0.3331 0.9422 0.0350
vn -0.2640 0.9644 -0.0151
vn -0.2002 0.9332 -0.2983
vn 0.8486 0.5267 -0.0485
vn -0.1997 0.8243 -0.5298
vn -0.3355 0.8040 -0.4909
vn -0.2968 0.2192 -0.9294
vn -0.2733 -0.8928 -0.3580
vn -0.2297 0.7499 -0.6204
vn -0.1646 0.9839 -0.0692
vn 0.1681 0.8377 -0.5197
vn 0.0793 0.8752 -0.4772
vn 0.2628 0.8630 -0.4314
vn 0.0812 0.9763 -0.2004
vn -0.8220 0.5480 -0.1553
vn -0.7147 0.6993 -0.0125
vn 0.5125 0.8533 -0.0963
vn 0.3315 0.9433 0.0162
vn 0.5514 0.8327 0.0513
vn -0.7185 0.6791 0.1499
vn -0.1547 0.9830 -0.0987
vn 0.2799 0.9599 -0.0140
vn -0.1925 0.9523 -0.2369
vn 0.1660 0.9855 -0.0352
vn 0.1616 0.9866 -0.0218
vt 0.549922 0.819453
vt 0.684453 0.819453
vt 0.684453 0.953985
vt 0.525252 0.396281
vt 0.450865 0.394656
vt 0.542080 0.269653
vt 0.735552 0.385048
vt 0.699772 0.392123
vt 0.674276 0.397496
vt 0.634174 0.398199
vt 0.893835 0.341739
vt 0.770565 0.375743
vt 0.978442 0.238893
vt 0.943758 0.309558
vt 0.781032 0.233045
vt 0.858516 0.237912
vt 0.918623 0.241694
vt 0.603589 0.399474
vt 0.715049 0.230206
vt 0.715931 0.228770
vt 0.621751 0.221356
vt 0.667117 0.224828
vt 0.589002 0.222626
vt 0.602498 0.218487
vt 0.576332 0.226865
vt 0.439464 0.332671
vt 0.540011 0.269313
vt 0.332727 0.387669
vt 0.405242 0.350008
vt 0.407520 0.350303
vt 0.601004 0.397036
vt 0.396285 0.392871
vt 0.573974 0.396044
vt 0.437383 0.393137
vt 0.440793 0.393524
s 1
g off
g Body.002_elreyMaterial
usemtl elreyMaterial
f 3478/76/3995 3464/77/3996 3491/78/3997
f 3465/79/3998 3482/80/3999 3483/81/4000
f 3469/82/4001 3470/83/4002 3463/84/4003
f 3469/82/4001 3463/84/4003 3466/85/4004
f 3471/86/4005 3468/87/4006 3469/82/4001
f 3474/88/4007 3475/89/4008 3471/86/4005
f 3477/90/4009 3476/91/4010 3479/92/4011
f 3479/92/4011 3474/88/4007 3471/86/4005
f 3471/86/4005 3469/82/4001 3466/85/4004
f 3471/86/4005 3466/85/4004 3472/93/4012
f 3477/90/4009 3479/92/4011 3471/86/4005
f 3464/94/3996 3478/95/3995 3477/90/4009
f 3492/96/4013 3491/97/4014 3464/94/3996
f 3490/98/4015 3489/99/4016 3492/96/4013
f 3483/81/4000 3486/100/4017 3490/98/4015
f 3484/101/4018 3493/102/4019 3483/81/4000
f 3480/103/4020 3494/104/4021 3485/105/4022
f 3485/105/4022 3484/101/4018 3483/81/4000
f 3483/81/4000 3490/98/4015 3492/96/4013
f 3492/96/4013 3464/94/3996 3477/90/4009
f 3477/90/4009 3471/86/4005 3472/93/4012
f 3477/90/4009 3472/93/4012 3473/106/4023
f 3483/81/4000 3492/96/4013 3477/90/4009
f 3480/103/4020 3485/105/4022 3483/81/4000
f 3481/107/4024 3480/103/4020 3483/81/4000
f 3483/81/4000 3477/90/4009 3473/106/4023
f 3483/81/4000 3473/106/4023 3467/108/4025
f 3487/109/4026 3481/107/4024 3483/81/4000
f 3488/110/4027 3487/109/4026 3483/81/4000
f 3483/81/4000 3467/108/4025 3465/79/3998
f 3482/80/3999 3488/110/4027 3483/81/4000
l 3461 3462
g Body.003_Mesh
v -0.474864 0.067611 -1.327914
v -0.500797 -0.013195 -1.350179
v -0.526198 -0.036663 -1.372265
v -0.518496 -0.105223 -1.383376
v -0.510397 -0.125564 -1.354196
v -0.514536 -0.234519 -1.293748
v -0.524048 -0.277290 -1.304927
v -0.520258 -0.294140 -1.299791
v -0.486109 -0.294140 -1.343846
v -0.454282 -0.294140 -1.372878
v -0.320529 -0.294140 -1.423856
v -0.213270 -0.294140 -1.462502
v -0.151349 -0.294140 -1.470347
v 0.000000 -0.294140 -1.475950
v -0.355896 0.046526 -1.005029
v -0.355896 0.085164 0.910542
v -0.321232 0.069026 -1.396124
v -0.474003 0.072026 -1.325680
v -0.245602 0.061493 -1.422161
v -0.502173 -0.017569 -1.352193
v -0.163647 0.063582 -1.447708
v 0.000000 0.058702 -1.455280
v -0.254451 0.066719 -1.417984
v -0.505994 -0.145309 -1.349315
v 0.474864 0.067611 -1.327914
v 0.500797 -0.013195 -1.350179
v 0.526198 -0.036663 -1.372265
v 0.518496 -0.105223 -1.383376
v 0.510397 -0.125564 -1.354196
v 0.486109 -0.234519 -1.327274
v 0.486109 -0.277290 -1.355123
v 0.486109 -0.294140 -1.343846
v 0.454282 -0.294140 -1.372878
v 0.320529 -0.294140 -1.423856
v 0.213270 -0.294140 -1.462502
v 0.151349 -0.294140 -1.470347
v 0.614668 0.058077 -0.887961
v 0.355896 0.046526 -1.005029
v 0.321232 0.069026 -1.396124
v 0.474003 0.072026 -1.325680
v 0.502173 -0.017569 -1.352193
v 0.163647 0.063582 -1.447708
v 0.254451 0.066719 -1.417984
v 0.552683 0.114006 1.443474
v 0.505994 -0.145309 -1.349315
vn 0.7081 0.5530 -0.4391
vn -0.2909 0.1162 -0.9497
vn -0.7584 -0.2804 -0.5884
vn 0.5534 -0.0560 -0.8311
vn 0.0987 0.6054 -0.7898
vn -0.6776 0.5967 -0.4298
vn -0.7649 0.3219 0.5579
vn -0.4637 0.4457 -0.7658
vn -0.6316 0.7601 -0.1526
vn -0.6494 -0.2992 -0.6991
vn -0.4725 0.5634 -0.6777
vn -0.5197 -0.8115 -0.2672
vn -0.2261 -0.8916 -0.3924
vn -0.0049 -0.7828 -0.6222
vn 0.2939 -0.3878 -0.8736
vn 0.2423 0.9674 0.0733
vn 0.4970 -0.8304 -0.2520
vn 0.6342 0.7454 -0.2052
vn 0.6364 0.6166 -0.4635
vn 0.7602 0.3047 0.5739
vn 0.1756 0.8241 -0.5386
vn -0.0767 0.6057 -0.7920
vn -0.4833 -0.7981 -0.3598
vn 0.0518 -0.6152 -0.7867
vn 0.0221 -0.4472 -0.8942
vn -0.7926 -0.4874 -0.3662
vn 0.8836 -0.3471 -0.3143
vn -0.0874 -0.9525 -0.2916
vn 0.8196 -0.1815 -0.5434
vn 0.4755 0.7534 -0.4541
vn 0.3420 0.4850 -0.8048
vn 0.1225 0.7977 -0.5905
vn 0.0087 0.7984 -0.6021
vn -0.1052 0.7992 -0.5919
vn -0.4599 0.7599 -0.4594
vn -0.6346 0.7536 -0.1712
vn -0.7669 0.6183 0.1718
vn -0.9236 -0.3716 0.0946
vn 0.1687 0.2692 -0.9482
vn -0.4462 -0.5256 0.7244
vt 0.592947 0.141583
vt 0.812206 0.155875
vt 0.937898 0.186418
vt 0.983661 0.224816
vt 0.986222 0.260873
vt 0.980098 0.282134
vt 0.979724 0.286249
vt 0.954277 0.301402
vt 0.949501 0.305569
vt 0.922774 0.311231
vt 0.879306 0.309527
vt 0.874899 0.304882
vt 0.834957 0.303442
vt 0.758822 0.295529
vt 0.682581 0.290243
vt 0.638132 0.288064
vt 0.605442 0.284830
vt 0.527295 0.279905
vt 0.527270 0.275738
vt 0.567087 0.204683
vt 0.566812 0.200564
vt 0.568766 0.186895
vt 0.564964 0.169410
vt 0.566350 0.148197
vt 0.572075 0.141913
vt 0.603546 0.139128
vt 0.614904 0.141635
vt 0.962560 0.197260
vt 0.622432 0.140098
vt 0.637738 0.145236
vt 0.662872 0.148633
vt 0.691906 0.148397
vt 0.739097 0.148493
vt 0.789383 0.155335
vt 0.843489 0.161448
vt 0.866606 0.162381
vt 0.881982 0.165030
vt 0.897023 0.170960
vt 0.905971 0.171963
vt 0.917827 0.186168
s 1
g off
g Body.003_elreyMaterial
usemtl elreyMaterial
f 3524/111/4028 3506/112/4029 3518/113/4030
f 3498/114/4031 3497/115/4032 3514/116/4033
f 3514/116/4033 3496/117/4034 3495/118/4035
f 3495/118/4035 3512/119/4036 3511/120/4037
f 3511/120/4037 3517/121/4038 3513/122/4039
f 3513/122/4039 3515/123/4040 3516/124/4041
f 3536/125/4042 3537/126/4043 3533/127/4044
f 3536/125/4042 3533/127/4044 3534/128/4045
f 3519/129/4046 3520/130/4047 3535/131/4048
f 3536/125/4042 3534/128/4045 3519/129/4046
f 3536/125/4042 3519/129/4046 3535/131/4048
f 3535/131/4048 3521/132/4049 3522/133/4050
f 3535/131/4048 3522/133/4050 3523/134/4051
f 3516/124/4041 3536/125/4042 3535/131/4048
f 3495/118/4035 3511/120/4037 3513/122/4039
f 3513/122/4039 3516/124/4041 3535/131/4048
f 3535/131/4048 3523/134/4051 3539/135/4052
f 3524/111/4028 3525/136/4053 3526/137/4054
f 3535/131/4048 3539/135/4052 3524/111/4028
f 3495/118/4035 3513/122/4039 3535/131/4048
f 3498/114/4031 3514/116/4033 3495/118/4035
f 3499/138/4055 3498/114/4031 3495/118/4035
f 3495/118/4035 3535/131/4048 3524/111/4028
f 3524/111/4028 3526/137/4054 3527/139/4056
f 3527/139/4056 3528/140/4057 3529/141/4058
f 3529/141/4058 3530/142/4059 3508/143/4060
f 3508/143/4060 3507/144/4061 3506/112/4029
f 3506/112/4029 3505/145/4062 3504/146/4063
f 3504/146/4063 3503/147/4064 3502/148/4065
f 3502/148/4065 3501/149/4066 3500/150/4067
f 3518/113/4030 3499/138/4055 3495/118/4035
f 3502/148/4065 3500/150/4067 3518/113/4030
f 3506/112/4029 3504/146/4063 3502/148/4065
f 3529/141/4058 3508/143/4060 3506/112/4029
f 3524/111/4028 3527/139/4056 3529/141/4058
f 3518/113/4030 3495/118/4035 3524/111/4028
f 3506/112/4029 3502/148/4065 3518/113/4030
f 3524/111/4028 3529/141/4058 3506/112/4029
g Body.004_Mesh
v -0.365668 0.209975 -0.562601
v -0.219404 0.218855 -0.605010
v -0.255799 0.216921 -0.595019
v 0.000000 0.223424 -0.625031
v -0.365668 0.203538 -0.562601
v -0.219404 0.212862 -0.605010
v -0.255799 0.211921 -0.595019
v -0.501023 0.190371 -0.451182
v -0.443696 0.308659 -0.282001
v -0.358169 0.442880 -0.068354
v -0.345896 0.444854 -0.071942
v -0.136179 0.456314 -0.121731
v 0.000000 0.458728 -0.131744
v -0.257290 0.450786 -0.098449
v 0.000000 0.188497 -0.634654
v -0.365668 0.188497 -0.572224
v -0.219404 0.188497 -0.614633
v -0.255799 0.188497 -0.604641
v 0.000000 0.188497 -0.578019
v -0.361126 0.188497 -0.533757
v -0.215419 0.188497 -0.566063
v -0.246593 0.217324 -0.597546
v -0.246593 0.212159 -0.597546
v -0.246593 0.188497 -0.607169
v 0.503313 0.194531 -0.454081
v 0.365668 0.209975 -0.562601
v 0.219404 0.218855 -0.605010
v 0.255799 0.216921 -0.595019
v 0.455426 0.306518 -0.288279
v 0.365668 0.203538 -0.562601
v 0.219404 0.212862 -0.605010
v 0.255799 0.211921 -0.595019
v 0.501023 0.190371 -0.451182
v 0.443696 0.308659 -0.282001
v 0.358169 0.442880 -0.068354
v 0.345896 0.444854 -0.071942
v 0.136179 0.456314 -0.121731
v 0.257290 0.450786 -0.098449
v 0.365668 0.188497 -0.572224
v 0.219404 0.188497 -0.614633
v 0.255799 0.188497 -0.604641
v 0.361126 0.188497 -0.533757
v 0.215419 0.188497 -0.566063
v 0.246593 0.217324 -0.597546
v 0.246593 0.212159 -0.597546
v 0.246593 0.188497 -0.607169
vn 0.2830 -0.0000 0.9591
vn 0.2723 -0.1883 0.9436
vn 0.2736 -0.0000 0.9619
vn 0.2640 -0.1861 0.9464
vn 0.2647 -0.0000 0.9643
vn 0.4147 -0.4792 0.7736
vn 0.2554 -0.3661 0.8949
vn 0.2492 -0.3625 0.8980
vn -0.0000 -0.2689 0.9632
vn 0.1714 -0.3566 0.9184
vn -0.0000 -0.2656 0.9641
vn 0.5979 -0.4320 0.6752
vn 0.4208 -0.3392 0.8413
vn -0.0000 1.0000 -0.0000
vn 0.0044 1.0000 -0.0005
vn 0.0125 0.9999 -0.0015
vn 0.0072 1.0000 -0.0008
vn 0.1827 -0.1883 0.9650
vn 0.1764 -0.0000 0.9843
vn -0.4512 -0.0000 0.8924
vn -0.2736 -0.0000 0.9619
vn -0.2723 -0.1883 0.9436
vn -0.2647 -0.0000 0.9643
vn -0.2640 -0.1861 0.9464
vn -0.1909 0.7732 -0.6047
vn -0.8915 0.2117 -0.4005
vn -0.8821 0.2302 -0.4110
vn -0.4424 0.6525 0.6153
vn -0.4806 -0.2508 0.8403
vn -0.2554 -0.3661 0.8949
vn -0.4147 -0.4792 0.7736
vn -0.2492 -0.3625 0.8980
vn -0.1714 -0.3566 0.9184
vn -0.5979 -0.4320 0.6752
vn -0.0044 1.0000 -0.0005
vn -0.0072 1.0000 -0.0008
vn -0.0125 0.9999 -0.0015
vn -0.1827 -0.1883 0.9650
vn -0.1764 -0.0000 0.9843
vn -0.1817 0.7759 -0.6041
vn -0.4359 0.6636 0.6080
vn -0.0228 0.8955 -0.4445
vn 0.1613 0.5919 -0.7897
vn 0.1080 0.8013 -0.5885
vn 0.0004 0.9999 -0.0171
vn -0.0004 0.9999 -0.0171
vn -0.0081 0.9993 -0.0363
vn 0.6151 0.5330 -0.5811
vn -0.2040 0.8308 -0.5178
vn -0.2902 0.0692 -0.9545
vn -0.1680 0.8434 -0.5103
vn 0.0117 0.9002 -0.4353
vn 0.0081 0.9993 -0.0363
vn 0.2040 0.8308 -0.5178
vn -0.6151 0.5330 -0.5811
vn 0.2902 0.0692 -0.9545
vn -0.0826 0.8182 -0.5690
vn 0.0362 0.7364 -0.6755
vt 0.064844 0.379239
vt 0.192969 0.379239
vt 0.192969 0.507364
vt 0.785552 0.383848
vt 0.920083 0.383848
vt 0.920083 0.518380
vt 0.671700 0.401304
vt 0.443489 0.495710
vt 0.390473 0.498217
vt 0.411844 0.393645
vt 0.505209 0.396325
vt 0.598472 0.398808
vt 0.661840 0.395462
vt 0.650787 0.425087
vt 0.607100 0.483239
vt 0.601586 0.482651
vt 0.580323 0.488135
vt 0.310475 0.389746
vt 0.348197 0.390198
vt 0.322392 0.491929
vt 0.309934 0.422415
vt 0.327928 0.491417
vt 0.553834 0.488774
vt 0.502574 0.495020
s 1
g off
g Body.004_elreyMaterial
usemtl elreyMaterial
f 3540/151/4068 3546/152/4069 3542/153/4070
f 3542/151/4070 3562/152/4071 3561/153/4072
f 3546/154/4069 3555/155/4073 3557/156/4074
f 3562/154/4071 3557/155/4074 3563/156/4075
f 3543/154/4076 3556/155/4077 3554/156/4078
f 3547/154/4079 3555/155/4073 3544/156/4080
s 2
f 3556/154/4081 3558/155/4081 3554/156/4081
f 3555/154/4082 3547/155/4083 3559/156/4084
f 3560/154/4081 3557/155/4081 3559/156/4084
s 1
f 3545/154/4085 3563/155/4075 3556/156/4077
f 3561/151/4072 3545/152/4085 3541/153/4086
f 3540/151/4068 3544/152/4080 3546/153/4069
f 3542/151/4070 3546/152/4069 3562/153/4071
f 3541/151/4086 3545/152/4085 3543/153/4076
f 3546/154/4069 3544/155/4080 3555/156/4073
f 3562/154/4071 3546/155/4069 3557/156/4074
f 3543/154/4076 3545/155/4085 3556/156/4077
s 2
f 3556/154/4081 3560/155/4081 3558/156/4081
f 3560/154/4081 3556/155/4081 3563/156/4081
f 3563/154/4081 3557/155/4081 3560/156/4081
f 3557/154/4081 3555/155/4082 3559/156/4084
s 1
f 3545/154/4085 3562/155/4071 3563/156/4075
f 3561/151/4072 3562/152/4071 3545/153/4085
f 3565/151/4087 3567/152/4088 3571/153/4089
f 3567/151/4088 3583/152/4090 3584/153/4091
s 3
f 3568/154/4092 3564/155/4093 3572/156/4094
s 1
f 3564/151/4095 3565/152/4087 3569/153/4096
f 3571/154/4089 3580/155/4097 3578/156/4098
f 3584/154/4091 3585/155/4099 3580/156/4097
f 3543/154/4076 3554/155/4078 3579/156/4100
f 3572/154/4101 3569/155/4096 3578/156/4098
s 2
f 3579/154/4081 3554/155/4081 3558/156/4081
f 3578/154/4102 3581/155/4103 3572/156/4104
f 3582/154/4081 3581/155/4103 3580/156/4081
s 1
f 3570/154/4105 3579/155/4100 3585/156/4099
f 3583/151/4090 3566/152/4106 3570/153/4105
f 3565/151/4087 3571/152/4089 3569/153/4096
f 3567/151/4088 3584/152/4091 3571/153/4089
f 3566/151/4106 3543/152/4076 3570/153/4105
s 3
f 3568/154/4092 3572/155/4094 3573/156/4107
s 1
f 3564/151/4095 3569/152/4096 3572/153/4108
f 3571/154/4089 3578/155/4098 3569/156/4096
f 3584/154/4091 3580/155/4097 3571/156/4089
f 3543/154/4076 3579/155/4100 3570/156/4105
s 2
f 3579/154/4081 3558/155/4081 3582/156/4081
f 3582/154/4081 3585/155/4081 3579/156/4081
f 3585/154/4081 3582/155/4081 3580/156/4081
f 3580/154/4081 3581/155/4103 3578/156/4102
s 1
f 3570/154/4105 3585/155/4099 3584/156/4091
f 3583/151/4090 3570/152/4105 3584/153/4091
s 4
f 3547/157/4109 3576/158/4110 3577/159/4111
f 3582/160/4112 3558/161/4081 3560/162/4113
f 3560/162/4113 3559/163/4114 3547/157/4109
f 3547/157/4109 3548/164/4115 3549/165/4116
f 3549/165/4116 3550/166/4117 3553/167/4118
f 3547/157/4109 3549/165/4116 3553/167/4118
f 3582/160/4112 3560/162/4113 3547/157/4109
f 3572/168/4119 3581/169/4120 3582/160/4112
f 3574/170/4121 3573/171/4122 3572/168/4119
f 3577/159/4111 3575/172/4123 3574/170/4121
f 3577/159/4111 3574/170/4121 3572/168/4119
f 3572/168/4119 3582/160/4112 3547/157/4109
f 3547/157/4109 3553/167/4118 3551/173/4124
f 3547/157/4109 3551/173/4124 3552/174/4125
f 3577/159/4111 3572/168/4119 3547/157/4109
f 3547/157/4109 3552/174/4125 3576/158/4110
