# Blender 5.0.1
# www.blender.org
mtllib autoElRey.mtl
g Body_Mesh
v 0.474864 0.067611 1.327914
v 0.503313 0.194531 0.454081
v 0.000000 0.063477 1.453998
v 0.000000 0.225692 0.625031
v 0.164044 0.058842 1.449296
v 0.322080 0.064457 1.397971
v 0.365668 0.209975 0.562601
v 0.219404 0.218855 0.605010
v 0.492198 0.126284 1.120117
v 0.499668 0.156712 0.900762
v 0.501627 0.178855 0.684996
v 0.483667 0.098895 1.243459
v 0.255799 0.216921 0.595019
v 0.499304 0.058639 1.306393
v 0.526742 0.186472 0.454081
v 0.519023 0.120907 1.107780
v 0.526036 0.150162 0.889881
v 0.527743 0.172131 0.671981
v 0.509512 0.090538 1.223148
v 0.586038 0.105428 0.465108
v 0.609830 0.015706 1.078044
v 0.621922 0.079527 0.888191
v 0.612212 0.102069 0.668341
v 0.583351 0.006015 1.153558
v 0.586359 -0.015492 0.470085
v 0.605911 -0.015492 0.657431
v 0.574091 -0.088845 0.466281
v 0.591518 -0.089300 0.603852
v 0.550433 -0.208564 0.446653
v 0.526377 0.197378 -0.004988
v 0.582638 0.124278 -0.004988
v 0.583425 -0.015492 -0.004988
v 0.573484 -0.088829 -0.004988
v 0.549907 -0.208480 -0.004988
v 0.522395 0.207904 -0.411593
v 0.578657 0.136347 -0.433252
v 0.579444 -0.015492 -0.433041
v 0.573484 -0.088829 -0.429427
v 0.549907 -0.208480 -0.352632
v 0.518615 0.217838 -0.765444
v 0.592747 0.060794 -0.623089
v 0.597770 -0.015492 -0.696437
v 0.581814 -0.088829 -0.636963
v 0.549907 -0.208480 -0.580724
v 0.511426 0.226016 -1.027232
v 0.609549 0.111957 -1.045812
v 0.495505 0.228484 -1.315692
v 0.579782 0.113974 -1.306325
v 0.585618 -0.015841 -1.289722
v 0.572199 -0.071166 -1.282286
v 0.598380 -0.016575 -1.190707
v 0.596018 0.113158 -1.201010
v 0.590019 -0.078596 -1.179751
v 0.501925 0.227489 -1.199377
v 0.578624 0.158908 -1.037453
v 0.564929 0.161436 -1.200258
v 0.588815 0.151849 -0.777853
v 0.553658 0.162391 -1.312923
v 0.482703 0.223539 -1.427386
v 0.556124 0.114190 -1.440413
v 0.560475 -0.015492 -1.417845
v 0.547599 -0.067635 -1.410999
v 0.536259 0.161089 -1.447001
v 0.573484 -0.088829 0.415860
v 0.586072 -0.015492 0.423613
v 0.585285 0.107326 0.415860
v 0.529024 0.187539 0.409175
v 0.549907 -0.208480 0.397387
v 0.455426 0.306518 0.288279
v 0.471052 0.306518 0.277782
v 0.479097 0.306518 0.248104
v 0.363461 0.453415 0.063283
v 0.383112 0.447258 0.051575
v 0.387681 0.444514 0.003445
v 0.351043 0.465619 0.017866
v 0.370829 0.462512 0.006947
v 0.384444 0.448751 -0.018601
v 0.350264 0.454472 0.067141
v 0.342380 0.463913 0.020953
v 0.135049 0.466612 0.119921
v 0.135049 0.476054 0.073732
v 0.000000 0.469390 0.131444
v 0.000000 0.478831 0.085255
v 0.249155 0.470292 0.049455
v 0.254990 0.460851 0.095643
v 0.337211 0.479497 -0.118671
v 0.356997 0.475412 -0.129498
v 0.377397 0.459414 -0.153708
v 0.328548 0.474673 -0.115369
v 0.121217 0.491501 -0.063892
v 0.000000 0.495302 -0.052664
v 0.241157 0.483584 -0.087554
v 0.332393 0.483094 -0.312043
v 0.352179 0.479010 -0.322869
v 0.372765 0.462958 -0.352914
v 0.323730 0.478271 -0.308741
v 0.116399 0.495099 -0.257263
v 0.000000 0.498899 -0.246036
v 0.236340 0.487182 -0.280926
v 0.325400 0.481700 -0.466105
v 0.354000 0.477616 -0.476932
v 0.377475 0.461617 -0.501142
v 0.316737 0.476876 -0.462803
v 0.114712 0.493704 -0.411326
v 0.000000 0.497505 -0.400099
v 0.234653 0.485787 -0.434989
v 0.320644 0.457640 -0.650038
v 0.356537 0.449247 -0.650791
v 0.376675 0.441804 -0.654046
v 0.313022 0.458562 -0.651593
v 0.135049 0.473891 -0.674586
v 0.000000 0.477692 -0.678559
v 0.254990 0.465974 -0.660924
v 0.377075 0.457949 -0.577594
v 0.355735 0.470024 -0.565902
v 0.124880 0.490036 -0.542956
v 0.000000 0.493837 -0.539329
v 0.323022 0.477570 -0.558072
v 0.315401 0.473208 -0.557198
v 0.244821 0.482119 -0.547956
v 0.471243 0.238314 -0.980563
v 0.513968 0.224872 -0.934648
v 0.491465 0.232347 -0.930373
v 0.464229 0.334063 -0.649403
v 0.445111 0.338713 -0.752795
v 0.421493 0.352536 -0.794751
v 0.472017 0.244322 -1.071429
v 0.471750 0.242693 -1.200471
v 0.469765 0.237182 -1.310235
v 0.466683 0.225440 -1.434545
v 0.462256 0.104391 -1.464798
v 0.389272 0.251635 -1.094717
v 0.389272 0.250848 -1.134447
v 0.389272 0.249219 -1.221394
v 0.189937 0.257399 -1.138845
v 0.189937 0.256613 -1.178575
v 0.189937 0.254984 -1.252517
v 0.000000 0.259151 -1.146875
v 0.000000 0.258365 -1.186605
v 0.000000 0.256736 -1.260547
v 0.389272 0.245961 -1.312492
v 0.189937 0.251726 -1.343614
v 0.000000 0.253478 -1.351644
v 0.387975 0.229215 -1.448964
v 0.387975 0.166427 -1.487203
v 0.285553 0.233249 -1.461948
v 0.286385 0.105032 -1.493054
v 0.187816 0.236307 -1.469012
v 0.187816 0.170724 -1.505186
v 0.000000 0.237218 -1.469946
v 0.000000 0.170724 -1.506120
v 0.187816 0.102246 -1.520465
v 0.000000 0.102246 -1.521399
v 0.187816 0.039641 -1.521809
v 0.000000 0.039641 -1.522743
v 0.285568 0.039641 -1.512199
v 0.187816 0.023134 -1.560491
v 0.000000 0.023134 -1.564833
v 0.284136 0.023134 -1.552993
v 0.187816 -0.020641 -1.563728
v 0.000000 -0.020641 -1.568070
v 0.280925 -0.020641 -1.556612
v 0.187816 -0.061827 -1.550215
v 0.280925 -0.061827 -1.543099
v 0.187816 -0.116326 -1.513502
v 0.000000 -0.116326 -1.517844
v 0.280925 -0.116326 -1.506722
v 0.187816 -0.139468 -1.542713
v 0.000000 -0.139468 -1.547055
v 0.280925 -0.139468 -1.535932
v 0.187816 -0.170415 -1.510589
v 0.000000 -0.170415 -1.514931
v 0.280925 -0.170415 -1.503809
v 0.459689 0.039641 -1.491489
v 0.459689 0.023134 -1.532112
v 0.459689 -0.020641 -1.535349
v 0.459689 -0.061827 -1.521836
v 0.459689 -0.116326 -1.485459
v 0.459689 -0.139468 -1.514669
v 0.459689 -0.170415 -1.482546
v 0.535060 0.039641 -1.455777
v 0.530647 0.023134 -1.488608
v 0.536242 -0.020641 -1.489139
v 0.529225 -0.061827 -1.475626
v 0.505532 -0.118795 -1.447864
v 0.524484 -0.136476 -1.468459
v 0.504181 -0.173057 -1.439189
v 0.560130 0.037998 -1.429434
v 0.531330 -0.123829 -1.402116
v 0.546164 -0.139958 -1.396335
v 0.525861 -0.179682 -1.384893
v 0.551854 -0.151290 -1.205425
v 0.535539 -0.201244 -1.216071
v 0.382714 0.039641 -1.500644
v 0.535732 0.112326 -1.457146
v 0.554951 -0.007709 1.226347
v 0.586299 -0.028174 1.215712
v 0.618184 0.048833 1.008322
v 0.613887 -0.018755 1.084429
v 0.598766 -0.023860 1.149100
v 0.523677 -0.013114 1.330585
v 0.549708 -0.036663 1.336211
v 0.548797 -0.008979 1.285999
v 0.567613 -0.032418 1.286750
v 0.500797 -0.013195 1.350179
v 0.526198 -0.036663 1.372265
v 0.539033 -0.105223 1.349264
v 0.518496 -0.105223 1.383376
v 0.586682 -0.107998 1.224841
v 0.606923 -0.110051 1.131726
v 0.600234 -0.109976 1.161074
v 0.567613 -0.106048 1.297775
v 0.530934 -0.125564 1.320083
v 0.510397 -0.125564 1.354196
v 0.576151 -0.124769 1.224841
v 0.604236 -0.125112 1.133197
v 0.597370 -0.124792 1.161074
v 0.553570 -0.124750 1.283569
v 0.514536 -0.234519 1.293748
v 0.586013 -0.234519 1.137483
v 0.563549 -0.234519 1.214295
v 0.581495 -0.234519 1.161074
v 0.536795 -0.234519 1.260170
v 0.524048 -0.277290 1.304927
v 0.520258 -0.294140 1.299791
v 0.486109 -0.294140 1.343846
v 0.454282 -0.294140 1.372878
v 0.320529 -0.294140 1.423856
v 0.213270 -0.294140 1.462502
v 0.151349 -0.294140 1.470347
v 0.000000 -0.294140 1.475950
v 0.588451 -0.277290 1.139883
v 0.586106 -0.294140 1.139365
v 0.585979 -0.277290 1.161074
v 0.573055 -0.277290 1.210221
v 0.549587 -0.277290 1.260170
v 0.544420 -0.294140 1.260170
v 0.568947 -0.294140 1.210221
v 0.582742 -0.294140 1.161074
v 0.257627 0.062251 1.419119
v 0.619443 0.051548 0.748120
v 0.522025 0.208877 -0.446244
v 0.463380 0.331923 -0.373940
v 0.463035 0.332829 -0.404416
v 0.373198 0.462562 -0.324207
v 0.615306 0.042249 -1.047114
v 0.607493 -0.016131 -1.132357
v 0.614134 0.049174 -0.805315
v 0.614281 0.070098 -0.910707
v 0.619668 0.058077 0.887961
v 0.614276 -0.026441 0.683593
v 0.610374 -0.092599 0.642208
v 0.564521 -0.206939 0.581365
v 0.616291 0.028586 0.994701
v 0.612582 -0.031872 1.065326
v 0.606029 -0.110351 1.105407
v 0.603866 -0.124934 1.111612
v 0.587070 -0.234519 1.114930
v 0.589303 -0.277290 1.116008
v 0.587155 -0.294140 1.116298
v 0.618124 0.034689 0.762446
v 0.573728 -0.248481 -0.385934
v 0.567560 -0.248481 -0.004988
v 0.566686 -0.241387 -0.004988
v 0.572854 -0.241387 -0.385934
v 0.599308 -0.219555 -0.625578
v 0.572854 -0.241387 0.397387
v 0.598287 -0.218432 0.586472
v 0.594074 -0.273073 -0.640230
v 0.573728 -0.248481 0.397387
v 0.593053 -0.271951 0.574646
v 0.558282 -0.272045 -0.385934
v 0.545838 -0.272045 -0.004988
v 0.558282 -0.272045 0.397387
v 0.615052 -0.025043 -0.717652
v 0.612578 -0.090176 -0.672271
v 0.600325 -0.208047 -0.643352
v 0.589926 -0.082455 -1.142273
v 0.554138 -0.148946 -1.166767
v 0.538839 -0.206261 -1.180590
v 0.613638 0.028420 -1.039260
v 0.606311 -0.025836 -1.107045
v 0.614134 0.033512 -0.811168
v 0.614281 0.055023 -0.910789
v 0.604907 -0.206939 0.619673
v 0.598995 -0.261167 0.611278
v 0.614668 0.058077 0.887961
v 0.609276 -0.026441 0.683593
v 0.605374 -0.092599 0.642208
v 0.611291 0.028586 0.994701
v 0.607582 -0.031872 1.065326
v 0.601029 -0.110351 1.105407
v 0.598866 -0.124934 1.111612
v 0.582070 -0.234852 1.114930
v 0.584303 -0.275974 1.116008
v 0.582155 -0.294690 1.116298
v 0.615483 0.034689 0.762446
v 0.599907 -0.206939 0.619673
v 0.593995 -0.261167 0.611278
v 0.566419 0.079617 0.885257
v 0.560369 -0.015220 0.655936
v 0.555991 -0.089455 0.609499
v 0.562630 0.046526 1.005029
v 0.558251 -0.021314 1.084277
v 0.551114 -0.109375 1.129252
v 0.548687 -0.125738 1.136214
v 0.530708 -0.249077 1.139937
v 0.530708 -0.280716 1.141147
v 0.530708 -0.293740 1.141472
v 0.567334 0.053373 0.744417
v 0.549856 -0.217756 0.584212
v 0.543222 -0.270628 0.574792
v 0.589074 -0.273073 -0.640230
v 0.610052 -0.025043 -0.717652
v 0.607578 -0.090176 -0.672271
v 0.595325 -0.208047 -0.643352
v 0.584926 -0.082455 -1.142273
v 0.549138 -0.148946 -1.166767
v 0.533839 -0.206261 -1.180590
v 0.608638 0.028420 -1.039260
v 0.601311 -0.025836 -1.107045
v 0.608946 0.033512 -0.811168
v 0.608453 0.055023 -0.910789
v 0.538733 -0.272179 -0.582038
v 0.564205 -0.012048 -0.676042
v 0.561201 -0.091131 -0.620941
v 0.546324 -0.234246 -0.585829
v 0.533697 -0.081757 -1.191601
v 0.490245 -0.162488 -1.221340
v 0.471669 -0.197195 -1.238124
v 0.562488 0.052863 -1.066526
v 0.553592 -0.013012 -1.148829
v 0.562862 0.059046 -0.789585
v 0.562263 0.085164 -0.910542
v 0.355896 0.079617 0.885257
v 0.355896 -0.015220 0.655936
v 0.355896 -0.089455 0.609499
v 0.355896 0.046526 1.005029
v 0.355896 -0.021314 1.084277
v 0.355896 -0.109375 1.129252
v 0.355896 -0.125738 1.136214
v 0.355896 -0.249077 1.139937
v 0.355896 -0.280716 1.141147
v 0.355896 -0.293740 1.141472
v 0.355896 0.053373 0.744417
v 0.355896 -0.217756 0.584212
v 0.355896 -0.270628 0.574792
v 0.355896 -0.272179 -0.582038
v 0.355896 -0.012048 -0.676042
v 0.355896 -0.091131 -0.620941
v 0.355896 -0.234246 -0.585829
v 0.355896 -0.081757 -1.191601
v 0.355896 -0.162488 -1.221340
v 0.355896 -0.197195 -1.238124
v 0.355896 0.052863 -1.066526
v 0.355896 -0.013012 -1.148829
v 0.355896 0.059046 -0.789585
v 0.355896 0.085164 -0.910542
v 0.000000 -0.293740 1.141472
v 0.000000 -0.270628 0.574792
v 0.000000 -0.272179 -0.582038
v 0.000000 -0.197195 -1.238124
v 0.509023 0.223588 -0.748258
v 0.373383 0.454097 -0.362446
v 0.377763 0.452849 -0.502457
v 0.458444 0.334224 -0.640340
v 0.512195 0.215254 -0.449244
v 0.457334 0.333077 -0.410343
v 0.515976 0.203008 -0.009510
v 0.512273 0.212797 -0.399440
v 0.518438 0.193858 0.378086
v 0.472006 0.308757 0.228290
v 0.386988 0.437093 -0.001668
v 0.383978 0.441033 -0.022170
v 0.377425 0.450950 -0.147820
v 0.457389 0.332383 -0.364422
v 0.373520 0.453878 -0.318171
v 0.461958 0.323546 -0.063312
v 0.000000 0.223424 0.625031
v 0.365668 0.203538 0.562601
v 0.219404 0.212862 0.605010
v 0.255799 0.211921 0.595019
v 0.501023 0.190371 0.451182
v 0.443696 0.308659 0.282001
v 0.358169 0.442880 0.068354
v 0.345896 0.444854 0.071942
v 0.136179 0.456314 0.121731
v 0.000000 0.458728 0.131744
v 0.257290 0.450786 0.098449
v 0.000000 0.188497 0.634654
v 0.365668 0.188497 0.572224
v 0.219404 0.188497 0.614633
v 0.255799 0.188497 0.604641
v 0.000000 0.188497 0.578019
v 0.361126 0.188497 0.533757
v 0.215419 0.188497 0.566063
v 0.316146 0.446412 -0.652840
v 0.351946 0.439213 -0.653624
v 0.368256 0.433185 -0.663091
v 0.309132 0.448165 -0.654286
v 0.134368 0.463252 -0.675906
v 0.000000 0.466561 -0.679364
v 0.255088 0.455663 -0.662964
v 0.454982 0.236624 -0.982209
v 0.409936 0.350166 -0.793947
v 0.380011 0.247013 -1.082740
v 0.194625 0.252290 -1.123778
v 0.000000 0.254041 -1.131248
v 0.319874 0.367160 -0.849545
v 0.162535 0.372436 -0.889898
v 0.000000 0.374188 -0.896447
v 0.246593 0.217324 0.597546
v 0.246593 0.212159 0.597546
v 0.246593 0.188497 0.607169
v 0.321232 0.069026 1.396124
v 0.474003 0.072026 1.325680
v 0.245602 0.061493 1.422161
v 0.498848 0.062670 1.303429
v 0.562892 -0.009079 1.216733
v 0.551248 -0.013324 1.286519
v 0.525598 -0.017569 1.331927
v 0.502173 -0.017569 1.352193
v 0.163647 0.063582 1.447708
v 0.000000 0.058702 1.455280
v 0.254451 0.066719 1.417984
v 0.164044 0.058842 1.413613
v 0.000000 0.058702 1.419597
v 0.245602 0.061493 1.386478
v 0.469190 0.048662 -1.485188
v 0.408752 0.103358 -1.493045
v 0.348646 0.101859 -1.500496
v 0.386638 0.130257 -1.493091
v 0.371544 0.102528 -1.498513
v 0.400669 0.103291 -1.494603
v 0.395366 0.125316 -1.492270
v 0.371853 0.085738 -1.500076
v 0.371152 0.125322 -1.496070
v 0.396066 0.085943 -1.496267
v 0.250403 0.152493 -1.507196
v 0.231029 0.102246 -1.513518
v 0.293652 0.166338 -1.500762
v 0.244234 0.068434 -1.516027
v 0.460428 0.163427 -1.472373
v 0.501349 0.148520 -1.464163
v 0.520865 0.108731 -1.464516
v 0.428268 0.063569 -1.493398
v 0.422073 0.144720 -1.484336
v 0.507544 0.067369 -1.473225
v 0.334346 0.145365 -1.497987
v 0.328176 0.061305 -1.506819
v 0.284927 0.047460 -1.513252
v 0.400190 0.130257 -1.490605
v 0.395755 0.103291 -1.495526
v 0.366572 0.102493 -1.499045
v 0.366957 0.080698 -1.500915
v 0.384610 0.080849 -1.498605
v 0.366082 0.130257 -1.495952
v 0.401065 0.080990 -1.495534
v 0.461083 0.243537 -1.203177
v 0.460726 0.238168 -1.310488
v 0.461212 0.245174 -1.079658
v 0.453931 0.163696 -1.473703
v 0.458511 0.225832 -1.436042
v 0.460492 0.240061 -0.995535
v 0.450043 0.160178 -1.475231
v 0.552683 0.114006 -1.443474
v 0.481670 0.159145 -1.467707
v 0.534916 0.156770 -1.448681
v 0.301569 0.162258 -1.500223
v 0.387788 0.161366 -1.488027
v 0.187816 0.107670 -1.519288
v 0.227350 0.107670 -1.512683
v 0.000000 0.107670 -1.519945
v 0.383098 0.048002 -1.500230
v 0.458405 0.052591 -1.487352
v 0.310480 0.052274 -1.509803
v 0.383308 0.052567 -1.500005
v 0.535312 0.050086 -1.456590
v 0.556355 0.049136 -1.434988
v 0.535452 0.055872 -1.457040
v 0.556344 0.055029 -1.435858
v 0.479811 0.053842 -1.481876
v 0.560059 0.049111 -1.431208
v 0.560020 0.055156 -1.432173
v 0.565866 -0.201079 0.581683
v 0.552278 -0.202168 -0.584327
v 0.551329 -0.201262 0.398502
v 0.551582 -0.201217 0.447620
v 0.551186 -0.201987 -0.355715
v 0.551256 -0.201634 -0.004988
v 0.554673 0.150769 0.443514
v 0.585957 0.105633 0.459798
v 0.551549 -0.201223 0.441369
v 0.528973 0.187730 0.401131
v 0.574012 -0.088843 0.459768
v 0.550362 -0.208553 0.439983
v 0.534027 0.180407 0.409770
v 0.586328 -0.015492 0.464975
v 0.556347 0.148238 0.438592
v 0.551188 -0.201978 -0.346624
v 0.522464 0.207722 -0.404588
v 0.573484 -0.088829 -0.421572
v 0.549907 -0.208480 -0.342969
v 0.579512 -0.015492 -0.425717
v 0.578719 0.136157 -0.426512
v 0.187816 -0.018622 -1.534575
v 0.000000 -0.018082 -1.538884
v 0.187816 -0.061169 -1.529436
v 0.000000 -0.060629 -1.533744
v 0.478663 0.070271 1.321507
v 0.497272 0.125267 1.117784
v 0.507544 0.193076 0.454081
v 0.505183 0.155342 0.898486
v 0.488544 0.097318 1.239626
v 0.507063 0.177455 0.682287
v 0.514030 0.129914 -1.463482
v 0.516880 0.085781 -1.468506
v 0.490937 0.055604 -1.478855
v 0.446691 0.053419 -1.490105
v 0.415654 0.082074 -1.494076
v 0.412372 0.125154 -1.489296
v 0.439274 0.156782 -1.478521
v 0.315010 0.159585 -1.498907
v 0.344756 0.125812 -1.498694
v 0.341116 0.078557 -1.503687
v 0.261739 0.055287 -1.515218
v 0.233672 0.085190 -1.515178
v 0.235729 0.132141 -1.510069
v 0.269096 0.162441 -1.504000
v 0.241465 0.132495 -1.510334
v 0.235412 0.112419 -1.512983
v 0.273245 0.158382 -1.504113
v 0.254750 0.148635 -1.507220
v 0.237512 0.091463 -1.514762
v 0.247445 0.072819 -1.515402
v 0.481558 0.154125 -1.468603
v 0.498519 0.143350 -1.465802
v 0.510353 0.126888 -1.465013
v 0.515258 0.107246 -1.466356
v 0.448119 0.057876 -1.489430
v 0.431158 0.068652 -1.492231
v 0.419324 0.085114 -1.493020
v 0.414419 0.104755 -1.491677
v 0.417191 0.124587 -1.488407
v 0.427216 0.141588 -1.483707
v 0.442969 0.153172 -1.478293
v 0.462051 0.157574 -1.472990
v 0.512487 0.087415 -1.469626
v 0.502461 0.070413 -1.474326
v 0.486708 0.058830 -1.479740
v 0.467626 0.054427 -1.485044
v 0.314235 0.153961 -1.499743
v 0.330490 0.140466 -1.499145
v 0.340423 0.121821 -1.499784
v 0.342523 0.100866 -1.501563
v 0.336470 0.080790 -1.504212
v 0.323185 0.064650 -1.507327
v 0.263700 0.059324 -1.514803
v 0.304690 0.054903 -1.510433
v 0.294133 0.160252 -1.501488
v 0.283802 0.053032 -1.513059
v 0.535962 0.193173 0.288944
v 0.552701 0.279650 0.288944
v 0.540352 0.198173 0.247058
v 0.555660 0.274650 0.241540
v 0.642325 0.193173 0.232711
v 0.642325 0.279650 0.232711
v 0.637432 0.198173 0.214294
v 0.637505 0.274650 0.214287
v 0.566204 0.201345 0.298146
v 0.582943 0.271466 0.298146
v 0.634328 0.271471 0.248580
v 0.634328 0.201351 0.248580
v 0.531503 0.237885 0.288944
v 0.536509 0.236873 0.248071
v 0.647862 0.237839 0.210859
v 0.654361 0.237885 0.232711
v 0.566562 0.237607 0.311728
v 0.644593 0.237885 0.248580
v 0.517786 0.195744 0.213589
v 0.512434 0.188677 0.303771
v 0.492065 0.261017 0.225440
v 0.513179 0.193571 0.399465
v 0.496011 0.250367 0.303771
v 0.505640 0.229834 0.335492
v 0.524198 0.190925 0.296358
v 0.524313 0.190925 0.255920
v 0.519880 0.235638 0.257111
v 0.519739 0.235638 0.296358
v 0.533962 0.197458 0.312792
v 0.534321 0.233721 0.315705
v 0.475024 0.305724 0.230390
v 0.531644 0.237885 0.249698
v 0.536077 0.193173 0.248506
v 0.641043 0.193173 0.213095
v 0.552817 0.279650 0.242478
v 0.641043 0.279650 0.213095
v 0.652794 0.237885 0.209209
v 0.538096 0.236885 0.252813
v 0.649449 0.237850 0.215601
v 0.541939 0.198185 0.251799
v 0.639019 0.198185 0.219035
v 0.557247 0.274662 0.246282
v 0.639092 0.274662 0.219029
v 0.578078 0.119318 -0.246094
v 0.571465 0.141646 -0.245653
v 0.577619 0.121794 -0.378319
v 0.571006 0.144122 -0.377878
v 0.586876 0.122140 -0.253779
v 0.580265 0.144467 -0.253316
v 0.585348 0.123904 -0.371937
v 0.578736 0.146232 -0.371478
v 0.588910 0.119394 -0.350067
v 0.589173 0.117979 -0.274494
v 0.578465 0.149807 -0.273860
v 0.578203 0.151223 -0.349434
v 0.598248 0.120349 -0.274481
v 0.597986 0.121765 -0.350054
v 0.587278 0.153593 -0.349421
v 0.587541 0.152178 -0.273847
v 0.574772 0.130482 -0.245873
v 0.574313 0.132958 -0.378098
v 0.584060 0.135666 -0.371711
v 0.586007 0.134025 -0.253551
v 0.595071 0.138316 -0.349734
v 0.595334 0.136901 -0.274161
v 0.583819 0.133893 -0.274177
v 0.583556 0.135309 -0.349750
v 0.589119 0.116108 -0.312329
v 0.578267 0.152751 -0.311605
v 0.598185 0.118793 -0.312310
v 0.587333 0.155435 -0.311586
v 0.583693 0.134430 -0.311967
v 0.595196 0.137836 -0.311943
v 0.470741 0.128812 -1.459513
v 0.479348 0.123344 -1.458092
v 0.485354 0.114990 -1.457692
v 0.487843 0.105023 -1.458373
v 0.453772 0.079969 -1.470082
v 0.445164 0.085437 -1.471504
v 0.439159 0.093791 -1.471904
v 0.436670 0.103759 -1.471223
v 0.438076 0.113822 -1.469563
v 0.443164 0.122450 -1.467178
v 0.451158 0.128329 -1.464431
v 0.460842 0.130563 -1.461739
v 0.486436 0.094959 -1.460032
v 0.481349 0.086331 -1.462418
v 0.473355 0.080453 -1.465165
v 0.463671 0.078219 -1.467856
v 0.261342 0.118661 -1.494668
v 0.258151 0.108078 -1.496064
v 0.278096 0.132309 -1.491388
v 0.268346 0.127170 -1.493026
v 0.259258 0.097030 -1.497002
v 0.264495 0.087201 -1.497339
v 0.299706 0.129978 -1.489084
v 0.308275 0.122864 -1.488769
v 0.313512 0.113035 -1.489106
v 0.314619 0.101987 -1.490044
v 0.311428 0.091403 -1.491441
v 0.304424 0.082894 -1.493083
v 0.273065 0.080086 -1.497024
v 0.294674 0.077756 -1.494720
v 0.289108 0.133295 -1.490004
v 0.283662 0.076770 -1.496104
v 0.603569 0.107698 -0.789645
v 0.582548 0.156190 -0.937504
v 0.607869 0.109977 -0.926709
v 0.602206 0.048292 -1.195859
v 0.587706 0.049066 -1.298023
v -0.474864 0.067611 1.327914
v -0.503313 0.194531 0.454081
v -0.164044 0.058842 1.449296
v -0.322080 0.064457 1.397971
v -0.365668 0.209975 0.562601
v -0.219404 0.218855 0.605010
v -0.492198 0.126284 1.120117
v -0.499668 0.156712 0.900762
v -0.501627 0.178855 0.684996
v -0.483667 0.098895 1.243459
v -0.255799 0.216921 0.595019
v -0.499304 0.058639 1.306393
v -0.526742 0.186472 0.454081
v -0.519023 0.120907 1.107780
v -0.526036 0.150162 0.889881
v -0.527743 0.172131 0.671981
v -0.509512 0.090538 1.223148
v -0.586038 0.105428 0.465108
v -0.609830 0.015706 1.078044
v -0.621922 0.079527 0.888191
v -0.612212 0.102069 0.668341
v -0.583351 0.006015 1.153558
v -0.586359 -0.015492 0.470085
v -0.605911 -0.015492 0.657431
v -0.574091 -0.088845 0.466281
v -0.591518 -0.089300 0.603852
v -0.550433 -0.208564 0.446653
v -0.526377 0.197378 -0.004988
v -0.582638 0.124278 -0.004988
v -0.583425 -0.015492 -0.004988
v -0.573484 -0.088829 -0.004988
v -0.549907 -0.208480 -0.004988
v -0.522395 0.207904 -0.411593
v -0.578657 0.136347 -0.433252
v -0.579444 -0.015492 -0.433041
v -0.573484 -0.088829 -0.429427
v -0.549907 -0.208480 -0.352632
v -0.518615 0.217838 -0.765444
v -0.592747 0.060794 -0.623089
v -0.597770 -0.015492 -0.696437
v -0.581814 -0.088829 -0.636963
v -0.549907 -0.208480 -0.580724
v -0.511426 0.226016 -1.027232
v -0.609549 0.111957 -1.045812
v -0.495505 0.228484 -1.315692
v -0.579782 0.113974 -1.306325
v -0.585618 -0.015841 -1.289722
v -0.572199 -0.071166 -1.282286
v -0.598380 -0.016575 -1.190707
v -0.596018 0.113158 -1.201010
v -0.590019 -0.078596 -1.179751
v -0.501925 0.227489 -1.199377
v -0.578624 0.158908 -1.037453
v -0.564929 0.161436 -1.200258
v -0.588815 0.151849 -0.777853
v -0.553658 0.162391 -1.312923
v -0.482703 0.223539 -1.427386
v -0.556124 0.114190 -1.440413
v -0.560475 -0.015492 -1.417845
v -0.547599 -0.067635 -1.410999
v -0.536259 0.161089 -1.447001
v -0.573484 -0.088829 0.415860
v -0.586072 -0.015492 0.423613
v -0.585285 0.107326 0.415860
v -0.529024 0.187539 0.409175
v -0.549907 -0.208480 0.397387
v -0.455426 0.306518 0.288279
v -0.471052 0.306518 0.277782
v -0.479097 0.306518 0.248104
v -0.363461 0.453415 0.063283
v -0.383112 0.447258 0.051575
v -0.387681 0.444514 0.003445
v -0.351043 0.465619 0.017866
v -0.370829 0.462512 0.006947
v -0.384444 0.448751 -0.018601
v -0.350264 0.454472 0.067141
v -0.342380 0.463913 0.020953
v -0.135049 0.466612 0.119921
v -0.135049 0.476054 0.073732
v -0.249155 0.470292 0.049455
v -0.254990 0.460851 0.095643
v -0.337211 0.479497 -0.118671
v -0.356997 0.475412 -0.129498
v -0.377397 0.459414 -0.153708
v -0.328548 0.474673 -0.115369
v -0.121217 0.491501 -0.063892
v -0.241157 0.483584 -0.087554
v -0.332393 0.483094 -0.312043
v -0.352179 0.479010 -0.322869
v -0.372765 0.462958 -0.352914
v -0.323730 0.478271 -0.308741
v -0.116399 0.495099 -0.257263
v -0.236340 0.487182 -0.280926
v -0.325400 0.481700 -0.466105
v -0.354000 0.477616 -0.476932
v -0.377475 0.461617 -0.501142
v -0.316737 0.476876 -0.462803
v -0.114712 0.493704 -0.411326
v -0.234653 0.485787 -0.434989
v -0.320644 0.457640 -0.650038
v -0.356537 0.449247 -0.650791
v -0.376675 0.441804 -0.654046
v -0.313022 0.458562 -0.651593
v -0.135049 0.473891 -0.674586
v -0.254990 0.465974 -0.660924
v -0.377075 0.457949 -0.577594
v -0.355735 0.470024 -0.565902
v -0.124880 0.490036 -0.542956
v -0.323022 0.477570 -0.558072
v -0.315401 0.473208 -0.557198
v -0.244821 0.482119 -0.547956
v -0.471243 0.238314 -0.980563
v -0.513968 0.224872 -0.934648
v -0.491465 0.232347 -0.930373
v -0.464229 0.334063 -0.649403
v -0.445111 0.338713 -0.752795
v -0.421493 0.352536 -0.794751
v -0.472017 0.244322 -1.071429
v -0.471750 0.242693 -1.200471
v -0.469765 0.237182 -1.310235
v -0.466683 0.225440 -1.434545
v -0.462256 0.104391 -1.464798
v -0.389272 0.251635 -1.094717
v -0.389272 0.250848 -1.134447
v -0.389272 0.249219 -1.221394
v -0.189937 0.257399 -1.138845
v -0.189937 0.256613 -1.178575
v -0.189937 0.254984 -1.252517
v -0.389272 0.245961 -1.312492
v -0.189937 0.251726 -1.343614
v -0.387975 0.229215 -1.448964
v -0.387975 0.166427 -1.487203
v -0.285553 0.233249 -1.461948
v -0.286385 0.105032 -1.493054
v -0.187816 0.236307 -1.469012
v -0.187816 0.170724 -1.505186
v -0.187816 0.102246 -1.520465
v -0.187816 0.039641 -1.521809
v -0.285568 0.039641 -1.512199
v -0.187816 0.023134 -1.560491
v -0.284136 0.023134 -1.552993
v -0.187816 -0.020641 -1.563728
v -0.280925 -0.020641 -1.556612
v -0.187816 -0.061827 -1.550215
v -0.280925 -0.061827 -1.543099
v -0.187816 -0.116326 -1.513502
v -0.280925 -0.116326 -1.506722
v -0.187816 -0.139468 -1.542713
v -0.280925 -0.139468 -1.535932
v -0.187816 -0.170415 -1.510589
v -0.280925 -0.170415 -1.503809
v -0.459689 0.039641 -1.491489
v -0.459689 0.023134 -1.532112
v -0.459689 -0.020641 -1.535349
v -0.459689 -0.061827 -1.521836
v -0.459689 -0.116326 -1.485459
v -0.459689 -0.139468 -1.514669
v -0.459689 -0.170415 -1.482546
v -0.535060 0.039641 -1.455777
v -0.530647 0.023134 -1.488608
v -0.536242 -0.020641 -1.489139
v -0.529225 -0.061827 -1.475626
v -0.505532 -0.118795 -1.447864
v -0.524484 -0.136476 -1.468459
v -0.504181 -0.173057 -1.439189
v -0.560130 0.037998 -1.429434
v -0.531330 -0.123829 -1.402116
v -0.546164 -0.139958 -1.396335
v -0.525861 -0.179682 -1.384893
v -0.551854 -0.151290 -1.205425
v -0.535539 -0.201244 -1.216071
v -0.382714 0.039641 -1.500644
v -0.535732 0.112326 -1.457146
v -0.554951 -0.007709 1.226347
v -0.586299 -0.028174 1.215712
v -0.618184 0.048833 1.008322
v -0.613887 -0.018755 1.084429
v -0.598766 -0.023860 1.149100
v -0.523677 -0.013114 1.330585
v -0.549708 -0.036663 1.336211
v -0.548797 -0.008979 1.285999
v -0.567613 -0.032418 1.286750
v -0.500797 -0.013195 1.350179
v -0.526198 -0.036663 1.372265
v -0.539033 -0.105223 1.349264
v -0.518496 -0.105223 1.383376
v -0.586682 -0.107998 1.224841
v -0.606923 -0.110051 1.131726
v -0.600234 -0.109976 1.161074
v -0.567613 -0.106048 1.297775
v -0.530934 -0.125564 1.320083
v -0.510397 -0.125564 1.354196
v -0.576151 -0.124769 1.224841
v -0.604236 -0.125112 1.133197
v -0.597370 -0.124792 1.161074
v -0.553570 -0.124750 1.283569
v -0.514536 -0.234519 1.293748
v -0.486109 -0.234519 1.327274
v -0.586013 -0.234519 1.137483
v -0.563549 -0.234519 1.214295
v -0.581495 -0.234519 1.161074
v -0.536795 -0.234519 1.260170
v -0.524048 -0.277290 1.304927
v -0.486109 -0.277290 1.355123
v -0.520258 -0.294140 1.299791
v -0.486109 -0.294140 1.343846
v -0.454282 -0.294140 1.372878
v -0.320529 -0.294140 1.423856
v -0.213270 -0.294140 1.462502
v -0.151349 -0.294140 1.470347
v -0.588451 -0.277290 1.139883
v -0.586106 -0.294140 1.139365
v -0.585979 -0.277290 1.161074
v -0.573055 -0.277290 1.210221
v -0.549587 -0.277290 1.260170
v -0.544420 -0.294140 1.260170
v -0.568947 -0.294140 1.210221
v -0.582742 -0.294140 1.161074
v -0.257627 0.062251 1.419119
v -0.619443 0.051548 0.748120
v -0.522025 0.208877 -0.446244
v -0.463380 0.331923 -0.373940
v -0.463035 0.332829 -0.404416
v -0.373198 0.462562 -0.324207
v -0.615306 0.042249 -1.047114
v -0.607493 -0.016131 -1.132357
v -0.614134 0.049174 -0.805315
v -0.614281 0.070098 -0.910707
v -0.619668 0.058077 0.887961
v -0.614276 -0.026441 0.683593
v -0.610374 -0.092599 0.642208
v -0.564521 -0.206939 0.581365
v -0.616291 0.028586 0.994701
v -0.612582 -0.031872 1.065326
v -0.606029 -0.110351 1.105407
v -0.603866 -0.124934 1.111612
v -0.587070 -0.234519 1.114930
v -0.589303 -0.277290 1.116008
v -0.587155 -0.294140 1.116298
v -0.618124 0.034689 0.762446
v -0.573728 -0.248481 -0.385934
v -0.567560 -0.248481 -0.004988
v -0.566686 -0.241387 -0.004988
v -0.572854 -0.241387 -0.385934
v -0.599308 -0.219555 -0.625578
v -0.572854 -0.241387 0.397387
v -0.598287 -0.218432 0.586472
v -0.594074 -0.273073 -0.640230
v -0.573728 -0.248481 0.397387
v -0.593053 -0.271951 0.574646
v -0.558282 -0.272045 -0.385934
v -0.545838 -0.272045 -0.004988
v -0.558282 -0.272045 0.397387
v -0.615052 -0.025043 -0.717652
v -0.612578 -0.090176 -0.672271
v -0.600325 -0.208047 -0.643352
v -0.589926 -0.082455 -1.142273
v -0.554138 -0.148946 -1.166767
v -0.538839 -0.206261 -1.180590
v -0.613638 0.028420 -1.039260
v -0.606311 -0.025836 -1.107045
v -0.614134 0.033512 -0.811168
v -0.614281 0.055023 -0.910789
v -0.604907 -0.206939 0.619673
v -0.598995 -0.261167 0.611278
v -0.614668 0.058077 0.887961
v -0.609276 -0.026441 0.683593
v -0.605374 -0.092599 0.642208
v -0.611291 0.028586 0.994701
v -0.607582 -0.031872 1.065326
v -0.601029 -0.110351 1.105407
v -0.598866 -0.124934 1.111612
v -0.582070 -0.234852 1.114930
v -0.584303 -0.275974 1.116008
v -0.582155 -0.294690 1.116298
v -0.615483 0.034689 0.762446
v -0.599907 -0.206939 0.619673
v -0.593995 -0.261167 0.611278
v -0.566419 0.079617 0.885257
v -0.560369 -0.015220 0.655936
v -0.555991 -0.089455 0.609499
v -0.562630 0.046526 1.005029
v -0.558251 -0.021314 1.084277
v -0.551114 -0.109375 1.129252
v -0.548687 -0.125738 1.136214
v -0.530708 -0.249077 1.139937
v -0.530708 -0.280716 1.141147
v -0.530708 -0.293740 1.141472
v -0.567334 0.053373 0.744417
v -0.549856 -0.217756 0.584212
v -0.543222 -0.270628 0.574792
v -0.589074 -0.273073 -0.640230
v -0.610052 -0.025043 -0.717652
v -0.607578 -0.090176 -0.672271
v -0.595325 -0.208047 -0.643352
v -0.584926 -0.082455 -1.142273
v -0.549138 -0.148946 -1.166767
v -0.533839 -0.206261 -1.180590
v -0.608638 0.028420 -1.039260
v -0.601311 -0.025836 -1.107045
v -0.608946 0.033512 -0.811168
v -0.608453 0.055023 -0.910789
v -0.538733 -0.272179 -0.582038
v -0.564205 -0.012048 -0.676042
v -0.561201 -0.091131 -0.620941
v -0.546324 -0.234246 -0.585829
v -0.533697 -0.081757 -1.191601
v -0.490245 -0.162488 -1.221340
v -0.471669 -0.197195 -1.238124
v -0.562488 0.052863 -1.066526
v -0.553592 -0.013012 -1.148829
v -0.562862 0.059046 -0.789585
v -0.562263 0.085164 -0.910542
v -0.355896 0.079617 0.885257
v -0.355896 -0.015220 0.655936
v -0.355896 -0.089455 0.609499
v -0.355896 0.046526 1.005029
v -0.355896 -0.021314 1.084277
v -0.355896 -0.109375 1.129252
v -0.355896 -0.125738 1.136214
v -0.355896 -0.249077 1.139937
v -0.355896 -0.280716 1.141147
v -0.355896 -0.293740 1.141472
v -0.355896 0.053373 0.744417
v -0.355896 -0.217756 0.584212
v -0.355896 -0.270628 0.574792
v -0.355896 -0.272179 -0.582038
v -0.355896 -0.012048 -0.676042
v -0.355896 -0.091131 -0.620941
v -0.355896 -0.234246 -0.585829
v -0.355896 -0.081757 -1.191601
v -0.355896 -0.162488 -1.221340
v -0.355896 -0.197195 -1.238124
v -0.355896 0.052863 -1.066526
v -0.355896 -0.013012 -1.148829
v -0.355896 0.059046 -0.789585
v -0.355896 0.085164 -0.910542
v -0.509023 0.223588 -0.748258
v -0.373383 0.454097 -0.362446
v -0.377763 0.452849 -0.502457
v -0.458444 0.334224 -0.640340
v -0.512195 0.215254 -0.449244
v -0.457334 0.333077 -0.410343
v -0.515976 0.203008 -0.009510
v -0.512273 0.212797 -0.399440
v -0.518438 0.193858 0.378086
v -0.472006 0.308757 0.228290
v -0.386988 0.437093 -0.001668
v -0.383978 0.441033 -0.022170
v -0.377425 0.450950 -0.147820
v -0.457389 0.332383 -0.364422
v -0.373520 0.453878 -0.318171
v -0.461958 0.323546 -0.063312
v -0.365668 0.203538 0.562601
v -0.219404 0.212862 0.605010
v -0.255799 0.211921 0.595019
v -0.501023 0.190371 0.451182
v -0.443696 0.308659 0.282001
v -0.358169 0.442880 0.068354
v -0.345896 0.444854 0.071942
v -0.136179 0.456314 0.121731
v -0.257290 0.450786 0.098449
v -0.365668 0.188497 0.572224
v -0.219404 0.188497 0.614633
v -0.255799 0.188497 0.604641
v -0.361126 0.188497 0.533757
v -0.215419 0.188497 0.566063
v -0.316146 0.446412 -0.652840
v -0.351946 0.439213 -0.653624
v -0.368256 0.433185 -0.663091
v -0.309132 0.448165 -0.654286
v -0.134368 0.463252 -0.675906
v -0.255088 0.455663 -0.662964
v -0.454982 0.236624 -0.982209
v -0.409936 0.350166 -0.793947
v -0.380011 0.247013 -1.082740
v -0.194625 0.252290 -1.123778
v -0.319874 0.367160 -0.849545
v -0.162535 0.372436 -0.889898
v -0.246593 0.217324 0.597546
v -0.246593 0.212159 0.597546
v -0.246593 0.188497 0.607169
v -0.321232 0.069026 1.396124
v -0.474003 0.072026 1.325680
v -0.245602 0.061493 1.422161
v -0.498848 0.062670 1.303429
v -0.562892 -0.009079 1.216733
v -0.551248 -0.013324 1.286519
v -0.525598 -0.017569 1.331927
v -0.502173 -0.017569 1.352193
v -0.163647 0.063582 1.447708
v -0.164044 0.058842 1.413613
v -0.245602 0.061493 1.386478
v -0.469190 0.048662 -1.485188
v -0.408752 0.103358 -1.493045
v -0.348646 0.101859 -1.500496
v -0.386638 0.130257 -1.493091
v -0.371544 0.102528 -1.498513
v -0.400669 0.103291 -1.494603
v -0.395366 0.125316 -1.492270
v -0.371853 0.085738 -1.500076
v -0.371152 0.125322 -1.496070
v -0.396066 0.085943 -1.496267
v -0.250403 0.152493 -1.507196
v -0.231029 0.102246 -1.513518
v -0.293652 0.166338 -1.500762
v -0.244234 0.068434 -1.516027
v -0.460428 0.163427 -1.472373
v -0.501349 0.148520 -1.464163
v -0.520865 0.108731 -1.464516
v -0.428268 0.063569 -1.493398
v -0.422073 0.144720 -1.484336
v -0.507544 0.067369 -1.473225
v -0.334346 0.145365 -1.497987
v -0.328176 0.061305 -1.506819
v -0.284927 0.047460 -1.513252
v -0.400190 0.130257 -1.490605
v -0.395755 0.103291 -1.495526
v -0.366572 0.102493 -1.499045
v -0.366957 0.080698 -1.500915
v -0.384610 0.080849 -1.498605
v -0.366082 0.130257 -1.495952
v -0.401065 0.080990 -1.495534
v -0.461083 0.243537 -1.203177
v -0.460726 0.238168 -1.310488
v -0.461212 0.245174 -1.079658
v -0.453931 0.163696 -1.473703
v -0.458511 0.225832 -1.436042
v -0.460492 0.240061 -0.995535
v -0.450043 0.160178 -1.475231
v -0.552683 0.114006 -1.443474
v -0.481670 0.159145 -1.467707
v -0.534916 0.156770 -1.448681
v -0.301569 0.162258 -1.500223
v -0.387788 0.161366 -1.488027
v -0.187816 0.107670 -1.519288
v -0.227350 0.107670 -1.512683
v -0.383098 0.048002 -1.500230
v -0.458405 0.052591 -1.487352
v -0.310480 0.052274 -1.509803
v -0.383308 0.052567 -1.500005
v -0.535312 0.050086 -1.456590
v -0.556355 0.049136 -1.434988
v -0.535452 0.055872 -1.457040
v -0.556344 0.055029 -1.435858
v -0.479811 0.053842 -1.481876
v -0.560059 0.049111 -1.431208
v -0.560020 0.055156 -1.432173
v -0.565866 -0.201079 0.581683
v -0.552278 -0.202168 -0.584327
v -0.551329 -0.201262 0.398502
v -0.551582 -0.201217 0.447620
v -0.551186 -0.201987 -0.355715
v -0.551256 -0.201634 -0.004988
v -0.554673 0.150769 0.443514
v -0.585957 0.105633 0.459798
v -0.551549 -0.201223 0.441369
v -0.528973 0.187730 0.401131
v -0.574012 -0.088843 0.459768
v -0.550362 -0.208553 0.439983
v -0.534027 0.180407 0.409770
v -0.586328 -0.015492 0.464975
v -0.556347 0.148238 0.438592
v -0.551188 -0.201978 -0.346624
v -0.522464 0.207722 -0.404588
v -0.573484 -0.088829 -0.421572
v -0.549907 -0.208480 -0.342969
v -0.579512 -0.015492 -0.425717
v -0.578719 0.136157 -0.426512
v -0.187816 -0.018622 -1.534575
v -0.187816 -0.061169 -1.529436
v -0.505994 -0.145309 1.349315
v -0.478663 0.070271 1.321507
v -0.497272 0.125267 1.117784
v -0.507544 0.193076 0.454081
v -0.505183 0.155342 0.898486
v -0.488544 0.097318 1.239626
v -0.507063 0.177455 0.682287
v -0.514030 0.129914 -1.463482
v -0.516880 0.085781 -1.468506
v -0.490937 0.055604 -1.478855
v -0.446691 0.053419 -1.490105
v -0.415654 0.082074 -1.494076
v -0.412372 0.125154 -1.489296
v -0.439274 0.156782 -1.478521
v -0.315010 0.159585 -1.498907
v -0.344756 0.125812 -1.498694
v -0.341116 0.078557 -1.503687
v -0.261739 0.055287 -1.515218
v -0.233672 0.085190 -1.515178
v -0.235729 0.132141 -1.510069
v -0.269096 0.162441 -1.504000
v -0.241465 0.132495 -1.510334
v -0.235412 0.112419 -1.512983
v -0.273245 0.158382 -1.504113
v -0.254750 0.148635 -1.507220
v -0.237512 0.091463 -1.514762
v -0.247445 0.072819 -1.515402
v -0.481558 0.154125 -1.468603
v -0.498519 0.143350 -1.465802
v -0.510353 0.126888 -1.465013
v -0.515258 0.107246 -1.466356
v -0.448119 0.057876 -1.489430
v -0.431158 0.068652 -1.492231
v -0.419324 0.085114 -1.493020
v -0.414419 0.104755 -1.491677
v -0.417191 0.124587 -1.488407
v -0.427216 0.141588 -1.483707
v -0.442969 0.153172 -1.478293
v -0.462051 0.157574 -1.472990
v -0.512487 0.087415 -1.469626
v -0.502461 0.070413 -1.474326
v -0.486708 0.058830 -1.479740
v -0.467626 0.054427 -1.485044
v -0.314235 0.153961 -1.499743
v -0.330490 0.140466 -1.499145
v -0.340423 0.121821 -1.499784
v -0.342523 0.100866 -1.501563
v -0.336470 0.080790 -1.504212
v -0.323185 0.064650 -1.507327
v -0.263700 0.059324 -1.514803
v -0.304690 0.054903 -1.510433
v -0.294133 0.160252 -1.501488
v -0.283802 0.053032 -1.513059
v -0.535962 0.193173 0.288944
v -0.552701 0.279650 0.288944
v -0.540352 0.198173 0.247058
v -0.555660 0.274650 0.241540
v -0.642325 0.193173 0.232711
v -0.642325 0.279650 0.232711
v -0.637432 0.198173 0.214294
v -0.637505 0.274650 0.214287
v -0.566204 0.201345 0.298146
v -0.582943 0.271466 0.298146
v -0.634328 0.271471 0.248580
v -0.634328 0.201351 0.248580
v -0.531503 0.237885 0.288944
v -0.536509 0.236873 0.248071
v -0.647862 0.237839 0.210859
v -0.654361 0.237885 0.232711
v -0.566562 0.237607 0.311728
v -0.644593 0.237885 0.248580
v -0.517786 0.195744 0.213589
v -0.512434 0.188677 0.303771
v -0.492065 0.261017 0.225440
v -0.513179 0.193571 0.399465
v -0.496011 0.250367 0.303771
v -0.505640 0.229834 0.335492
v -0.524198 0.190925 0.296358
v -0.524313 0.190925 0.255920
v -0.519880 0.235638 0.257111
v -0.519739 0.235638 0.296358
v -0.533962 0.197458 0.312792
v -0.534321 0.233721 0.315705
v -0.475024 0.305724 0.230390
v -0.531644 0.237885 0.249698
v -0.536077 0.193173 0.248506
v -0.641043 0.193173 0.213095
v -0.552817 0.279650 0.242478
v -0.641043 0.279650 0.213095
v -0.652794 0.237885 0.209209
v -0.538096 0.236885 0.252813
v -0.649449 0.237850 0.215601
v -0.541939 0.198185 0.251799
v -0.639019 0.198185 0.219035
v -0.557247 0.274662 0.246282
v -0.639092 0.274662 0.219029
v -0.578078 0.119318 -0.246094
v -0.571465 0.141646 -0.245653
v -0.577619 0.121794 -0.378319
v -0.571006 0.144122 -0.377878
v -0.586876 0.122140 -0.253779
v -0.580265 0.144467 -0.253316
v -0.585348 0.123904 -0.371937
v -0.578736 0.146232 -0.371478
v -0.588910 0.119394 -0.350067
v -0.589173 0.117979 -0.274494
v -0.578465 0.149807 -0.273860
v -0.578203 0.151223 -0.349434
v -0.598248 0.120349 -0.274481
v -0.597986 0.121765 -0.350054
v -0.587278 0.153593 -0.349421
v -0.587541 0.152178 -0.273847
v -0.574772 0.130482 -0.245873
v -0.574313 0.132958 -0.378098
v -0.584060 0.135666 -0.371711
v -0.586007 0.134025 -0.253551
v -0.595071 0.138316 -0.349734
v -0.595334 0.136901 -0.274161
v -0.583819 0.133893 -0.274177
v -0.583556 0.135309 -0.349750
v -0.589119 0.116108 -0.312329
v -0.578267 0.152751 -0.311605
v -0.598185 0.118793 -0.312310
v -0.587333 0.155435 -0.311586
v -0.583693 0.134430 -0.311967
v -0.595196 0.137836 -0.311943
v -0.470741 0.128812 -1.459513
v -0.479348 0.123344 -1.458092
v -0.485354 0.114990 -1.457692
v -0.487843 0.105023 -1.458373
v -0.453772 0.079969 -1.470082
v -0.445164 0.085437 -1.471504
v -0.439159 0.093791 -1.471904
v -0.436670 0.103759 -1.471223
v -0.438076 0.113822 -1.469563
v -0.443164 0.122450 -1.467178
v -0.451158 0.128329 -1.464431
v -0.460842 0.130563 -1.461739
v -0.486436 0.094959 -1.460032
v -0.481349 0.086331 -1.462418
v -0.473355 0.080453 -1.465165
v -0.463671 0.078219 -1.467856
v -0.261342 0.118661 -1.494668
v -0.258151 0.108078 -1.496064
v -0.278096 0.132309 -1.491388
v -0.268346 0.127170 -1.493026
v -0.259258 0.097030 -1.497002
v -0.264495 0.087201 -1.497339
v -0.299706 0.129978 -1.489084
v -0.308275 0.122864 -1.488769
v -0.313512 0.113035 -1.489106
v -0.314619 0.101987 -1.490044
v -0.311428 0.091403 -1.491441
v -0.304424 0.082894 -1.493083
v -0.273065 0.080086 -1.497024
v -0.294674 0.077756 -1.494720
v -0.289108 0.133295 -1.490004
v -0.283662 0.076770 -1.496104
v -0.603569 0.107698 -0.789645
v -0.582548 0.156190 -0.937504
v -0.607869 0.109977 -0.926709
v -0.602206 0.048292 -1.195859
v -0.587706 0.049066 -1.298023
vn 0.5366 0.8150 0.2186
vn 0.2849 0.9511 0.1192
vn 0.2846 0.9382 0.1970
vn 0.6710 0.6731 0.3110
vn 0.4897 0.8256 0.2803
vn 0.5680 0.7598 0.3164
vn 0.2943 0.9505 0.0998
vn 0.2872 0.9497 0.1251
vn 0.4870 0.8719 0.0504
vn 0.3119 0.9091 0.2760
vn 0.2900 0.9528 0.0900
vn 0.4581 0.8812 0.1166
vn 0.9033 0.4251 -0.0575
vn 0.8201 0.4853 0.3032
vn 0.8912 0.3547 0.2828
vn 0.9453 0.3252 -0.0249
vn 0.9807 0.0261 -0.1936
vn 0.9951 -0.0776 -0.0604
vn 0.9213 0.3643 0.1362
vn 0.6364 0.7592 0.1367
vn 0.9570 -0.0585 -0.2841
vn 0.9820 -0.1763 -0.0671
vn 0.9836 -0.1800 -0.0071
vn 0.9979 -0.0640 -0.0043
vn 0.9966 -0.0816 -0.0072
vn 0.9526 0.3043 0.0014
vn 0.9459 0.3245 0.0010
vn 0.8214 0.5691 0.0386
vn 0.8185 0.5744 0.0062
vn 0.6622 0.7492 0.0160
vn 0.9814 -0.1918 -0.0039
vn 0.9865 -0.1639 -0.0000
vn 0.9902 -0.1394 -0.0021
vn 0.9992 -0.0384 -0.0091
vn 0.6357 0.7718 0.0142
vn 0.6459 0.7633 0.0136
vn 0.9811 -0.1933 -0.0000
vn 0.9446 0.3283 0.0005
vn 0.9988 -0.0424 0.0252
vn 0.9827 -0.1764 0.0558
vn 0.9443 0.1683 0.2829
vn 0.7153 0.6983 0.0258
vn 0.8596 0.5099 0.0330
vn 0.6639 0.7477 0.0132
vn 0.9899 -0.1409 0.0147
vn 0.9637 -0.2664 0.0199
vn 0.9416 0.3354 0.0293
vn 0.9970 0.0485 0.0597
vn 0.7038 0.7104 -0.0062
vn 0.9706 0.2280 0.0770
vn 0.9404 0.3221 -0.1093
vn 0.9851 0.0215 -0.1704
vn 0.9462 0.2865 -0.1503
vn 0.9810 -0.1231 -0.1498
vn 0.9384 -0.3038 -0.1644
vn 0.9747 -0.1551 -0.1612
vn 0.7254 0.6865 -0.0490
vn 0.8210 0.5622 -0.0992
vn 0.7501 0.6568 -0.0772
vn 0.7737 0.6327 -0.0311
vn 0.7053 0.7086 -0.0206
vn 0.9124 -0.3134 -0.2633
vn 0.9536 -0.1416 -0.2656
vn 0.7866 0.6130 -0.0746
vn 0.9463 0.3213 -0.0365
vn 0.7999 0.6002 0.0029
vn 0.5781 0.6112 -0.5406
vn 0.9212 -0.0637 -0.3838
vn 0.8805 -0.0692 -0.4690
vn 0.8710 0.1550 -0.4662
vn 0.6824 0.4658 -0.5634
vn 0.9843 -0.1680 -0.0534
vn 0.9836 -0.1802 -0.0114
vn 0.8103 0.5845 0.0413
vn 0.9967 -0.0814 -0.0063
vn 0.9533 0.3019 -0.0028
vn 0.5525 0.7639 0.3334
vn 0.7050 0.6848 0.1845
vn 0.6018 0.7829 0.1577
vn 0.4170 0.8741 0.2491
vn 0.3049 0.8372 0.4539
vn 0.7459 0.6654 0.0298
vn 0.4817 0.8716 0.0915
vn 0.2628 0.9513 0.1609
vn 0.1035 0.9762 0.1905
vn 0.0091 0.9871 0.1597
vn 0.1253 0.9759 0.1789
vn 0.1036 0.9767 0.1879
vn 0.0592 0.9860 0.1556
vn 0.0601 0.9780 0.1999
vn -0.0000 0.9868 0.1617
vn -0.0000 0.9797 0.2003
vn 0.0962 0.9852 0.1415
vn 0.2249 0.9732 0.0484
vn 0.0553 0.9966 0.0613
vn 0.0925 0.9944 0.0506
vn -0.0000 0.9976 0.0685
vn 0.7087 0.7055 0.0052
vn 0.4330 0.9010 0.0264
vn -0.1354 0.9745 0.1787
vn -0.4519 0.8874 0.0909
vn 0.1131 0.9929 0.0371
vn 0.0846 0.9964 0.0037
vn 0.0499 0.9987 0.0043
vn 0.6224 0.7826 0.0073
vn 0.6163 0.7875 0.0005
vn 0.4139 0.9103 -0.0033
vn -0.0000 1.0000 0.0053
vn -0.4642 0.8828 0.0718
vn -0.4798 0.8771 0.0224
vn 0.2033 0.9791 0.0021
vn 0.0465 0.9988 -0.0169
vn 0.6123 0.7906 0.0012
vn 0.3569 0.9339 -0.0234
vn -0.0000 0.9999 -0.0173
vn -0.4806 0.8767 0.0198
vn -0.4873 0.8732 -0.0027
vn 0.1352 0.9905 -0.0238
vn 0.1026 0.9947 -0.0000
vn 0.0816 0.9965 -0.0175
vn 0.6183 0.7776 -0.1144
vn 0.2766 0.9368 -0.2145
vn 0.3240 0.9366 -0.1336
vn 0.0456 0.9964 -0.0710
vn -0.0000 0.9931 -0.1173
vn -0.0000 0.9976 -0.0697
vn -0.1969 0.9753 -0.1004
vn 0.1168 0.9805 -0.1578
vn 0.1497 0.9765 -0.1553
vn 0.2064 0.9519 -0.2262
vn 0.1825 0.9742 -0.1330
vn 0.1059 0.9845 -0.1396
vn 0.0886 0.9930 -0.0775
vn 0.0510 0.9912 -0.1223
vn 0.1057 0.9941 -0.0231
vn -0.4895 0.8719 -0.0100
vn 0.5894 0.8069 -0.0399
vn 0.3769 0.9259 -0.0238
vn 0.3125 0.9499 0.0107
vn 0.3628 0.9313 0.0310
vn 0.8236 0.5587 -0.0979
vn 0.5462 0.8332 -0.0857
vn 0.7834 0.6025 -0.1524
vn 0.8023 0.5861 -0.1127
vn 0.7292 0.6555 -0.1962
vn 0.6271 0.7608 -0.1673
vn 0.2388 0.9708 0.0221
vn 0.4395 0.8978 -0.0286
vn 0.2156 0.9747 -0.0586
vn 0.3110 0.9493 -0.0459
vn 0.1762 0.9798 -0.0946
vn 0.1038 0.9898 -0.0980
vn 0.2398 0.3462 -0.9070
vn 0.2738 0.9613 -0.0317
vn 0.0771 0.9969 0.0184
vn 0.0691 0.9955 0.0651
vn 0.0628 0.9976 -0.0302
vn 0.0215 0.9996 -0.0207
vn 0.0610 0.9980 -0.0180
vn 0.0226 0.9995 -0.0198
vn 0.0693 0.9976 -0.0043
vn 0.0220 0.9993 -0.0291
vn -0.0000 0.9998 -0.0209
vn -0.0000 0.9998 -0.0198
vn -0.0000 0.9996 -0.0291
vn 0.0262 0.9965 -0.0798
vn -0.0000 0.9964 -0.0847
vn 0.0725 0.9947 -0.0725
vn 0.0882 0.9956 -0.0330
vn 0.1796 0.4996 -0.8474
vn 0.3083 0.4725 -0.8256
vn 0.1678 0.3397 -0.9254
vn 0.0933 0.5041 -0.8586
vn 0.1575 0.5106 -0.8453
vn 0.0337 0.3550 -0.9342
vn 0.0425 0.4825 -0.8748
vn -0.0000 0.4791 -0.8778
vn -0.0000 0.3498 -0.9368
vn 0.0686 0.2023 -0.9769
vn -0.0000 0.2362 -0.9717
vn 0.0749 0.1231 -0.9896
vn 0.0675 0.1398 -0.9879
vn 0.0297 0.1212 -0.9922
vn 0.0924 0.0096 -0.9957
vn 0.0953 -0.0463 -0.9944
vn 0.0987 -0.1054 -0.9895
vn -0.0000 0.1412 -0.9900
vn 0.0522 0.0255 -0.9983
vn -0.0000 0.0215 -0.9998
vn 0.0175 0.9206 -0.3902
vn 0.0397 0.9249 -0.3782
vn 0.0163 0.9205 -0.3904
vn -0.0000 0.9294 -0.3690
vn -0.0000 0.9310 -0.3651
vn 0.0498 0.0741 -0.9960
vn 0.0960 -0.1199 -0.9881
vn 0.0580 -0.0543 -0.9968
vn -0.0000 0.0737 -0.9973
vn 0.0686 -0.4358 -0.8974
vn -1.0000 -0.0000 -0.0000
vn 0.0869 -0.4356 -0.8959
vn 0.0622 -0.5563 -0.8287
vn 0.0323 0.5090 -0.8601
vn 0.0587 0.7825 -0.6199
vn 0.0294 0.7835 -0.6207
vn -0.0000 0.3085 -0.9512
vn -0.0000 0.7838 -0.6210
vn 0.0657 -0.7186 -0.6923
vn 0.0336 -0.7198 -0.6934
vn 0.0329 -0.7198 -0.6934
vn -0.0000 -0.7202 -0.6938
vn 0.0801 -0.5534 -0.8291
vn 0.3038 -0.4169 -0.8567
vn 0.3326 -0.5402 -0.7731
vn 0.0447 0.9255 -0.3761
vn 0.1483 0.9109 -0.3852
vn 0.1151 0.9203 -0.3740
vn 0.0601 0.7824 -0.6199
vn 0.1947 0.7688 -0.6091
vn 0.0986 0.0748 -0.9923
vn 0.3165 -0.1121 -0.9420
vn 0.0670 -0.7185 -0.6922
vn 0.2462 -0.6980 -0.6724
vn 0.3185 -0.6966 -0.6429
vn 0.7379 -0.4063 -0.5390
vn 0.7672 0.0597 -0.6386
vn 0.3304 0.0696 -0.9413
vn 0.2527 0.7771 -0.5764
vn 0.4759 0.8063 -0.3511
vn 0.7770 -0.1025 -0.6211
vn 0.5993 -0.6644 -0.4466
vn 0.2666 0.8569 -0.4412
vn 0.6570 -0.6381 -0.4014
vn 0.8260 -0.5225 -0.2115
vn 0.8581 -0.4748 -0.1953
vn 0.7231 0.6788 -0.1279
vn 0.7454 0.6639 -0.0605
vn 0.7326 0.6804 0.0186
vn 0.9314 -0.3514 -0.0945
vn 0.9515 -0.2875 -0.1090
vn 0.4245 0.7847 -0.4516
vn 0.5108 0.7386 -0.4400
vn 0.2128 0.1933 -0.9578
vn 0.1655 0.1556 -0.9739
vn 0.1324 0.0363 -0.9905
vn 0.1346 0.0480 -0.9897
vn 0.2130 0.3842 -0.8983
vn 0.1180 0.0437 -0.9921
vn 0.5723 -0.0704 -0.8170
vn 0.3126 0.1341 -0.9404
vn 0.5667 -0.0805 -0.8200
vn 0.2777 0.3541 -0.8930
vn 0.4624 0.1939 -0.8652
vn 0.7083 -0.0752 -0.7019
vn 0.6498 0.0695 -0.7569
vn 0.1077 0.9916 -0.0718
vn 0.0468 0.9917 -0.1201
vn 0.0250 0.9918 -0.1250
vn 0.7041 -0.4776 -0.5255
vn 0.8897 -0.3236 -0.3219
vn 0.9990 0.0012 -0.0443
vn 0.7294 0.6110 0.3076
vn 0.6761 0.6836 0.2748
vn 0.9921 0.0318 0.1213
vn 0.8819 0.3894 0.2658
vn 0.9465 0.2135 0.2418
vn 0.7056 0.6599 0.2583
vn 0.7670 0.4951 0.4081
vn 0.8873 0.3651 0.2818
vn 0.5377 0.7606 0.3637
vn 0.5415 0.7630 0.3531
vn 0.9722 0.0323 0.2317
vn 0.9901 -0.0819 0.1139
vn 0.9737 -0.0710 0.2164
vn 0.9369 0.0148 0.3492
vn 0.5857 -0.7321 0.3478
vn 0.5818 -0.7341 0.3502
vn 0.5915 -0.7278 0.3470
vn 0.8153 -0.5100 0.2743
vn 0.6714 -0.6868 0.2786
vn 0.8098 -0.5085 0.2928
vn 0.9806 -0.1614 0.1117
vn 0.9510 -0.1805 0.2510
vn 0.6417 -0.7089 0.2927
vn 0.9143 0.0245 0.4043
vn 0.9703 -0.0159 0.2412
vn 0.9918 -0.0463 0.1191
vn 0.8678 -0.2316 0.4395
vn 0.8133 -0.2401 0.5300
vn 0.8606 0.0337 0.5082
vn 0.9198 -0.1681 0.3546
vn 0.8184 0.2808 0.5014
vn 0.8809 -0.0141 0.4730
vn 0.9369 -0.0334 0.3479
vn 0.9812 -0.0364 0.1896
vn 0.9961 -0.0320 0.0827
vn 0.8482 -0.2694 0.4561
vn 0.8142 -0.3135 0.4886
vn 0.8057 -0.3310 0.4913
vn 0.9105 -0.2274 0.3454
vn 0.9606 -0.1897 0.2032
vn 0.9855 -0.1470 0.0843
vn 0.0325 -0.9995 -0.0000
vn 0.0183 -0.9998 -0.0000
vn 0.7328 0.6804 0.0107
vn 0.9080 0.3759 0.1851
vn 0.7838 0.5465 -0.2951
vn 0.8739 0.4111 0.2592
vn 0.7850 0.6014 -0.1486
vn 0.8399 0.4947 0.2234
vn 0.9887 -0.1271 -0.0795
vn 0.9426 -0.3142 -0.1126
vn 0.9645 0.1145 -0.2379
vn 0.9025 0.4223 0.0845
vn 0.9970 -0.0774 0.0024
vn 0.9975 -0.0563 0.0428
vn 0.9869 -0.1597 -0.0233
vn 0.9986 -0.0357 0.0402
vn 0.9050 0.0944 -0.4148
vn 0.9965 -0.0832 -0.0113
vn 0.9959 -0.0901 -0.0051
vn 0.9926 -0.1173 -0.0305
vn 0.9945 -0.1046 0.0049
vn 0.8288 0.5594 0.0097
vn 0.9547 0.2975 0.0003
vn 0.9268 0.3731 0.0427
vn 0.9528 -0.3037 0.0006
vn 0.9715 -0.2260 0.0711
vn 0.3921 0.9083 0.1459
vn 0.9212 0.3185 0.2234
vn 0.9294 0.3651 -0.0546
vn 0.8225 0.5687 -0.0098
vn 0.8202 0.5720 -0.0078
vn 0.8909 0.4542 -0.0000
vn 0.9864 -0.1460 0.0749
vn 0.9869 -0.0915 -0.1332
vn 0.9739 -0.2142 -0.0748
vn 0.8310 -0.5498 -0.0847
vn 0.7353 -0.6778 0.0006
vn 0.8321 -0.5508 0.0651
vn 0.9918 0.0959 0.0848
vn 1.0000 -0.0000 -0.0018
vn 0.9959 0.0900 0.0063
vn 0.9581 -0.2700 -0.0956
vn 0.9997 -0.0092 -0.0243
vn 0.9840 -0.1767 -0.0221
vn 0.9938 -0.1104 0.0101
vn 0.9406 -0.3377 -0.0356
vn 0.7466 0.2364 0.6219
vn 0.8025 0.4076 0.4359
vn 1.0000 0.0013 -0.0034
vn 0.7770 0.0732 0.6252
vn 0.7771 0.0655 0.6260
vn 0.7719 0.0851 0.6301
vn 0.9250 -0.3783 -0.0348
vn 0.9223 0.2982 0.2458
vn 0.3375 0.9315 -0.1353
vn 0.8895 0.3468 -0.2974
vn 0.8471 0.4765 -0.2353
vn 0.7448 -0.0111 -0.6672
vn 0.8907 -0.1487 -0.4295
vn 0.9861 -0.0708 -0.1501
vn -0.0000 -0.8852 -0.4651
vn -0.2114 -0.9761 -0.0509
vn -0.0000 -0.9991 -0.0413
vn 0.0016 -0.0284 -0.9996
vn -0.2266 -0.1824 -0.9568
vn -0.0000 -0.2315 -0.9728
vn -0.0000 -0.6247 -0.7809
vn -0.2047 -0.8612 -0.4653
vn -0.0000 -0.3732 0.9277
vn -0.2662 -0.6423 0.7188
vn -0.2904 -0.3465 0.8919
vn -0.2099 -0.0151 -0.9776
vn -0.2377 -0.0116 -0.9713
vn -0.0000 -0.1530 0.9882
vn -0.2882 -0.1471 0.9462
vn -0.3370 -0.1106 0.9350
vn -0.0000 -0.4256 -0.9049
vn -0.2068 -0.5993 -0.7734
vn -0.0000 -0.1742 0.9847
vn 0.0007 -0.0158 -0.9999
vn -0.0054 -0.0204 -0.9998
vn -0.2059 -0.3971 -0.8944
vn -0.0000 -0.6744 0.7383
vn -0.2345 -0.8895 0.3923
vn -0.0000 -0.9139 0.4059
vn -0.3013 -0.1459 0.9423
vn -0.2512 -0.1391 0.9579
vn -0.2534 -0.6330 0.7315
vn -0.2749 -0.3358 0.9009
vn -0.2123 -0.0225 -0.9769
vn -0.2015 -0.5948 -0.7782
vn -0.2421 0.0083 -0.9702
vn -0.2203 -0.0276 -0.9750
vn -0.2132 -0.3910 -0.8954
vn -0.2324 -0.8803 0.4137
vn -0.2029 -0.9783 -0.0410
vn -0.1951 -0.8625 -0.4669
vn -0.2197 -0.1749 -0.9598
vn -0.0000 -0.4614 0.8872
vn -0.3445 -0.5933 0.7276
vn -0.3580 -0.3038 0.8829
vn -0.0000 -0.2344 0.9721
vn -0.4015 -0.0970 0.9107
vn -0.4244 -0.1029 0.8996
vn -0.0000 -0.9263 -0.3769
vn -0.3439 -0.6927 -0.6340
vn -0.3054 -0.8867 -0.3472
vn -0.0000 -0.0480 -0.9988
vn -0.4227 -0.0975 -0.9010
vn -0.0000 -0.1497 -0.9887
vn -0.0000 -0.3025 0.9531
vn -0.0000 -0.4192 -0.9079
vn -0.0000 -0.7253 -0.6884
vn -0.0000 -1.0000 -0.0045
vn -0.2964 -0.9550 -0.0034
vn -0.0000 -0.6779 0.7352
vn -0.3145 -0.8616 0.3984
vn -0.3930 -0.3715 -0.8411
vn -0.0000 -0.9079 0.4192
vn -0.3110 -0.8481 0.4290
vn -0.3611 -0.5626 0.7437
vn -0.3856 -0.3446 -0.8559
vn -0.2748 -0.9615 -0.0037
vn -0.3963 -0.2488 0.8838
vn -0.3762 -0.1878 0.9073
vn -0.2528 -0.3082 0.9171
vn -0.4473 0.0079 -0.8944
vn -0.4201 -0.0859 -0.9034
vn -0.2888 -0.8848 -0.3657
vn -0.3366 -0.6680 -0.6637
vn -0.0000 -0.4234 -0.9059
vn -0.0000 -0.6640 0.7477
vn -0.0000 -0.4392 0.8984
vn -0.0000 -0.2145 -0.9767
vn -0.0000 -0.9991 -0.0427
vn -0.0000 -0.7243 -0.6895
vn -0.0000 -0.9264 -0.3765
vn -0.0000 -0.0316 -0.9995
vn -0.0000 -0.0342 -0.9994
vn -0.0000 -0.6707 0.7417
vn -0.0000 -0.3679 0.9299
vn -0.0000 -1.0000 -0.0042
vn -0.2261 -0.0243 -0.9738
vn -0.0000 -0.1844 0.9829
vn -0.0000 -0.9049 0.4256
vn -0.0000 -0.4119 -0.9112
vn -0.0000 -0.9123 0.4094
vn -0.3638 -0.0203 -0.9313
vn -0.0000 -0.1693 -0.9856
vn -0.0000 -0.3910 0.9204
vn -0.0000 -0.4354 0.9003
vn -0.0000 -0.1754 0.9845
vn -0.0000 -0.8829 -0.4695
vn -0.0000 -0.6190 -0.7854
vn 1.0000 -0.0000 -0.0000
vn 0.0015 -0.9999 0.0117
vn -0.0071 -1.0000 -0.0016
vn -0.0035 -1.0000 0.0005
vn -0.0003 -0.9999 -0.0147
vn -0.0000 -0.9998 -0.0194
vn -0.0008 -0.9999 -0.0114
vn 0.0038 -0.9941 -0.1082
vn -0.0000 -0.9984 -0.0565
vn -0.0000 -0.9944 -0.1054
vn -0.0040 -0.9927 -0.1208
vn -0.0093 -0.9923 -0.1237
vn 0.8413 -0.0530 0.5379
vn 0.8401 -0.0730 0.5375
vn 0.8359 -0.1219 0.5351
vn 0.9991 0.0285 0.0310
vn 0.9989 0.0357 0.0314
vn 0.9991 0.0282 0.0310
vn 0.5813 0.6144 -0.5335
vn 0.5309 0.4865 -0.6939
vn 0.6086 0.5602 -0.5620
vn 0.8505 -0.1146 0.5134
vn 0.8508 -0.1141 0.5130
vn 0.5375 0.8430 0.0179
vn 0.5403 0.8413 0.0177
vn 0.8911 0.4537 0.0041
vn 0.9082 0.4185 0.0050
vn 0.9102 0.4143 0.0019
vn 0.8772 0.4802 -0.0022
vn 0.8303 0.5573 -0.0001
vn 0.8755 0.4833 -0.0013
vn 0.4700 0.8825 0.0178
vn 0.4731 0.8808 0.0179
vn 0.8083 0.3214 0.4933
vn 0.9941 -0.0099 -0.1084
vn 0.9986 -0.0283 -0.0455
vn 0.9993 -0.0186 -0.0323
vn 0.9771 0.0510 -0.2064
vn 0.9957 -0.0179 -0.0912
vn 0.9382 -0.0555 -0.3417
vn 0.9418 -0.0541 -0.3319
vn 0.9421 0.0174 -0.3348
vn 0.7923 0.2019 0.5758
vn 0.9704 0.0680 -0.2318
vn 0.9995 0.0194 -0.0242
vn 0.9995 0.0202 -0.0242
vn 0.4534 0.8911 0.0186
vn 0.9097 0.4153 -0.0007
vn 0.9154 0.4026 -0.0042
vn 0.9103 0.4138 -0.0001
vn 0.8346 0.5508 -0.0025
vn -0.0000 0.8907 -0.4547
vn 0.0764 0.9057 -0.4169
vn 0.0747 0.8911 -0.4475
vn -0.4512 -0.0000 -0.8924
vn -0.2723 -0.1883 -0.9436
vn -0.2736 -0.0000 -0.9619
vn -0.2640 -0.1861 -0.9464
vn -0.2647 -0.0000 -0.9643
vn -0.1761 -0.0000 -0.9844
vn -0.0000 -0.1350 -0.9908
vn -0.0000 -0.0000 -1.0000
vn 0.2978 0.3068 0.9040
vn 0.3000 0.2993 0.9058
vn 0.2898 0.2930 0.9111
vn -0.1856 0.7780 0.6003
vn -0.8821 0.2302 0.4110
vn -0.8915 0.2117 0.4005
vn -0.5605 0.5810 0.5901
vn -0.1773 0.7865 0.5916
vn 0.2367 0.3077 0.9216
vn 0.2992 0.3139 0.9011
vn 0.1442 0.1898 0.9712
vn 0.2487 0.3124 0.9168
vn 0.1353 0.1821 0.9739
vn -0.0000 0.0356 0.9994
vn -0.4424 0.6525 -0.6153
vn -0.4806 -0.2508 -0.8403
vn -0.4147 -0.4792 -0.7736
vn -0.2554 -0.3661 -0.8949
vn -0.2492 -0.3625 -0.8980
vn -0.1714 -0.3566 -0.9184
vn -0.0000 -0.2656 -0.9641
vn -0.5979 -0.4320 -0.6752
vn -0.0000 1.0000 -0.0000
vn -0.0044 1.0000 0.0005
vn -0.0125 0.9999 0.0015
vn -0.0072 1.0000 0.0008
vn 0.1475 0.1905 -0.9705
vn 0.2047 0.1735 -0.9633
vn 0.1508 0.1932 -0.9695
vn 0.2046 0.1675 -0.9644
vn 0.1395 0.1920 -0.9714
vn -0.1124 0.9531 0.2811
vn -0.0306 0.9437 0.3294
vn -0.1063 0.9531 0.2834
vn -0.2001 0.8083 -0.5537
vn -0.0964 0.9890 -0.1124
vn -0.2038 0.8050 -0.5571
vn 0.0753 0.1189 -0.9900
vn 0.0770 0.1179 -0.9900
vn 0.1085 0.2025 -0.9733
vn -0.1490 0.3284 -0.9327
vn -0.1310 0.7255 -0.6756
vn -0.0059 0.7267 -0.6869
vn -0.0000 0.0747 -0.9972
vn -0.0000 0.0721 -0.9974
vn -0.0193 0.9451 0.3261
vn -0.0000 0.9503 0.3114
vn -0.1287 0.9714 0.1998
vn -0.0712 0.4056 -0.9113
vn 0.2839 0.8783 -0.3846
vn 0.2706 0.8862 -0.3759
vn 0.4806 0.8182 -0.3157
vn 0.3470 0.8593 -0.3757
vn 0.0626 0.9210 -0.3844
vn -0.0000 0.9060 -0.4233
vn -0.0000 0.9202 -0.3915
vn 0.1715 0.9028 -0.3944
vn 0.1893 0.8831 -0.4292
vn -0.1827 -0.1883 -0.9650
vn 0.7971 0.4382 0.4155
vn 0.8179 0.5095 0.2675
vn 0.7228 0.5441 0.4261
vn 0.3739 0.4064 0.8337
vn 0.3233 0.4059 0.8549
vn 0.3238 0.4056 0.8548
vn 0.2705 0.4128 0.8698
vn 0.2704 0.4131 0.8696
vn 0.7904 0.4118 0.4535
vn 0.6804 0.4423 0.5843
vn 0.7033 0.4540 0.5471
vn 0.8059 0.5172 0.2881
vn 0.6587 0.5962 0.4591
vn 0.5695 0.4817 0.6661
vn 0.6731 0.4638 0.5760
vn -0.0000 0.2605 0.9655
vn 0.1626 0.3236 0.9321
vn -0.0000 0.2593 0.9658
vn 0.2943 0.2425 0.9244
vn 0.1635 0.3257 0.9312
vn 0.0147 -0.9999 -0.0000
vn -0.0000 -1.0000 -0.0000
vn 0.1388 0.1254 -0.9823
vn 0.1353 0.1728 -0.9756
vn 0.1705 0.0516 -0.9840
vn 0.1175 0.0960 -0.9884
vn 0.1563 0.0917 -0.9834
vn 0.1565 0.1374 -0.9781
vn 0.1759 0.1520 -0.9726
vn 0.1724 0.1460 -0.9742
vn -0.0445 0.1632 -0.9856
vn 0.0534 0.1690 -0.9842
vn 0.0991 0.1187 -0.9880
vn 0.1049 0.1334 -0.9855
vn 0.1076 0.3307 -0.9376
vn 0.1230 0.1292 -0.9840
vn -0.0227 0.0770 -0.9968
vn -0.1030 0.1271 -0.9865
vn 0.2533 0.1642 -0.9534
vn 0.3113 0.2306 -0.9219
vn 0.2670 0.1552 -0.9511
vn 0.2775 0.1426 -0.9501
vn 0.3596 0.1253 -0.9246
vn 0.2798 0.1243 -0.9520
vn 0.2249 0.0761 -0.9714
vn 0.1735 0.0386 -0.9841
vn 0.2130 0.1011 -0.9718
vn 0.1958 0.1046 -0.9750
vn 0.1843 0.1074 -0.9770
vn 0.2027 0.1265 -0.9710
vn 0.1966 0.1415 -0.9702
vn 0.1963 0.1641 -0.9667
vn 0.2112 0.1529 -0.9654
vn 0.2247 0.1739 -0.9588
vn 0.2092 0.2192 -0.9530
vn 0.2826 0.1096 -0.9529
vn 0.3810 -0.0308 -0.9240
vn 0.2660 0.0963 -0.9592
vn 0.2573 0.0723 -0.9636
vn 0.3208 -0.3981 -0.8594
vn 0.3209 -0.0868 -0.9431
vn 0.1332 0.1284 -0.9827
vn 0.1441 0.1182 -0.9825
vn 0.1518 0.1036 -0.9830
vn 0.1143 0.0923 -0.9891
vn 0.1564 0.0902 -0.9836
vn 0.1485 0.0769 -0.9859
vn 0.1376 0.0676 -0.9882
vn 0.1415 0.0619 -0.9880
vn 0.0965 0.0564 -0.9937
vn 0.0758 0.0699 -0.9947
vn 0.0755 0.0792 -0.9940
vn 0.1278 0.0467 -0.9907
vn 0.1097 0.0564 -0.9924
vn 0.1447 0.0559 -0.9879
vn 0.1560 0.0653 -0.9856
vn 0.1844 0.0941 -0.9783
vn 0.1200 0.0751 -0.9899
vn 0.0926 0.0966 -0.9910
vn 0.1185 0.1320 -0.9841
vn 0.1199 0.1346 -0.9836
vn 0.1998 0.3514 -0.9146
vn 0.0749 0.9913 -0.1080
vn 0.5298 0.0956 -0.8427
vn 0.5817 -0.0670 -0.8107
vn 0.3394 0.1708 -0.9250
vn 0.1824 0.1469 -0.9722
vn 0.1343 0.1422 -0.9807
vn 0.0753 0.2710 -0.9596
vn 0.2039 -0.0018 -0.9790
vn 0.1312 0.0777 -0.9883
vn 0.1047 0.0574 -0.9928
vn 0.1433 0.0430 -0.9887
vn 0.4045 0.0500 -0.9132
vn 0.8843 -0.0313 -0.4658
vn 0.7119 -0.1012 -0.6949
vn 0.9870 -0.1603 -0.0078
vn 0.9813 -0.1926 -0.0049
vn 0.9811 -0.1936 0.0008
vn 0.9378 -0.3471 0.0047
vn 0.8951 -0.1818 -0.4072
vn 0.9875 -0.1493 -0.0506
vn 0.8218 0.5697 -0.0018
vn 0.9844 -0.1756 -0.0061
vn 0.0224 -0.1199 -0.9925
vn -0.0000 -0.1975 -0.9803
vn -0.0000 -0.1199 -0.9928
vn 0.0223 -0.1994 -0.9797
vn -0.0042 -0.9975 0.0709
vn -0.0000 -0.9963 0.0856
vn -0.0000 -0.9962 0.0873
vn 0.2825 0.9381 0.2003
vn 0.4967 0.8166 0.2941
vn 0.5684 0.7600 0.3152
vn -0.0080 -1.0000 0.0017
vn -0.0061 -0.9999 0.0096
vn -0.0006 -1.0000 0.0003
vn 0.2317 0.1691 -0.9580
vn 0.2388 0.0845 -0.9674
vn 0.1418 0.0734 -0.9872
vn 0.1229 0.1020 -0.9872
vn 0.0678 0.0710 -0.9952
vn 0.5421 -0.1562 -0.8257
vn 0.6001 0.0278 -0.7994
vn 0.5407 -0.1586 -0.8261
vn 0.2461 -0.3877 -0.8883
vn 0.4141 -0.3048 -0.8577
vn 0.2423 -0.3888 -0.8889
vn 0.4881 0.3974 -0.7771
vn 0.5813 0.2245 -0.7821
vn 0.5813 0.2243 -0.7821
vn 0.0438 -0.3542 -0.9342
vn -0.1200 -0.2548 -0.9595
vn -0.1217 -0.2532 -0.9597
vn -0.2854 0.0955 -0.9536
vn -0.2376 -0.0957 -0.9666
vn -0.2855 0.0964 -0.9535
vn 0.5203 0.4568 -0.7215
vn 0.3660 0.5584 -0.7445
vn 0.5218 0.4553 -0.7214
vn 0.6292 0.3032 -0.7157
vn 0.6747 0.1219 -0.7280
vn 0.6747 0.1211 -0.7281
vn 0.6503 -0.0634 -0.7570
vn 0.5608 -0.2216 -0.7977
vn 0.5588 -0.2240 -0.7985
vn 0.4123 -0.3365 -0.8466
vn 0.2355 -0.3827 -0.8934
vn 0.2317 -0.3829 -0.8943
vn -0.1568 0.4498 -0.8793
vn -0.2558 0.2895 -0.9223
vn -0.1545 0.4522 -0.8784
vn 0.1796 0.5955 -0.7830
vn 0.0004 0.5591 -0.8291
vn 0.1834 0.5955 -0.7821
vn -0.2665 -0.2172 -0.9390
vn -0.1255 -0.3385 -0.9326
vn -0.2675 -0.2159 -0.9390
vn -0.3540 -0.0506 -0.9339
vn -0.3735 0.1345 -0.9178
vn -0.3734 0.1358 -0.9177
vn -0.3216 0.3155 -0.8928
vn -0.2078 0.4602 -0.8632
vn -0.2052 0.4625 -0.8626
vn 0.3359 0.5206 -0.7849
vn 0.4869 0.3987 -0.7771
vn -0.0438 0.5529 -0.8321
vn -0.0400 0.5541 -0.8315
vn 0.0470 -0.3553 -0.9336
vn -0.2379 -0.0950 -0.9666
vn -0.2566 0.2874 -0.9228
vn -0.0031 0.5576 -0.8301
vn 0.3630 0.5596 -0.7450
vn 0.6295 0.3025 -0.7157
vn 0.6510 -0.0615 -0.7566
vn 0.4157 -0.3348 -0.8456
vn -0.1230 -0.3399 -0.9324
vn 0.0529 -0.3997 -0.9151
vn -0.3541 -0.0505 -0.9339
vn -0.3227 0.3132 -0.8932
vn 0.1462 0.5755 -0.8046
vn 0.1500 0.5752 -0.8041
vn 0.3332 0.5220 -0.7851
vn 0.6003 0.0292 -0.7993
vn 0.4171 -0.3026 -0.8570
vn 0.0565 -0.4002 -0.9147
vn -0.4455 0.7820 0.4359
vn -0.7609 0.5210 -0.3869
vn -0.4453 0.8683 0.2187
vn -0.5667 -0.8013 0.1917
vn 0.4877 -0.8580 -0.1610
vn 0.4880 -0.8579 -0.1611
vn 0.6645 0.7460 -0.0437
vn 0.9726 0.0088 0.2322
vn 0.9977 0.0084 -0.0665
vn 0.6174 0.4887 0.6164
vn 0.6308 0.7452 0.2165
vn -0.2026 -0.8861 -0.4169
vn 0.6334 -0.7415 0.2215
vn 0.1796 -0.9777 0.1091
vn -0.4462 0.8949 -0.0011
vn 0.7722 -0.0001 0.6354
vn 0.3346 0.5899 0.7348
vn 0.1866 0.0849 0.9788
vn 0.3903 0.8449 -0.3657
vn 0.6529 0.7430 0.1475
vn 0.2056 0.9711 0.1209
vn 0.5854 -0.4920 0.6444
vn 0.3705 -0.6691 0.6442
vn 0.6722 -0.7390 -0.0442
vn 0.9304 -0.1940 -0.3109
vn 0.9306 -0.1931 -0.3110
vn 0.1236 -0.9366 -0.3278
vn 0.2706 -0.9600 0.0722
vn -0.1633 -0.9828 -0.0867
vn 0.8693 0.4831 -0.1044
vn 0.9345 0.3560 0.0013
vn 0.9310 0.2456 -0.2700
vn 0.5752 -0.6386 0.5112
vn 0.2457 -0.9644 0.0974
vn 0.6683 0.6151 0.4184
vn 0.2310 0.6584 0.7164
vn 0.9629 0.1295 0.2367
vn -0.3172 -0.0035 -0.9483
vn -0.3179 -0.0048 -0.9481
vn -0.3181 -0.0048 -0.9481
vn -0.3173 -0.0017 -0.9483
vn -0.3171 -0.0035 -0.9484
vn -0.3169 -0.0019 -0.9485
vn -0.3169 -0.0023 -0.9485
vn -0.3174 -0.0017 -0.9483
vn -0.3172 0.0001 -0.9484
vn -0.3168 -0.0022 -0.9485
vn -0.3173 0.0002 -0.9483
vn -0.3167 -0.0028 -0.9485
vn -0.3166 -0.0000 -0.9486
vn -0.3182 -0.0043 -0.9480
vn -0.3175 -0.0003 -0.9483
vn -0.3198 -0.0069 -0.9475
vn 0.6352 0.7419 -0.2145
vn 0.6345 0.7426 -0.2143
vn -0.9483 -0.0094 0.3174
vn -0.5668 -0.8013 0.1917
vn -0.9483 -0.0086 0.3174
vn -0.5750 0.7957 0.1905
vn -0.5746 0.7960 0.1903
vn -0.9361 -0.3137 0.1592
vn -0.9053 -0.2856 0.3144
vn -0.9071 -0.2750 0.3186
vn 0.5479 0.1789 -0.8172
vn 0.6854 0.3283 -0.6500
vn 0.7159 0.2259 -0.6606
vn 0.9267 0.2993 0.2273
vn 0.6954 0.3259 0.6404
vn 0.7402 0.2071 0.6397
vn 0.5745 0.1537 0.8039
vn 0.2721 -0.9522 0.1388
vn 0.4373 -0.8711 0.2235
vn 0.4693 -0.8542 0.2236
vn -0.2342 0.9555 0.1792
vn -0.1097 0.9596 0.2590
vn -0.2526 0.9547 0.1576
vn -0.1058 0.9693 -0.2220
vn -0.2375 0.9615 -0.1383
vn -0.2536 0.9603 -0.1158
vn -0.2791 0.9601 0.0189
vn -0.2839 0.9587 0.0189
vn 0.4152 -0.8752 -0.2481
vn 0.2660 -0.9496 -0.1656
vn 0.4414 -0.8619 -0.2496
vn 0.2792 -0.9601 -0.0189
vn 0.2840 -0.9586 -0.0189
vn 0.9223 0.3078 -0.2339
vn 0.9560 0.2935 0.0022
vn 0.8751 0.4326 0.2168
vn -0.9075 -0.2738 -0.3186
vn -0.9372 -0.3077 -0.1643
vn -0.9094 -0.2630 -0.3224
vn -0.9560 -0.2932 -0.0022
vn -0.9390 -0.3125 0.1436
vn -0.9381 -0.3124 0.1498
vn -0.9588 -0.2839 -0.0020
vn -0.9050 -0.2727 -0.3266
vn -0.9391 -0.3067 -0.1549
vn 0.9618 0.1620 0.2208
vn 0.9879 0.1551 -0.0005
vn 0.7399 0.1331 -0.6595
vn 0.9581 0.1701 -0.2306
vn 0.7606 0.0931 0.6425
vn 0.6175 0.1676 0.7685
vn 0.5934 0.1912 -0.7819
vn -0.9027 -0.2849 0.3224
vn -0.9400 -0.3071 -0.1487
vn 0.8715 0.4397 -0.2173
vn 0.2387 0.1254 -0.9630
vn 0.2387 0.1255 -0.9630
vn 0.2387 0.1254 -0.9629
vn 0.2387 0.1255 -0.9629
vn 0.1157 0.0956 -0.9887
vn 0.1157 0.0955 -0.9887
vn 0.9469 0.3210 0.0171
vn 0.9928 0.0183 -0.1188
vn 0.3105 0.9008 0.3035
vn -0.5028 0.8587 -0.0991
vn 0.0412 0.9257 -0.3760
vn 0.4566 0.8379 -0.2991
vn 0.0614 0.9906 -0.1221
vn -0.0000 0.9907 -0.1362
vn 0.8732 -0.0435 0.4854
vn 0.8261 -0.2468 0.5066
vn 0.7916 0.3132 0.5247
vn 0.8274 0.4877 -0.2785
vn 0.9911 -0.1256 0.0451
vn 0.8203 0.5720 -0.0000
vn 0.6850 0.7165 -0.1320
vn 0.7514 0.1685 0.6379
vn -0.0000 -0.0249 -0.9997
vn -0.0000 -0.0994 -0.9950
vn -0.0015 -1.0000 -0.0010
vn -0.0012 -1.0000 -0.0012
vn -0.0008 -1.0000 -0.0014
vn -0.0005 -1.0000 -0.0015
vn -0.0002 -1.0000 -0.0013
vn -0.0001 -1.0000 -0.0012
vn -0.0000 -0.9998 -0.0210
vn -0.0000 -1.0000 -0.0012
vn 0.0541 -0.9984 0.0145
vn 0.1093 -0.9940 0.0050
vn -0.0018 -1.0000 -0.0020
vn -0.0059 -1.0000 -0.0025
vn 0.0001 -0.9993 -0.0377
vn -0.0000 -0.9954 -0.0963
vn 0.0030 -0.9951 -0.0987
vn 0.0093 -0.9946 -0.1029
vn 0.0225 -0.9948 -0.0995
vn 0.0203 -0.9943 -0.1044
vn -0.0155 -0.9907 -0.1350
vn -0.0000 -0.9902 -0.1400
vn -0.0051 -0.9901 -0.1402
vn 0.9989 0.0359 0.0314
vn 0.7957 0.3653 0.4832
vn 0.9419 -0.0537 -0.3316
vn 0.9258 0.3781 0.0030
vn -0.5730 0.5709 0.5880
vn -0.0000 0.0281 0.9996
vn -0.4359 0.6636 -0.6080
vn -0.0712 0.9576 -0.2793
vn -0.0000 0.9505 0.3108
vn 0.2411 0.9701 -0.0261
vn 0.1507 0.8737 -0.4626
vn 0.1831 0.9412 -0.2839
vn -0.0764 0.9057 -0.4169
vn -0.0747 0.8911 -0.4475
vn 0.6867 0.4303 0.5859
vn 0.6834 0.4355 0.5860
vn 0.5679 0.4849 0.6651
vn 0.2944 0.2407 0.9249
vn 0.0075 0.1505 -0.9886
vn 0.1841 -0.3257 -0.9274
vn -0.0045 -0.9976 0.0691
vn -0.0013 -1.0000 0.0011
vn -0.0000 -0.9593 0.2824
vn -0.0089 -0.9592 0.2826
vn -0.0247 -0.9867 0.1609
vn -0.0147 -0.9984 0.0545
vn -0.0069 -1.0000 0.0025
vn -0.0000 -0.9999 0.0154
vn -0.3159 -0.0005 -0.9488
vn 0.5944 0.1915 -0.7810
vn 0.6164 0.1674 0.7695
vn 0.2509 -0.9613 0.1138
vn -0.0843 0.9626 0.2576
vn -0.0815 0.9716 -0.2220
vn 0.2504 -0.9576 -0.1423
vn 0.9130 0.4078 0.0045
vn -0.5366 0.8150 0.2186
vn -0.2846 0.9382 0.1970
vn -0.2849 0.9511 0.1192
vn -0.6710 0.6731 0.3110
vn -0.5680 0.7598 0.3164
vn -0.4897 0.8256 0.2803
vn -0.2872 0.9497 0.1251
vn -0.2943 0.9505 0.0998
vn -0.4870 0.8719 0.0504
vn -0.2900 0.9528 0.0900
vn -0.3119 0.9091 0.2760
vn -0.4581 0.8812 0.1166
vn -0.9033 0.4251 -0.0575
vn -0.8912 0.3547 0.2828
vn -0.8201 0.4853 0.3032
vn -0.9453 0.3252 -0.0249
vn -0.9951 -0.0776 -0.0604
vn -0.9807 0.0261 -0.1936
vn -0.9213 0.3643 0.1362
vn -0.6364 0.7592 0.1367
vn -0.9820 -0.1763 -0.0671
vn -0.9570 -0.0585 -0.2841
vn -0.9836 -0.1800 -0.0071
vn -0.9966 -0.0816 -0.0072
vn -0.9979 -0.0640 -0.0043
vn -0.9526 0.3043 0.0014
vn -0.9459 0.3245 0.0010
vn -0.8214 0.5691 0.0386
vn -0.6622 0.7492 0.0160
vn -0.8185 0.5744 0.0062
vn -0.9814 -0.1918 -0.0039
vn -0.9865 -0.1639 -0.0000
vn -0.9992 -0.0384 -0.0091
vn -0.9902 -0.1394 -0.0021
vn -0.6459 0.7633 0.0136
vn -0.6357 0.7718 0.0142
vn -0.9811 -0.1933 -0.0000
vn -0.9446 0.3283 0.0005
vn -0.9988 -0.0424 0.0252
vn -0.9443 0.1683 0.2829
vn -0.9827 -0.1764 0.0558
vn -0.7153 0.6983 0.0258
vn -0.6639 0.7477 0.0132
vn -0.8596 0.5099 0.0330
vn -0.9899 -0.1409 0.0147
vn -0.9637 -0.2664 0.0199
vn -0.9416 0.3354 0.0293
vn -0.9970 0.0485 0.0597
vn -0.7038 0.7104 -0.0062
vn -0.9706 0.2280 0.0770
vn -0.9404 0.3221 -0.1093
vn -0.9462 0.2865 -0.1503
vn -0.9851 0.0215 -0.1704
vn -0.9810 -0.1231 -0.1498
vn -0.9747 -0.1551 -0.1612
vn -0.9384 -0.3038 -0.1644
vn -0.7254 0.6865 -0.0490
vn -0.7501 0.6568 -0.0772
vn -0.8210 0.5622 -0.0992
vn -0.7737 0.6327 -0.0311
vn -0.7053 0.7086 -0.0206
vn -0.9536 -0.1416 -0.2656
vn -0.9124 -0.3134 -0.2633
vn -0.7866 0.6130 -0.0746
vn -0.9463 0.3213 -0.0365
vn -0.7999 0.6002 0.0029
vn -0.5781 0.6112 -0.5406
vn -0.8805 -0.0692 -0.4690
vn -0.9212 -0.0637 -0.3838
vn -0.6824 0.4658 -0.5634
vn -0.8710 0.1550 -0.4662
vn -0.9843 -0.1680 -0.0534
vn -0.9836 -0.1802 -0.0114
vn -0.8103 0.5845 0.0413
vn -0.9533 0.3019 -0.0028
vn -0.9967 -0.0814 -0.0063
vn -0.5525 0.7639 0.3334
vn -0.7050 0.6848 0.1845
vn -0.6018 0.7829 0.1577
vn -0.3049 0.8372 0.4539
vn -0.4170 0.8741 0.2491
vn -0.7459 0.6654 0.0298
vn -0.4817 0.8716 0.0915
vn -0.2628 0.9513 0.1609
vn -0.1035 0.9762 0.1905
vn -0.1253 0.9759 0.1789
vn -0.0091 0.9871 0.1597
vn -0.1036 0.9767 0.1879
vn -0.0601 0.9780 0.1999
vn -0.0592 0.9860 0.1556
vn -0.0962 0.9852 0.1415
vn -0.2249 0.9732 0.0484
vn -0.0553 0.9966 0.0613
vn -0.0925 0.9944 0.0506
vn -0.7087 0.7055 0.0052
vn -0.4330 0.9010 0.0264
vn 0.1354 0.9745 0.1787
vn 0.4519 0.8874 0.0909
vn -0.1131 0.9929 0.0371
vn -0.0846 0.9964 0.0037
vn -0.0499 0.9987 0.0043
vn -0.6224 0.7826 0.0073
vn -0.4139 0.9103 -0.0033
vn -0.6163 0.7875 0.0005
vn 0.4642 0.8828 0.0718
vn 0.4798 0.8771 0.0224
vn -0.2033 0.9791 0.0021
vn -0.0465 0.9988 -0.0169
vn -0.6123 0.7906 0.0012
vn -0.3569 0.9339 -0.0234
vn 0.4806 0.8767 0.0198
vn 0.4873 0.8732 -0.0027
vn -0.1352 0.9905 -0.0238
vn -0.1026 0.9947 -0.0000
vn -0.0816 0.9965 -0.0175
vn -0.6183 0.7776 -0.1144
vn -0.3240 0.9366 -0.1336
vn -0.2766 0.9368 -0.2145
vn -0.0456 0.9964 -0.0710
vn 0.1969 0.9753 -0.1004
vn -0.1497 0.9765 -0.1553
vn -0.1168 0.9805 -0.1578
vn -0.1825 0.9742 -0.1330
vn -0.2064 0.9519 -0.2262
vn -0.0886 0.9930 -0.0775
vn -0.1059 0.9845 -0.1396
vn -0.0510 0.9912 -0.1223
vn -0.1057 0.9941 -0.0231
vn 0.4895 0.8719 -0.0100
vn -0.5894 0.8069 -0.0399
vn -0.3769 0.9259 -0.0238
vn -0.3628 0.9313 0.0310
vn -0.3125 0.9499 0.0107
vn -0.8236 0.5587 -0.0979
vn -0.5462 0.8332 -0.0857
vn -0.8023 0.5861 -0.1127
vn -0.7834 0.6025 -0.1524
vn -0.7292 0.6555 -0.1962
vn -0.6271 0.7608 -0.1673
vn -0.2388 0.9708 0.0221
vn -0.4395 0.8978 -0.0286
vn -0.2156 0.9747 -0.0586
vn -0.3110 0.9493 -0.0459
vn -0.1038 0.9898 -0.0980
vn -0.1762 0.9798 -0.0946
vn -0.2398 0.3462 -0.9070
vn -0.2738 0.9613 -0.0317
vn -0.0771 0.9969 0.0184
vn -0.0691 0.9955 0.0651
vn -0.0628 0.9976 -0.0302
vn -0.0610 0.9980 -0.0180
vn -0.0215 0.9996 -0.0207
vn -0.0693 0.9976 -0.0043
vn -0.0226 0.9995 -0.0198
vn -0.0220 0.9993 -0.0291
vn -0.0262 0.9965 -0.0798
vn -0.0725 0.9947 -0.0725
vn -0.0882 0.9956 -0.0330
vn -0.3083 0.4725 -0.8256
vn -0.1796 0.4996 -0.8474
vn -0.1678 0.3397 -0.9254
vn -0.1575 0.5106 -0.8453
vn -0.0933 0.5041 -0.8586
vn -0.0425 0.4825 -0.8748
vn -0.0337 0.3550 -0.9342
vn -0.0686 0.2023 -0.9769
vn -0.0749 0.1231 -0.9896
vn -0.0297 0.1212 -0.9922
vn -0.0675 0.1398 -0.9879
vn -0.0924 0.0096 -0.9957
vn -0.0987 -0.1054 -0.9895
vn -0.0953 -0.0463 -0.9944
vn -0.0522 0.0255 -0.9983
vn -0.0175 0.9206 -0.3902
vn -0.0163 0.9205 -0.3904
vn -0.0397 0.9249 -0.3782
vn -0.0498 0.0741 -0.9960
vn -0.0580 -0.0543 -0.9968
vn -0.0960 -0.1199 -0.9881
vn -0.0686 -0.4358 -0.8974
vn -0.0869 -0.4356 -0.8959
vn -0.0622 -0.5563 -0.8287
vn -0.0323 0.5090 -0.8601
vn -0.0294 0.7835 -0.6207
vn -0.0587 0.7825 -0.6199
vn -0.0657 -0.7186 -0.6923
vn -0.0329 -0.7198 -0.6934
vn -0.0336 -0.7198 -0.6934
vn -0.0801 -0.5534 -0.8291
vn -0.3326 -0.5402 -0.7731
vn -0.3038 -0.4169 -0.8567
vn -0.0447 0.9255 -0.3761
vn -0.1151 0.9203 -0.3740
vn -0.1483 0.9109 -0.3852
vn -0.0601 0.7824 -0.6199
vn -0.1947 0.7688 -0.6091
vn -0.0986 0.0748 -0.9923
vn -0.3165 -0.1121 -0.9420
vn -0.0670 -0.7185 -0.6922
vn -0.3185 -0.6966 -0.6429
vn -0.2462 -0.6980 -0.6724
vn -0.7379 -0.4063 -0.5390
vn -0.7672 0.0597 -0.6386
vn -0.3304 0.0696 -0.9413
vn -0.2527 0.7771 -0.5764
vn -0.4759 0.8063 -0.3511
vn -0.7770 -0.1025 -0.6211
vn -0.5993 -0.6644 -0.4466
vn -0.2666 0.8569 -0.4412
vn -0.6570 -0.6381 -0.4014
vn -0.8581 -0.4748 -0.1953
vn -0.8260 -0.5225 -0.2115
vn -0.7454 0.6639 -0.0605
vn -0.7231 0.6788 -0.1279
vn -0.7326 0.6804 0.0186
vn -0.9515 -0.2875 -0.1090
vn -0.9314 -0.3514 -0.0945
vn -0.5108 0.7386 -0.4400
vn -0.4245 0.7847 -0.4516
vn -0.1655 0.1556 -0.9739
vn -0.2128 0.1933 -0.9578
vn -0.1324 0.0363 -0.9905
vn -0.1346 0.0480 -0.9897
vn -0.1180 0.0437 -0.9921
vn -0.2130 0.3842 -0.8983
vn -0.5723 -0.0704 -0.8170
vn -0.5667 -0.0805 -0.8200
vn -0.3126 0.1341 -0.9404
vn -0.2777 0.3541 -0.8930
vn -0.4624 0.1939 -0.8652
vn -0.6498 0.0695 -0.7569
vn -0.7083 -0.0752 -0.7019
vn -0.1077 0.9916 -0.0718
vn -0.0468 0.9917 -0.1201
vn -0.0250 0.9918 -0.1250
vn -0.7041 -0.4776 -0.5255
vn -0.8897 -0.3236 -0.3219
vn -0.9990 0.0012 -0.0443
vn -0.7294 0.6110 0.3076
vn -0.6761 0.6836 0.2748
vn -0.9921 0.0318 0.1213
vn -0.9465 0.2135 0.2418
vn -0.8819 0.3894 0.2658
vn -0.7056 0.6599 0.2583
vn -0.8873 0.3651 0.2818
vn -0.8048 0.3844 0.4522
vn -0.4869 0.7890 0.3748
vn -0.7484 0.4046 0.5255
vn -0.8604 -0.0285 0.5088
vn -0.9722 0.0323 0.2317
vn -0.9901 -0.0819 0.1139
vn -0.9737 -0.0710 0.2164
vn -0.9369 0.0148 0.3492
vn -0.5857 -0.7321 0.3478
vn -0.5915 -0.7278 0.3470
vn -0.5818 -0.7341 0.3502
vn -0.8153 -0.5100 0.2743
vn -0.8098 -0.5085 0.2928
vn -0.6714 -0.6868 0.2786
vn -0.9806 -0.1614 0.1117
vn -0.9510 -0.1805 0.2510
vn -0.6417 -0.7089 0.2927
vn -0.8036 -0.2786 0.5259
vn -0.7843 -0.2671 0.5599
vn -0.7243 -0.3132 0.6142
vn -0.9703 -0.0159 0.2412
vn -0.9143 0.0245 0.4043
vn -0.9918 -0.0463 0.1191
vn -0.8678 -0.2316 0.4395
vn -0.8606 0.0337 0.5082
vn -0.9198 -0.1681 0.3546
vn -0.7347 0.3472 0.5828
vn -0.7597 0.3173 0.5676
vn -0.7751 0.3149 0.5477
vn -0.7766 -0.3330 0.5347
vn -0.7775 -0.3368 0.5311
vn -0.7403 -0.3692 0.5618
vn -0.8809 -0.0141 0.4730
vn -0.9812 -0.0364 0.1896
vn -0.9369 -0.0334 0.3479
vn -0.9961 -0.0320 0.0827
vn -0.8482 -0.2694 0.4561
vn -0.9105 -0.2274 0.3454
vn -0.9606 -0.1897 0.2032
vn -0.9855 -0.1470 0.0843
vn -0.0325 -0.9995 -0.0000
vn -0.0183 -0.9998 -0.0000
vn -0.7328 0.6804 0.0107
vn -0.9080 0.3759 0.1851
vn -0.8739 0.4111 0.2592
vn -0.7838 0.5465 -0.2951
vn -0.8399 0.4947 0.2234
vn -0.7850 0.6014 -0.1486
vn -0.9887 -0.1271 -0.0795
vn -0.9426 -0.3142 -0.1126
vn -0.9645 0.1145 -0.2379
vn -0.9025 0.4223 0.0845
vn -0.9970 -0.0774 0.0024
vn -0.9869 -0.1597 -0.0233
vn -0.9975 -0.0563 0.0428
vn -0.9986 -0.0357 0.0402
vn -0.9050 0.0944 -0.4148
vn -0.9959 -0.0901 -0.0051
vn -0.9965 -0.0832 -0.0113
vn -0.9926 -0.1173 -0.0305
vn -0.9945 -0.1046 0.0049
vn -0.8288 0.5594 0.0097
vn -0.9268 0.3731 0.0427
vn -0.9547 0.2975 0.0003
vn -0.9715 -0.2260 0.0711
vn -0.9528 -0.3037 0.0006
vn -0.3921 0.9083 0.1459
vn -0.9212 0.3185 0.2234
vn -0.9294 0.3651 -0.0546
vn -0.8202 0.5720 -0.0078
vn -0.8225 0.5687 -0.0098
vn -0.8909 0.4542 -0.0000
vn -0.9864 -0.1460 0.0749
vn -0.9739 -0.2142 -0.0748
vn -0.9869 -0.0915 -0.1332
vn -0.7353 -0.6778 0.0006
vn -0.8310 -0.5498 -0.0847
vn -0.8321 -0.5508 0.0651
vn -0.9918 0.0959 0.0848
vn -0.9959 0.0900 0.0063
vn -1.0000 -0.0000 -0.0018
vn -0.9581 -0.2700 -0.0956
vn -0.9997 -0.0092 -0.0243
vn -0.9840 -0.1767 -0.0221
vn -0.9938 -0.1104 0.0101
vn -0.9406 -0.3377 -0.0356
vn -0.8025 0.4076 0.4359
vn -0.7466 0.2364 0.6219
vn -1.0000 0.0013 -0.0034
vn -0.7770 0.0732 0.6252
vn -0.7719 0.0851 0.6301
vn -0.7771 0.0655 0.6260
vn -0.9250 -0.3783 -0.0348
vn -0.9223 0.2982 0.2458
vn -0.3375 0.9315 -0.1353
vn -0.8471 0.4765 -0.2353
vn -0.8895 0.3468 -0.2974
vn -0.8907 -0.1487 -0.4295
vn -0.7448 -0.0111 -0.6672
vn -0.9861 -0.0708 -0.1501
vn 0.2114 -0.9761 -0.0509
vn -0.0016 -0.0284 -0.9996
vn 0.2266 -0.1824 -0.9568
vn 0.2047 -0.8612 -0.4653
vn 0.2904 -0.3465 0.8919
vn 0.2662 -0.6423 0.7188
vn 0.2377 -0.0116 -0.9713
vn 0.2099 -0.0151 -0.9776
vn 0.3370 -0.1106 0.9350
vn 0.2882 -0.1471 0.9462
vn 0.2068 -0.5993 -0.7734
vn -0.0007 -0.0158 -0.9999
vn 0.0054 -0.0204 -0.9998
vn 0.2059 -0.3971 -0.8944
vn 0.2345 -0.8895 0.3923
vn 0.2512 -0.1391 0.9579
vn 0.3013 -0.1459 0.9423
vn 0.2749 -0.3358 0.9009
vn 0.2534 -0.6330 0.7315
vn 0.2123 -0.0225 -0.9769
vn 0.2015 -0.5948 -0.7782
vn 0.2421 0.0083 -0.9702
vn 0.2203 -0.0276 -0.9750
vn 0.2132 -0.3910 -0.8954
vn 0.2324 -0.8803 0.4137
vn 0.2029 -0.9783 -0.0410
vn 0.1951 -0.8625 -0.4669
vn 0.2197 -0.1749 -0.9598
vn 0.3580 -0.3038 0.8829
vn 0.3445 -0.5933 0.7276
vn 0.4244 -0.1029 0.8996
vn 0.4015 -0.0970 0.9107
vn 0.3054 -0.8867 -0.3472
vn 0.3439 -0.6927 -0.6340
vn 0.4227 -0.0975 -0.9010
vn 0.2964 -0.9550 -0.0034
vn 0.3145 -0.8616 0.3984
vn 0.3930 -0.3715 -0.8411
vn 0.3611 -0.5626 0.7437
vn 0.3110 -0.8481 0.4290
vn 0.3856 -0.3446 -0.8559
vn 0.2748 -0.9615 -0.0037
vn 0.3963 -0.2488 0.8838
vn 0.2528 -0.3082 0.9171
vn 0.3762 -0.1878 0.9073
vn 0.4473 0.0079 -0.8944
vn 0.4201 -0.0859 -0.9034
vn 0.2888 -0.8848 -0.3657
vn 0.3366 -0.6680 -0.6637
vn 0.2261 -0.0243 -0.9738
vn 0.3638 -0.0203 -0.9313
vn -0.0015 -0.9999 0.0117
vn 0.0035 -1.0000 0.0005
vn 0.0071 -1.0000 -0.0016
vn 0.0003 -0.9999 -0.0147
vn 0.0008 -0.9999 -0.0114
vn -0.0038 -0.9941 -0.1082
vn 0.0040 -0.9927 -0.1208
vn 0.0093 -0.9923 -0.1237
vn -0.8413 -0.0530 0.5379
vn -0.8359 -0.1219 0.5351
vn -0.8401 -0.0730 0.5375
vn -0.9991 0.0285 0.0310
vn -0.9991 0.0282 0.0310
vn -0.9989 0.0357 0.0314
vn -0.5813 0.6144 -0.5335
vn -0.6086 0.5602 -0.5620
vn -0.5309 0.4865 -0.6939
vn -0.8508 -0.1141 0.5130
vn -0.8505 -0.1146 0.5134
vn -0.5403 0.8413 0.0177
vn -0.5375 0.8430 0.0179
vn -0.9082 0.4185 0.0050
vn -0.8911 0.4537 0.0041
vn -0.9102 0.4143 0.0019
vn -0.8303 0.5573 -0.0001
vn -0.8772 0.4802 -0.0022
vn -0.8755 0.4833 -0.0013
vn -0.4731 0.8808 0.0179
vn -0.4700 0.8825 0.0178
vn -0.8083 0.3214 0.4933
vn -0.9941 -0.0099 -0.1084
vn -0.9993 -0.0186 -0.0323
vn -0.9986 -0.0283 -0.0455
vn -0.9957 -0.0179 -0.0912
vn -0.9771 0.0510 -0.2064
vn -0.9382 -0.0555 -0.3417
vn -0.9421 0.0174 -0.3348
vn -0.9418 -0.0541 -0.3319
vn -0.7923 0.2019 0.5758
vn -0.9704 0.0680 -0.2318
vn -0.9995 0.0202 -0.0242
vn -0.9995 0.0194 -0.0242
vn -0.4534 0.8911 0.0186
vn -0.9097 0.4153 -0.0007
vn -0.9154 0.4026 -0.0042
vn -0.9103 0.4138 -0.0001
vn -0.8346 0.5508 -0.0025
vn 0.4512 -0.0000 -0.8924
vn 0.2736 -0.0000 -0.9619
vn 0.2723 -0.1883 -0.9436
vn 0.2647 -0.0000 -0.9643
vn 0.2640 -0.1861 -0.9464
vn 0.1761 -0.0000 -0.9844
vn -0.2978 0.3068 0.9040
vn -0.2898 0.2930 0.9111
vn -0.3000 0.2993 0.9058
vn 0.1856 0.7780 0.6003
vn 0.8915 0.2117 0.4005
vn 0.8821 0.2302 0.4110
vn 0.5605 0.5810 0.5901
vn 0.1773 0.7865 0.5916
vn -0.2367 0.3077 0.9216
vn -0.2992 0.3139 0.9011
vn -0.2487 0.3124 0.9168
vn -0.1442 0.1898 0.9712
vn -0.1353 0.1821 0.9739
vn 0.4424 0.6525 -0.6153
vn 0.4806 -0.2508 -0.8403
vn 0.2554 -0.3661 -0.8949
vn 0.4147 -0.4792 -0.7736
vn 0.2492 -0.3625 -0.8980
vn 0.1714 -0.3566 -0.9184
vn 0.5979 -0.4320 -0.6752
vn 0.0044 1.0000 0.0005
vn 0.0072 1.0000 0.0008
vn 0.0125 0.9999 0.0015
vn 0.8629 0.5053 0.0106
vn 0.8283 0.5602 0.0129
vn 0.8253 0.5643 0.0208
vn -0.1475 0.1905 -0.9705
vn -0.1508 0.1932 -0.9695
vn -0.2047 0.1735 -0.9633
vn -0.2046 0.1675 -0.9644
vn -0.1395 0.1920 -0.9714
vn 0.1124 0.9531 0.2811
vn 0.1063 0.9531 0.2834
vn 0.0306 0.9437 0.3294
vn 0.2001 0.8083 -0.5537
vn 0.2038 0.8050 -0.5571
vn 0.0964 0.9890 -0.1124
vn -0.0770 0.1179 -0.9900
vn -0.0753 0.1189 -0.9900
vn -0.1085 0.2025 -0.9733
vn 0.1490 0.3284 -0.9327
vn 0.0059 0.7267 -0.6869
vn 0.1310 0.7255 -0.6756
vn 0.0193 0.9451 0.3261
vn 0.1287 0.9714 0.1998
vn 0.0712 0.4056 -0.9113
vn -0.2839 0.8783 -0.3846
vn -0.2706 0.8862 -0.3759
vn -0.4806 0.8182 -0.3157
vn -0.3470 0.8593 -0.3757
vn -0.0626 0.9210 -0.3844
vn -0.1715 0.9028 -0.3944
vn -0.1893 0.8831 -0.4292
vn 0.1827 -0.1883 -0.9650
vn -0.7841 0.4395 0.4382
vn -0.7228 0.5441 0.4261
vn -0.8179 0.5095 0.2675
vn -0.5337 0.4639 0.7070
vn -0.3238 0.4056 0.8548
vn -0.3249 0.4064 0.8540
vn -0.6804 0.4423 0.5843
vn -0.7904 0.4118 0.4535
vn -0.6766 0.4496 0.5832
vn -0.8059 0.5172 0.2881
vn -0.6587 0.5962 0.4591
vn -0.6731 0.4638 0.5760
vn -0.5695 0.4817 0.6661
vn -0.0343 0.3189 0.9472
vn -0.0147 -0.9999 -0.0000
vn -0.1388 0.1254 -0.9823
vn -0.1353 0.1728 -0.9756
vn -0.1705 0.0516 -0.9840
vn -0.1563 0.0917 -0.9834
vn -0.1175 0.0960 -0.9884
vn -0.1565 0.1374 -0.9781
vn -0.1724 0.1460 -0.9742
vn -0.1759 0.1520 -0.9726
vn 0.0445 0.1632 -0.9856
vn -0.0991 0.1187 -0.9880
vn -0.0534 0.1690 -0.9842
vn -0.1049 0.1334 -0.9855
vn -0.1230 0.1292 -0.9840
vn -0.1076 0.3307 -0.9376
vn 0.0227 0.0770 -0.9968
vn 0.1030 0.1271 -0.9865
vn -0.2533 0.1642 -0.9534
vn -0.2670 0.1552 -0.9511
vn -0.3113 0.2306 -0.9219
vn -0.2775 0.1426 -0.9501
vn -0.2798 0.1243 -0.9520
vn -0.3596 0.1253 -0.9246
vn -0.2249 0.0761 -0.9714
vn -0.2130 0.1011 -0.9718
vn -0.1735 0.0386 -0.9841
vn -0.1958 0.1046 -0.9750
vn -0.2027 0.1265 -0.9710
vn -0.1843 0.1074 -0.9770
vn -0.1966 0.1415 -0.9702
vn -0.2112 0.1529 -0.9654
vn -0.1963 0.1641 -0.9667
vn -0.2247 0.1739 -0.9588
vn -0.2092 0.2192 -0.9530
vn -0.2826 0.1096 -0.9529
vn -0.2660 0.0963 -0.9592
vn -0.3810 -0.0308 -0.9240
vn -0.2575 0.0720 -0.9636
vn -0.3209 -0.0868 -0.9431
vn -0.3208 -0.3981 -0.8594
vn -0.1332 0.1284 -0.9827
vn -0.1441 0.1182 -0.9825
vn -0.1518 0.1036 -0.9830
vn -0.1564 0.0902 -0.9836
vn -0.1143 0.0923 -0.9891
vn -0.1485 0.0769 -0.9859
vn -0.1415 0.0619 -0.9880
vn -0.1376 0.0676 -0.9882
vn -0.0965 0.0564 -0.9937
vn -0.0755 0.0792 -0.9940
vn -0.0758 0.0699 -0.9947
vn -0.1278 0.0467 -0.9907
vn -0.1097 0.0564 -0.9924
vn -0.1560 0.0653 -0.9856
vn -0.1447 0.0559 -0.9879
vn -0.1844 0.0941 -0.9783
vn -0.1200 0.0751 -0.9899
vn -0.0926 0.0966 -0.9910
vn -0.1185 0.1320 -0.9841
vn -0.1199 0.1346 -0.9836
vn -0.1998 0.3514 -0.9146
vn -0.0749 0.9913 -0.1080
vn -0.5298 0.0956 -0.8427
vn -0.5817 -0.0670 -0.8107
vn -0.3394 0.1708 -0.9250
vn -0.1824 0.1469 -0.9722
vn -0.1343 0.1422 -0.9807
vn -0.0753 0.2710 -0.9596
vn -0.2039 -0.0018 -0.9790
vn -0.1312 0.0777 -0.9883
vn -0.1047 0.0574 -0.9928
vn -0.1433 0.0430 -0.9887
vn -0.4045 0.0500 -0.9132
vn -0.8843 -0.0313 -0.4658
vn -0.7119 -0.1012 -0.6949
vn -0.9813 -0.1926 -0.0049
vn -0.9870 -0.1603 -0.0078
vn -0.9811 -0.1936 0.0008
vn -0.9378 -0.3471 0.0047
vn -0.9875 -0.1493 -0.0506
vn -0.8951 -0.1818 -0.4072
vn -0.8218 0.5697 -0.0018
vn -0.9844 -0.1756 -0.0061
vn -0.0224 -0.1199 -0.9925
vn -0.0223 -0.1994 -0.9797
vn 0.0042 -0.9975 0.0709
vn -0.4967 0.8166 0.2941
vn -0.2825 0.9381 0.2003
vn -0.5684 0.7600 0.3152
vn 0.0080 -1.0000 0.0017
vn 0.0006 -1.0000 0.0003
vn 0.0061 -0.9999 0.0096
vn -0.2317 0.1691 -0.9580
vn -0.2388 0.0845 -0.9674
vn -0.1418 0.0734 -0.9872
vn -0.1229 0.1020 -0.9872
vn -0.0678 0.0710 -0.9952
vn -0.5421 -0.1562 -0.8257
vn -0.5407 -0.1586 -0.8261
vn -0.6001 0.0278 -0.7994
vn -0.2461 -0.3877 -0.8883
vn -0.2423 -0.3888 -0.8889
vn -0.4141 -0.3048 -0.8577
vn -0.4881 0.3974 -0.7771
vn -0.5813 0.2243 -0.7821
vn -0.5813 0.2245 -0.7821
vn -0.0438 -0.3542 -0.9342
vn 0.1217 -0.2532 -0.9597
vn 0.1200 -0.2548 -0.9595
vn 0.2854 0.0955 -0.9536
vn 0.2855 0.0964 -0.9535
vn 0.2376 -0.0957 -0.9666
vn -0.5203 0.4568 -0.7215
vn -0.5218 0.4553 -0.7214
vn -0.3660 0.5584 -0.7445
vn -0.6292 0.3032 -0.7157
vn -0.6747 0.1211 -0.7281
vn -0.6747 0.1219 -0.7280
vn -0.6503 -0.0634 -0.7570
vn -0.5588 -0.2240 -0.7985
vn -0.5608 -0.2216 -0.7977
vn -0.4123 -0.3365 -0.8466
vn -0.2317 -0.3829 -0.8943
vn -0.2355 -0.3827 -0.8934
vn 0.1568 0.4498 -0.8793
vn 0.1545 0.4522 -0.8784
vn 0.2558 0.2895 -0.9223
vn -0.1796 0.5955 -0.7830
vn -0.1834 0.5955 -0.7821
vn -0.0004 0.5591 -0.8291
vn 0.2665 -0.2172 -0.9390
vn 0.2675 -0.2159 -0.9390
vn 0.1255 -0.3385 -0.9326
vn 0.3540 -0.0506 -0.9339
vn 0.3734 0.1358 -0.9177
vn 0.3735 0.1345 -0.9178
vn 0.3216 0.3155 -0.8928
vn 0.2052 0.4625 -0.8626
vn 0.2078 0.4602 -0.8632
vn -0.3359 0.5206 -0.7849
vn -0.4869 0.3987 -0.7771
vn 0.0400 0.5541 -0.8315
vn 0.0438 0.5529 -0.8321
vn -0.0470 -0.3553 -0.9336
vn 0.2379 -0.0950 -0.9666
vn 0.2566 0.2874 -0.9228
vn 0.0031 0.5576 -0.8301
vn -0.3630 0.5596 -0.7450
vn -0.6295 0.3025 -0.7157
vn -0.6510 -0.0615 -0.7566
vn -0.4157 -0.3348 -0.8456
vn 0.1230 -0.3399 -0.9324
vn -0.0529 -0.3997 -0.9151
vn 0.3541 -0.0505 -0.9339
vn 0.3227 0.3132 -0.8932
vn -0.1500 0.5752 -0.8041
vn -0.1462 0.5755 -0.8046
vn -0.3332 0.5220 -0.7851
vn -0.6003 0.0292 -0.7993
vn -0.4171 -0.3026 -0.8570
vn -0.0565 -0.4002 -0.9147
vn 0.4455 0.7820 0.4359
vn 0.4453 0.8683 0.2187
vn 0.7609 0.5210 -0.3869
vn 0.5667 -0.8013 0.1917
vn -0.4880 -0.8579 -0.1611
vn -0.4877 -0.8580 -0.1610
vn -0.6645 0.7460 -0.0437
vn -0.9977 0.0084 -0.0665
vn -0.9726 0.0088 0.2322
vn -0.6308 0.7452 0.2165
vn -0.6174 0.4887 0.6164
vn 0.2026 -0.8861 -0.4169
vn -0.1796 -0.9777 0.1091
vn -0.6334 -0.7415 0.2215
vn 0.4462 0.8949 -0.0011
vn -0.7722 -0.0001 0.6354
vn -0.1866 0.0849 0.9788
vn -0.3346 0.5899 0.7348
vn -0.3903 0.8449 -0.3657
vn -0.2056 0.9711 0.1209
vn -0.6529 0.7430 0.1475
vn -0.3705 -0.6691 0.6442
vn -0.5854 -0.4920 0.6444
vn -0.6722 -0.7390 -0.0442
vn -0.9304 -0.1940 -0.3109
vn -0.9306 -0.1931 -0.3110
vn -0.1236 -0.9366 -0.3278
vn 0.1633 -0.9828 -0.0867
vn -0.2706 -0.9600 0.0722
vn -0.8693 0.4831 -0.1044
vn -0.9345 0.3560 0.0013
vn -0.9310 0.2457 -0.2700
vn -0.5752 -0.6386 0.5112
vn -0.2457 -0.9644 0.0974
vn -0.2310 0.6584 0.7164
vn -0.6683 0.6151 0.4184
vn -0.9629 0.1295 0.2367
vn 0.3172 -0.0035 -0.9483
vn 0.3181 -0.0048 -0.9481
vn 0.3179 -0.0048 -0.9481
vn 0.3171 -0.0035 -0.9484
vn 0.3173 -0.0017 -0.9483
vn 0.3169 -0.0019 -0.9485
vn 0.3169 -0.0023 -0.9485
vn 0.3174 -0.0017 -0.9483
vn 0.3172 0.0001 -0.9484
vn 0.3168 -0.0022 -0.9485
vn 0.3173 0.0002 -0.9483
vn 0.3167 -0.0028 -0.9485
vn 0.3182 -0.0043 -0.9480
vn 0.3166 -0.0000 -0.9486
vn 0.3198 -0.0069 -0.9475
vn 0.3175 -0.0003 -0.9483
vn -0.6352 0.7419 -0.2145
vn -0.6345 0.7426 -0.2143
vn 0.5668 -0.8013 0.1917
vn 0.9483 -0.0094 0.3174
vn 0.9483 -0.0086 0.3174
vn 0.5750 0.7957 0.1905
vn 0.5746 0.7960 0.1903
vn 0.9361 -0.3137 0.1592
vn 0.9071 -0.2750 0.3186
vn 0.9053 -0.2856 0.3144
vn -0.5479 0.1789 -0.8172
vn -0.7159 0.2259 -0.6606
vn -0.6854 0.3283 -0.6500
vn -0.9267 0.2993 0.2273
vn -0.7402 0.2071 0.6397
vn -0.6954 0.3259 0.6404
vn -0.5745 0.1537 0.8039
vn -0.2721 -0.9522 0.1388
vn -0.4693 -0.8542 0.2236
vn -0.4373 -0.8711 0.2235
vn 0.2342 0.9555 0.1792
vn 0.2526 0.9547 0.1576
vn 0.1097 0.9596 0.2590
vn 0.1058 0.9693 -0.2220
vn 0.2536 0.9603 -0.1158
vn 0.2375 0.9615 -0.1383
vn 0.2791 0.9601 0.0189
vn 0.2839 0.9587 0.0189
vn -0.4152 -0.8752 -0.2481
vn -0.4414 -0.8619 -0.2496
vn -0.2660 -0.9496 -0.1656
vn -0.2792 -0.9601 -0.0189
vn -0.2840 -0.9586 -0.0189
vn -0.9223 0.3078 -0.2339
vn -0.9560 0.2935 0.0022
vn -0.8751 0.4326 0.2168
vn 0.9075 -0.2738 -0.3186
vn 0.9094 -0.2630 -0.3224
vn 0.9372 -0.3077 -0.1643
vn 0.9560 -0.2932 -0.0022
vn 0.9390 -0.3125 0.1436
vn 0.9588 -0.2839 -0.0020
vn 0.9381 -0.3124 0.1498
vn 0.9050 -0.2727 -0.3266
vn 0.9391 -0.3067 -0.1549
vn -0.9879 0.1551 -0.0005
vn -0.9618 0.1620 0.2208
vn -0.7399 0.1331 -0.6595
vn -0.9581 0.1701 -0.2306
vn -0.7606 0.0931 0.6425
vn -0.6175 0.1676 0.7685
vn -0.5934 0.1912 -0.7819
vn 0.9027 -0.2849 0.3224
vn 0.9400 -0.3071 -0.1487
vn -0.8715 0.4397 -0.2173
vn -0.2387 0.1254 -0.9630
vn -0.2387 0.1255 -0.9630
vn -0.2387 0.1254 -0.9629
vn -0.2387 0.1255 -0.9629
vn -0.1157 0.0956 -0.9887
vn -0.1157 0.0955 -0.9887
vn -0.9469 0.3210 0.0171
vn -0.9928 0.0183 -0.1188
vn -0.3105 0.9008 0.3035
vn 0.5028 0.8587 -0.0991
vn -0.0412 0.9257 -0.3760
vn -0.4566 0.8379 -0.2991
vn -0.0614 0.9906 -0.1221
vn -0.3439 0.8507 0.3976
vn -0.8567 -0.0127 0.5157
vn -0.8200 -0.2568 0.5115
vn -0.8163 -0.3035 0.4914
vn -0.7426 0.3654 0.5613
vn -0.7398 -0.3742 0.5592
vn -0.8274 0.4877 -0.2785
vn -0.9911 -0.1256 0.0451
vn -0.8203 0.5720 -0.0000
vn -0.6850 0.7165 -0.1320
vn -0.7514 0.1685 0.6379
vn 0.0015 -1.0000 -0.0010
vn 0.0012 -1.0000 -0.0012
vn 0.0008 -1.0000 -0.0014
vn 0.0005 -1.0000 -0.0015
vn 0.0002 -1.0000 -0.0013
vn 0.0001 -1.0000 -0.0012
vn -0.0541 -0.9984 0.0145
vn -0.1093 -0.9940 0.0050
vn 0.0018 -1.0000 -0.0020
vn 0.0059 -1.0000 -0.0025
vn -0.0001 -0.9993 -0.0377
vn -0.0030 -0.9951 -0.0987
vn -0.0093 -0.9946 -0.1029
vn -0.0225 -0.9948 -0.0995
vn -0.0203 -0.9943 -0.1044
vn 0.0155 -0.9907 -0.1350
vn 0.0051 -0.9901 -0.1402
vn -0.9989 0.0359 0.0314
vn -0.7957 0.3653 0.4832
vn -0.9419 -0.0537 -0.3316
vn -0.9258 0.3781 0.0030
vn 0.5730 0.5709 0.5880
vn 0.4359 0.6636 -0.6080
vn -0.2654 0.8607 0.4345
vn 0.0712 0.9576 -0.2793
vn -0.1507 0.8737 -0.4626
vn -0.2411 0.9701 -0.0261
vn -0.1831 0.9412 -0.2839
vn -0.8283 0.5602 0.0129
vn -0.8629 0.5053 0.0106
vn -0.8253 0.5643 0.0208
vn -0.5325 0.4625 0.7089
vn -0.2727 0.4037 0.8733
vn -0.5761 0.4616 0.6746
vn -0.0343 0.3201 0.9468
vn -0.0075 0.1505 -0.9886
vn -0.1841 -0.3257 -0.9274
vn 0.0045 -0.9976 0.0691
vn 0.0013 -1.0000 0.0011
vn 0.0247 -0.9867 0.1609
vn 0.0089 -0.9592 0.2826
vn 0.0147 -0.9984 0.0545
vn 0.0069 -1.0000 0.0025
vn 0.3159 -0.0005 -0.9488
vn -0.5944 0.1915 -0.7810
vn -0.6164 0.1674 0.7695
vn -0.2509 -0.9613 0.1138
vn 0.0843 0.9626 0.2576
vn 0.0815 0.9716 -0.2220
vn -0.2504 -0.9576 -0.1423
vn -0.9130 0.4078 0.0045
vn 0.8213 0.5704 -0.0090
vn 0.8538 0.5201 -0.0254
vn -0.8213 0.5704 -0.0090
vn -0.8538 0.5201 -0.0254
vt 0.064844 0.814844
vt 0.192969 0.814844
vt 0.192969 0.942969
vt 0.549922 0.819453
vt 0.684453 0.819453
vt 0.684453 0.953985
vt 0.311907 0.819720
vt 0.445905 0.819720
vt 0.445905 0.953718
vt 0.546940 0.562565
vt 0.679622 0.562565
vt 0.679622 0.695247
vt 0.783341 0.552872
vt 0.951034 0.552872
vt 0.951034 0.720565
vt 0.288674 0.554299
vt 0.453513 0.554299
vt 0.453513 0.719138
s 1
g off
g Body_elReyCars
usemtl elReyCars
f 16/1/1 513/2/2 511/3/3
f 418/1/4 514/2/5 510/3/6
f 513/4/2 11/5/7 10/6/8
f 18/1/9 512/2/10 515/3/11
f 17/1/12 23/2/13 18/3/9
f 16/1/1 24/2/14 21/3/15
f 20/1/16 26/2/17 25/3/18
f 16/1/1 21/2/15 198/3/19
f 18/1/9 20/2/16 15/3/20
f 25/1/18 28/2/21 27/3/22
f 64/1/23 32/2/24 65/3/25
f 66/1/26 32/2/24 31/3/27
f 67/4/28 497/5/29 494/6/30
f 487/1/31 33/2/32 64/3/23
f 32/1/24 502/2/33 504/3/34
f 31/1/27 501/2/35 30/3/36
f 33/1/32 500/2/37 502/3/33
f 31/1/27 504/2/34 505/3/38
f 37/1/39 43/2/40 42/3/41
f 242/1/42 57/2/43 40/3/44
f 38/1/45 486/2/46 43/3/40
f 36/1/47 37/2/39 41/3/48
f 57/1/43 122/2/49 40/3/44
f 42/1/41 667/2/50 41/3/48
f 52/1/51 671/2/52 48/3/53
f 51/1/54 50/2/55 49/3/56
f 54/1/57 58/2/58 47/3/59
f 55/1/60 54/2/57 45/3/61
f 49/1/56 62/2/62 61/3/63
f 56/1/64 48/2/53 58/3/58
f 56/1/64 46/2/65 52/3/51
f 668/1/66 46/2/65 55/3/60
f 58/1/58 59/2/67 47/3/59
f 671/1/52 188/2/68 483/3/69
f 58/1/58 60/2/70 63/3/71
f 488/4/72 495/5/73 27/6/22
f 15/1/20 491/2/74 67/3/28
f 20/4/16 498/5/75 492/6/76
f 27/4/22 498/5/75 25/6/18
f 67/1/28 70/2/77 15/3/20
f 512/1/10 15/2/20 70/3/77
f 71/1/78 73/2/79 70/3/77
f 70/1/77 72/2/80 69/3/81
f 74/1/82 76/2/83 73/3/79
f 73/1/79 75/2/84 72/3/80
s 2
f 72/4/85 79/5/86 78/6/87
f 85/1/88 81/2/89 80/3/90
f 80/1/90 83/2/91 82/3/92
f 78/1/87 84/2/93 85/3/88
s 1
f 76/1/83 86/2/94 75/3/84
s 2
f 84/1/93 90/2/95 81/3/89
f 79/1/86 92/2/96 84/3/93
f 81/1/89 91/2/97 83/3/91
s 1
f 77/1/98 87/2/99 76/3/83
s 2
f 75/4/100 89/5/101 79/6/86
f 89/1/102 99/2/103 92/3/96
f 92/1/96 97/2/104 90/3/95
s 1
f 88/1/105 245/2/106 94/3/107
s 2
f 90/1/95 98/2/108 91/3/97
f 86/4/109 96/5/110 89/6/101
s 1
f 87/1/99 93/2/111 86/3/94
s 2
f 99/1/103 104/2/112 97/3/104
s 1
f 95/1/113 101/2/114 94/3/107
s 2
f 97/1/104 105/2/115 98/3/108
f 93/4/116 103/5/117 96/6/110
s 1
f 94/1/107 100/2/118 93/3/111
s 2
f 96/1/119 106/2/120 99/3/103
s 1
f 114/1/121 108/2/122 115/3/123
s 2
f 116/1/124 112/2/125 117/3/126
f 119/4/127 107/5/128 110/6/129
s 1
f 115/1/123 107/2/130 118/3/131
s 2
f 119/1/127 113/2/132 120/3/133
f 120/1/133 111/2/134 116/3/124
f 106/1/120 116/2/124 104/3/112
f 103/1/135 120/2/133 106/3/120
s 1
f 101/1/114 118/2/131 100/3/118
s 2
f 100/4/136 119/5/127 103/6/117
f 104/1/112 117/2/126 105/3/115
s 1
f 102/1/137 115/2/123 101/3/114
f 121/1/138 122/2/139 45/3/140
f 40/1/141 122/2/139 123/3/142
f 40/1/141 125/2/143 124/3/144
f 114/1/121 124/2/144 125/3/143
f 126/1/145 123/2/142 121/3/138
f 109/1/146 125/2/143 126/3/145
f 127/1/147 45/2/140 54/3/148
f 129/1/149 54/2/148 47/3/150
f 129/1/149 59/2/151 130/3/152
f 443/1/153 59/2/67 63/3/71
f 128/4/154 461/5/155 127/6/147
f 127/4/147 464/5/156 121/6/138
f 134/1/157 136/2/158 133/3/159
f 133/1/159 135/2/160 132/3/161
f 137/1/162 139/2/163 136/3/158
f 136/1/158 138/2/164 135/3/160
f 140/1/165 142/2/166 143/3/167
f 137/1/162 141/2/168 142/3/166
f 129/4/149 459/5/169 128/6/154
f 443/4/153 463/5/170 130/6/171
f 145/1/172 146/2/173 144/3/174
f 146/1/173 149/2/175 148/3/176
f 149/1/175 150/2/177 148/3/176
f 151/1/178 471/2/179 473/3/180
f 152/4/181 472/5/182 440/6/183
f 526/1/184 451/2/185 156/3/186
f 153/1/187 154/2/188 155/3/189
s 2
f 154/1/190 159/2/191 157/3/192
f 155/1/193 157/2/192 158/3/194
s 1
f 157/1/195 162/2/196 160/3/197
f 158/1/198 160/2/197 161/3/198
f 162/1/196 163/2/199 160/3/197
s 2
f 163/1/200 506/2/200 160/3/200
s 1
f 164/1/201 165/2/202 163/3/199
s 4
f 165/1/203 170/2/204 168/3/205
f 166/1/206 168/2/205 169/3/207
s 1
f 170/1/208 171/2/209 168/3/210
f 168/1/210 172/2/211 169/3/211
f 167/1/212 177/2/213 178/3/214
s 2
f 194/1/215 174/2/216 175/3/217
s 4
f 167/1/218 179/2/219 170/3/204
s 1
f 159/1/220 176/2/221 162/3/196
f 173/1/222 179/2/223 180/3/224
f 164/1/201 176/2/221 177/3/213
f 184/1/225 178/2/214 177/3/213
f 182/1/226 176/2/221 175/3/227
s 4
f 178/1/228 186/2/229 179/3/219
s 1
f 183/1/230 177/2/213 176/3/221
f 186/1/231 180/2/224 179/3/223
s 2
f 174/1/216 182/2/232 175/3/217
s 1
f 187/1/233 190/2/234 191/3/235
s 4
f 186/1/229 189/2/236 190/3/237
f 190/1/237 189/2/236 192/3/238
s 1
f 191/1/235 192/2/239 193/3/240
f 184/1/225 61/2/63 62/3/62
f 182/1/226 61/2/63 183/3/230
s 2
f 182/1/232 181/2/241 188/3/242
s 1
f 145/4/172 465/5/243 470/6/244
f 476/4/245 474/5/246 451/6/185
f 474/1/246 174/2/247 194/3/248
f 181/1/249 429/2/250 478/3/251
f 63/4/71 467/5/252 443/6/153
f 60/4/70 468/5/253 63/6/71
f 60/4/70 481/5/254 466/6/255
f 130/4/152 460/5/256 129/6/149
f 146/1/257 148/2/258 142/3/166
f 148/1/258 143/2/167 142/3/166
f 62/1/62 185/2/259 184/3/225
f 50/1/55 189/2/260 62/3/62
f 23/1/13 241/2/261 26/3/17
f 419/1/262 19/2/263 418/3/4
f 198/1/19 21/2/15 199/3/264
f 24/1/14 197/2/265 200/3/266
f 24/1/14 200/2/266 21/3/15
f 420/1/267 202/2/268 204/3/269
f 419/1/262 204/2/269 197/3/265
f 421/1/270 206/2/271 202/3/268
f 204/1/269 209/2/272 197/3/265
f 200/1/266 210/2/273 199/3/264
f 197/1/265 211/2/274 200/3/266
f 202/1/268 212/2/275 204/3/269
f 207/1/276 214/2/277 213/3/278
f 209/1/279 218/2/280 215/3/281
f 211/1/274 216/2/282 210/3/273
f 209/1/279 217/2/283 211/3/274
f 212/1/284 213/2/278 218/3/280
f 217/1/283 221/2/285 222/3/286
f 220/1/287 217/2/283 222/3/286
f 218/1/288 219/2/289 223/3/290
f 223/1/290 215/2/291 218/3/288
f 223/1/290 224/2/292 236/3/293
f 236/1/293 221/2/285 223/3/290
f 222/1/286 235/2/294 234/3/295
f 222/1/286 232/2/296 220/3/287
f 237/1/297 224/2/298 225/3/299
f 238/1/300 236/2/293 237/3/297
f 239/1/301 235/2/294 238/3/300
f 233/1/302 234/2/295 239/3/301
f 417/4/303 426/5/304 428/6/303
f 35/1/305 36/2/47 242/3/42
s 2
f 35/4/306 244/5/307 243/6/308
f 243/4/308 95/5/309 245/6/310
s 1
f 247/1/311 53/2/312 51/3/54
f 241/1/261 251/2/313 26/3/17
f 22/1/314 261/2/315 241/3/261
f 216/1/282 258/2/316 257/3/317
f 220/1/287 259/2/318 258/3/316
f 26/1/17 252/2/319 28/3/21
f 233/1/302 259/2/318 232/3/296
f 198/1/19 255/2/320 254/3/321
f 199/1/264 256/2/322 255/3/320
f 22/1/314 254/2/321 250/3/323
f 210/1/273 257/2/317 256/3/322
s 2
f 503/1/324 264/2/325 265/3/326
f 265/1/326 263/2/327 262/3/328
f 44/1/329 265/2/326 266/3/330
f 267/1/331 68/2/332 496/3/333
f 267/1/331 263/2/327 264/3/325
f 68/1/332 264/2/325 34/3/334
f 266/1/330 262/2/328 269/3/335
f 267/1/331 271/2/336 270/3/337
f 263/1/327 274/2/338 273/3/339
f 263/1/327 272/2/340 262/3/328
f 270/1/337 271/2/336 274/3/338
f 262/1/328 272/2/340 269/3/335
s 1
f 248/1/341 284/2/342 249/3/343
f 192/1/239 280/2/344 193/3/240
f 246/1/345 282/2/346 247/3/311
f 249/1/343 281/2/347 246/3/345
f 247/1/311 278/2/348 53/3/312
f 42/1/41 276/2/349 275/3/350
f 248/1/341 275/2/350 283/3/351
f 486/1/352 44/2/353 277/3/354
f 53/1/312 279/2/355 192/3/239
s 2
f 44/1/329 266/2/330 277/3/356
f 266/1/330 269/2/335 277/3/356
f 253/1/357 285/2/358 268/3/359
s 1
f 28/1/21 285/2/360 485/3/361
f 27/1/22 485/2/361 488/3/72
s 2
f 268/1/359 286/2/362 271/3/336
s 4
f 254/1/363 287/2/364 250/3/365
f 258/1/366 293/2/367 257/3/368
f 255/1/369 290/2/370 254/3/363
f 252/1/371 288/2/372 289/3/373
f 258/1/366 295/2/374 294/3/375
f 286/1/376 298/2/377 299/3/378
f 256/1/379 291/2/380 255/3/369
f 285/1/381 289/2/373 298/3/377
f 260/1/382 295/2/374 259/3/383
f 257/1/368 292/2/384 256/3/379
f 251/1/385 297/2/386 288/3/372
f 261/1/387 287/2/364 297/3/386
f 299/1/378 311/2/388 312/3/389
f 289/1/373 301/2/390 302/3/391
f 295/1/374 307/2/392 294/3/375
f 292/1/384 304/2/393 291/3/380
f 298/1/377 302/2/391 311/3/388
f 296/1/394 308/2/395 295/3/374
f 293/1/367 305/2/396 292/3/384
f 288/1/372 310/2/397 301/3/390
f 297/1/386 300/2/398 310/3/397
f 287/1/364 303/2/399 300/3/398
f 294/1/375 306/2/400 293/3/367
f 291/1/380 303/2/399 290/3/370
f 278/1/401 321/2/402 317/3/403
f 280/1/404 318/2/405 319/3/406
f 283/1/407 314/2/408 322/3/409
f 269/1/410 316/2/411 277/3/412
f 279/1/413 317/2/403 318/3/405
f 276/1/414 314/2/408 275/3/415
f 284/1/416 322/2/409 323/3/417
f 282/1/418 320/2/419 321/3/402
f 277/1/412 315/2/420 276/3/414
f 281/1/421 323/2/417 320/3/419
f 321/1/402 331/2/422 332/3/423
f 316/1/411 326/2/424 315/3/420
f 320/1/419 334/2/425 331/3/422
f 317/1/403 332/2/423 328/3/426
f 319/1/406 329/2/427 330/3/428
f 313/1/429 327/2/430 316/3/411
f 314/1/408 333/2/431 322/3/409
f 318/1/405 328/2/426 329/3/427
f 315/1/420 325/2/432 314/3/408
f 322/1/409 334/2/425 323/3/417
f 306/4/400 340/5/433 305/6/396
f 328/4/426 356/5/434 352/6/435
f 307/4/392 341/5/436 306/6/400
f 303/4/399 335/5/437 300/6/398
f 333/4/431 349/5/438 357/6/439
f 307/4/392 343/5/440 342/6/441
f 302/4/391 336/5/442 337/6/443
f 334/4/425 357/5/439 358/6/444
f 309/4/445 343/5/440 308/6/395
f 326/4/424 349/5/438 325/6/432
f 311/4/388 337/5/443 346/6/446
f 334/4/425 355/5/447 331/6/422
f 327/4/430 350/5/448 326/6/424
f 300/4/398 345/5/449 310/6/397
f 301/4/390 345/5/449 336/6/442
f 324/4/450 351/5/451 327/6/430
f 330/4/428 353/5/452 354/6/453
f 312/4/389 346/5/446 347/6/454
f 304/4/393 338/5/455 303/6/399
f 329/4/427 352/5/435 353/6/452
f 305/4/396 339/5/456 304/6/393
f 332/4/423 355/5/447 356/6/434
s 1
f 357/4/457 351/5/457 353/6/457
f 342/4/457 337/5/457 340/6/457
s 8
f 233/4/458 239/5/459 309/6/460
f 344/4/461 360/5/462 347/6/463
f 354/4/464 361/5/465 362/6/466
f 191/4/467 330/5/468 354/6/464
s 2
f 102/4/469 366/5/470 124/6/471
s 4
f 102/4/472 364/5/473 365/6/474
s 2
f 244/4/307 364/5/475 95/6/309
f 244/4/307 367/5/476 368/6/477
f 124/4/471 363/5/478 40/6/479
s 1
f 242/4/42 363/5/480 367/6/481
s 8
f 366/7/482 367/8/483 363/9/484
s 4
f 376/7/485 375/8/486 378/9/487
s 1
f 30/4/36 369/5/488 371/6/489
s 2
f 245/4/310 376/5/490 243/6/308
s 8
f 77/4/491 375/5/492 88/6/493
f 77/4/491 373/5/494 374/6/495
f 71/4/496 371/5/497 372/6/498
s 2
f 243/4/308 370/5/499 35/6/306
s 8
f 74/4/500 372/5/498 373/6/494
f 88/4/493 377/5/501 245/6/502
s 1
f 501/4/35 35/5/305 370/6/503
s 4
f 370/7/504 378/8/487 369/9/505
f 372/8/506 375/8/486 374/8/507
s 1
f 408/7/508 410/8/509 407/9/510
s 2
f 7/1/511 382/2/512 13/3/513
f 13/1/513 413/2/514 412/3/515
f 8/1/516 379/2/517 4/3/518
s 4
f 78/4/519 385/5/520 72/6/521
s 8
f 69/4/522 383/5/523 2/6/524
f 72/4/525 384/5/526 69/6/522
s 4
f 85/4/527 386/5/528 78/6/519
f 85/4/527 387/5/529 389/6/530
f 80/4/531 388/5/532 387/6/529
s 2
f 2/1/533 380/2/534 7/3/511
f 382/4/512 391/5/535 393/6/536
f 413/4/514 393/5/536 414/6/537
f 379/4/517 392/5/538 390/6/539
f 383/4/540 391/5/535 380/6/534
s 1
f 392/4/541 394/5/541 390/6/541
f 391/4/542 383/5/543 395/6/544
f 396/4/541 393/5/541 395/6/544
s 4
f 113/4/545 400/5/546 403/6/547
f 110/4/548 397/5/549 400/6/546
f 132/4/550 407/5/551 406/6/552
f 126/4/553 404/5/554 405/6/555
f 113/4/545 401/5/556 111/6/557
f 107/4/558 398/5/559 397/6/549
f 126/4/553 399/5/560 109/6/561
f 112/4/562 401/5/556 402/6/563
f 135/4/564 408/5/565 407/6/551
f 464/4/566 406/5/552 404/6/554
f 108/4/567 399/5/560 398/6/559
s 1
f 406/7/568 410/8/509 409/9/569
f 404/7/570 409/8/569 405/9/571
f 401/7/572 411/8/573 402/9/574
f 403/7/575 410/8/509 401/9/572
f 405/8/571 403/8/575 400/8/576
s 2
f 381/4/577 414/5/537 392/6/538
f 412/1/515 381/2/577 8/3/516
f 14/10/578 203/11/579 196/12/580
s 1
f 1/4/581 415/5/582 6/6/583
f 240/4/584 415/5/582 425/6/585
s 2
f 14/4/578 418/5/586 510/6/587
f 196/4/580 418/5/586 14/6/578
f 201/4/588 420/5/589 203/6/579
f 196/4/580 420/5/589 419/6/590
f 201/4/588 422/5/591 421/6/592
f 424/4/593 423/5/594 3/6/595
f 417/4/596 423/5/594 5/6/597
s 1
f 5/4/598 427/5/599 426/6/304
f 449/1/600 523/2/601 470/3/244
f 438/13/602 433/14/603 453/15/604
f 432/4/605 452/5/606 435/6/607
f 530/4/608 439/5/609 533/6/610
f 532/4/611 441/5/612 560/6/613
f 534/4/614 440/5/183 531/6/615
f 536/4/616 444/5/617 537/6/618
f 538/4/619 445/5/620 539/6/621
f 540/4/622 446/5/623 541/6/624
f 542/4/625 430/5/626 543/6/627
f 544/4/628 447/5/629 545/6/630
f 546/4/631 522/5/632 465/6/243
f 548/4/633 448/5/634 549/6/635
f 550/4/636 518/5/637 482/6/638
f 552/4/639 449/5/600 553/6/640
f 554/4/641 431/5/642 555/6/643
f 556/4/644 450/5/645 557/6/646
f 558/4/647 442/5/648 535/6/649
f 559/4/650 451/5/185 561/6/651
f 438/4/602 458/5/652 456/6/653
f 435/4/607 434/5/654 453/6/604
f 436/4/655 454/5/656 433/6/603
f 437/4/657 454/5/656 457/6/658
f 438/4/602 434/5/654 458/6/652
f 437/13/657 453/14/604 433/15/603
f 460/1/256 134/2/157 459/3/169
f 462/1/659 144/2/174 463/3/170
f 459/1/169 133/2/159 461/3/155
f 461/1/155 132/2/161 464/3/156
f 463/1/660 141/2/168 460/3/256
f 465/4/243 462/5/659 443/6/153
f 468/1/253 466/2/255 195/3/661
f 466/1/255 480/2/662 195/3/661
f 516/1/663 444/2/617 468/3/253
f 447/1/629 521/2/664 452/3/606
f 469/4/665 145/5/172 470/6/244
f 149/1/175 529/2/666 439/3/609
f 473/4/180 152/5/181 153/6/187
f 474/1/246 156/2/186 451/3/185
f 474/4/246 475/5/667 429/6/250
f 525/1/668 431/2/642 455/3/669
f 477/1/670 458/2/652 446/3/623
f 478/4/251 482/5/638 480/6/662
f 480/1/662 448/2/634 517/3/671
f 481/4/254 478/5/251 480/6/662
f 484/4/672 479/5/673 481/6/254
f 487/4/31 496/5/674 68/6/675
f 489/1/676 44/2/677 486/3/46
f 500/4/37 39/5/37 489/6/676
f 490/4/37 68/5/675 34/6/37
f 488/1/72 253/2/678 29/3/679
f 491/4/74 492/5/76 499/6/680
f 31/1/27 494/2/30 66/3/26
f 495/1/73 65/2/25 498/3/75
f 499/1/680 66/2/26 497/3/29
f 493/1/681 64/2/23 495/3/73
f 493/4/681 29/5/679 496/6/674
f 492/1/76 65/2/25 66/3/26
f 503/4/37 490/5/37 34/6/37
f 505/4/38 37/5/39 36/6/47
f 504/4/34 38/5/45 37/6/39
f 505/4/38 35/5/305 501/6/35
f 502/4/33 489/5/676 38/6/45
s 4
f 506/1/682 509/2/683 507/3/684
f 508/1/685 166/2/206 509/3/683
s 2
f 163/1/200 165/2/200 508/3/200
s 8
f 160/1/686 507/2/687 161/3/688
s 1
f 514/4/5 9/5/689 12/6/690
f 511/1/3 19/2/263 16/3/1
f 510/4/6 12/5/690 416/6/691
f 511/4/3 10/5/8 9/6/689
f 515/1/11 17/2/12 18/3/9
s 8
f 324/4/692 269/5/693 272/6/694
s 1
f 467/4/252 547/5/695 443/6/153
f 516/4/663 537/5/618 444/6/617
f 517/4/671 539/5/621 445/6/620
f 518/4/637 549/5/635 448/6/634
f 551/4/696 429/5/250 475/6/667
f 520/4/697 541/5/624 446/6/623
f 521/4/664 543/5/627 430/6/626
f 522/4/632 545/5/630 447/6/629
f 560/4/613 441/5/612 469/6/665
f 524/4/698 553/5/640 449/6/600
f 525/4/668 555/5/643 431/6/642
f 476/4/245 557/5/646 450/6/645
f 526/4/184 561/5/651 451/6/185
f 527/4/699 535/5/649 442/6/648
f 531/4/615 440/5/183 472/6/182
f 529/4/666 533/5/610 439/6/609
s 2
f 651/16/700 531/17/701 530/18/702
f 653/16/703 533/17/704 532/18/705
f 656/16/706 534/17/707 655/18/708
f 635/16/709 537/17/710 636/18/711
f 638/16/712 538/17/713 539/18/714
f 640/16/715 540/17/716 541/18/717
f 641/16/718 543/17/719 642/18/720
f 643/16/721 545/17/722 644/18/723
f 645/16/724 547/17/725 646/18/726
f 648/16/727 548/17/728 549/18/729
f 650/16/730 550/17/731 551/18/732
f 658/16/733 552/17/734 553/18/735
f 659/16/736 555/17/737 660/18/738
f 661/16/739 557/17/740 662/18/741
f 663/16/742 535/17/743 656/18/706
f 662/16/741 559/17/744 664/18/745
f 646/16/726 536/17/746 635/18/709
f 636/16/711 538/17/713 637/18/747
f 647/16/748 539/17/714 548/18/728
f 649/16/749 549/17/729 550/18/731
f 639/16/750 551/17/732 540/18/716
f 641/16/718 541/17/717 542/18/751
f 642/16/720 544/17/752 643/18/721
f 644/16/723 546/17/753 645/18/724
f 657/16/754 560/17/755 552/18/734
f 659/16/736 553/17/735 554/18/756
f 660/16/738 556/17/757 661/18/739
f 664/16/745 561/17/758 666/18/759
f 666/16/759 558/17/760 663/18/742
f 652/16/761 534/17/707 531/18/701
f 654/16/762 530/17/702 533/18/704
f 665/16/763 532/17/705 560/18/755
s 1
f 181/1/249 478/2/251 479/3/673
f 192/1/239 50/2/55 53/3/312
f 563/1/764 593/2/765 574/3/766
f 569/1/767 603/2/768 565/3/769
f 597/1/770 577/2/771 598/3/772
f 563/1/764 572/2/773 567/3/774
f 594/1/775 566/2/776 562/3/777
f 596/1/778 567/2/774 597/3/770
f 579/1/779 571/2/780 578/3/781
f 577/1/771 572/2/773 579/3/779
f 588/4/782 584/5/783 589/6/784
f 562/1/777 573/2/785 570/3/786
f 563/1/764 578/2/781 571/3/780
f 577/1/771 573/2/785 566/3/776
f 573/1/785 578/2/781 570/3/786
f 595/1/787 577/2/771 566/3/776
f 575/1/788 603/2/768 599/3/789
f 587/1/790 581/2/791 580/3/792
f 582/4/793 592/5/794 584/6/783
f 588/4/782 580/5/795 582/6/793
f 590/4/796 581/5/791 586/6/797
f 589/4/784 585/5/798 591/6/799
f 590/4/796 585/5/798 583/6/800
f 570/1/786 591/2/799 590/3/796
f 574/1/766 591/2/799 578/3/781
f 562/1/777 590/2/796 586/3/797
f 594/1/775 588/2/782 593/3/765
f 562/1/777 587/2/790 594/3/775
f 574/1/766 588/2/782 589/3/784
s 2
f 564/1/801 593/2/802 575/3/803
f 564/1/801 595/2/804 594/3/805
f 569/1/806 596/2/807 597/3/806
f 568/1/808 598/2/809 595/3/804
f 565/1/810 593/2/802 596/3/807
f 569/1/806 598/2/809 576/3/811
f 603/7/812 600/8/813 599/9/814
f 599/7/814 602/8/815 601/9/816
s 1
f 564/1/817 599/2/789 601/3/818
f 569/1/767 600/2/819 604/3/820
f 576/1/821 602/2/822 600/3/819
f 564/1/817 602/2/822 568/3/823
f 628/4/824 608/5/825 622/6/826
s 2
f 622/4/827 612/5/828 623/6/829
f 626/4/830 610/5/831 624/6/832
f 610/4/831 621/5/833 624/6/832
s 4
f 614/4/834 609/5/835 605/6/836
f 615/4/837 610/5/838 620/6/839
f 612/4/840 616/5/841 619/6/842
f 630/4/843 620/5/839 632/6/844
f 611/4/845 613/5/846 607/6/847
f 631/4/848 614/5/834 629/6/849
s 2
f 612/4/828 625/5/850 623/6/829
f 634/4/851 620/5/852 626/6/830
s 1
f 606/4/853 627/5/854 621/6/855
f 633/4/856 616/5/857 628/6/824
f 633/4/856 613/5/858 629/6/859
f 605/4/860 627/5/854 614/6/861
s 2
f 634/4/851 617/5/862 631/6/863
f 611/4/864 625/5/850 618/6/865
f 609/4/866 621/5/833 605/6/867
f 626/4/830 609/5/866 617/6/862
f 622/4/827 611/5/864 607/6/868
s 1
f 628/4/824 607/5/869 613/6/858
s 2
f 618/4/865 634/5/851 631/6/863
s 1
f 614/4/861 633/5/856 629/6/859
f 615/4/870 633/5/856 627/6/854
s 2
f 619/4/871 634/5/851 625/6/850
s 4
f 613/4/846 631/5/848 629/6/849
f 619/4/842 630/5/843 632/6/844
s 1
f 21/1/15 200/2/266 199/3/264
f 131/16/872 635/17/873 636/18/873
f 131/16/872 637/17/872 638/18/872
f 131/16/872 639/17/872 640/18/872
f 131/16/872 641/17/872 642/18/872
f 131/16/872 643/17/873 644/18/872
f 131/16/872 645/17/872 646/18/874
f 131/16/872 647/17/874 648/18/875
f 131/16/872 649/17/872 650/18/872
f 131/16/872 646/17/874 635/18/873
f 131/16/872 636/17/873 637/18/872
f 131/16/872 638/17/872 647/18/874
f 131/16/872 648/17/875 649/18/872
f 131/16/872 650/17/872 639/18/872
f 131/16/872 640/17/872 641/18/872
f 131/16/872 642/17/872 643/18/873
f 131/16/872 644/17/872 645/18/872
f 147/16/876 652/17/877 651/18/877
f 147/16/876 654/17/877 653/18/876
f 147/16/876 656/17/876 655/18/877
f 147/16/876 657/17/876 658/18/876
f 147/16/876 659/17/877 660/18/876
f 147/16/876 661/17/876 662/18/877
f 147/16/876 663/17/876 656/18/876
f 147/16/876 662/17/877 664/18/877
f 147/16/876 665/17/877 657/18/876
f 147/16/876 658/17/876 659/18/877
f 147/16/876 660/17/876 661/18/876
f 147/16/876 664/17/877 666/18/877
f 147/16/876 666/17/877 663/18/876
f 147/16/876 655/17/877 652/18/877
f 147/16/876 651/17/877 654/18/877
f 147/16/876 653/17/876 665/18/877
f 57/1/43 41/2/48 667/3/50
f 667/1/50 249/2/343 669/3/878
f 41/1/48 37/2/39 42/3/41
f 668/1/66 45/2/61 122/3/49
f 669/1/878 246/2/345 46/3/65
f 668/1/66 667/2/50 669/3/878
f 247/1/311 670/2/879 246/3/345
f 671/1/52 61/2/63 188/3/68
f 670/1/879 46/2/65 246/3/345
f 670/1/879 49/2/56 671/3/52
f 16/1/1 17/2/12 513/3/2
f 418/1/4 19/2/263 514/3/5
f 513/4/2 515/5/11 11/6/7
f 18/1/9 15/2/20 512/3/10
f 17/1/12 22/2/314 23/3/13
f 16/1/1 19/2/263 24/3/14
f 20/1/16 23/2/13 26/3/17
f 22/1/314 17/2/12 198/3/19
f 17/1/12 16/2/1 198/3/19
f 18/1/9 23/2/13 20/3/16
f 25/1/18 26/2/17 28/3/21
f 64/1/23 33/2/32 32/3/24
f 66/1/26 65/2/25 32/3/24
f 487/1/31 490/2/37 33/3/32
f 32/1/24 33/2/32 502/3/33
f 31/1/27 505/2/38 501/3/35
f 33/1/32 490/2/37 500/3/37
f 31/1/27 32/2/24 504/3/34
f 37/1/39 38/2/45 43/3/40
f 242/1/42 36/2/47 57/3/43
f 38/1/45 489/2/676 486/3/46
f 57/1/43 668/2/66 122/3/49
f 42/1/41 248/2/341 667/3/50
f 52/1/51 670/2/879 671/3/52
f 51/1/54 53/2/312 50/3/55
f 54/1/57 56/2/64 58/3/58
f 55/1/60 56/2/64 54/3/57
f 49/1/56 50/2/55 62/3/62
f 56/1/64 52/2/51 48/3/53
f 56/1/64 55/2/60 46/3/65
f 668/1/66 669/2/878 46/3/65
f 58/1/58 63/2/71 59/3/67
f 60/1/70 48/2/53 484/3/672
f 48/1/53 671/2/52 484/3/672
f 484/1/672 671/2/52 483/3/69
f 58/1/58 48/2/53 60/3/70
f 488/4/72 493/5/681 495/6/73
f 15/1/20 20/2/16 491/3/74
f 20/4/16 25/5/18 498/6/75
f 27/4/22 495/5/73 498/6/75
f 67/1/28 71/2/78 70/3/77
f 69/1/81 2/2/880 70/3/77
f 2/1/880 512/2/10 70/3/77
f 71/1/78 74/2/82 73/3/79
f 70/1/77 73/2/79 72/3/80
f 74/1/82 77/2/98 76/3/83
f 73/1/79 76/2/83 75/3/84
s 2
f 72/4/85 75/5/100 79/6/86
f 85/1/88 84/2/93 81/3/89
f 80/1/90 81/2/89 83/3/91
f 78/1/87 79/2/86 84/3/93
s 1
f 76/1/83 87/2/99 86/3/94
s 2
f 84/1/93 92/2/96 90/3/95
f 79/1/86 89/2/102 92/3/96
f 81/1/89 90/2/95 91/3/97
s 1
f 77/1/98 88/2/105 87/3/99
s 2
f 75/4/100 86/5/109 89/6/101
f 89/1/102 96/2/119 99/3/103
f 92/1/96 99/2/103 97/3/104
s 1
f 94/1/107 87/2/99 88/3/105
f 245/1/106 95/2/113 94/3/107
s 2
f 90/1/95 97/2/104 98/3/108
f 86/4/109 93/5/116 96/6/110
s 1
f 87/1/99 94/2/107 93/3/111
s 2
f 99/1/103 106/2/120 104/3/112
s 1
f 95/1/113 102/2/137 101/3/114
s 2
f 97/1/104 104/2/112 105/3/115
f 93/4/116 100/5/136 103/6/117
s 1
f 94/1/107 101/2/114 100/3/118
s 2
f 96/1/119 103/2/135 106/3/120
s 1
f 114/1/121 109/2/146 108/3/122
s 2
f 116/1/124 111/2/134 112/3/125
f 119/4/127 118/5/881 107/6/128
s 1
f 115/1/123 108/2/122 107/3/130
s 2
f 119/1/127 110/2/129 113/3/132
f 120/1/133 113/2/132 111/3/134
f 106/1/120 120/2/133 116/3/124
f 103/1/135 119/2/127 120/3/133
s 1
f 101/1/114 115/2/123 118/3/131
s 2
f 100/4/136 118/5/881 119/6/127
f 104/1/112 116/2/124 117/3/126
s 1
f 102/1/137 114/2/121 115/3/123
f 121/1/138 123/2/142 122/3/139
f 40/1/141 123/2/142 125/3/143
f 114/1/121 102/2/137 124/3/144
f 126/1/145 125/2/143 123/3/142
f 109/1/146 114/2/121 125/3/143
f 54/1/148 128/2/154 127/3/147
f 127/1/147 121/2/138 45/3/140
f 129/1/149 128/2/154 54/3/148
f 129/1/149 47/2/150 59/3/151
f 443/1/153 130/2/171 59/3/67
f 128/4/154 459/5/169 461/6/155
f 127/4/147 461/5/155 464/6/156
f 134/1/157 137/2/162 136/3/158
f 133/1/159 136/2/158 135/3/160
f 137/1/162 140/2/165 139/3/163
f 136/1/158 139/2/163 138/3/164
f 140/1/165 137/2/162 142/3/166
f 137/1/162 134/2/157 141/3/168
f 129/4/149 460/5/256 459/6/169
f 443/4/153 462/5/659 463/6/170
f 145/1/172 441/2/612 146/3/173
f 146/1/173 441/2/612 149/3/175
f 149/1/175 151/2/178 150/3/177
f 151/1/178 149/2/175 471/3/179
f 152/4/181 471/5/179 472/6/182
f 152/1/181 440/2/183 527/3/699
f 152/1/181 527/2/699 154/3/188
f 527/1/699 442/2/648 154/3/188
f 156/1/186 154/2/188 526/3/184
f 526/1/184 154/2/188 442/3/648
f 153/1/187 152/2/181 154/3/188
s 2
f 154/1/190 156/2/882 159/3/191
f 155/1/193 154/2/190 157/3/192
s 1
f 157/1/195 159/2/220 162/3/196
f 158/1/198 157/2/195 160/3/197
f 162/1/196 164/2/201 163/3/199
s 2
f 163/1/200 508/2/200 506/3/200
s 1
f 164/1/201 167/2/212 165/3/202
s 4
f 165/1/203 167/2/218 170/3/204
f 166/1/206 165/2/203 168/3/205
s 1
f 170/1/208 173/2/222 171/3/209
f 168/1/210 171/2/209 172/3/211
f 167/1/212 164/2/201 177/3/213
s 2
f 175/1/217 159/2/191 194/3/215
f 159/1/191 156/2/882 194/3/215
s 4
f 167/1/218 178/2/228 179/3/219
s 1
f 159/1/220 175/2/227 176/3/221
f 173/1/222 170/2/208 179/3/223
f 164/1/201 162/2/196 176/3/221
f 184/1/225 185/2/259 178/3/214
f 182/1/226 183/2/230 176/3/221
s 4
f 178/1/228 185/2/883 186/3/229
s 1
f 183/1/230 184/2/225 177/3/213
f 186/1/231 187/2/233 180/3/224
s 2
f 174/1/216 181/2/241 182/3/232
s 1
f 187/1/233 186/2/231 190/3/234
s 4
f 186/1/229 185/2/883 189/3/236
s 1
f 191/1/235 190/2/234 192/3/239
f 184/1/225 183/2/230 61/3/63
f 182/1/226 188/2/68 61/3/63
f 145/4/172 462/5/659 465/6/243
f 476/4/245 477/5/670 474/6/246
f 474/1/246 429/2/250 174/3/247
f 181/1/249 174/2/247 429/3/250
f 63/4/71 468/5/253 467/6/252
f 60/4/70 466/5/255 468/6/253
f 60/4/70 484/5/672 481/6/254
f 130/4/152 463/5/660 460/6/256
f 142/1/166 141/2/168 146/3/257
f 141/1/168 144/2/884 146/3/257
f 148/1/258 150/2/885 143/3/167
f 62/1/62 189/2/260 185/3/259
f 50/1/55 192/2/239 189/3/260
f 23/1/13 22/2/314 241/3/261
f 419/1/262 24/2/14 19/3/263
f 24/1/14 419/2/262 197/3/265
f 420/1/267 421/2/270 202/3/268
f 419/1/262 420/2/267 204/3/269
f 204/1/269 212/2/275 209/3/272
f 200/1/266 211/2/274 210/3/273
f 197/1/265 209/2/272 211/3/274
f 202/1/268 207/2/886 212/3/275
f 207/1/276 208/2/277 214/3/277
f 209/1/279 212/2/284 218/3/280
f 211/1/274 217/2/283 216/3/282
f 209/1/279 215/2/281 217/3/283
f 212/1/284 207/2/276 213/3/278
f 217/1/283 215/2/291 221/3/285
f 220/1/287 216/2/282 217/3/283
f 218/1/288 213/2/887 219/3/289
f 223/1/290 221/2/285 215/3/291
f 223/1/290 219/2/888 224/3/292
f 236/1/293 235/2/294 221/3/285
f 222/1/286 221/2/285 235/3/294
f 222/1/286 234/2/295 232/3/296
f 237/1/297 236/2/293 224/3/298
f 238/1/300 235/2/294 236/3/293
f 239/1/301 234/2/295 235/3/294
f 233/1/302 232/2/296 234/3/295
f 417/4/303 5/5/598 426/6/304
s 2
f 35/4/306 242/5/889 244/6/307
f 243/4/308 244/5/307 95/6/309
s 1
f 241/1/261 261/2/315 251/3/313
f 22/1/314 250/2/323 261/3/315
f 216/1/282 220/2/287 258/3/316
f 220/1/287 232/2/296 259/3/318
f 26/1/17 251/2/313 252/3/319
f 233/1/302 260/2/890 259/3/318
f 198/1/19 199/2/264 255/3/320
f 199/1/264 210/2/273 256/3/322
f 22/1/314 198/2/19 254/3/321
f 210/1/273 216/2/282 257/3/317
s 2
f 265/1/326 39/2/891 503/3/324
f 503/1/324 34/2/334 264/3/325
f 265/1/326 264/2/325 263/3/327
f 44/1/329 39/2/891 265/3/326
f 496/1/333 29/2/892 267/3/331
f 29/1/892 253/2/357 268/3/359
f 268/1/359 267/2/331 29/3/892
f 267/1/331 270/2/337 263/3/327
f 68/1/332 267/2/331 264/3/325
f 266/1/330 265/2/326 262/3/328
f 267/1/331 268/2/359 271/3/336
f 263/1/327 270/2/337 274/3/338
f 263/1/327 273/2/339 272/3/340
s 1
f 248/1/341 283/2/351 284/3/342
f 192/1/239 279/2/355 280/3/344
f 246/1/345 281/2/347 282/3/346
f 249/1/343 284/2/342 281/3/347
f 247/1/311 282/2/346 278/3/348
f 42/1/41 43/2/893 276/3/349
f 248/1/341 42/2/41 275/3/350
f 276/1/349 43/2/893 277/3/354
f 43/1/893 486/2/352 277/3/354
f 53/1/312 278/2/348 279/3/355
f 252/1/319 285/2/360 28/3/21
f 285/1/360 253/2/678 485/3/361
f 27/1/22 28/2/21 485/3/361
s 2
f 268/1/359 285/2/358 286/3/362
s 4
f 254/1/363 290/2/370 287/3/364
f 258/1/366 294/2/375 293/3/367
f 255/1/369 291/2/380 290/3/370
f 252/1/371 251/2/385 288/3/372
f 258/1/366 259/2/383 295/3/374
f 286/1/376 285/2/381 298/3/377
f 256/1/379 292/2/384 291/3/380
f 285/1/381 252/2/371 289/3/373
f 260/1/382 296/2/394 295/3/374
f 257/1/368 293/2/367 292/3/384
f 251/1/385 261/2/387 297/3/386
f 261/1/387 250/2/365 287/3/364
f 299/1/378 298/2/377 311/3/388
f 289/1/373 288/2/372 301/3/390
f 295/1/374 308/2/395 307/3/392
f 292/1/384 305/2/396 304/3/393
f 298/1/377 289/2/373 302/3/391
f 296/1/394 309/2/445 308/3/395
f 293/1/367 306/2/400 305/3/396
f 288/1/372 297/2/386 310/3/397
f 297/1/386 287/2/364 300/3/398
f 287/1/364 290/2/370 303/3/399
f 294/1/375 307/2/392 306/3/400
f 291/1/380 304/2/393 303/3/399
f 278/1/401 282/2/418 321/3/402
f 280/1/404 279/2/413 318/3/405
f 283/1/407 275/2/415 314/3/408
f 269/1/410 313/2/429 316/3/411
f 279/1/413 278/2/401 317/3/403
f 276/1/414 315/2/420 314/3/408
f 284/1/416 283/2/407 322/3/409
f 282/1/418 281/2/421 320/3/419
f 277/1/412 316/2/411 315/3/420
f 281/1/421 284/2/416 323/3/417
f 321/1/402 320/2/419 331/3/422
f 316/1/411 327/2/430 326/3/424
f 320/1/419 323/2/417 334/3/425
f 317/1/403 321/2/402 332/3/423
f 319/1/406 318/2/405 329/3/427
f 313/1/429 324/2/450 327/3/430
f 314/1/408 325/2/432 333/3/431
f 318/1/405 317/2/403 328/3/426
f 315/1/420 326/2/424 325/3/432
f 322/1/409 333/2/431 334/3/425
f 306/4/400 341/5/436 340/6/433
f 328/4/426 332/5/423 356/6/434
f 307/4/392 342/5/441 341/6/436
f 303/4/399 338/5/455 335/6/437
f 333/4/431 325/5/432 349/6/438
f 307/4/392 308/5/395 343/6/440
f 302/4/391 301/5/390 336/6/442
f 334/4/425 333/5/431 357/6/439
f 309/4/445 344/5/894 343/6/440
f 326/4/424 350/5/448 349/6/438
f 311/4/388 302/5/391 337/6/443
f 334/4/425 358/5/444 355/6/447
f 327/4/430 351/5/451 350/6/448
f 300/4/398 335/5/437 345/6/449
f 301/4/390 310/5/397 345/6/449
f 324/4/450 348/5/895 351/6/451
f 330/4/428 329/5/427 353/6/452
f 312/4/389 311/5/388 346/6/446
f 304/4/393 339/5/456 338/6/455
f 329/4/427 328/5/426 352/6/435
f 305/4/396 340/5/433 339/6/456
f 332/4/423 331/5/422 355/6/447
s 1
f 349/4/457 350/5/457 357/6/457
f 350/4/457 351/5/457 357/6/457
f 351/4/457 348/5/457 353/6/457
f 348/4/457 354/5/457 353/6/457
f 353/4/457 352/5/457 357/6/457
f 352/4/457 356/5/457 355/6/457
f 355/4/457 358/5/457 352/6/457
f 358/4/457 357/5/457 352/6/457
f 345/4/457 335/5/457 336/6/457
f 335/4/457 338/5/457 340/6/457
f 336/4/457 335/5/457 340/6/457
f 338/4/457 339/5/457 340/6/457
f 340/4/457 341/5/457 342/6/457
f 342/4/457 343/5/457 346/6/457
f 343/4/457 344/5/457 347/6/457
f 346/4/457 343/5/457 347/6/457
f 346/4/457 337/5/457 342/6/457
f 337/4/457 336/5/457 340/6/457
s 8
f 225/4/896 226/5/897 344/6/461
f 226/4/897 227/5/898 344/6/461
f 227/4/898 228/5/899 344/6/461
f 228/4/899 229/5/900 344/6/461
f 229/4/900 230/5/901 359/6/902
f 230/4/901 231/5/903 359/6/902
f 359/4/902 344/5/461 229/6/900
f 309/4/460 296/5/904 233/6/458
f 296/4/904 260/5/905 233/6/458
f 344/4/461 309/5/460 237/6/906
f 237/4/906 225/5/896 344/6/461
f 239/4/459 238/5/907 309/6/460
f 238/4/907 237/5/906 309/6/460
f 344/4/461 359/5/902 360/6/462
f 354/4/464 348/5/908 361/6/465
f 172/4/909 171/5/910 362/6/466
f 171/4/910 173/5/911 354/6/464
f 362/4/466 171/5/910 354/6/464
f 173/4/911 180/5/912 354/6/464
f 180/4/912 187/5/913 354/6/464
f 187/4/913 191/5/467 354/6/464
f 191/4/467 193/5/914 330/6/468
f 193/4/914 280/5/915 319/6/916
f 193/4/914 319/5/916 330/6/468
s 2
f 102/4/469 365/5/469 366/6/470
s 4
f 102/4/472 95/5/917 364/6/473
s 2
f 244/4/307 368/5/477 364/6/475
f 244/4/307 242/5/889 367/6/476
f 124/4/471 366/5/470 363/6/478
s 1
f 242/4/42 40/5/44 363/6/480
f 371/4/489 67/5/28 494/6/30
f 494/4/30 30/5/36 371/6/489
s 2
f 245/4/310 377/5/918 376/6/490
s 8
f 77/4/491 374/5/495 375/6/492
f 77/4/491 74/5/500 373/6/494
f 71/4/496 67/5/919 371/6/497
s 2
f 243/4/308 376/5/490 370/6/499
s 8
f 74/4/500 71/5/496 372/6/498
f 88/4/493 375/5/492 377/6/501
s 1
f 369/4/488 30/5/36 370/6/503
f 30/4/36 501/5/35 370/6/503
s 4
f 369/7/505 372/8/506 371/9/920
s 2
f 7/1/511 380/2/534 382/3/512
f 13/1/513 382/2/512 413/3/514
f 8/1/516 381/2/577 379/3/517
s 4
f 78/4/519 386/5/528 385/6/520
s 8
f 69/4/522 384/5/526 383/6/523
f 72/4/525 385/5/921 384/6/526
s 4
f 85/4/527 389/5/530 386/6/528
f 85/4/527 80/5/531 387/6/529
f 80/4/531 82/5/922 388/6/532
s 2
f 2/1/533 383/2/923 380/3/534
f 382/4/512 380/5/534 391/6/535
f 413/4/514 382/5/512 393/6/536
f 379/4/517 381/5/577 392/6/538
s 1
f 392/4/541 396/5/541 394/6/541
f 396/4/541 392/5/541 414/6/541
f 414/4/541 393/5/541 396/6/541
f 393/4/541 391/5/542 395/6/544
s 4
f 113/4/545 110/5/548 400/6/546
f 110/4/548 107/5/558 397/6/549
f 132/4/550 135/5/564 407/6/551
f 126/4/553 121/5/924 404/6/554
f 113/4/545 403/5/547 401/6/556
f 107/4/558 108/5/567 398/6/559
f 126/4/553 405/5/555 399/6/560
f 112/4/562 111/5/557 401/6/556
f 135/4/564 138/5/925 408/6/565
f 404/4/554 121/5/924 464/6/566
f 464/4/566 132/5/550 406/6/552
f 108/4/567 109/5/561 399/6/560
s 1
f 400/7/576 397/8/926 399/9/927
f 397/7/926 398/8/928 399/9/927
f 1050/8/929 408/7/508 1048/8/930
s 2
f 381/4/577 413/5/514 414/6/537
f 412/1/515 413/2/514 381/3/577
f 14/10/578 201/11/588 203/12/579
s 1
f 240/4/584 6/5/583 415/6/582
s 2
f 416/4/931 1/5/932 510/6/587
f 1/4/932 14/5/578 510/6/587
f 196/4/580 419/5/590 418/6/586
f 201/4/588 421/5/592 420/6/589
f 196/4/580 203/5/579 420/6/589
f 201/4/588 205/5/933 422/6/591
f 424/4/593 5/5/597 423/6/594
f 417/4/596 425/5/934 423/6/594
s 1
f 5/4/598 424/5/599 427/6/599
f 454/1/656 431/2/642 524/3/698
f 454/1/656 524/2/698 457/3/658
f 524/1/698 449/2/600 457/3/658
f 470/1/244 432/2/605 457/3/658
f 523/1/601 469/2/665 470/3/244
f 457/1/658 449/2/600 470/3/244
f 438/13/602 436/14/655 433/15/603
f 435/4/607 437/5/657 432/6/605
f 437/4/657 457/5/658 432/6/605
f 530/4/608 528/5/935 439/6/609
f 532/4/611 529/5/666 441/6/612
f 534/4/614 527/5/699 440/6/183
f 536/4/616 467/5/252 444/6/617
f 538/4/619 516/5/663 445/6/620
f 540/4/622 519/5/936 446/6/623
f 542/4/625 520/5/697 430/6/626
f 544/4/628 521/5/664 447/6/629
f 443/4/153 547/5/695 465/6/243
f 547/4/695 546/5/631 465/6/243
f 548/4/633 517/5/671 448/6/634
f 429/4/250 551/5/696 482/6/638
f 551/4/696 550/5/636 482/6/638
f 552/4/639 523/5/601 449/6/600
f 554/4/641 524/5/698 431/6/642
f 556/4/644 525/5/668 450/6/645
f 558/4/647 526/5/184 442/6/648
f 559/4/650 476/5/245 451/6/185
f 455/4/669 436/5/655 456/6/653
f 436/4/655 438/5/602 456/6/653
f 435/4/607 452/5/606 434/6/654
f 436/4/655 455/5/669 454/6/656
f 437/4/657 433/5/603 454/6/656
f 438/4/602 453/5/604 434/6/654
f 437/13/657 435/14/607 453/15/604
f 460/1/256 141/2/168 134/3/157
f 462/1/659 145/2/172 144/3/174
f 459/1/169 134/2/157 133/3/159
f 461/1/155 133/2/159 132/3/161
f 463/1/660 144/2/884 141/3/168
f 466/1/255 481/2/254 480/3/662
f 444/1/617 467/2/252 468/3/253
f 468/1/253 195/2/661 516/3/663
f 195/1/661 445/2/620 516/3/663
f 470/1/244 465/2/243 522/3/632
f 470/1/244 522/2/632 447/3/629
f 452/1/606 432/2/605 470/3/244
f 430/1/626 434/2/654 521/3/664
f 434/1/654 452/2/606 521/3/664
f 470/1/244 447/2/629 452/3/606
f 469/4/665 441/5/612 145/6/172
f 528/1/935 472/2/182 471/3/179
f 149/1/175 441/2/612 529/3/666
f 439/1/609 528/2/935 149/3/175
f 528/1/935 471/2/179 149/3/175
f 473/4/180 471/5/179 152/6/181
f 474/1/246 194/2/248 156/3/186
f 474/4/246 477/5/670 475/6/667
f 456/1/653 477/2/670 455/3/669
f 477/1/670 476/2/245 450/3/645
f 477/1/670 450/2/645 525/3/668
f 455/1/669 477/2/670 525/3/668
f 431/1/642 454/2/656 455/3/669
f 519/1/936 475/2/667 477/3/670
f 477/1/670 456/2/653 458/3/652
f 458/1/652 434/2/654 430/3/626
f 458/1/652 430/2/626 520/3/697
f 446/1/623 519/2/936 477/3/670
f 458/1/652 520/2/697 446/3/623
f 478/4/251 429/5/250 482/6/638
f 480/1/662 482/2/638 518/3/637
f 480/1/662 518/2/637 448/3/634
f 445/1/620 195/2/661 517/3/671
f 195/1/661 480/2/662 517/3/671
f 481/4/254 479/5/673 478/6/251
f 484/4/672 483/5/69 479/6/673
f 487/4/31 493/5/681 496/6/674
f 489/1/676 39/2/37 44/3/677
f 500/4/37 503/5/37 39/6/37
f 490/4/37 487/5/31 68/6/675
f 488/1/72 485/2/361 253/3/678
f 497/4/29 67/5/28 491/6/74
f 491/4/74 20/5/16 492/6/76
f 499/4/680 497/5/29 491/6/74
f 30/1/36 494/2/30 31/3/27
f 494/1/30 497/2/29 66/3/26
f 495/1/73 64/2/23 65/3/25
f 499/1/680 492/2/76 66/3/26
f 493/1/681 487/2/31 64/3/23
f 493/4/681 488/5/72 29/6/679
f 492/1/76 498/2/75 65/3/25
f 503/4/37 500/5/37 490/6/37
f 505/4/38 504/5/34 37/6/39
f 504/4/34 502/5/33 38/6/45
f 505/4/38 36/5/47 35/6/305
f 502/4/33 500/5/37 489/6/676
s 4
f 506/1/682 508/2/685 509/3/683
f 508/1/685 165/2/203 166/3/206
s 8
f 160/1/686 506/2/937 507/3/687
s 1
f 514/4/5 511/5/3 9/6/689
f 511/1/3 514/2/5 19/3/263
f 510/4/6 514/5/5 12/6/690
f 511/4/3 513/5/2 10/6/8
f 515/1/11 513/2/2 17/3/12
f 515/4/11 512/5/10 2/6/880
s 8
f 347/4/463 360/5/462 273/6/938
f 360/4/462 361/5/465 273/6/938
f 361/4/465 348/5/908 273/6/938
f 286/4/939 299/5/940 271/6/941
f 299/4/940 312/5/942 271/6/941
f 312/4/942 347/5/463 274/6/943
f 324/4/692 313/5/944 269/6/693
f 347/4/463 273/5/938 274/6/943
f 348/4/908 324/5/692 272/6/694
f 273/4/938 348/5/908 272/6/694
f 274/4/943 271/5/941 312/6/942
s 1
f 467/4/252 536/5/616 547/6/695
f 516/4/663 538/5/619 537/6/618
f 517/4/671 548/5/633 539/6/621
f 518/4/637 550/5/636 549/6/635
f 475/4/667 519/5/936 540/6/622
f 540/4/622 551/5/696 475/6/667
f 520/4/697 542/5/625 541/6/624
f 521/4/664 544/5/628 543/6/627
f 522/4/632 546/5/631 545/6/630
f 469/4/665 523/5/601 552/6/639
f 552/4/639 560/5/613 469/6/665
f 524/4/698 554/5/641 553/6/640
f 525/4/668 556/5/644 555/6/643
f 476/4/245 559/5/650 557/6/646
f 526/4/184 558/5/647 561/6/651
f 527/4/699 534/5/614 535/6/649
f 472/4/182 528/5/935 531/6/615
f 528/4/935 530/5/608 531/6/615
f 529/4/666 532/5/611 533/6/610
s 2
f 651/16/700 652/17/761 531/18/701
f 653/16/703 654/17/762 533/18/704
f 656/16/706 535/17/743 534/18/707
f 635/16/709 536/17/746 537/18/710
f 638/16/712 637/17/747 538/18/713
f 640/16/715 639/17/750 540/18/716
f 641/16/718 542/17/751 543/18/719
f 643/16/721 544/17/752 545/18/722
f 645/16/724 546/17/753 547/18/725
f 648/16/727 647/17/748 548/18/728
f 650/16/730 649/17/749 550/18/731
f 658/16/733 657/17/754 552/18/734
f 659/16/736 554/17/756 555/18/737
f 661/16/739 556/17/757 557/18/740
f 663/16/742 558/17/760 535/18/743
f 662/16/741 557/17/740 559/18/744
f 646/16/726 547/17/725 536/18/746
f 636/16/711 537/17/710 538/18/713
f 647/16/748 638/17/712 539/18/714
f 649/16/749 648/17/727 549/18/729
f 639/16/750 650/17/730 551/18/732
f 641/16/718 640/17/715 541/18/717
f 642/16/720 543/17/719 544/18/752
f 644/16/723 545/17/722 546/18/753
f 657/16/754 665/17/763 560/18/755
f 659/16/736 658/17/733 553/18/735
f 660/16/738 555/17/737 556/18/757
f 664/16/745 559/17/744 561/18/758
f 666/16/759 561/17/758 558/18/760
f 652/16/761 655/17/708 534/18/707
f 654/16/762 651/17/700 530/18/702
f 665/16/763 653/17/703 532/18/705
s 1
f 479/1/673 483/2/69 188/3/68
f 188/1/68 181/2/249 479/3/673
f 563/1/764 596/2/778 593/3/765
f 569/1/767 604/2/820 603/3/768
f 597/1/770 567/2/774 577/3/771
f 563/1/764 571/2/780 572/3/773
f 594/1/775 595/2/787 566/3/776
f 596/1/778 563/2/764 567/3/774
f 579/1/779 572/2/773 571/3/780
f 577/1/771 567/2/774 572/3/773
f 588/4/782 582/5/793 584/6/783
f 562/1/777 566/2/776 573/3/785
f 563/1/764 574/2/766 578/3/781
f 577/1/771 579/2/779 573/3/785
f 573/1/785 579/2/779 578/3/781
f 595/1/787 598/2/772 577/3/771
f 575/1/788 565/2/769 603/3/768
f 587/1/790 586/2/797 581/3/791
f 588/4/782 587/5/790 580/6/795
f 590/4/796 583/5/800 581/6/791
f 589/4/784 584/5/783 585/6/798
f 590/4/796 591/5/799 585/6/798
f 570/1/786 578/2/781 591/3/799
f 574/1/766 589/2/784 591/3/799
f 562/1/777 570/2/786 590/3/796
f 594/1/775 587/2/790 588/3/782
f 562/1/777 586/2/797 587/3/790
f 574/1/766 593/2/765 588/3/782
s 2
f 564/1/801 594/2/805 593/3/802
f 564/1/801 568/2/808 595/3/804
f 569/1/806 565/2/810 596/3/807
f 568/1/808 576/2/811 598/3/809
f 565/1/810 575/2/803 593/3/802
f 569/1/806 597/2/806 598/3/809
f 603/7/812 604/8/945 600/9/813
f 599/7/814 600/8/813 602/9/815
s 1
f 564/1/817 575/2/788 599/3/789
f 569/1/767 576/2/821 600/3/819
f 576/1/821 568/2/823 602/3/822
f 564/1/817 601/2/818 602/3/822
f 628/4/824 616/5/857 608/6/825
s 2
f 622/4/827 608/5/946 612/6/828
f 626/4/830 620/5/852 610/6/831
f 610/4/831 606/5/947 621/6/833
s 4
f 614/4/834 617/5/948 609/6/835
f 615/4/837 606/5/949 610/6/838
f 612/4/840 608/5/950 616/6/841
f 630/4/843 615/5/837 620/6/839
f 611/4/845 618/5/951 613/6/846
f 631/4/848 617/5/948 614/6/834
s 2
f 612/4/828 619/5/871 625/6/850
f 634/4/851 632/5/952 620/6/852
s 1
f 606/4/853 615/5/870 627/6/854
f 633/4/856 630/5/859 616/6/857
f 633/4/856 628/5/824 613/6/858
f 605/4/860 621/5/855 627/6/854
s 2
f 634/4/851 626/5/830 617/6/862
f 611/4/864 623/5/829 625/6/850
f 609/4/866 624/5/832 621/6/833
f 626/4/830 624/5/832 609/6/866
f 622/4/827 623/5/829 611/6/864
s 1
f 628/4/824 622/5/826 607/6/869
s 2
f 618/4/865 625/5/850 634/6/851
s 1
f 614/4/861 627/5/854 633/6/856
f 615/4/870 630/5/859 633/6/856
s 2
f 619/4/871 632/5/952 634/6/851
s 4
f 613/4/846 618/5/951 631/6/848
f 619/4/842 616/5/841 630/6/843
s 1
f 57/1/43 36/2/47 41/3/48
f 667/1/50 248/2/341 249/3/343
f 668/1/66 55/2/60 45/3/61
f 669/1/878 249/2/343 246/3/345
f 668/1/66 57/2/43 667/3/50
f 247/1/311 51/2/54 670/3/879
f 671/1/52 49/2/56 61/3/63
f 670/1/879 52/2/51 46/3/65
f 670/1/879 51/2/54 49/3/56
f 685/1/953 1145/2/954 1147/3/955
f 1057/1/956 1144/2/957 1148/3/958
f 1147/4/955 679/5/959 680/6/960
f 687/1/961 1149/2/962 1146/3/963
f 686/1/964 687/2/961 692/3/965
f 685/1/953 690/2/966 693/3/967
f 689/1/968 694/2/969 695/3/970
f 685/1/953 847/2/971 690/3/966
f 687/1/961 684/2/972 689/3/968
f 694/1/969 696/2/973 697/3/974
f 733/1/975 734/2/976 701/3/977
f 735/1/978 700/2/979 701/3/977
f 736/4/980 1129/5/981 1132/6/982
f 1122/1/983 733/2/975 702/3/984
f 701/1/977 1139/2/985 1137/3/986
f 700/1/979 699/2/987 1136/3/988
f 702/1/984 1137/2/986 1135/3/989
f 700/1/979 1140/2/990 1139/3/985
f 706/1/991 711/2/992 712/3/993
f 892/1/994 709/2/995 726/3/996
f 707/1/997 712/2/993 1121/3/998
f 705/1/999 710/2/1000 706/3/991
f 726/1/996 709/2/995 784/3/1001
f 711/1/992 710/2/1000 1301/3/1002
f 721/1/1003 717/2/1004 1305/3/1005
f 720/1/1006 718/2/1007 719/3/1008
f 723/1/1009 716/2/1010 727/3/1011
f 724/1/1012 714/2/1013 723/3/1009
f 718/1/1007 730/2/1014 731/3/1015
f 725/1/1016 727/2/1011 717/3/1004
f 725/1/1016 721/2/1003 715/3/1017
f 1302/1/1018 724/2/1012 715/3/1017
f 727/1/1011 716/2/1010 728/3/1019
f 1305/1/1005 1118/2/1020 837/3/1021
f 727/1/1011 732/2/1022 729/3/1023
f 1123/4/1024 696/5/973 1130/6/1025
f 684/1/972 736/2/980 1126/3/1026
f 689/4/968 1127/5/1027 1133/6/1028
f 696/4/973 694/5/969 1133/6/1028
f 736/1/980 684/2/972 739/3/1029
f 1146/1/963 739/2/1029 684/3/972
f 740/1/1030 739/2/1029 742/3/1031
f 739/1/1029 738/2/1032 741/3/1033
f 743/1/1034 742/2/1031 745/3/1035
f 742/1/1031 741/2/1033 744/3/1036
s 2
f 741/4/1037 747/5/1038 748/6/1039
f 752/1/1040 749/2/1041 750/3/1042
f 749/1/1041 82/2/92 83/3/91
f 747/1/1038 752/2/1040 751/3/1043
s 1
f 745/1/1035 744/2/1036 753/3/1044
s 2
f 751/1/1043 750/2/1042 757/3/1045
f 748/1/1039 751/2/1043 758/3/1046
f 750/1/1042 83/2/91 91/3/97
s 1
f 746/1/1047 745/2/1035 754/3/1048
s 2
f 744/4/1049 748/5/1039 756/6/1050
f 756/1/1051 758/2/1046 764/3/1052
f 758/1/1046 757/2/1045 763/3/1053
s 1
f 755/1/1054 760/2/1055 895/3/1056
s 2
f 757/1/1045 91/2/97 98/3/108
f 753/4/1057 756/5/1050 762/6/1058
s 1
f 754/1/1048 753/2/1044 759/3/1059
s 2
f 764/1/1052 763/2/1053 769/3/1060
s 1
f 761/1/1061 760/2/1055 766/3/1062
s 2
f 763/1/1053 98/2/108 105/3/115
f 759/4/1063 762/5/1058 768/6/1064
s 1
f 760/1/1055 759/2/1059 765/3/1065
s 2
f 762/1/1066 764/2/1052 770/3/1067
s 1
f 777/1/1068 778/2/1069 772/3/1070
s 2
f 779/1/1071 117/2/126 112/3/125
f 781/4/1072 774/5/1073 771/6/1074
s 1
f 778/1/1069 780/2/1075 771/3/1076
s 2
f 781/1/1072 782/2/1077 776/3/1078
f 782/1/1077 779/2/1071 775/3/1079
f 770/1/1067 769/2/1060 779/3/1071
f 768/1/1080 770/2/1067 782/3/1077
s 1
f 766/1/1062 765/2/1065 780/3/1075
s 2
f 765/4/1081 768/5/1064 781/6/1072
f 769/1/1060 105/2/115 117/3/126
s 1
f 767/1/1082 766/2/1062 778/3/1069
f 783/1/1083 714/2/1084 784/3/1085
f 709/1/1086 785/2/1087 784/3/1085
f 709/1/1086 786/2/1088 787/3/1089
f 777/1/1068 787/2/1089 786/3/1088
f 788/1/1090 783/2/1083 785/3/1087
f 773/1/1091 788/2/1090 787/3/1089
f 789/1/1092 723/2/1093 714/3/1084
f 791/1/1094 716/2/1095 723/3/1093
f 791/1/1094 792/2/1096 728/3/1097
f 1079/1/1098 732/2/1022 728/3/1019
f 790/4/1099 789/5/1092 1097/6/1100
f 789/4/1092 783/5/1083 1100/6/1101
f 796/1/1102 795/2/1103 798/3/1104
f 795/1/1103 794/2/1105 797/3/1106
f 799/1/1107 798/2/1104 139/3/163
f 798/1/1104 797/2/1106 138/3/164
f 140/1/165 143/2/167 801/3/1108
f 799/1/1107 801/2/1108 800/3/1109
f 791/4/1094 790/5/1099 1095/6/1110
f 1079/4/1098 792/5/1111 1099/6/1112
f 803/1/1113 802/2/1114 804/3/1115
f 804/1/1115 806/2/1116 807/3/1117
f 807/1/1117 806/2/1116 150/3/177
f 151/1/178 473/2/180 1107/3/1118
f 808/4/1119 1076/5/1120 1108/6/1121
f 1160/1/1122 810/2/1123 1087/3/1124
f 153/1/187 155/2/189 809/3/1125
s 2
f 809/1/1126 811/2/1127 812/3/1128
f 155/1/193 158/2/194 811/3/1127
s 1
f 811/1/1129 813/2/1130 814/3/1131
f 158/1/198 161/2/198 813/3/1130
f 814/1/1131 813/2/1130 815/3/1132
s 2
f 815/1/457 813/2/457 1141/3/457
s 1
f 816/1/1133 815/2/1132 817/3/1134
s 4
f 817/1/1135 819/2/1136 820/3/1137
f 166/1/206 169/2/207 819/3/1136
s 1
f 820/1/1138 819/2/1139 821/3/1140
f 819/1/1139 169/2/211 172/3/211
f 818/1/1141 827/2/1142 826/3/1143
s 2
f 843/1/1144 824/2/1145 823/3/1146
s 4
f 818/1/1147 820/2/1137 828/3/1148
s 1
f 812/1/1149 814/2/1131 825/3/1150
f 822/1/1151 829/2/1152 828/3/1153
f 816/1/1133 826/2/1143 825/3/1150
f 833/1/1154 826/2/1143 827/3/1142
f 831/1/1155 824/2/1156 825/3/1150
s 4
f 827/1/1157 828/2/1148 835/3/1158
s 1
f 832/1/1159 825/2/1150 826/3/1143
f 835/1/1160 828/2/1153 829/3/1152
s 2
f 823/1/1146 824/2/1145 831/3/1161
s 1
f 836/1/1162 840/2/1163 839/3/1164
s 4
f 835/1/1158 839/2/1165 838/3/1166
f 839/1/1165 841/2/1167 838/3/1166
s 1
f 840/1/1163 842/2/1168 841/3/1169
f 833/1/1154 731/2/1015 730/3/1014
f 831/1/1155 832/2/1159 730/3/1014
s 2
f 831/1/1161 837/2/1170 830/3/1171
s 1
f 803/4/1113 1106/5/1172 1101/6/1173
f 1111/4/1174 1087/5/1124 1109/6/1175
f 1109/1/1175 843/2/1176 823/3/1177
f 830/1/1178 1113/2/1179 1065/3/1180
f 732/4/1022 1079/5/1098 1103/6/1181
f 729/4/1023 732/5/1022 1104/6/1182
f 729/4/1023 1102/5/1183 1116/6/1184
f 792/4/1096 791/5/1094 1096/6/1185
f 804/1/1186 801/2/1108 806/3/1187
f 806/1/1187 801/2/1108 143/3/167
f 731/1/1015 833/2/1154 834/3/1188
f 719/1/1008 731/2/1015 838/3/1189
f 692/1/965 695/2/970 891/3/1190
f 1058/1/1191 1057/2/956 688/3/1192
f 847/1/971 848/2/1193 690/3/966
f 693/1/967 849/2/1194 846/3/1195
f 693/1/967 690/2/966 849/3/1194
f 1059/1/1196 853/2/1197 851/3/1198
f 1058/1/1191 846/2/1195 853/3/1197
f 1060/1/1199 851/2/1198 855/3/1200
f 855/1/1200 851/2/1198 856/3/1201
f 853/1/1197 846/2/1195 858/3/1202
f 849/1/1194 848/2/1193 859/3/1203
f 846/1/1195 849/2/1194 860/3/1204
f 851/1/1198 853/2/1197 861/3/1205
f 856/1/1206 862/2/1207 863/3/1208
f 858/1/1209 864/2/1210 867/3/1211
f 860/1/1204 859/2/1203 865/3/1212
f 858/1/1209 860/2/1204 866/3/1213
f 861/1/1214 867/2/1211 862/3/1207
f 1143/1/1215 868/2/1216 869/3/1217
f 866/1/1213 872/2/1218 871/3/1219
f 870/1/1220 872/2/1218 866/3/1213
f 867/1/1221 873/2/1222 868/3/1216
f 873/1/1222 867/2/1221 864/3/1223
f 869/1/1224 868/2/1225 874/3/1226
f 874/1/1227 876/2/1228 877/3/1229
f 873/1/1222 886/2/1230 874/3/1226
f 886/1/1230 873/2/1222 871/3/1219
f 872/1/1218 884/2/1231 885/3/1232
f 872/1/1218 870/2/1220 882/3/1233
f 887/1/1234 876/2/1228 874/3/1227
f 888/1/1235 887/2/1234 886/3/1230
f 889/1/1236 888/2/1235 885/3/1232
f 883/1/1237 889/2/1236 884/3/1231
f 1056/4/1238 1064/5/1238 1063/6/1239
f 704/1/1240 892/2/994 705/3/999
s 2
f 704/4/1241 893/5/1242 894/6/1243
f 893/4/1242 895/5/1244 761/6/1245
s 1
f 897/1/1246 720/2/1006 722/3/1247
f 891/1/1190 695/2/970 901/3/1248
f 691/1/1249 891/2/1190 911/3/1250
f 865/1/1212 907/2/1251 908/3/1252
f 870/1/1220 908/2/1252 909/3/1253
f 695/1/970 697/2/974 902/3/1254
f 883/1/1237 882/2/1233 909/3/1253
f 847/1/971 904/2/1255 905/3/1256
f 848/1/1193 905/2/1256 906/3/1257
f 691/1/1249 900/2/1258 904/3/1255
f 859/1/1203 906/2/1257 907/3/1251
s 2
f 1138/1/1259 915/2/1260 914/3/1261
f 915/1/1260 912/2/1262 913/3/1263
f 713/1/1264 916/2/1265 915/3/1260
f 917/1/1266 1131/2/1267 737/3/1268
f 917/1/1266 914/2/1261 913/3/1263
f 737/1/1268 703/2/1269 914/3/1261
f 916/1/1265 919/2/1270 912/3/1262
f 917/1/1266 920/2/1271 921/3/1272
f 913/1/1263 923/2/1273 924/3/1274
f 913/1/1263 912/2/1262 922/3/1275
f 920/1/1271 924/2/1274 921/3/1272
f 912/1/1262 919/2/1270 922/3/1275
s 1
f 898/1/1276 899/2/1277 934/3/1278
f 841/1/1169 842/2/1168 930/3/1279
f 896/1/1280 897/2/1246 932/3/1281
f 899/1/1277 896/2/1280 931/3/1282
f 897/1/1246 722/2/1247 928/3/1283
f 711/1/992 925/2/1284 926/3/1285
f 898/1/1276 933/2/1286 925/3/1284
f 1121/1/1287 927/2/1288 713/3/1289
f 722/1/1247 841/2/1169 929/3/1290
s 2
f 713/1/1264 927/2/1291 916/3/1265
f 916/1/1265 927/2/1291 919/3/1270
f 903/1/1292 918/2/1293 935/3/1294
s 1
f 697/1/974 1120/2/1295 935/3/1296
f 696/1/973 1123/2/1024 1120/3/1295
s 2
f 918/1/1293 921/2/1272 936/3/1297
s 4
f 904/1/363 900/2/365 937/3/1298
f 908/1/1299 907/2/368 943/3/1300
f 905/1/369 904/2/363 940/3/1301
f 902/1/371 939/2/1302 938/3/1303
f 908/1/1299 944/2/1304 945/3/1305
f 936/1/376 949/2/1306 948/3/1307
f 906/1/379 905/2/369 941/3/1308
f 935/1/381 948/2/1307 939/3/1302
f 910/1/1309 909/2/1310 945/3/1305
f 907/1/368 906/2/379 942/3/1311
f 901/1/385 938/2/1303 947/3/1312
f 911/1/387 947/2/1312 937/3/1298
f 949/1/1306 962/2/1313 961/3/1314
f 939/1/1302 952/2/1315 951/3/1316
f 945/1/1305 944/2/1304 957/3/1317
f 942/1/1311 941/2/1308 954/3/1318
f 948/1/1307 961/2/1314 952/3/1315
f 946/1/1319 945/2/1305 958/3/1320
f 943/1/1300 942/2/1311 955/3/1321
f 938/1/1303 951/2/1316 960/3/1322
f 947/1/1312 960/2/1322 950/3/1323
f 937/1/1298 950/2/1323 953/3/1324
f 944/1/1304 943/2/1300 956/3/1325
f 941/1/1308 940/2/1301 953/3/1324
f 928/1/401 967/2/1326 971/3/1327
f 930/1/404 969/2/1328 968/3/1329
f 933/1/407 972/2/1330 964/3/1331
f 919/1/410 927/2/412 966/3/1332
f 929/1/413 968/2/1329 967/3/1326
f 926/1/414 925/2/415 964/3/1331
f 934/1/416 973/2/1333 972/3/1330
f 932/1/418 971/2/1327 970/3/1334
f 927/1/412 926/2/414 965/3/1335
f 931/1/421 970/2/1334 973/3/1333
f 971/1/1327 982/2/1336 981/3/1337
f 966/1/1332 965/2/1335 976/3/1338
f 970/1/1334 981/2/1337 984/3/1339
f 967/1/1326 978/2/1340 982/3/1336
f 969/1/1328 980/2/1341 979/3/1342
f 963/1/1343 966/2/1332 977/3/1344
f 964/1/1331 972/2/1330 983/3/1345
f 968/1/1329 979/2/1342 978/3/1340
f 965/1/1335 964/2/1331 975/3/1346
f 972/1/1330 973/2/1333 984/3/1339
f 956/4/1325 955/5/1321 990/6/433
f 978/4/1340 1002/5/435 1006/6/434
f 957/4/1317 956/5/1325 991/6/436
f 953/4/1324 950/5/1323 985/6/437
f 983/4/1345 1007/5/439 999/6/438
f 957/4/1317 992/5/441 993/6/440
f 952/4/1315 987/5/443 986/6/442
f 984/4/1339 1008/5/444 1007/6/439
f 959/4/1347 958/5/1320 993/6/440
f 976/4/1338 975/5/1346 999/6/438
f 961/4/1314 996/5/446 987/6/443
f 984/4/1339 981/5/1337 1005/6/447
f 977/4/1344 976/5/1338 1000/6/448
f 950/4/1323 960/5/1322 995/6/449
f 951/4/1316 986/5/442 995/6/449
f 974/4/1348 977/5/1344 1001/6/451
f 980/4/1341 1004/5/453 1003/6/452
f 962/4/1313 997/5/454 996/6/446
f 954/4/1318 953/5/1324 988/6/455
f 979/4/1342 1003/5/452 1002/6/435
f 955/4/1321 954/5/1318 989/6/456
f 982/4/1336 1006/5/434 1005/6/447
s 1
f 1007/4/200 1003/5/200 1001/6/200
f 992/4/200 990/5/200 987/6/200
s 8
f 883/4/1349 959/5/1350 889/6/1351
f 994/4/1352 997/5/1353 360/6/462
f 1004/4/1354 362/5/466 361/6/465
f 840/4/1355 1004/5/1354 980/6/1356
s 2
f 767/4/1357 786/5/1358 1012/6/1359
s 4
f 767/4/1360 1011/5/1361 1010/6/1362
s 2
f 894/4/1243 761/5/1245 1010/6/1363
f 894/4/1243 1014/5/1364 1013/6/1365
f 786/4/1358 709/5/1366 1009/6/1367
s 1
f 892/4/994 1013/5/1368 1009/6/1369
s 8
f 1013/8/1370 1012/7/1371 1009/8/1372
s 4
f 1021/8/1373 1022/7/1374 1024/8/1375
s 1
f 699/4/987 1017/5/1376 1015/6/1377
s 2
f 895/4/1244 893/5/1242 1022/6/1378
s 8
f 746/4/1379 755/5/1380 1021/6/1381
f 746/4/1379 1020/5/1382 1019/6/1383
f 740/4/1384 1018/5/1385 1017/6/1386
s 2
f 893/4/1242 704/5/1241 1016/6/1387
s 8
f 743/4/1388 1019/5/1383 1018/6/1385
f 755/4/1380 895/5/1389 1023/6/1390
s 1
f 1136/4/988 1016/5/1391 704/6/1240
s 4
f 1024/8/1375 1016/7/1392 1015/8/1393
f 1018/9/1394 1020/8/1395 1021/9/1373
s 2
f 676/1/1396 682/2/1397 1027/3/1398
f 682/1/1397 1051/2/1399 1052/3/1400
f 677/1/1401 4/2/518 379/3/517
s 4
f 747/4/1402 741/5/1403 1030/6/1404
s 8
f 738/4/1405 673/5/1406 1028/6/1407
f 741/4/1408 738/5/1405 1029/6/1409
s 4
f 752/4/1410 747/5/1402 1031/6/1411
f 752/4/1410 1033/5/1412 1032/6/1413
f 749/4/1414 1032/5/1413 388/6/532
s 2
f 673/1/1415 676/2/1396 1025/3/1416
f 1027/4/1398 1036/5/1417 1034/6/1418
f 1052/4/1400 1053/5/1419 1036/6/1417
f 379/4/517 390/5/539 1035/6/1420
f 1028/4/1421 1025/5/1416 1034/6/1418
s 1
f 1035/4/541 390/5/541 394/6/541
f 1034/4/1422 1037/5/1423 1028/6/1424
f 1038/4/541 1037/5/1423 1036/6/541
s 8
f 368/7/1425 365/8/1426 364/9/1427
s 4
f 776/4/1428 1044/5/1429 1042/6/1430
f 774/4/1431 1042/5/1430 1039/6/1432
f 794/4/1433 1047/5/1434 1048/6/1435
f 788/4/1436 1046/5/1437 1045/6/1438
f 776/4/1428 775/5/1439 1043/6/1440
f 771/4/1441 1039/5/1432 1040/6/1442
f 788/4/1436 773/5/1443 1041/6/1444
f 112/4/562 402/5/563 1043/6/1440
f 797/4/1445 1048/5/1435 408/6/565
f 1100/4/1446 1045/5/1438 1047/6/1434
f 772/4/1447 1040/5/1442 1041/6/1444
s 1
f 1050/8/929 1047/7/1448 1049/8/1449
f 1049/8/1449 1045/7/1450 1046/8/1451
f 411/8/573 1043/7/1452 402/8/574
f 1050/8/929 1044/7/1453 1043/8/1452
f 1046/9/1451 1042/8/1454 1044/9/1453
s 2
f 1026/4/1455 1035/5/1420 1053/6/1419
f 1051/1/1399 677/2/1401 1026/3/1455
f 683/10/1456 845/11/1457 852/12/1458
f 672/4/1459 675/5/1460 1054/6/1461
f 683/4/1456 1144/5/1462 1057/6/1463
f 845/4/1457 683/5/1456 1057/6/1463
f 850/4/1464 852/5/1458 1059/6/1465
f 845/4/1457 1058/5/1466 1059/6/1465
f 850/4/1464 1060/5/1467 1061/6/1468
f 424/4/593 3/5/595 1062/6/1469
s 1
f 674/4/1470 1063/5/1239 427/6/599
f 1085/1/1471 1106/2/1172 1157/3/1472
f 1074/13/1473 1089/14/1474 1069/15/1475
f 1068/4/1476 1071/5/1477 1088/6/1478
f 1164/4/1479 1167/5/1480 1075/6/1481
f 1166/4/1482 1194/5/1483 1077/6/1484
f 1168/4/1485 1165/5/1486 1076/6/1120
f 1170/4/1487 1171/5/1488 1080/6/1489
f 1172/4/1490 1173/5/1491 1081/6/1492
f 1174/4/1493 1175/5/1494 1082/6/1495
f 1176/4/1496 1177/5/1497 1066/6/1498
f 1178/4/1499 1179/5/1500 1083/6/1501
f 1180/4/1502 1101/5/1173 1156/6/1503
f 1182/4/1504 1183/5/1505 1084/6/1506
f 1184/4/1507 1117/5/1508 1152/6/1509
f 1186/4/1510 1187/5/1511 1085/6/1471
f 1188/4/1512 1189/5/1513 1067/6/1514
f 1190/4/1515 1191/5/1516 1086/6/1517
f 1192/4/1518 1169/5/1519 1078/6/1520
f 1193/4/1521 1195/5/1522 1087/6/1124
f 1074/4/1473 1092/5/1523 1094/6/1524
f 1071/4/1477 1089/5/1474 1070/6/1525
f 1072/4/1526 1069/5/1475 1090/6/1527
f 1073/4/1528 1093/5/1529 1090/6/1527
f 1074/4/1473 1094/5/1524 1070/6/1525
f 1073/13/1528 1069/14/1475 1089/15/1474
f 1096/1/1185 1095/2/1110 796/3/1102
f 1098/1/1530 1099/2/1112 802/3/1114
f 1095/1/1110 1097/2/1100 795/3/1103
f 1097/1/1100 1100/2/1101 794/3/1105
f 1099/1/1531 1096/2/1185 800/3/1109
f 1101/4/1173 1079/5/1098 1098/6/1530
f 1104/1/1182 844/2/1532 1102/3/1183
f 1102/1/1183 844/2/1532 1115/3/1533
f 1150/1/1534 1104/2/1182 1080/3/1489
f 1083/1/1501 1088/2/1478 1155/3/1535
f 1105/4/1536 1106/5/1172 803/6/1113
f 807/1/1117 1075/2/1481 1163/3/1537
f 473/4/180 153/5/187 808/6/1119
f 1109/1/1175 1087/2/1124 810/3/1123
f 1109/4/1175 1065/5/1180 1110/6/1538
f 1159/1/1539 1091/2/1540 1067/3/1514
f 1112/1/1541 1082/2/1495 1094/3/1524
f 1113/4/1179 1115/5/1533 1117/6/1508
f 1115/1/1533 1151/2/1542 1084/3/1506
f 1116/4/1184 1115/5/1533 1113/6/1179
f 1119/4/1543 1116/5/1184 1114/6/1544
f 1122/4/983 737/5/1545 1131/6/1546
f 1124/1/1547 1121/2/998 713/3/1548
f 1135/4/989 1124/5/1547 708/6/989
f 1125/4/989 703/5/989 737/6/1545
f 1123/1/1024 698/2/1549 903/3/1550
f 1126/4/1026 1134/5/1551 1127/6/1027
f 700/1/979 735/2/978 1129/3/981
f 1130/1/1025 1133/2/1028 734/3/976
f 1134/1/1551 1132/2/982 735/3/978
f 1128/1/1552 1130/2/1025 733/3/975
f 1128/4/1552 1131/5/1546 698/6/1549
f 1127/1/1027 735/2/978 734/3/976
f 1138/4/989 703/5/989 1125/6/989
f 1140/4/990 705/5/999 706/6/991
f 1139/4/985 706/5/991 707/6/997
f 1140/4/990 1136/5/988 704/6/1240
f 1137/4/986 707/5/997 1124/6/1547
s 4
f 1141/1/1553 507/2/684 509/3/683
f 1142/1/1554 509/2/683 166/3/206
s 2
f 815/1/457 1142/2/457 817/3/457
s 8
f 813/1/1555 161/2/688 507/3/687
s 1
f 1148/4/958 681/5/1556 678/6/1557
f 1145/1/954 685/2/953 688/3/1192
f 1144/4/957 1055/5/1558 681/6/1556
f 1145/4/954 678/5/1557 679/6/959
f 1149/1/962 687/2/961 686/3/964
s 8
f 974/4/1559 922/5/1560 919/6/1561
s 1
f 1103/4/1181 1079/5/1098 1181/6/1562
f 1150/4/1534 1080/5/1489 1171/6/1488
f 1151/4/1542 1081/5/1492 1173/6/1491
f 1152/4/1509 1084/5/1506 1183/6/1505
f 1185/4/1563 1110/5/1538 1065/6/1180
f 1154/4/1564 1082/5/1495 1175/6/1494
f 1155/4/1535 1066/5/1498 1177/6/1497
f 1156/4/1503 1083/5/1501 1179/6/1500
f 1194/4/1483 1105/5/1536 1077/6/1484
f 1158/4/1565 1085/5/1471 1187/6/1511
f 1159/4/1539 1067/5/1514 1189/6/1513
f 1111/4/1174 1086/5/1517 1191/6/1516
f 1160/4/1122 1087/5/1124 1195/6/1522
f 1161/4/1566 1078/5/1520 1169/6/1519
f 1165/4/1486 1108/5/1121 1076/6/1120
f 1163/4/1537 1075/5/1481 1167/6/1480
s 2
f 1285/16/1567 1164/17/1568 1165/18/1569
f 1287/16/1570 1166/17/1571 1167/18/1572
f 1290/16/1573 1289/17/1574 1168/18/1575
f 1269/16/1576 1270/17/1577 1171/18/1578
f 1272/16/1579 1173/17/1580 1172/18/1581
f 1274/16/1582 1175/17/1583 1174/18/1584
f 1275/16/1585 1276/17/1586 1177/18/1587
f 1277/16/1588 1278/17/1589 1179/18/1590
f 1279/16/1591 1280/17/1592 1181/18/1593
f 1282/16/1594 1183/17/1595 1182/18/1596
f 1284/16/1597 1185/17/1598 1184/18/1599
f 1292/16/1600 1187/17/1601 1186/18/1602
f 1293/16/1603 1294/17/1604 1189/18/1605
f 1295/16/1606 1296/17/1607 1191/18/1608
f 1297/16/1609 1290/17/1573 1169/18/1610
f 1296/16/1607 1298/17/1611 1193/18/1612
f 1280/16/1592 1269/17/1576 1170/18/1613
f 1270/16/1577 1271/17/1614 1172/18/1581
f 1281/16/1615 1182/17/1596 1173/18/1580
f 1283/16/1616 1184/17/1599 1183/18/1595
f 1273/16/1617 1174/17/1584 1185/18/1598
f 1275/16/1585 1176/17/1618 1175/18/1583
f 1276/16/1586 1277/17/1588 1178/18/1619
f 1278/16/1589 1279/17/1591 1180/18/1620
f 1291/16/1621 1186/17/1602 1194/18/1622
f 1293/16/1603 1188/17/1623 1187/18/1601
f 1294/16/1604 1295/17/1606 1190/18/1624
f 1298/16/1611 1300/17/1625 1195/18/1626
f 1300/16/1625 1297/17/1609 1192/18/1627
f 1286/16/1628 1165/17/1569 1168/18/1575
f 1288/16/1629 1167/17/1572 1164/18/1568
f 1299/16/1630 1194/17/1622 1166/18/1571
s 1
f 830/1/1178 1114/2/1544 1113/3/1179
f 841/1/1169 722/2/1247 719/3/1008
f 1197/1/1631 1208/2/1632 1227/3/1633
f 1203/1/1634 1199/2/1635 1237/3/1636
f 1231/1/1637 1232/2/1638 1211/3/1639
f 1197/1/1631 1201/2/1640 1206/3/1641
f 1228/1/1642 1196/2/1643 1200/3/1644
f 1230/1/1645 1231/2/1637 1201/3/1640
f 1213/1/1646 1212/2/1647 1205/3/1648
f 1211/1/1639 1213/2/1646 1206/3/1641
f 1222/4/1649 1223/5/1650 1218/6/1651
f 1196/1/1643 1204/2/1652 1207/3/1653
f 1197/1/1631 1205/2/1648 1212/3/1647
f 1211/1/1639 1200/2/1644 1207/3/1653
f 1207/1/1653 1204/2/1652 1212/3/1647
f 1229/1/1654 1200/2/1644 1211/3/1639
f 1209/1/1655 1233/2/1656 1237/3/1636
f 1221/1/1657 1214/2/1658 1215/3/1659
f 1216/4/1660 1218/5/1651 1226/6/1661
f 1222/4/1649 1216/5/1660 1214/6/1662
f 1224/4/1663 1220/5/1664 1215/6/1659
f 1223/4/1650 1225/5/1665 1219/6/1666
f 1224/4/1663 1217/5/1667 1219/6/1666
f 1204/1/1652 1224/2/1663 1225/3/1665
f 1208/1/1632 1212/2/1647 1225/3/1665
f 1196/1/1643 1220/2/1664 1224/3/1663
f 1228/1/1642 1227/2/1633 1222/3/1649
f 1196/1/1643 1228/2/1642 1221/3/1657
f 1208/1/1632 1223/2/1650 1222/3/1649
s 2
f 1198/1/1668 1209/2/1669 1227/3/1670
f 1198/1/1668 1228/2/1671 1229/3/1672
f 1203/1/1673 1231/2/1673 1230/3/1674
f 1202/1/1675 1229/2/1672 1232/3/1676
f 1199/1/1677 1230/2/1674 1227/3/1670
f 1203/1/1673 1210/2/1678 1232/3/1676
f 1237/7/1679 1233/8/1680 1234/9/1681
f 1233/7/1680 1235/8/1682 1236/9/1683
s 1
f 1198/1/1684 1235/2/1685 1233/3/1656
f 1203/1/1634 1238/2/1686 1234/3/1687
f 1210/1/1688 1234/2/1687 1236/3/1689
f 1198/1/1684 1202/2/1690 1236/3/1689
f 1262/4/1691 1256/5/1692 1242/6/1693
s 2
f 1256/4/1694 1257/5/1695 1246/6/1696
f 1260/4/1697 1258/5/1698 1244/6/1699
f 1244/4/1699 1258/5/1698 1255/6/1700
s 4
f 1248/4/1701 1239/5/1702 1243/6/1703
f 1249/4/1704 1254/5/1705 1244/6/1706
f 1246/4/1707 1253/5/1708 1250/6/1709
f 1264/4/1710 1266/5/1711 1254/6/1705
f 1245/4/1712 1241/5/1713 1247/6/1714
f 1265/4/1715 1263/5/1716 1248/6/1701
s 2
f 1246/4/1696 1257/5/1695 1259/6/1717
f 1268/4/1718 1260/5/1697 1254/6/1719
s 1
f 1240/4/1720 1255/5/1721 1261/6/1722
f 1267/4/1723 1262/5/1691 1250/6/1724
f 1267/4/1723 1263/5/1725 1247/6/1726
f 1239/4/1727 1248/5/1728 1261/6/1722
s 2
f 1268/4/1718 1265/5/1729 1251/6/1730
f 1245/4/1731 1252/5/1732 1259/6/1717
f 1243/4/1733 1239/5/1734 1255/6/1700
f 1260/4/1697 1251/5/1730 1243/6/1733
f 1256/4/1694 1241/5/1735 1245/6/1731
s 1
f 1262/4/1691 1247/5/1726 1241/6/1736
s 2
f 1252/4/1732 1265/5/1729 1268/6/1718
s 1
f 1248/4/1728 1263/5/1725 1267/6/1723
f 1249/4/1737 1261/5/1722 1267/6/1723
s 2
f 1253/4/1738 1259/5/1717 1268/6/1718
s 4
f 1247/4/1714 1263/5/1716 1265/6/1715
f 1253/4/1708 1266/5/1711 1264/6/1710
s 1
f 690/1/966 848/2/1193 849/3/1194
f 793/16/1739 1270/17/1740 1269/18/1740
f 793/16/1739 1272/17/1739 1271/18/1739
f 793/16/1739 1274/17/1739 1273/18/1739
f 793/16/1739 1276/17/1739 1275/18/1739
f 793/16/1739 1278/17/1739 1277/18/1740
f 793/16/1739 1280/17/1741 1279/18/1739
f 793/16/1739 1282/17/1742 1281/18/1741
f 793/16/1739 1284/17/1739 1283/18/1739
f 793/16/1739 1269/17/1740 1280/18/1741
f 793/16/1739 1271/17/1739 1270/18/1740
f 793/16/1739 1281/17/1741 1272/18/1739
f 793/16/1739 1283/17/1739 1282/18/1742
f 793/16/1739 1273/17/1739 1284/18/1739
f 793/16/1739 1275/17/1739 1274/18/1739
f 793/16/1739 1277/17/1740 1276/18/1739
f 793/16/1739 1279/17/1739 1278/18/1739
f 805/16/1743 1285/17/1744 1286/18/1744
f 805/16/1743 1287/17/1743 1288/18/1744
f 805/16/1743 1289/17/1744 1290/18/1743
f 805/16/1743 1292/17/1743 1291/18/1743
f 805/16/1743 1294/17/1743 1293/18/1744
f 805/16/1743 1296/17/1744 1295/18/1743
f 805/16/1743 1290/17/1743 1297/18/1743
f 805/16/1743 1298/17/1744 1296/18/1744
f 805/16/1743 1291/17/1743 1299/18/1744
f 805/16/1743 1293/17/1744 1292/18/1743
f 805/16/1743 1295/17/1743 1294/18/1743
f 805/16/1743 1300/17/1744 1298/18/1744
f 805/16/1743 1297/17/1743 1300/18/1744
f 805/16/1743 1286/17/1744 1289/18/1744
f 805/16/1743 1288/17/1744 1285/18/1744
f 805/16/1743 1299/17/1744 1287/18/1743
f 726/1/996 1301/2/1002 710/3/1000
f 1301/1/1002 1303/2/1745 899/3/1277
f 710/1/1000 711/2/992 706/3/991
f 1302/1/1018 784/2/1001 714/3/1013
f 1303/1/1745 715/2/1017 896/3/1280
f 1302/1/1018 1303/2/1745 1301/3/1002
f 897/1/1246 896/2/1280 1304/3/1746
f 1305/1/1005 837/2/1021 730/3/1014
f 1304/1/1746 896/2/1280 715/3/1017
f 1304/1/1746 1305/2/1005 718/3/1007
f 685/1/953 1147/2/955 686/3/964
f 1057/1/956 1148/2/958 688/3/1192
f 1147/4/955 680/5/960 1149/6/962
f 687/1/961 1146/2/963 684/3/972
f 686/1/964 692/2/965 691/3/1249
f 685/1/953 693/2/967 688/3/1192
f 689/1/968 695/2/970 692/3/965
f 691/1/1249 847/2/971 686/3/964
f 686/1/964 847/2/971 685/3/953
f 687/1/961 689/2/968 692/3/965
f 694/1/969 697/2/974 695/3/970
f 733/1/975 701/2/977 702/3/984
f 735/1/978 701/2/977 734/3/976
f 1122/1/983 702/2/984 1125/3/989
f 701/1/977 1137/2/986 702/3/984
f 700/1/979 1136/2/988 1140/3/990
f 702/1/984 1135/2/989 1125/3/989
f 700/1/979 1139/2/985 701/3/977
f 706/1/991 712/2/993 707/3/997
f 892/1/994 726/2/996 705/3/999
f 707/1/997 1121/2/998 1124/3/1547
f 726/1/996 784/2/1001 1302/3/1018
f 711/1/992 1301/2/1002 898/3/1276
f 721/1/1003 1305/2/1005 1304/3/1746
f 720/1/1006 719/2/1008 722/3/1247
f 723/1/1009 727/2/1011 725/3/1016
f 724/1/1012 723/2/1009 725/3/1016
f 718/1/1007 731/2/1015 719/3/1008
f 725/1/1016 717/2/1004 721/3/1003
f 725/1/1016 715/2/1017 724/3/1012
f 1302/1/1018 715/2/1017 1303/3/1745
f 727/1/1011 728/2/1019 732/3/1022
f 729/1/1023 1119/2/1543 717/3/1004
f 717/1/1004 1119/2/1543 1305/3/1005
f 1119/1/1543 1118/2/1020 1305/3/1005
f 727/1/1011 729/2/1023 717/3/1004
f 1123/4/1024 1130/5/1025 1128/6/1552
f 684/1/972 1126/2/1026 689/3/968
f 689/4/968 1133/5/1028 694/6/969
f 696/4/973 1133/5/1028 1130/6/1025
f 736/1/980 739/2/1029 740/3/1030
f 738/1/1032 739/2/1029 673/3/1747
f 673/1/1747 739/2/1029 1146/3/963
f 740/1/1030 742/2/1031 743/3/1034
f 739/1/1029 741/2/1033 742/3/1031
f 743/1/1034 745/2/1035 746/3/1047
f 742/1/1031 744/2/1036 745/3/1035
s 2
f 741/4/1037 748/5/1039 744/6/1049
f 752/1/1040 750/2/1042 751/3/1043
f 749/1/1041 83/2/91 750/3/1042
f 747/1/1038 751/2/1043 748/3/1039
s 1
f 745/1/1035 753/2/1044 754/3/1048
s 2
f 751/1/1043 757/2/1045 758/3/1046
f 748/1/1039 758/2/1046 756/3/1051
f 750/1/1042 91/2/97 757/3/1045
s 1
f 746/1/1047 754/2/1048 755/3/1054
s 2
f 744/4/1049 756/5/1050 753/6/1057
f 756/1/1051 764/2/1052 762/3/1066
f 758/1/1046 763/2/1053 764/3/1052
s 1
f 760/1/1055 755/2/1054 754/3/1048
f 895/1/1056 760/2/1055 761/3/1061
s 2
f 757/1/1045 98/2/108 763/3/1053
f 753/4/1057 762/5/1058 759/6/1063
s 1
f 754/1/1048 759/2/1059 760/3/1055
s 2
f 764/1/1052 769/2/1060 770/3/1067
s 1
f 761/1/1061 766/2/1062 767/3/1082
s 2
f 763/1/1053 105/2/115 769/3/1060
f 759/4/1063 768/5/1064 765/6/1081
s 1
f 760/1/1055 765/2/1065 766/3/1062
s 2
f 762/1/1066 770/2/1067 768/3/1080
s 1
f 777/1/1068 772/2/1070 773/3/1091
s 2
f 779/1/1071 112/2/125 775/3/1079
f 781/4/1072 771/5/1074 780/6/1748
s 1
f 778/1/1069 771/2/1076 772/3/1070
s 2
f 781/1/1072 776/2/1078 774/3/1073
f 782/1/1077 775/2/1079 776/3/1078
f 770/1/1067 779/2/1071 782/3/1077
f 768/1/1080 782/2/1077 781/3/1072
s 1
f 766/1/1062 780/2/1075 778/3/1069
s 2
f 765/4/1081 781/5/1072 780/6/1748
f 769/1/1060 117/2/126 779/3/1071
s 1
f 767/1/1082 778/2/1069 777/3/1068
f 783/1/1083 784/2/1085 785/3/1087
f 709/1/1086 787/2/1089 785/3/1087
f 777/1/1068 786/2/1088 767/3/1082
f 788/1/1090 785/2/1087 787/3/1089
f 773/1/1091 787/2/1089 777/3/1068
f 723/1/1093 789/2/1092 790/3/1099
f 789/1/1092 714/2/1084 783/3/1083
f 791/1/1094 723/2/1093 790/3/1099
f 791/1/1094 728/2/1097 716/3/1095
f 1079/1/1098 728/2/1019 792/3/1111
f 790/4/1099 1097/5/1100 1095/6/1110
f 789/4/1092 1100/5/1101 1097/6/1100
f 796/1/1102 798/2/1104 799/3/1107
f 795/1/1103 797/2/1106 798/3/1104
f 799/1/1107 139/2/163 140/3/165
f 798/1/1104 138/2/164 139/3/163
f 140/1/165 801/2/1108 799/3/1107
f 799/1/1107 800/2/1109 796/3/1102
f 791/4/1094 1095/5/1110 1096/6/1185
f 1079/4/1098 1099/5/1112 1098/6/1530
f 803/1/1113 804/2/1115 1077/3/1484
f 804/1/1115 807/2/1117 1077/3/1484
f 807/1/1117 150/2/177 151/3/178
f 151/1/178 1107/2/1118 807/3/1117
f 808/4/1119 1108/5/1121 1107/6/1118
f 808/1/1119 1161/2/1566 1076/3/1120
f 808/1/1119 809/2/1125 1161/3/1566
f 1161/1/1566 809/2/1125 1078/3/1520
f 810/1/1123 1160/2/1122 809/3/1125
f 1160/1/1122 1078/2/1520 809/3/1125
f 153/1/187 809/2/1125 808/3/1119
s 2
f 809/1/1126 812/2/1128 810/3/1749
f 155/1/193 811/2/1127 809/3/1126
s 1
f 811/1/1129 814/2/1131 812/3/1149
f 158/1/198 813/2/1130 811/3/1129
f 814/1/1131 815/2/1132 816/3/1133
s 2
f 815/1/457 1141/2/457 1142/3/457
s 1
f 816/1/1133 817/2/1134 818/3/1141
s 4
f 817/1/1135 820/2/1137 818/3/1147
f 166/1/206 819/2/1136 817/3/1135
s 1
f 820/1/1138 821/2/1140 822/3/1151
f 819/1/1139 172/2/211 821/3/1140
f 818/1/1141 826/2/1143 816/3/1133
s 2
f 824/1/1145 843/2/1144 812/3/1128
f 812/1/1128 843/2/1144 810/3/1749
s 4
f 818/1/1147 828/2/1148 827/3/1157
s 1
f 812/1/1149 825/2/1150 824/3/1156
f 822/1/1151 828/2/1153 820/3/1138
f 816/1/1133 825/2/1150 814/3/1131
f 833/1/1154 827/2/1142 834/3/1188
f 831/1/1155 825/2/1150 832/3/1159
s 4
f 827/1/1157 835/2/1158 834/3/1750
s 1
f 832/1/1159 826/2/1143 833/3/1154
f 835/1/1160 829/2/1152 836/3/1162
s 2
f 823/1/1146 831/2/1161 830/3/1171
s 1
f 836/1/1162 839/2/1164 835/3/1160
s 4
f 835/1/1158 838/2/1166 834/3/1750
s 1
f 840/1/1163 841/2/1169 839/3/1164
f 833/1/1154 730/2/1014 832/3/1159
f 831/1/1155 730/2/1014 837/3/1021
f 803/4/1113 1101/5/1173 1098/6/1530
f 1111/4/1174 1109/5/1175 1112/6/1541
f 1109/1/1175 823/2/1177 1065/3/1180
f 830/1/1178 1065/2/1180 823/3/1177
f 732/4/1022 1103/5/1181 1104/6/1182
f 729/4/1023 1104/5/1182 1102/6/1183
f 729/4/1023 1116/5/1184 1119/6/1543
f 792/4/1096 1096/5/1185 1099/6/1531
f 801/1/1108 804/2/1186 800/3/1109
f 800/1/1109 804/2/1186 802/3/1751
f 806/1/1187 143/2/167 150/3/885
f 731/1/1015 834/2/1188 838/3/1189
f 719/1/1008 838/2/1189 841/3/1169
f 692/1/965 891/2/1190 691/3/1249
f 1058/1/1191 688/2/1192 693/3/967
f 693/1/967 846/2/1195 1058/3/1191
f 1059/1/1196 851/2/1198 1060/3/1199
f 1058/1/1191 853/2/1197 1059/3/1196
f 1060/1/1199 855/2/1200 1061/3/1752
f 855/1/1200 856/2/1201 857/3/1753
f 853/1/1197 858/2/1202 861/3/1205
f 849/1/1194 859/2/1203 860/3/1204
f 846/1/1195 860/2/1204 858/3/1202
f 851/1/1198 861/2/1205 856/3/1201
f 856/1/1206 863/2/1208 857/3/1208
f 858/1/1209 867/2/1211 861/3/1214
f 860/1/1204 865/2/1212 866/3/1213
f 858/1/1209 866/2/1213 864/3/1210
f 861/1/1214 862/2/1207 856/3/1206
f 868/1/1216 1143/2/1215 862/3/1754
f 862/1/1754 1143/2/1215 863/3/1755
f 866/1/1213 871/2/1219 864/3/1223
f 870/1/1220 866/2/1213 865/3/1212
f 867/1/1221 868/2/1216 862/3/1754
f 873/1/1222 864/2/1223 871/3/1219
f 869/1/1224 874/2/1226 875/3/1756
f 874/1/1227 877/2/1229 875/3/1757
f 873/1/1222 874/2/1226 868/3/1225
f 886/1/1230 871/2/1219 885/3/1232
f 872/1/1218 885/2/1232 871/3/1219
f 872/1/1218 882/2/1233 884/3/1231
f 887/1/1234 874/2/1227 886/3/1230
f 888/1/1235 886/2/1230 885/3/1232
f 889/1/1236 885/2/1232 884/3/1231
f 883/1/1237 884/2/1231 882/3/1233
f 1056/4/1238 1063/5/1239 674/6/1470
s 2
f 704/4/1241 894/5/1243 892/6/1758
f 893/4/1242 761/5/1245 894/6/1243
s 1
f 891/1/1190 901/2/1248 911/3/1250
f 691/1/1249 911/2/1250 900/3/1258
f 865/1/1212 908/2/1252 870/3/1220
f 870/1/1220 909/2/1253 882/3/1233
f 695/1/970 902/2/1254 901/3/1248
f 883/1/1237 909/2/1253 910/3/1759
f 847/1/971 905/2/1256 848/3/1193
f 848/1/1193 906/2/1257 859/3/1203
f 691/1/1249 904/2/1255 847/3/971
f 859/1/1203 907/2/1251 865/3/1212
s 2
f 915/1/1260 1138/2/1259 708/3/1760
f 1138/1/1259 914/2/1261 703/3/1269
f 915/1/1260 913/2/1263 914/3/1261
f 713/1/1264 915/2/1260 708/3/1760
f 1131/1/1267 917/2/1266 698/3/1761
f 698/1/1761 918/2/1293 903/3/1292
f 918/1/1293 698/2/1761 917/3/1266
f 917/1/1266 913/2/1263 920/3/1271
f 737/1/1268 914/2/1261 917/3/1266
f 916/1/1265 912/2/1262 915/3/1260
f 917/1/1266 921/2/1272 918/3/1293
f 913/1/1263 924/2/1274 920/3/1271
f 913/1/1263 922/2/1275 923/3/1273
s 1
f 898/1/1276 934/2/1278 933/3/1286
f 841/1/1169 930/2/1279 929/3/1290
f 896/1/1280 932/2/1281 931/3/1282
f 899/1/1277 931/2/1282 934/3/1278
f 897/1/1246 928/2/1283 932/3/1281
f 711/1/992 926/2/1285 712/3/1762
f 898/1/1276 925/2/1284 711/3/992
f 926/1/1285 927/2/1288 712/3/1762
f 712/1/1762 927/2/1288 1121/3/1287
f 722/1/1247 929/2/1290 928/3/1283
f 902/1/1254 697/2/974 935/3/1296
f 935/1/1296 1120/2/1295 903/3/1550
f 696/1/973 1120/2/1295 697/3/974
s 2
f 918/1/1293 936/2/1297 935/3/1294
s 4
f 904/1/363 937/2/1298 940/3/1301
f 908/1/1299 943/2/1300 944/3/1304
f 905/1/369 940/2/1301 941/3/1308
f 902/1/371 938/2/1303 901/3/385
f 908/1/1299 945/2/1305 909/3/1310
f 936/1/376 948/2/1307 935/3/381
f 906/1/379 941/2/1308 942/3/1311
f 935/1/381 939/2/1302 902/3/371
f 910/1/1309 945/2/1305 946/3/1319
f 907/1/368 942/2/1311 943/3/1300
f 901/1/385 947/2/1312 911/3/387
f 911/1/387 937/2/1298 900/3/365
f 949/1/1306 961/2/1314 948/3/1307
f 939/1/1302 951/2/1316 938/3/1303
f 945/1/1305 957/2/1317 958/3/1320
f 942/1/1311 954/2/1318 955/3/1321
f 948/1/1307 952/2/1315 939/3/1302
f 946/1/1319 958/2/1320 959/3/1347
f 943/1/1300 955/2/1321 956/3/1325
f 938/1/1303 960/2/1322 947/3/1312
f 947/1/1312 950/2/1323 937/3/1298
f 937/1/1298 953/2/1324 940/3/1301
f 944/1/1304 956/2/1325 957/3/1317
f 941/1/1308 953/2/1324 954/3/1318
f 928/1/401 971/2/1327 932/3/418
f 930/1/404 968/2/1329 929/3/413
f 933/1/407 964/2/1331 925/3/415
f 919/1/410 966/2/1332 963/3/1343
f 929/1/413 967/2/1326 928/3/401
f 926/1/414 964/2/1331 965/3/1335
f 934/1/416 972/2/1330 933/3/407
f 932/1/418 970/2/1334 931/3/421
f 927/1/412 965/2/1335 966/3/1332
f 931/1/421 973/2/1333 934/3/416
f 971/1/1327 981/2/1337 970/3/1334
f 966/1/1332 976/2/1338 977/3/1344
f 970/1/1334 984/2/1339 973/3/1333
f 967/1/1326 982/2/1336 971/3/1327
f 969/1/1328 979/2/1342 968/3/1329
f 963/1/1343 977/2/1344 974/3/1348
f 964/1/1331 983/2/1345 975/3/1346
f 968/1/1329 978/2/1340 967/3/1326
f 965/1/1335 975/2/1346 976/3/1338
f 972/1/1330 984/2/1339 983/3/1345
f 956/4/1325 990/5/433 991/6/436
f 978/4/1340 1006/5/434 982/6/1336
f 957/4/1317 991/5/436 992/6/441
f 953/4/1324 985/5/437 988/6/455
f 983/4/1345 999/5/438 975/6/1346
f 957/4/1317 993/5/440 958/6/1320
f 952/4/1315 986/5/442 951/6/1316
f 984/4/1339 1007/5/439 983/6/1345
f 959/4/1347 993/5/440 994/6/894
f 976/4/1338 999/5/438 1000/6/448
f 961/4/1314 987/5/443 952/6/1315
f 984/4/1339 1005/5/447 1008/6/444
f 977/4/1344 1000/5/448 1001/6/451
f 950/4/1323 995/5/449 985/6/437
f 951/4/1316 995/5/449 960/6/1322
f 974/4/1348 1001/5/451 998/6/895
f 980/4/1341 1003/5/452 979/6/1342
f 962/4/1313 996/5/446 961/6/1314
f 954/4/1318 988/5/455 989/6/456
f 979/4/1342 1002/5/435 978/6/1340
f 955/4/1321 989/5/456 990/6/433
f 982/4/1336 1005/5/447 981/6/1337
s 1
f 999/4/200 1007/5/200 1000/6/200
f 1000/4/200 1007/5/200 1001/6/200
f 1001/4/200 1003/5/200 998/6/200
f 998/4/200 1003/5/200 1004/6/200
f 1003/4/200 1007/5/200 1002/6/200
f 1002/4/200 1005/5/200 1006/6/200
f 1005/4/200 1002/5/200 1008/6/200
f 1008/4/200 1002/5/200 1007/6/200
f 995/4/200 986/5/200 985/6/200
f 985/4/200 990/5/200 988/6/200
f 986/4/200 990/5/200 985/6/200
f 988/4/200 990/5/200 989/6/200
f 990/4/200 992/5/200 991/6/200
f 992/4/200 996/5/200 993/6/200
f 993/4/200 997/5/200 994/6/200
f 996/4/200 997/5/200 993/6/200
f 996/4/200 992/5/200 987/6/200
f 987/4/200 990/5/200 986/6/200
s 8
f 876/4/1763 994/5/1352 877/6/1764
f 877/4/1764 994/5/1352 878/6/1765
f 878/4/1765 994/5/1352 879/6/1766
f 879/4/1766 994/5/1352 880/6/1767
f 880/4/1767 359/5/902 881/6/1768
f 881/4/1768 359/5/902 231/6/903
f 359/4/902 880/5/1767 994/6/1352
f 959/4/1350 883/5/1349 946/6/1769
f 946/4/1769 883/5/1349 910/6/1770
f 994/4/1352 887/5/1771 959/6/1350
f 887/4/1771 994/5/1352 876/6/1763
f 889/4/1351 959/5/1350 888/6/1772
f 888/4/1772 959/5/1350 887/6/1771
f 994/4/1352 360/5/462 359/6/902
f 1004/4/1354 361/5/465 998/6/1773
f 172/4/909 362/5/466 821/6/1774
f 821/4/1774 1004/5/1354 822/6/1775
f 362/4/466 1004/5/1354 821/6/1774
f 822/4/1775 1004/5/1354 829/6/1776
f 829/4/1776 1004/5/1354 836/6/1777
f 836/4/1777 1004/5/1354 840/6/1355
f 840/4/1355 980/5/1356 842/6/1778
f 842/4/1778 969/5/1779 930/6/915
f 842/4/1778 980/5/1356 969/6/1779
s 2
f 767/4/1357 1012/5/1359 1011/6/1357
s 4
f 767/4/1360 1010/5/1362 761/6/1780
s 2
f 894/4/1243 1010/5/1363 1014/6/1364
f 894/4/1243 1013/5/1365 892/6/1758
f 786/4/1358 1009/5/1367 1012/6/1359
s 1
f 892/4/994 1009/5/1369 709/6/995
f 1017/4/1376 1129/5/981 736/6/980
f 1129/4/981 1017/5/1376 699/6/987
s 2
f 895/4/1244 1022/5/1378 1023/6/1781
s 8
f 746/4/1379 1021/5/1381 1020/6/1382
f 746/4/1379 1019/5/1383 743/6/1388
f 740/4/1384 1017/5/1386 736/6/1782
s 2
f 893/4/1242 1016/5/1387 1022/6/1378
s 8
f 743/4/1388 1018/5/1385 740/6/1384
f 755/4/1380 1023/5/1390 1021/6/1381
s 1
f 1015/4/1377 1016/5/1391 699/6/987
f 699/4/987 1016/5/1391 1136/6/988
s 4
f 1018/8/1394 1015/7/1393 1017/8/1783
s 2
f 676/1/1396 1027/2/1398 1025/3/1416
f 682/1/1397 1052/2/1400 1027/3/1398
f 677/1/1401 379/2/517 1026/3/1455
s 4
f 747/4/1402 1030/5/1404 1031/6/1411
s 8
f 738/4/1405 1028/5/1407 1029/6/1409
f 741/4/1408 1029/5/1409 1030/6/1784
s 4
f 752/4/1410 1031/5/1411 1033/6/1412
f 752/4/1410 1032/5/1413 749/6/1414
f 749/4/1414 388/5/532 82/6/922
s 2
f 673/1/1415 1025/2/1416 1028/3/1785
f 1027/4/1398 1034/5/1418 1025/6/1416
f 1052/4/1400 1036/5/1417 1027/6/1398
f 379/4/517 1035/5/1420 1026/6/1455
s 1
f 1035/4/541 394/5/541 1038/6/541
f 1038/4/541 1053/5/541 1035/6/541
f 1053/4/541 1038/5/541 1036/6/541
f 1036/4/541 1037/5/1423 1034/6/1422
f 1029/7/1786 1031/8/1786 1030/9/1786
s 4
f 776/4/1428 1042/5/1430 774/6/1431
f 774/4/1431 1039/5/1432 771/6/1441
f 794/4/1433 1048/5/1435 797/6/1445
f 788/4/1436 1045/5/1438 783/6/1787
f 776/4/1428 1043/5/1440 1044/6/1429
f 771/4/1441 1040/5/1442 772/6/1447
f 788/4/1436 1041/5/1444 1046/6/1437
f 112/4/562 1043/5/1440 775/6/1439
f 797/4/1445 408/5/565 138/6/925
f 1045/4/1438 1100/5/1446 783/6/1787
f 1100/4/1446 1047/5/1434 794/6/1433
f 772/4/1447 1041/5/1444 773/6/1443
s 1
f 1042/7/1454 1041/8/1788 1039/9/1789
f 1039/7/1789 1041/8/1788 1040/9/1790
s 8
f 1011/8/1791 1014/7/1792 1010/8/1793
s 2
f 1026/4/1455 1053/5/1419 1052/6/1400
f 1051/1/1399 1026/2/1455 1052/3/1400
f 683/10/1456 852/11/1458 850/12/1464
f 672/4/1459 1054/5/1461 1055/6/1794
f 890/4/1795 1054/5/1461 675/6/1460
f 1055/4/1794 1144/5/1462 672/6/1459
f 672/4/1459 1144/5/1462 683/6/1456
f 845/4/1457 1057/5/1463 1058/6/1466
f 850/4/1464 1059/5/1465 1060/6/1467
f 845/4/1457 1059/5/1465 852/6/1458
f 850/4/1464 1061/5/1468 854/6/1796
f 424/4/593 1062/5/1469 674/6/1797
s 1
f 674/4/1470 427/5/599 424/6/599
f 1090/1/1527 1158/2/1565 1067/3/1514
f 1090/1/1527 1093/2/1529 1158/3/1565
f 1158/1/1565 1093/2/1529 1085/3/1471
f 1106/1/1172 1093/2/1529 1068/3/1476
f 1157/1/1472 1106/2/1172 1105/3/1536
f 1093/1/1529 1106/2/1172 1085/3/1471
f 1074/13/1473 1069/14/1475 1072/15/1526
f 1071/4/1477 1068/5/1476 1073/6/1528
f 1073/4/1528 1068/5/1476 1093/6/1529
f 1164/4/1479 1075/5/1481 1162/6/1798
f 1166/4/1482 1077/5/1484 1163/6/1537
f 1168/4/1485 1076/5/1120 1161/6/1566
f 1170/4/1487 1080/5/1489 1103/6/1181
f 1172/4/1490 1081/5/1492 1150/6/1534
f 1174/4/1493 1082/5/1495 1153/6/1799
f 1176/4/1496 1066/5/1498 1154/6/1564
f 1178/4/1499 1083/5/1501 1155/6/1535
f 1079/4/1098 1101/5/1173 1181/6/1562
f 1181/4/1562 1101/5/1173 1180/6/1502
f 1182/4/1504 1084/5/1506 1151/6/1542
f 1065/4/1180 1117/5/1508 1185/6/1563
f 1185/4/1563 1117/5/1508 1184/6/1507
f 1186/4/1510 1085/5/1471 1157/6/1472
f 1188/4/1512 1067/5/1514 1158/6/1565
f 1190/4/1515 1086/5/1517 1159/6/1539
f 1192/4/1518 1078/5/1520 1160/6/1122
f 1193/4/1521 1087/5/1124 1111/6/1174
f 1091/4/1540 1092/5/1523 1072/6/1526
f 1072/4/1526 1092/5/1523 1074/6/1473
f 1071/4/1477 1070/5/1525 1088/6/1478
f 1072/4/1526 1090/5/1527 1091/6/1540
f 1073/4/1528 1090/5/1527 1069/6/1475
f 1074/4/1473 1070/5/1525 1089/6/1474
f 1073/13/1528 1089/14/1474 1071/15/1477
f 1096/1/1185 796/2/1102 800/3/1109
f 1098/1/1530 802/2/1114 803/3/1113
f 1095/1/1110 795/2/1103 796/3/1102
f 1097/1/1100 794/2/1105 795/3/1103
f 1099/1/1531 800/2/1109 802/3/1751
f 1102/1/1183 1115/2/1533 1116/3/1184
f 1080/1/1489 1104/2/1182 1103/3/1181
f 1104/1/1182 1150/2/1534 844/3/1532
f 844/1/1532 1150/2/1534 1081/3/1492
f 1106/1/1172 1156/2/1503 1101/3/1173
f 1106/1/1172 1083/2/1501 1156/3/1503
f 1088/1/1478 1106/2/1172 1068/3/1476
f 1066/1/1498 1155/2/1535 1070/3/1525
f 1070/1/1525 1155/2/1535 1088/3/1478
f 1106/1/1172 1088/2/1478 1083/3/1501
f 1105/4/1536 803/5/1113 1077/6/1484
f 1162/1/1798 1107/2/1118 1108/3/1121
f 807/1/1117 1163/2/1537 1077/3/1484
f 1075/1/1481 807/2/1117 1162/3/1798
f 1162/1/1798 807/2/1117 1107/3/1118
f 473/4/180 808/5/1119 1107/6/1118
f 1109/1/1175 810/2/1123 843/3/1176
f 1109/4/1175 1110/5/1538 1112/6/1541
f 1092/1/1523 1091/2/1540 1112/3/1541
f 1112/1/1541 1086/2/1517 1111/3/1174
f 1112/1/1541 1159/2/1539 1086/3/1517
f 1091/1/1540 1159/2/1539 1112/3/1541
f 1067/1/1514 1091/2/1540 1090/3/1527
f 1153/1/1799 1112/2/1541 1110/3/1538
f 1112/1/1541 1094/2/1524 1092/3/1523
f 1094/1/1524 1066/2/1498 1070/3/1525
f 1094/1/1524 1154/2/1564 1066/3/1498
f 1082/1/1495 1112/2/1541 1153/3/1799
f 1094/1/1524 1082/2/1495 1154/3/1564
f 1113/4/1179 1117/5/1508 1065/6/1180
f 1115/1/1533 1152/2/1509 1117/3/1508
f 1115/1/1533 1084/2/1506 1152/3/1509
f 1081/1/1492 1151/2/1542 844/3/1532
f 844/1/1532 1151/2/1542 1115/3/1533
f 1116/4/1184 1113/5/1179 1114/6/1544
f 1119/4/1543 1114/5/1544 1118/6/1020
f 1122/4/983 1131/5/1546 1128/6/1552
f 1124/1/1547 713/2/1548 708/3/989
f 1135/4/989 708/5/989 1138/6/989
f 1125/4/989 737/5/1545 1122/6/983
f 1123/1/1024 903/2/1550 1120/3/1295
f 1132/4/982 1126/5/1026 736/6/980
f 1126/4/1026 1127/5/1027 689/6/968
f 1134/4/1551 1126/5/1026 1132/6/982
f 699/1/987 700/2/979 1129/3/981
f 1129/1/981 735/2/978 1132/3/982
f 1130/1/1025 734/2/976 733/3/975
f 1134/1/1551 735/2/978 1127/3/1027
f 1128/1/1552 733/2/975 1122/3/983
f 1128/4/1552 698/5/1549 1123/6/1024
f 1127/1/1027 734/2/976 1133/3/1028
f 1138/4/989 1125/5/989 1135/6/989
f 1140/4/990 706/5/991 1139/6/985
f 1139/4/985 707/5/997 1137/6/986
f 1140/4/990 704/5/1240 705/6/999
f 1137/4/986 1124/5/1547 1135/6/989
s 4
f 1141/1/1553 509/2/683 1142/3/1554
f 1142/1/1554 166/2/206 817/3/1135
s 8
f 813/1/1555 507/2/687 1141/3/1800
s 2
f 854/10/1796 683/11/1456 850/12/1464
s 1
f 1148/4/958 678/5/1557 1145/6/954
f 1145/1/954 688/2/1192 1148/3/958
f 1144/4/957 681/5/1556 1148/6/958
f 1145/4/954 679/5/959 1147/6/955
f 1149/1/962 686/2/964 1147/3/955
f 1149/4/962 673/5/1747 1146/6/963
s 8
f 997/4/1353 923/5/1801 360/6/462
f 360/4/462 923/5/1801 361/6/465
f 361/4/465 923/5/1801 998/6/1773
f 936/4/939 921/5/1802 949/6/1803
f 949/4/1803 921/5/1802 962/6/1804
f 962/4/1804 924/5/1805 997/6/1353
f 974/4/1559 919/5/1561 963/6/944
f 997/4/1353 924/5/1805 923/6/1801
f 998/4/1773 922/5/1560 974/6/1559
f 923/4/1801 922/5/1560 998/6/1773
f 924/4/1805 962/5/1804 921/6/1802
s 1
f 1103/4/1181 1181/5/1562 1170/6/1487
f 1150/4/1534 1171/5/1488 1172/6/1490
f 1151/4/1542 1173/5/1491 1182/6/1504
f 1152/4/1509 1183/5/1505 1184/6/1507
f 1110/4/1538 1174/5/1493 1153/6/1799
f 1174/4/1493 1110/5/1538 1185/6/1563
f 1154/4/1564 1175/5/1494 1176/6/1496
f 1155/4/1535 1177/5/1497 1178/6/1499
f 1156/4/1503 1179/5/1500 1180/6/1502
f 1105/4/1536 1186/5/1510 1157/6/1472
f 1186/4/1510 1105/5/1536 1194/6/1483
f 1158/4/1565 1187/5/1511 1188/6/1512
f 1159/4/1539 1189/5/1513 1190/6/1515
f 1111/4/1174 1191/5/1516 1193/6/1521
f 1160/4/1122 1195/5/1522 1192/6/1518
f 1161/4/1566 1169/5/1519 1168/6/1485
f 1108/4/1121 1165/5/1486 1162/6/1798
f 1162/4/1798 1165/5/1486 1164/6/1479
f 1163/4/1537 1167/5/1480 1166/6/1482
s 2
f 1285/16/1567 1165/17/1569 1286/18/1628
f 1287/16/1570 1167/17/1572 1288/18/1629
f 1290/16/1573 1168/17/1575 1169/18/1610
f 1269/16/1576 1171/17/1578 1170/18/1613
f 1272/16/1579 1172/17/1581 1271/18/1614
f 1274/16/1582 1174/17/1584 1273/18/1617
f 1275/16/1585 1177/17/1587 1176/18/1618
f 1277/16/1588 1179/17/1590 1178/18/1619
f 1279/16/1591 1181/17/1593 1180/18/1620
f 1282/16/1594 1182/17/1596 1281/18/1615
f 1284/16/1597 1184/17/1599 1283/18/1616
f 1292/16/1600 1186/17/1602 1291/18/1621
f 1293/16/1603 1189/17/1605 1188/18/1623
f 1295/16/1606 1191/17/1608 1190/18/1624
f 1297/16/1609 1169/17/1610 1192/18/1627
f 1296/16/1607 1193/17/1612 1191/18/1608
f 1280/16/1592 1170/17/1613 1181/18/1593
f 1270/16/1577 1172/17/1581 1171/18/1578
f 1281/16/1615 1173/17/1580 1272/18/1579
f 1283/16/1616 1183/17/1595 1282/18/1594
f 1273/16/1617 1185/17/1598 1284/18/1597
f 1275/16/1585 1175/17/1583 1274/18/1582
f 1276/16/1586 1178/17/1619 1177/18/1587
f 1278/16/1589 1180/17/1620 1179/18/1590
f 1291/16/1621 1194/17/1622 1299/18/1630
f 1293/16/1603 1187/17/1601 1292/18/1600
f 1294/16/1604 1190/17/1624 1189/18/1605
f 1298/16/1611 1195/17/1626 1193/18/1612
f 1300/16/1625 1192/17/1627 1195/18/1626
f 1286/16/1628 1168/17/1575 1289/18/1574
f 1288/16/1629 1164/17/1568 1285/18/1567
f 1299/16/1630 1166/17/1571 1287/18/1570
s 1
f 1114/1/1544 837/2/1021 1118/3/1020
f 837/1/1021 1114/2/1544 830/3/1178
f 1197/1/1631 1227/2/1633 1230/3/1645
f 1203/1/1634 1237/2/1636 1238/3/1686
f 1231/1/1637 1211/2/1639 1201/3/1640
f 1197/1/1631 1206/2/1641 1205/3/1648
f 1228/1/1642 1200/2/1644 1229/3/1654
f 1230/1/1645 1201/2/1640 1197/3/1631
f 1213/1/1646 1205/2/1648 1206/3/1641
f 1211/1/1639 1206/2/1641 1201/3/1640
f 1222/4/1649 1218/5/1651 1216/6/1660
f 1196/1/1643 1207/2/1653 1200/3/1644
f 1197/1/1631 1212/2/1647 1208/3/1632
f 1211/1/1639 1207/2/1653 1213/3/1646
f 1207/1/1653 1212/2/1647 1213/3/1646
f 1229/1/1654 1211/2/1639 1232/3/1638
f 1209/1/1655 1237/2/1636 1199/3/1635
f 1221/1/1657 1215/2/1659 1220/3/1664
f 1222/4/1649 1214/5/1662 1221/6/1657
f 1224/4/1663 1215/5/1659 1217/6/1667
f 1223/4/1650 1219/5/1666 1218/6/1651
f 1224/4/1663 1219/5/1666 1225/6/1665
f 1204/1/1652 1225/2/1665 1212/3/1647
f 1208/1/1632 1225/2/1665 1223/3/1650
f 1196/1/1643 1224/2/1663 1204/3/1652
f 1228/1/1642 1222/2/1649 1221/3/1657
f 1196/1/1643 1221/2/1657 1220/3/1664
f 1208/1/1632 1222/2/1649 1227/3/1633
s 2
f 1198/1/1668 1227/2/1670 1228/3/1671
f 1198/1/1668 1229/2/1672 1202/3/1675
f 1203/1/1673 1230/2/1674 1199/3/1677
f 1202/1/1675 1232/2/1676 1210/3/1678
f 1199/1/1677 1227/2/1670 1209/3/1669
f 1203/1/1673 1232/2/1676 1231/3/1673
f 1237/7/1679 1234/8/1681 1238/9/1806
f 1233/7/1680 1236/8/1683 1234/9/1681
s 1
f 1198/1/1684 1233/2/1656 1209/3/1655
f 1203/1/1634 1234/2/1687 1210/3/1688
f 1210/1/1688 1236/2/1689 1202/3/1690
f 1198/1/1684 1236/2/1689 1235/3/1685
f 1262/4/1691 1242/5/1693 1250/6/1724
s 2
f 1256/4/1694 1246/5/1696 1242/6/1807
f 1260/4/1697 1244/5/1699 1254/6/1719
f 1244/4/1699 1255/5/1700 1240/6/1808
s 4
f 1248/4/1701 1243/5/1703 1251/6/1809
f 1249/4/1704 1244/5/1706 1240/6/1810
f 1246/4/1707 1250/5/1709 1242/6/1811
f 1264/4/1710 1254/5/1705 1249/6/1704
f 1245/4/1712 1247/5/1714 1252/6/1812
f 1265/4/1715 1248/5/1701 1251/6/1809
s 2
f 1246/4/1696 1259/5/1717 1253/6/1738
f 1268/4/1718 1254/5/1719 1266/6/1813
s 1
f 1240/4/1720 1261/5/1722 1249/6/1737
f 1267/4/1723 1250/5/1724 1264/6/1725
f 1267/4/1723 1247/5/1726 1262/6/1691
f 1239/4/1727 1261/5/1722 1255/6/1721
s 2
f 1268/4/1718 1251/5/1730 1260/6/1697
f 1245/4/1731 1259/5/1717 1257/6/1695
f 1243/4/1733 1255/5/1700 1258/6/1698
f 1260/4/1697 1243/5/1733 1258/6/1698
f 1256/4/1694 1245/5/1731 1257/6/1695
s 1
f 1262/4/1691 1241/5/1736 1256/6/1692
s 2
f 1252/4/1732 1268/5/1718 1259/6/1717
s 1
f 1248/4/1728 1267/5/1723 1261/6/1722
f 1249/4/1737 1267/5/1723 1264/6/1725
s 2
f 1253/4/1738 1268/5/1718 1266/6/1813
s 4
f 1247/4/1714 1265/5/1715 1252/6/1812
f 1253/4/1708 1264/5/1710 1250/6/1709
s 1
f 726/1/996 710/2/1000 705/3/999
f 1301/1/1002 899/2/1277 898/3/1276
f 1302/1/1018 714/2/1013 724/3/1012
f 1303/1/1745 896/2/1280 899/3/1277
f 1302/1/1018 1301/2/1002 726/3/996
f 897/1/1246 1304/2/1746 720/3/1006
f 1305/1/1005 730/2/1014 718/3/1007
f 1304/1/1746 715/2/1017 721/3/1003
f 1304/1/1746 718/2/1007 720/3/1006
s 8
f 366/7/482 368/8/1425 367/8/483
s 4
f 376/7/485 377/8/1814 375/8/486
f 370/7/504 376/8/485 378/8/487
f 374/8/507 373/7/1815 372/8/506
f 372/8/506 378/7/487 375/8/486
s 1
f 408/7/508 411/8/573 410/8/509
f 406/7/568 407/8/510 410/8/509
f 404/7/570 406/8/568 409/8/569
f 401/7/572 410/8/509 411/8/573
f 403/7/575 409/8/569 410/8/509
f 400/8/576 399/7/927 405/8/571
f 405/8/571 409/7/569 403/8/575
s 4
f 369/7/505 378/8/487 372/8/506
s 1
f 1050/8/929 411/9/573 408/7/508
s 8
f 1013/8/1370 1014/9/1792 1012/7/1371
s 4
f 1021/8/1373 1023/9/1816 1022/7/1374
f 1024/8/1375 1022/9/1374 1016/7/1392
f 1021/9/1373 1024/8/1375 1018/9/1394
f 1018/9/1394 1019/8/1817 1020/8/1395
s 8
f 368/7/1425 366/8/482 365/8/1426
s 1
f 1050/8/929 1048/9/930 1047/7/1448
f 1049/8/1449 1047/9/1448 1045/7/1450
f 411/8/573 1050/9/929 1043/7/1452
f 1050/8/929 1049/9/1449 1044/7/1453
f 1044/9/1453 1049/8/1449 1046/9/1451
f 1046/9/1451 1041/8/1788 1042/8/1454
s 4
f 1018/8/1394 1024/9/1375 1015/7/1393
s 8
f 1011/8/1791 1012/9/1371 1014/7/1792
g Disk_FL_Mesh
v 0.551265 -0.172403 0.912252
v 0.568825 -0.172403 0.912252
v 0.568825 -0.213539 0.812941
v 0.568825 -0.172403 0.804759
v 0.568825 -0.248412 0.836243
v 0.568825 -0.271714 0.871116
v 0.568825 -0.279896 0.912252
v 0.568825 -0.271714 0.953388
v 0.568825 -0.248412 0.988261
v 0.568825 -0.213539 1.011563
v 0.568825 -0.172403 1.019745
v 0.568825 -0.131267 1.011563
v 0.568825 -0.096394 0.988261
v 0.568825 -0.073092 0.953388
v 0.568825 -0.064910 0.912252
v 0.568825 -0.073092 0.871116
v 0.568825 -0.096394 0.836243
v 0.568825 -0.131267 0.812941
v 0.551265 -0.172403 0.804759
v 0.551265 -0.213539 0.812941
v 0.551265 -0.248412 0.836243
v 0.551265 -0.271714 0.871116
v 0.551265 -0.279896 0.912252
v 0.551266 -0.271714 0.953388
v 0.551266 -0.248412 0.988261
v 0.551266 -0.213539 1.011563
v 0.551266 -0.172403 1.019745
v 0.551266 -0.131267 1.011563
v 0.551266 -0.096394 0.988261
v 0.551266 -0.073092 0.953388
v 0.551266 -0.064910 0.912252
v 0.551265 -0.073092 0.871116
v 0.551265 -0.096394 0.836243
v 0.551265 -0.131267 0.812941
v 0.542728 -0.193519 0.815715
v 0.542728 -0.077054 0.887373
v 0.577367 -0.193519 0.815715
v 0.577367 -0.077054 0.887373
v 0.542728 -0.135844 0.791281
v 0.542728 -0.185808 0.803182
v 0.542728 -0.163291 0.786884
v 0.542728 -0.069343 0.874840
v 0.542728 -0.081243 0.824876
v 0.542728 -0.064945 0.847393
v 0.577367 -0.185808 0.803182
v 0.577367 -0.135844 0.791281
v 0.577367 -0.163291 0.786884
v 0.577367 -0.081243 0.824876
v 0.577367 -0.069343 0.874840
v 0.577367 -0.064945 0.847393
v 0.542728 -0.119902 0.789470
v 0.577367 -0.119902 0.789470
v 0.577367 -0.086813 0.809829
v 0.542728 -0.086813 0.809829
vn -0.0000 -0.0000 -1.0000
vn -0.0000 -0.3827 -0.9239
vn -0.0000 -0.7071 -0.7071
vn -0.0000 -0.9239 -0.3827
vn -0.0000 -1.0000 -0.0000
vn -0.0000 -0.9239 0.3827
vn -0.0000 -0.7071 0.7071
vn -0.0000 -0.3827 0.9239
vn -0.0000 -0.0000 1.0000
vn -0.0000 0.3827 0.9239
vn -0.0000 0.7071 0.7071
vn -0.0000 0.9239 0.3827
vn -0.0000 1.0000 -0.0000
vn -0.0000 0.9239 -0.3827
vn -0.0000 0.7071 -0.7071
vn -0.0000 0.3827 -0.9239
vn 1.0000 -0.0000 -0.0000
vn -1.0000 -0.0000 -0.0000
vn -0.0000 -0.5240 0.8517
vn -0.0000 -0.7331 -0.6801
vn -0.0000 -0.5863 -0.8101
vn -0.0000 0.1582 -0.9874
vn -0.0000 0.0229 -0.9997
vn -0.0000 0.9376 0.3478
vn -0.0000 0.9874 0.1582
vn -0.0000 0.8101 -0.5863
vn -0.0000 0.8821 -0.4711
vn -0.0000 -0.8517 -0.5240
vn -0.0000 -0.1129 -0.9936
vn -0.0000 0.8517 0.5240
vn -0.0000 0.5240 -0.8517
vn -0.0000 0.9378 -0.3472
vt 0.559953 0.321672
vt 0.690047 0.321672
vt 0.690047 0.451766
vt 0.795826 0.327076
vt 0.930736 0.327076
vt 0.930736 0.461986
s 1
g off
g Disk_FL_CarPaint_Atlas
usemtl CarPaint_Atlas
f 1324/19/1818 1308/20/1819 1325/21/1819
f 1325/19/1819 1310/20/1820 1326/21/1820
f 1326/19/1820 1311/20/1821 1327/21/1821
f 1327/19/1821 1312/20/1822 1328/21/1822
f 1312/19/1822 1329/20/1823 1328/21/1822
f 1313/19/1823 1330/20/1824 1329/21/1823
f 1314/19/1824 1331/20/1825 1330/21/1824
f 1315/19/1825 1332/20/1826 1331/21/1825
f 1332/19/1826 1317/20/1827 1333/21/1827
f 1317/19/1827 1334/20/1828 1333/21/1827
f 1318/19/1828 1335/20/1829 1334/21/1828
f 1319/19/1829 1336/20/1830 1335/21/1829
f 1320/19/1830 1337/20/1831 1336/21/1830
f 1321/19/1831 1338/20/1832 1337/21/1831
f 1322/19/1832 1339/20/1833 1338/21/1832
f 1323/19/1833 1324/20/1818 1339/21/1833
s 2
f 1307/19/1834 1308/20/1834 1309/21/1834
f 1307/19/1834 1310/20/1834 1308/21/1834
f 1307/19/1834 1311/20/1834 1310/21/1834
f 1307/19/1834 1312/20/1834 1311/21/1834
f 1307/19/1834 1313/20/1834 1312/21/1834
f 1307/19/1834 1314/20/1834 1313/21/1834
f 1307/19/1834 1315/20/1834 1314/21/1834
f 1307/19/1834 1316/20/1834 1315/21/1834
f 1307/19/1834 1317/20/1834 1316/21/1834
f 1307/19/1834 1318/20/1834 1317/21/1834
f 1307/19/1834 1319/20/1834 1318/21/1834
f 1307/19/1834 1320/20/1834 1319/21/1834
f 1307/19/1834 1321/20/1834 1320/21/1834
f 1307/19/1834 1322/20/1834 1321/21/1834
f 1307/19/1834 1323/20/1834 1322/21/1834
f 1307/19/1834 1309/20/1834 1323/21/1834
f 1306/19/1835 1324/20/1835 1325/21/1835
f 1306/19/1835 1325/20/1835 1326/21/1835
f 1306/19/1835 1326/20/1835 1327/21/1835
f 1306/19/1835 1327/20/1835 1328/21/1835
f 1306/19/1835 1328/20/1835 1329/21/1835
f 1306/19/1835 1329/20/1835 1330/21/1835
f 1306/19/1835 1330/20/1835 1331/21/1835
f 1306/19/1835 1331/20/1835 1332/21/1835
f 1306/19/1835 1332/20/1835 1333/21/1835
f 1306/19/1835 1333/20/1835 1334/21/1835
f 1306/19/1835 1334/20/1835 1335/21/1835
f 1306/19/1835 1335/20/1835 1336/21/1835
f 1306/19/1835 1336/20/1835 1337/21/1835
f 1306/19/1835 1337/20/1835 1338/21/1835
f 1306/19/1835 1338/20/1835 1339/21/1835
f 1306/19/1835 1339/20/1835 1324/21/1835
s 1
f 1324/19/1818 1309/20/1818 1308/21/1819
f 1325/19/1819 1308/20/1819 1310/21/1820
f 1326/19/1820 1310/20/1820 1311/21/1821
f 1327/19/1821 1311/20/1821 1312/21/1822
f 1312/19/1822 1313/20/1823 1329/21/1823
f 1313/19/1823 1314/20/1824 1330/21/1824
f 1314/19/1824 1315/20/1825 1331/21/1825
f 1315/19/1825 1316/20/1826 1332/21/1826
f 1332/19/1826 1316/20/1826 1317/21/1827
f 1317/19/1827 1318/20/1828 1334/21/1828
f 1318/19/1828 1319/20/1829 1335/21/1829
f 1319/19/1829 1320/20/1830 1336/21/1830
f 1320/19/1830 1321/20/1831 1337/21/1831
f 1321/19/1831 1322/20/1832 1338/21/1832
f 1322/19/1832 1323/20/1833 1339/21/1833
f 1323/19/1833 1309/20/1818 1324/21/1818
f 1342/22/1836 1341/23/1836 1340/24/1836
s 2
f 1345/22/1837 1352/23/1838 1350/24/1837
s 1
f 1346/22/1839 1351/23/1840 1352/24/1839
s 2
f 1347/22/1841 1355/23/1842 1349/24/1842
s 1
f 1355/22/1843 1348/23/1844 1349/24/1843
s 2
f 1350/22/1837 1340/23/1845 1345/24/1837
s 4
f 1344/22/1835 1346/23/1835 1345/24/1835
s 1
f 1344/22/1840 1357/23/1846 1351/24/1840
s 2
f 1347/22/1841 1343/23/1847 1354/24/1841
s 4
f 1343/22/1834 1342/23/1834 1353/24/1834
s 2
f 1359/22/1848 1357/23/1848 1356/24/1848
s 4
f 1344/22/1835 1359/23/1835 1356/24/1835
s 1
f 1353/22/1844 1359/23/1849 1348/24/1844
s 4
f 1351/22/1834 1358/23/1834 1353/24/1834
s 1
f 1342/22/1836 1343/23/1836 1341/24/1836
s 2
f 1345/22/1837 1346/23/1838 1352/24/1838
s 1
f 1346/22/1839 1344/23/1840 1351/24/1840
s 2
f 1347/22/1841 1354/23/1841 1355/24/1842
s 1
f 1355/22/1843 1353/23/1844 1348/24/1844
s 2
f 1350/22/1837 1342/23/1845 1340/24/1845
s 4
f 1345/22/1835 1340/23/1835 1344/24/1835
f 1340/22/1835 1341/23/1835 1344/24/1835
f 1341/22/1835 1347/23/1835 1348/24/1835
f 1347/22/1835 1349/23/1835 1348/24/1835
f 1348/22/1835 1344/23/1835 1341/24/1835
s 1
f 1344/22/1840 1356/23/1846 1357/24/1846
s 2
f 1347/22/1841 1341/23/1847 1343/24/1847
s 4
f 1342/22/1834 1350/23/1834 1351/24/1834
f 1350/22/1834 1352/23/1834 1351/24/1834
f 1351/22/1834 1353/23/1834 1342/24/1834
f 1353/22/1834 1355/23/1834 1354/24/1834
f 1354/22/1834 1343/23/1834 1353/24/1834
s 2
f 1359/22/1848 1358/23/1848 1357/24/1848
s 4
f 1344/22/1835 1348/23/1835 1359/24/1835
s 1
f 1353/22/1844 1358/23/1849 1359/24/1849
s 4
f 1351/22/1834 1357/23/1834 1358/24/1834
g Disk_FR_Mesh
v -0.551265 -0.172403 0.912252
v -0.568825 -0.172403 0.912252
v -0.551265 -0.172403 0.804759
v -0.551265 -0.213539 0.812941
v -0.551265 -0.248412 0.836243
v -0.551265 -0.271714 0.871116
v -0.551265 -0.279896 0.912252
v -0.551266 -0.271714 0.953388
v -0.551266 -0.248412 0.988261
v -0.551266 -0.213539 1.011563
v -0.551266 -0.172403 1.019745
v -0.551266 -0.131267 1.011563
v -0.551266 -0.096394 0.988261
v -0.551266 -0.073092 0.953388
v -0.551266 -0.064910 0.912252
v -0.551265 -0.073092 0.871116
v -0.551265 -0.096394 0.836243
v -0.551265 -0.131267 0.812941
v -0.568825 -0.213539 0.812941
v -0.568825 -0.172403 0.804759
v -0.568825 -0.248412 0.836243
v -0.568825 -0.271714 0.871116
v -0.568825 -0.279896 0.912252
v -0.568825 -0.271714 0.953388
v -0.568825 -0.248412 0.988261
v -0.568825 -0.213539 1.011563
v -0.568825 -0.172403 1.019745
v -0.568825 -0.131267 1.011563
v -0.568825 -0.096394 0.988261
v -0.568825 -0.073092 0.953388
v -0.568825 -0.064910 0.912252
v -0.568825 -0.073092 0.871116
v -0.568825 -0.096394 0.836243
v -0.568825 -0.131267 0.812941
v -0.542728 -0.193519 0.815715
v -0.542728 -0.077054 0.887373
v -0.577367 -0.193519 0.815715
v -0.577367 -0.077054 0.887373
v -0.542728 -0.135844 0.791281
v -0.542728 -0.185808 0.803182
v -0.542728 -0.163291 0.786884
v -0.542728 -0.069343 0.874840
v -0.542728 -0.081243 0.824876
v -0.542728 -0.064945 0.847393
v -0.577367 -0.185808 0.803182
v -0.577367 -0.135844 0.791281
v -0.577367 -0.163291 0.786884
v -0.577367 -0.081243 0.824876
v -0.577367 -0.069343 0.874840
v -0.577367 -0.064945 0.847393
v -0.542728 -0.119902 0.789470
v -0.577367 -0.119902 0.789470
v -0.577367 -0.086813 0.809829
v -0.542728 -0.086813 0.809829
vn -0.0000 -0.0000 -1.0000
vn -0.0000 -0.3827 -0.9239
vn -0.0000 -0.7071 -0.7071
vn -0.0000 -0.9239 -0.3827
vn -0.0000 -1.0000 -0.0000
vn -0.0000 -0.9239 0.3827
vn -0.0000 -0.7071 0.7071
vn -0.0000 -0.3827 0.9239
vn -0.0000 -0.0000 1.0000
vn -0.0000 0.3827 0.9239
vn -0.0000 0.7071 0.7071
vn -0.0000 0.9239 0.3827
vn -0.0000 1.0000 -0.0000
vn -0.0000 0.9239 -0.3827
vn -0.0000 0.7071 -0.7071
vn -0.0000 0.3827 -0.9239
vn 1.0000 -0.0000 -0.0000
vn -1.0000 -0.0000 -0.0000
vn -0.0000 -0.5240 0.8517
vn -0.0000 -0.5863 -0.8101
vn -0.0000 -0.7331 -0.6801
vn -0.0000 0.0229 -0.9997
vn -0.0000 0.1582 -0.9874
vn -0.0000 0.9376 0.3478
vn -0.0000 0.9874 0.1582
vn -0.0000 0.8821 -0.4711
vn -0.0000 0.8101 -0.5863
vn -0.0000 -0.8517 -0.5240
vn -0.0000 -0.1129 -0.9936
vn -0.0000 0.8517 0.5240
vn -0.0000 0.5240 -0.8517
vn -0.0000 0.9378 -0.3472
vt 0.559953 0.321672
vt 0.690047 0.321672
vt 0.690047 0.451766
vt 0.795826 0.327076
vt 0.930736 0.327076
vt 0.930736 0.461986
s 1
g off
g Disk_FR_CarPaint_Atlas
usemtl CarPaint_Atlas
f 1362/25/1850 1378/26/1851 1379/27/1850
f 1363/25/1851 1380/26/1852 1378/27/1851
f 1364/25/1852 1381/26/1853 1380/27/1852
f 1365/25/1853 1382/26/1854 1381/27/1853
f 1367/25/1855 1382/26/1854 1366/27/1854
f 1368/25/1856 1383/26/1855 1367/27/1855
f 1369/25/1857 1384/26/1856 1368/27/1856
f 1370/25/1858 1385/26/1857 1369/27/1857
f 1370/25/1858 1387/26/1859 1386/27/1858
f 1372/25/1860 1387/26/1859 1371/27/1859
f 1372/25/1860 1389/26/1861 1388/27/1860
f 1374/25/1862 1389/26/1861 1373/27/1861
f 1375/25/1863 1390/26/1862 1374/27/1862
f 1376/25/1864 1391/26/1863 1375/27/1863
f 1377/25/1865 1392/26/1864 1376/27/1864
f 1362/25/1850 1393/26/1865 1377/27/1865
s 2
f 1360/25/1866 1363/26/1866 1362/27/1866
f 1360/25/1866 1364/26/1866 1363/27/1866
f 1360/25/1866 1365/26/1866 1364/27/1866
f 1360/25/1866 1366/26/1866 1365/27/1866
f 1360/25/1866 1367/26/1866 1366/27/1866
f 1360/25/1866 1368/26/1866 1367/27/1866
f 1360/25/1866 1369/26/1866 1368/27/1866
f 1360/25/1866 1370/26/1866 1369/27/1866
f 1360/25/1866 1371/26/1866 1370/27/1866
f 1360/25/1866 1372/26/1866 1371/27/1866
f 1360/25/1866 1373/26/1866 1372/27/1866
f 1360/25/1866 1374/26/1866 1373/27/1866
f 1360/25/1866 1375/26/1866 1374/27/1866
f 1360/25/1866 1376/26/1866 1375/27/1866
f 1360/25/1866 1377/26/1866 1376/27/1866
f 1360/25/1866 1362/26/1866 1377/27/1866
f 1361/25/1867 1379/26/1867 1378/27/1867
f 1361/25/1867 1378/26/1867 1380/27/1867
f 1361/25/1867 1380/26/1867 1381/27/1867
f 1361/25/1867 1381/26/1867 1382/27/1867
f 1361/25/1867 1382/26/1867 1383/27/1867
f 1361/25/1867 1383/26/1867 1384/27/1867
f 1361/25/1867 1384/26/1867 1385/27/1867
f 1361/25/1867 1385/26/1867 1386/27/1867
f 1361/25/1867 1386/26/1867 1387/27/1867
f 1361/25/1867 1387/26/1867 1388/27/1867
f 1361/25/1867 1388/26/1867 1389/27/1867
f 1361/25/1867 1389/26/1867 1390/27/1867
f 1361/25/1867 1390/26/1867 1391/27/1867
f 1361/25/1867 1391/26/1867 1392/27/1867
f 1361/25/1867 1392/26/1867 1393/27/1867
f 1361/25/1867 1393/26/1867 1379/27/1867
s 1
f 1362/25/1850 1363/26/1851 1378/27/1851
f 1363/25/1851 1364/26/1852 1380/27/1852
f 1364/25/1852 1365/26/1853 1381/27/1853
f 1365/25/1853 1366/26/1854 1382/27/1854
f 1367/25/1855 1383/26/1855 1382/27/1854
f 1368/25/1856 1384/26/1856 1383/27/1855
f 1369/25/1857 1385/26/1857 1384/27/1856
f 1370/25/1858 1386/26/1858 1385/27/1857
f 1370/25/1858 1371/26/1859 1387/27/1859
f 1372/25/1860 1388/26/1860 1387/27/1859
f 1372/25/1860 1373/26/1861 1389/27/1861
f 1374/25/1862 1390/26/1862 1389/27/1861
f 1375/25/1863 1391/26/1863 1390/27/1862
f 1376/25/1864 1392/26/1864 1391/27/1863
f 1377/25/1865 1393/26/1865 1392/27/1864
f 1362/25/1850 1379/26/1850 1393/27/1865
f 1396/28/1868 1395/29/1868 1397/30/1868
s 2
f 1406/28/1869 1399/29/1870 1404/30/1870
s 1
f 1405/28/1871 1400/29/1872 1406/30/1872
s 2
f 1401/28/1873 1409/29/1874 1408/30/1873
s 1
f 1402/28/1875 1409/29/1876 1403/30/1876
s 2
f 1394/28/1877 1404/29/1870 1399/30/1870
s 4
f 1395/28/1866 1402/29/1866 1401/30/1866
s 1
f 1411/28/1878 1398/29/1871 1405/30/1871
s 2
f 1397/28/1879 1401/29/1873 1408/30/1873
s 4
f 1407/28/1867 1405/29/1867 1396/30/1867
s 2
f 1411/28/1880 1413/29/1880 1410/30/1880
s 4
f 1398/28/1866 1413/29/1866 1402/30/1866
s 1
f 1413/28/1881 1407/29/1875 1402/30/1875
s 4
f 1412/28/1867 1405/29/1867 1407/30/1867
s 1
f 1396/28/1868 1394/29/1868 1395/30/1868
s 2
f 1406/28/1869 1400/29/1869 1399/30/1870
s 1
f 1405/28/1871 1398/29/1871 1400/30/1872
s 2
f 1401/28/1873 1403/29/1874 1409/30/1874
s 1
f 1402/28/1875 1407/29/1875 1409/30/1876
s 2
f 1394/28/1877 1396/29/1877 1404/30/1870
s 4
f 1395/28/1866 1394/29/1866 1398/30/1866
f 1394/28/1866 1399/29/1866 1398/30/1866
f 1399/28/1866 1400/29/1866 1398/30/1866
f 1398/28/1866 1402/29/1866 1395/30/1866
f 1402/28/1866 1403/29/1866 1401/30/1866
s 1
f 1411/28/1878 1410/29/1878 1398/30/1871
s 2
f 1397/28/1879 1395/29/1879 1401/30/1873
s 4
f 1406/28/1867 1404/29/1867 1405/30/1867
f 1404/28/1867 1396/29/1867 1405/30/1867
f 1396/28/1867 1397/29/1867 1407/30/1867
f 1397/28/1867 1408/29/1867 1407/30/1867
f 1408/28/1867 1409/29/1867 1407/30/1867
s 2
f 1411/28/1880 1412/29/1880 1413/30/1880
s 4
f 1398/28/1866 1410/29/1866 1413/30/1866
s 1
f 1413/28/1881 1412/29/1881 1407/30/1875
s 4
f 1412/28/1867 1411/29/1867 1405/30/1867
g Disk_RL_Mesh
v 0.551265 -0.172403 -0.863011
v 0.568825 -0.172403 -0.863011
v 0.568825 -0.213539 -0.962322
v 0.568825 -0.172403 -0.970504
v 0.568825 -0.248412 -0.939020
v 0.568825 -0.271714 -0.904147
v 0.568825 -0.279896 -0.863011
v 0.568825 -0.271714 -0.821875
v 0.568825 -0.248412 -0.787002
v 0.568825 -0.213539 -0.763700
v 0.568825 -0.172403 -0.755518
v 0.568825 -0.131267 -0.763700
v 0.568825 -0.096394 -0.787002
v 0.568825 -0.073092 -0.821875
v 0.568825 -0.064910 -0.863011
v 0.568825 -0.073092 -0.904147
v 0.568825 -0.096394 -0.939020
v 0.568825 -0.131267 -0.962322
v 0.551265 -0.172403 -0.970504
v 0.551265 -0.213539 -0.962322
v 0.551265 -0.248412 -0.939020
v 0.551265 -0.271714 -0.904147
v 0.551265 -0.279896 -0.863011
v 0.551265 -0.271714 -0.821875
v 0.551265 -0.248412 -0.787002
v 0.551266 -0.213539 -0.763700
v 0.551266 -0.172403 -0.755518
v 0.551265 -0.131267 -0.763700
v 0.551266 -0.096394 -0.787002
v 0.551265 -0.073092 -0.821875
v 0.551265 -0.064910 -0.863011
v 0.551265 -0.073092 -0.904147
v 0.551265 -0.096394 -0.939020
v 0.551265 -0.131267 -0.962322
v 0.542728 -0.193519 -0.959548
v 0.542728 -0.077054 -0.887890
v 0.577367 -0.193519 -0.959548
v 0.577367 -0.077054 -0.887890
v 0.542728 -0.135844 -0.983981
v 0.542728 -0.185808 -0.972081
v 0.542728 -0.163291 -0.988379
v 0.542728 -0.069343 -0.900423
v 0.542728 -0.081243 -0.950387
v 0.542728 -0.064945 -0.927870
v 0.577367 -0.185808 -0.972081
v 0.577367 -0.135844 -0.983981
v 0.577367 -0.163291 -0.988379
v 0.577367 -0.081243 -0.950387
v 0.577367 -0.069343 -0.900423
v 0.577367 -0.064945 -0.927870
v 0.542728 -0.119902 -0.985792
v 0.577367 -0.119902 -0.985792
v 0.577367 -0.086813 -0.965434
v 0.542728 -0.086813 -0.965434
vn -0.0000 -0.0000 -1.0000
vn -0.0000 -0.3827 -0.9239
vn -0.0000 -0.7071 -0.7071
vn -0.0000 -0.9239 -0.3827
vn -0.0000 -1.0000 -0.0000
vn -0.0000 -0.9239 0.3827
vn -0.0000 -0.7071 0.7071
vn -0.0000 -0.3827 0.9239
vn -0.0000 -0.0000 1.0000
vn -0.0000 0.3827 0.9239
vn -0.0000 0.7071 0.7071
vn -0.0000 0.9239 0.3827
vn -0.0000 1.0000 -0.0000
vn -0.0000 0.9239 -0.3827
vn -0.0000 0.7071 -0.7071
vn -0.0000 0.3827 -0.9239
vn 1.0000 -0.0000 -0.0000
vn -1.0000 -0.0000 -0.0000
vn -0.0000 -0.5240 0.8517
vn -0.0000 -0.7331 -0.6801
vn -0.0000 -0.5863 -0.8101
vn -0.0000 0.1582 -0.9874
vn -0.0000 0.0229 -0.9997
vn -0.0000 0.9376 0.3478
vn -0.0000 0.9874 0.1582
vn -0.0000 0.8101 -0.5863
vn -0.0000 0.8821 -0.4711
vn -0.0000 -0.8517 -0.5240
vn -0.0000 -0.1129 -0.9936
vn -0.0000 0.8517 0.5240
vn -0.0000 0.5240 -0.8517
vn -0.0000 0.9378 -0.3472
vt 0.559953 0.321672
vt 0.690047 0.321672
vt 0.690047 0.451766
vt 0.795826 0.327076
vt 0.930736 0.327076
vt 0.930736 0.461986
s 1
g off
g Disk_RL_CarPaint_Atlas
usemtl CarPaint_Atlas
f 1432/31/1882 1416/32/1883 1433/33/1883
f 1416/31/1883 1434/32/1884 1433/33/1883
f 1434/31/1884 1419/32/1885 1435/33/1885
f 1419/31/1885 1436/32/1886 1435/33/1885
f 1420/31/1886 1437/32/1887 1436/33/1886
f 1421/31/1887 1438/32/1888 1437/33/1887
f 1422/31/1888 1439/32/1889 1438/33/1888
f 1423/31/1889 1440/32/1890 1439/33/1889
f 1440/31/1890 1425/32/1891 1441/33/1891
f 1425/31/1891 1442/32/1892 1441/33/1891
f 1442/31/1892 1427/32/1893 1443/33/1893
f 1427/31/1893 1444/32/1894 1443/33/1893
f 1428/31/1894 1445/32/1895 1444/33/1894
f 1445/31/1895 1430/32/1896 1446/33/1896
f 1446/31/1896 1431/32/1897 1447/33/1897
f 1447/31/1897 1417/32/1882 1432/33/1882
s 2
f 1415/31/1898 1416/32/1898 1417/33/1898
f 1415/31/1898 1418/32/1898 1416/33/1898
f 1415/31/1898 1419/32/1898 1418/33/1898
f 1415/31/1898 1420/32/1898 1419/33/1898
f 1415/31/1898 1421/32/1898 1420/33/1898
f 1415/31/1898 1422/32/1898 1421/33/1898
f 1415/31/1898 1423/32/1898 1422/33/1898
f 1415/31/1898 1424/32/1898 1423/33/1898
f 1415/31/1898 1425/32/1898 1424/33/1898
f 1415/31/1898 1426/32/1898 1425/33/1898
f 1415/31/1898 1427/32/1898 1426/33/1898
f 1415/31/1898 1428/32/1898 1427/33/1898
f 1415/31/1898 1429/32/1898 1428/33/1898
f 1415/31/1898 1430/32/1898 1429/33/1898
f 1415/31/1898 1431/32/1898 1430/33/1898
f 1415/31/1898 1417/32/1898 1431/33/1898
f 1414/31/1899 1432/32/1899 1433/33/1899
f 1414/31/1899 1433/32/1899 1434/33/1899
f 1414/31/1899 1434/32/1899 1435/33/1899
f 1414/31/1899 1435/32/1899 1436/33/1899
f 1414/31/1899 1436/32/1899 1437/33/1899
f 1414/31/1899 1437/32/1899 1438/33/1899
f 1414/31/1899 1438/32/1899 1439/33/1899
f 1414/31/1899 1439/32/1899 1440/33/1899
f 1414/31/1899 1440/32/1899 1441/33/1899
f 1414/31/1899 1441/32/1899 1442/33/1899
f 1414/31/1899 1442/32/1899 1443/33/1899
f 1414/31/1899 1443/32/1899 1444/33/1899
f 1414/31/1899 1444/32/1899 1445/33/1899
f 1414/31/1899 1445/32/1899 1446/33/1899
f 1414/31/1899 1446/32/1899 1447/33/1899
f 1414/31/1899 1447/32/1899 1432/33/1899
s 1
f 1432/31/1882 1417/32/1882 1416/33/1883
f 1416/31/1883 1418/32/1884 1434/33/1884
f 1434/31/1884 1418/32/1884 1419/33/1885
f 1419/31/1885 1420/32/1886 1436/33/1886
f 1420/31/1886 1421/32/1887 1437/33/1887
f 1421/31/1887 1422/32/1888 1438/33/1888
f 1422/31/1888 1423/32/1889 1439/33/1889
f 1423/31/1889 1424/32/1890 1440/33/1890
f 1440/31/1890 1424/32/1890 1425/33/1891
f 1425/31/1891 1426/32/1892 1442/33/1892
f 1442/31/1892 1426/32/1892 1427/33/1893
f 1427/31/1893 1428/32/1894 1444/33/1894
f 1428/31/1894 1429/32/1895 1445/33/1895
f 1445/31/1895 1429/32/1895 1430/33/1896
f 1446/31/1896 1430/32/1896 1431/33/1897
f 1447/31/1897 1431/32/1897 1417/33/1882
f 1450/34/1900 1449/35/1900 1448/36/1900
s 2
f 1453/34/1901 1460/35/1902 1458/36/1901
s 1
f 1454/34/1903 1459/35/1904 1460/36/1903
s 2
f 1455/34/1905 1463/35/1906 1457/36/1906
s 1
f 1463/34/1907 1456/35/1908 1457/36/1907
s 2
f 1458/34/1901 1448/35/1909 1453/36/1901
s 4
f 1452/34/1899 1454/35/1899 1453/36/1899
s 1
f 1452/34/1904 1465/35/1910 1459/36/1904
s 2
f 1455/34/1905 1451/35/1911 1462/36/1905
s 4
f 1451/34/1898 1450/35/1898 1461/36/1898
s 2
f 1467/34/1912 1465/35/1912 1464/36/1912
s 4
f 1456/34/1899 1464/35/1899 1452/36/1899
s 1
f 1461/34/1908 1467/35/1913 1456/36/1908
s 4
f 1461/34/1898 1465/35/1898 1466/36/1898
s 1
f 1450/34/1900 1451/35/1900 1449/36/1900
s 2
f 1453/34/1901 1454/35/1902 1460/36/1902
s 1
f 1454/34/1903 1452/35/1904 1459/36/1904
s 2
f 1455/34/1905 1462/35/1905 1463/36/1906
s 1
f 1463/34/1907 1461/35/1908 1456/36/1908
s 2
f 1458/34/1901 1450/35/1909 1448/36/1909
s 4
f 1453/34/1899 1448/35/1899 1452/36/1899
f 1448/34/1899 1449/35/1899 1452/36/1899
f 1449/34/1899 1455/35/1899 1456/36/1899
f 1455/34/1899 1457/35/1899 1456/36/1899
f 1456/34/1899 1452/35/1899 1449/36/1899
s 1
f 1452/34/1904 1464/35/1910 1465/36/1910
s 2
f 1455/34/1905 1449/35/1911 1451/36/1911
s 4
f 1450/34/1898 1458/35/1898 1459/36/1898
f 1458/34/1898 1460/35/1898 1459/36/1898
f 1459/34/1898 1461/35/1898 1450/36/1898
f 1461/34/1898 1463/35/1898 1462/36/1898
f 1462/34/1898 1451/35/1898 1461/36/1898
s 2
f 1467/34/1912 1466/35/1912 1465/36/1912
s 4
f 1456/34/1899 1467/35/1899 1464/36/1899
s 1
f 1461/34/1908 1466/35/1913 1467/36/1913
s 4
f 1461/34/1898 1459/35/1898 1465/36/1898
g Disk_RR_Mesh
v -0.551265 -0.172403 -0.863011
v -0.568825 -0.172403 -0.863011
v -0.551265 -0.172403 -0.970504
v -0.551265 -0.213539 -0.962322
v -0.551265 -0.248412 -0.939020
v -0.551265 -0.271714 -0.904147
v -0.551265 -0.279896 -0.863011
v -0.551265 -0.271714 -0.821875
v -0.551265 -0.248412 -0.787002
v -0.551266 -0.213539 -0.763700
v -0.551266 -0.172403 -0.755518
v -0.551265 -0.131267 -0.763700
v -0.551266 -0.096394 -0.787002
v -0.551265 -0.073092 -0.821875
v -0.551265 -0.064910 -0.863011
v -0.551265 -0.073092 -0.904147
v -0.551265 -0.096394 -0.939020
v -0.551265 -0.131267 -0.962322
v -0.568825 -0.213539 -0.962322
v -0.568825 -0.172403 -0.970504
v -0.568825 -0.248412 -0.939020
v -0.568825 -0.271714 -0.904147
v -0.568825 -0.279896 -0.863011
v -0.568825 -0.271714 -0.821875
v -0.568825 -0.248412 -0.787002
v -0.568825 -0.213539 -0.763700
v -0.568825 -0.172403 -0.755518
v -0.568825 -0.131267 -0.763700
v -0.568825 -0.096394 -0.787002
v -0.568825 -0.073092 -0.821875
v -0.568825 -0.064910 -0.863011
v -0.568825 -0.073092 -0.904147
v -0.568825 -0.096394 -0.939020
v -0.568825 -0.131267 -0.962322
v -0.542728 -0.193519 -0.959548
v -0.542728 -0.077054 -0.887890
v -0.577367 -0.193519 -0.959548
v -0.577367 -0.077054 -0.887890
v -0.542728 -0.135844 -0.983981
v -0.542728 -0.185808 -0.972081
v -0.542728 -0.163291 -0.988379
v -0.542728 -0.069343 -0.900423
v -0.542728 -0.081243 -0.950387
v -0.542728 -0.064945 -0.927870
v -0.577367 -0.185808 -0.972081
v -0.577367 -0.135844 -0.983981
v -0.577367 -0.163291 -0.988379
v -0.577367 -0.081243 -0.950387
v -0.577367 -0.069343 -0.900423
v -0.577367 -0.064945 -0.927870
v -0.542728 -0.119902 -0.985792
v -0.577367 -0.119902 -0.985792
v -0.577367 -0.086813 -0.965434
v -0.542728 -0.086813 -0.965434
vn -0.0000 -0.0000 -1.0000
vn -0.0000 -0.3827 -0.9239
vn -0.0000 -0.7071 -0.7071
vn -0.0000 -0.9239 -0.3827
vn -0.0000 -1.0000 -0.0000
vn -0.0000 -0.9239 0.3827
vn -0.0000 -0.7071 0.7071
vn -0.0000 -0.3827 0.9239
vn -0.0000 -0.0000 1.0000
vn -0.0000 0.3827 0.9239
vn -0.0000 0.7071 0.7071
vn -0.0000 0.9239 0.3827
vn -0.0000 1.0000 -0.0000
vn -0.0000 0.9239 -0.3827
vn -0.0000 0.7071 -0.7071
vn -0.0000 0.3827 -0.9239
vn 1.0000 -0.0000 -0.0000
vn -1.0000 -0.0000 -0.0000
vn -0.0000 -0.5240 0.8517
vn -0.0000 -0.5863 -0.8101
vn -0.0000 -0.7331 -0.6801
vn -0.0000 0.0229 -0.9997
vn -0.0000 0.1582 -0.9874
vn -0.0000 0.9874 0.1582
vn -0.0000 0.9376 0.3478
vn -0.0000 0.8821 -0.4711
vn -0.0000 0.8101 -0.5863
vn -0.0000 -0.8517 -0.5240
vn -0.0000 -0.1129 -0.9936
vn -0.0000 0.8517 0.5240
vn -0.0000 0.5240 -0.8517
vn -0.0000 0.9378 -0.3472
vt 0.559953 0.321672
vt 0.690047 0.321672
vt 0.690047 0.451766
vt 0.795826 0.327076
vt 0.930736 0.327076
vt 0.930736 0.461986
s 1
g off
g Disk_RR_CarPaint_Atlas
usemtl CarPaint_Atlas
f 1470/37/1914 1486/38/1915 1487/39/1914
f 1471/37/1915 1488/38/1916 1486/39/1915
f 1472/37/1916 1489/38/1917 1488/39/1916
f 1474/37/1918 1489/38/1917 1473/39/1917
f 1475/37/1919 1490/38/1918 1474/39/1918
f 1476/37/1920 1491/38/1919 1475/39/1919
f 1477/37/1921 1492/38/1920 1476/39/1920
f 1478/37/1922 1493/38/1921 1477/39/1921
f 1478/37/1922 1495/38/1923 1494/39/1922
f 1480/37/1924 1495/38/1923 1479/39/1923
f 1480/37/1924 1497/38/1925 1496/39/1924
f 1482/37/1926 1497/38/1925 1481/39/1925
f 1483/37/1927 1498/38/1926 1482/39/1926
f 1483/37/1927 1500/38/1928 1499/39/1927
f 1484/37/1928 1501/38/1929 1500/39/1928
f 1485/37/1929 1487/38/1914 1501/39/1929
s 2
f 1468/37/1930 1471/38/1930 1470/39/1930
f 1468/37/1930 1472/38/1930 1471/39/1930
f 1468/37/1930 1473/38/1930 1472/39/1930
f 1468/37/1930 1474/38/1930 1473/39/1930
f 1468/37/1930 1475/38/1930 1474/39/1930
f 1468/37/1930 1476/38/1930 1475/39/1930
f 1468/37/1930 1477/38/1930 1476/39/1930
f 1468/37/1930 1478/38/1930 1477/39/1930
f 1468/37/1930 1479/38/1930 1478/39/1930
f 1468/37/1930 1480/38/1930 1479/39/1930
f 1468/37/1930 1481/38/1930 1480/39/1930
f 1468/37/1930 1482/38/1930 1481/39/1930
f 1468/37/1930 1483/38/1930 1482/39/1930
f 1468/37/1930 1484/38/1930 1483/39/1930
f 1468/37/1930 1485/38/1930 1484/39/1930
f 1468/37/1930 1470/38/1930 1485/39/1930
f 1469/37/1931 1487/38/1931 1486/39/1931
f 1469/37/1931 1486/38/1931 1488/39/1931
f 1469/37/1931 1488/38/1931 1489/39/1931
f 1469/37/1931 1489/38/1931 1490/39/1931
f 1469/37/1931 1490/38/1931 1491/39/1931
f 1469/37/1931 1491/38/1931 1492/39/1931
f 1469/37/1931 1492/38/1931 1493/39/1931
f 1469/37/1931 1493/38/1931 1494/39/1931
f 1469/37/1931 1494/38/1931 1495/39/1931
f 1469/37/1931 1495/38/1931 1496/39/1931
f 1469/37/1931 1496/38/1931 1497/39/1931
f 1469/37/1931 1497/38/1931 1498/39/1931
f 1469/37/1931 1498/38/1931 1499/39/1931
f 1469/37/1931 1499/38/1931 1500/39/1931
f 1469/37/1931 1500/38/1931 1501/39/1931
f 1469/37/1931 1501/38/1931 1487/39/1931
s 1
f 1470/37/1914 1471/38/1915 1486/39/1915
f 1471/37/1915 1472/38/1916 1488/39/1916
f 1472/37/1916 1473/38/1917 1489/39/1917
f 1474/37/1918 1490/38/1918 1489/39/1917
f 1475/37/1919 1491/38/1919 1490/39/1918
f 1476/37/1920 1492/38/1920 1491/39/1919
f 1477/37/1921 1493/38/1921 1492/39/1920
f 1478/37/1922 1494/38/1922 1493/39/1921
f 1478/37/1922 1479/38/1923 1495/39/1923
f 1480/37/1924 1496/38/1924 1495/39/1923
f 1480/37/1924 1481/38/1925 1497/39/1925
f 1482/37/1926 1498/38/1926 1497/39/1925
f 1483/37/1927 1499/38/1927 1498/39/1926
f 1483/37/1927 1484/38/1928 1500/39/1928
f 1484/37/1928 1485/38/1929 1501/39/1929
f 1485/37/1929 1470/38/1914 1487/39/1914
f 1502/40/1932 1505/41/1932 1504/42/1932
s 2
f 1514/40/1933 1507/41/1934 1512/42/1934
s 1
f 1513/40/1935 1508/41/1936 1514/42/1936
s 2
f 1511/40/1937 1516/41/1938 1509/42/1938
s 1
f 1510/40/1939 1517/41/1940 1511/42/1940
s 2
f 1502/40/1941 1512/41/1934 1507/42/1934
s 4
f 1503/40/1930 1510/41/1930 1509/42/1930
s 1
f 1519/40/1942 1506/41/1935 1513/42/1935
s 2
f 1505/40/1943 1509/41/1938 1516/42/1938
s 4
f 1515/40/1931 1513/41/1931 1504/42/1931
s 2
f 1519/40/1944 1521/41/1944 1518/42/1944
s 4
f 1518/40/1930 1510/41/1930 1506/42/1930
s 1
f 1521/40/1945 1515/41/1939 1510/42/1939
s 4
f 1515/40/1931 1519/41/1931 1513/42/1931
s 1
f 1502/40/1932 1503/41/1932 1505/42/1932
s 2
f 1514/40/1933 1508/41/1933 1507/42/1934
s 1
f 1513/40/1935 1506/41/1935 1508/42/1936
s 2
f 1511/40/1937 1517/41/1937 1516/42/1938
s 1
f 1510/40/1939 1515/41/1939 1517/42/1940
s 2
f 1502/40/1941 1504/41/1941 1512/42/1934
s 4
f 1503/40/1930 1502/41/1930 1506/42/1930
f 1502/40/1930 1507/41/1930 1506/42/1930
f 1507/40/1930 1508/41/1930 1506/42/1930
f 1506/40/1930 1510/41/1930 1503/42/1930
f 1510/40/1930 1511/41/1930 1509/42/1930
s 1
f 1519/40/1942 1518/41/1942 1506/42/1935
s 2
f 1505/40/1943 1503/41/1943 1509/42/1938
s 4
f 1514/40/1931 1512/41/1931 1513/42/1931
f 1512/40/1931 1504/41/1931 1513/42/1931
f 1504/40/1931 1505/41/1931 1515/42/1931
f 1505/40/1931 1516/41/1931 1515/42/1931
f 1516/40/1931 1517/41/1931 1515/42/1931
s 2
f 1519/40/1944 1520/41/1944 1521/42/1944
s 4
f 1518/40/1930 1521/41/1930 1510/42/1930
s 1
f 1521/40/1945 1520/41/1945 1515/42/1939
s 4
f 1515/40/1931 1520/41/1931 1519/42/1931
g Spoiler_Mesh
v 0.366300 0.320413 -1.297433
v 0.347124 0.317654 -1.407861
v 0.386444 0.321459 -1.296656
v 0.386745 0.317465 -1.397001
v 0.348195 0.328921 -1.310864
v 0.348113 0.332727 -1.410021
v 0.394066 0.331304 -1.309096
v 0.000000 0.313166 -1.327412
v 0.000000 0.315245 -1.438013
v 0.000593 0.322643 -1.340125
v 0.000000 0.330912 -1.441905
v 0.405172 0.327568 -1.394988
v 0.405047 0.326187 -1.301009
v 0.378347 0.334249 -1.314772
v 0.378078 0.342988 -1.404171
v 0.405501 0.342785 -1.398751
v 0.405580 0.335663 -1.313722
v 0.421428 0.322683 -1.392257
v 0.421781 0.317658 -1.287699
v 0.440628 0.327346 -1.391633
v 0.440166 0.322629 -1.292403
v 0.449868 0.239231 -1.368244
v 0.450238 0.252646 -1.194561
v 0.466506 0.239353 -1.366654
v 0.466114 0.252302 -1.199023
v 0.243798 0.318656 -1.425750
v 0.121807 0.317895 -1.436915
v 0.121969 0.333561 -1.440806
v 0.243960 0.334322 -1.429642
v 0.122358 0.328966 -1.335432
v 0.244435 0.331423 -1.325496
v 0.121825 0.319490 -1.322720
v 0.243902 0.321947 -1.312783
v 0.366824 0.240543 -1.278536
v 0.366824 0.232922 -1.358728
v 0.366824 0.316276 -1.379142
v 0.366824 0.314273 -1.323904
v 0.394171 0.232897 -1.359026
v 0.394171 0.240568 -1.278237
v 0.387052 0.314251 -1.323230
v 0.387052 0.316299 -1.379816
v 0.000000 0.314283 -1.341390
v 0.000000 0.316267 -1.417879
v 0.449941 0.242542 -1.325369
v 0.449941 0.248488 -1.248402
v 0.466236 0.248732 -1.245240
v 0.466236 0.242817 -1.321817
v -0.366300 0.320413 -1.297433
v -0.347124 0.317654 -1.407861
v -0.386444 0.321459 -1.296656
v -0.386745 0.317465 -1.397001
v -0.348195 0.328921 -1.310864
v -0.348113 0.332727 -1.410021
v -0.394066 0.331304 -1.309096
v -0.000593 0.322643 -1.340125
v -0.405172 0.327568 -1.394988
v -0.405047 0.326187 -1.301009
v -0.378347 0.334249 -1.314772
v -0.378078 0.342988 -1.404171
v -0.405501 0.342785 -1.398751
v -0.405580 0.335663 -1.313722
v -0.421428 0.322683 -1.392257
v -0.421781 0.317658 -1.287699
v -0.440628 0.327346 -1.391633
v -0.440166 0.322629 -1.292403
v -0.449868 0.239231 -1.368244
v -0.450238 0.252646 -1.194561
v -0.466506 0.239353 -1.366654
v -0.466114 0.252302 -1.199023
v -0.243798 0.318656 -1.425750
v -0.121807 0.317895 -1.436915
v -0.121969 0.333561 -1.440806
v -0.243960 0.334322 -1.429642
v -0.122358 0.328966 -1.335432
v -0.244435 0.331423 -1.325496
v -0.121825 0.319490 -1.322720
v -0.243902 0.321947 -1.312783
v -0.366824 0.240543 -1.278536
v -0.366824 0.232922 -1.358728
v -0.366824 0.316276 -1.379142
v -0.366824 0.314273 -1.323904
v -0.394171 0.232897 -1.359026
v -0.394171 0.240568 -1.278237
v -0.387052 0.314251 -1.323230
v -0.387052 0.316299 -1.379816
v -0.449941 0.242542 -1.325369
v -0.449941 0.248488 -1.248402
v -0.466236 0.248732 -1.245240
v -0.466236 0.242817 -1.321817
vn 0.2323 -0.1908 -0.9537
vn 0.1211 -0.7501 -0.6502
vn 0.2079 -0.1560 -0.9656
vn -0.0645 0.8014 0.5946
vn -0.0645 0.8014 0.5947
vn 0.0817 0.9509 0.2984
vn 0.0404 -0.7835 -0.6201
vn 0.0140 -0.2412 -0.9704
vn 0.0523 -0.2412 -0.9691
vn -0.0800 0.9259 0.3693
vn -0.0526 0.9378 0.3431
vn -0.0645 0.8015 0.5945
vn -0.0897 0.9360 0.3405
vn 0.0911 -0.2449 -0.9653
vn -0.5864 -0.4025 -0.7029
vn -0.2587 -0.5921 -0.7632
vn 0.5446 0.7765 0.3169
vn 0.1464 -0.2405 -0.9596
vn 0.1878 -0.6775 -0.7112
vn -0.0529 0.7986 0.5995
vn 0.4726 0.7761 0.4175
vn -0.0346 0.9463 0.3215
vn 0.0870 -0.7850 -0.6133
vn 0.1324 -0.2403 -0.9616
vn 0.0196 -0.9998 0.0079
vn -0.0108 -0.9995 0.0312
vn -0.0285 -0.9988 -0.0391
vn -0.9318 -0.3616 0.0312
vn -0.9321 -0.3607 0.0330
vn -0.8468 -0.5319 -0.0044
vn -0.0000 -0.9970 0.0770
vn -0.0437 -0.9978 0.0490
vn 0.1621 -0.9514 0.2618
vn 0.3451 -0.9311 0.1182
vn 0.0503 -0.9975 -0.0502
vn 0.0271 -0.9995 0.0190
vn -0.9978 0.0665 0.0037
vn -0.9999 0.0135 0.0065
vn -0.9975 0.0702 0.0036
vn -0.0047 0.9995 0.0317
vn -0.0512 0.9434 0.3276
vn 0.9961 0.0881 -0.0021
vn 0.9960 0.0890 -0.0042
vn 0.9963 0.0858 0.0031
vn -1.0000 -0.0000 -0.0000
vn 0.2839 -0.7696 -0.5719
vn -0.0087 -0.9715 0.2370
vn 0.9473 0.3195 -0.0231
vn 0.9534 0.3014 -0.0079
vn -0.9975 0.0699 0.0056
vn -0.1743 0.9822 0.0703
vn -0.1404 0.9895 0.0351
vn -0.0255 0.9983 0.0522
vn 0.1608 0.9830 0.0888
vn 0.6793 0.7323 0.0481
vn -0.0139 -0.2420 -0.9702
vn -0.0280 -0.2387 -0.9707
vn -0.0108 -0.2427 -0.9700
vn -0.0244 0.5232 0.8518
vn -0.0124 0.5209 0.8535
vn -0.0098 0.5204 0.8538
vn -0.1211 -0.7501 -0.6502
vn -0.2323 -0.1908 -0.9537
vn -0.2079 -0.1560 -0.9656
vn 0.0645 0.8014 0.5946
vn 0.0645 0.8014 0.5947
vn -0.0140 -0.2411 -0.9704
vn -0.0404 -0.7835 -0.6201
vn -0.0523 -0.2412 -0.9691
vn 0.0526 0.9378 0.3431
vn 0.0512 0.9434 0.3276
vn 0.0897 0.9360 0.3405
vn 0.0800 0.9259 0.3693
vn 0.5864 -0.4025 -0.7029
vn -0.0911 -0.2449 -0.9653
vn 0.2587 -0.5921 -0.7632
vn -0.5446 0.7765 0.3169
vn -0.0817 0.9509 0.2984
vn -0.1464 -0.2405 -0.9596
vn -0.1878 -0.6775 -0.7112
vn -0.4726 0.7761 0.4175
vn 0.0529 0.7986 0.5995
vn 0.0346 0.9463 0.3215
vn -0.0870 -0.7850 -0.6133
vn -0.1324 -0.2403 -0.9616
vn -0.0196 -0.9998 0.0079
vn 0.0108 -0.9995 0.0312
vn 0.9318 -0.3616 0.0312
vn 0.9395 -0.3422 0.0128
vn 0.8468 -0.5319 -0.0044
vn 0.0437 -0.9978 0.0490
vn -0.3451 -0.9311 0.1182
vn -0.0271 -0.9995 0.0190
vn -0.0503 -0.9975 -0.0502
vn 0.9999 0.0135 0.0065
vn 0.9978 0.0665 0.0037
vn 0.9975 0.0702 0.0036
vn 0.0047 0.9995 0.0317
vn -0.9961 0.0881 -0.0021
vn -0.9960 0.0890 -0.0042
vn -0.9958 0.0909 -0.0086
vn 1.0000 -0.0000 -0.0000
vn -0.2839 -0.7696 -0.5719
vn 0.0285 -0.9988 -0.0391
vn -0.3438 -0.9376 -0.0523
vn 0.0087 -0.9715 0.2370
vn -0.1621 -0.9514 0.2618
vn -0.9473 0.3195 -0.0231
vn 0.9975 0.0699 0.0056
vn 0.1743 0.9822 0.0703
vn 0.1404 0.9895 0.0351
vn 0.0255 0.9983 0.0522
vn -0.1608 0.9830 0.0888
vn -0.6793 0.7323 0.0481
vn 0.0139 -0.2420 -0.9702
vn 0.0280 -0.2387 -0.9707
vn 0.0321 -0.2378 -0.9708
vn 0.0124 0.5209 0.8535
vn 0.0244 0.5232 0.8518
vn 0.0098 0.5204 0.8538
vn 0.0228 -0.8043 -0.5938
vn 0.0140 -0.2411 -0.9704
vn 0.0940 -0.2462 -0.9647
vn 0.1669 0.8317 0.5296
vn -0.0390 -0.9903 0.1335
vn -0.9395 -0.3422 0.0128
vn 0.3438 -0.9376 -0.0523
vn 0.0547 -0.9953 -0.0795
vn -0.9999 0.0110 0.0067
vn 0.9958 0.0909 -0.0086
vn 0.9605 0.2780 -0.0157
vn -0.0224 0.9965 0.0811
vn -0.0321 -0.2378 -0.9708
vn -0.0278 0.5239 0.8514
vn -0.0229 -0.8043 -0.5938
vn 0.0645 0.8015 0.5945
vn -0.0940 -0.2462 -0.9647
vn -0.1669 0.8317 0.5296
vn 0.0390 -0.9903 0.1335
vn 0.9321 -0.3607 0.0330
vn -0.0547 -0.9953 -0.0795
vn 0.9999 0.0110 0.0067
vn -0.9963 0.0858 0.0031
vn -0.9534 0.3014 -0.0079
vn -0.9605 0.2780 -0.0157
vn 0.0224 0.9965 0.0811
vn 0.0108 -0.2427 -0.9700
vn 0.0278 0.5239 0.8514
vt 0.064844 0.814844
vt 0.192969 0.814844
vt 0.192969 0.942969
vt 0.549922 0.819453
vt 0.684453 0.819453
vt 0.684453 0.953985
s 1
g off
g Spoiler_CarPaint_Atlas
usemtl CarPaint_Atlas
f 1536/43/1946 1523/44/1947 1527/45/1948
s 2
f 1528/43/1949 1534/44/1950 1538/45/1951
s 1
f 1548/43/1952 1532/44/1953 1549/45/1954
s 2
f 1522/43/1950 1528/44/1949 1526/45/1955
f 1553/43/1950 1531/44/1956 1529/45/1957
f 1528/43/1949 1535/44/1958 1526/45/1955
s 1
f 1541/43/1959 1543/44/1960 1539/45/1961
s 2
f 1534/43/1950 1542/44/1962 1538/45/1951
s 1
f 1537/43/1963 1539/44/1961 1533/45/1964
s 2
f 1540/43/1965 1546/44/1966 1542/45/1962
f 1526/43/1955 1554/44/1949 1522/45/1950
f 1552/43/1967 1553/44/1950 1554/45/1949
s 1
f 1527/43/1948 1547/44/1968 1550/45/1969
f 1550/43/1969 1548/44/1952 1549/45/1954
f 1553/43/1970 1547/44/1968 1554/45/1971
f 1557/43/1972 1554/44/1971 1523/45/1947
f 1566/43/1973 1544/44/1974 1540/45/1975
s 4
f 1568/43/1976 1566/44/1976 1565/45/1976
s 1
f 1539/43/1961 1534/44/1977 1533/45/1964
f 1534/43/1977 1524/44/1978 1561/45/1979
f 1553/43/1970 1563/44/1980 1564/45/1981
s 4
f 1531/43/1982 1564/44/1983 1563/45/1984
s 2
f 1550/43/1985 1551/44/1986 1552/45/1967
f 1561/46/1987 1559/47/1988 1562/48/1989
f 1556/46/1990 1558/47/1990 1557/48/1990
s 1
f 1525/43/1991 1557/44/1972 1523/45/1947
f 1522/43/1992 1561/44/1979 1524/45/1978
s 2
f 1542/43/1962 1567/44/1993 1568/45/1994
s 8
f 1530/43/1990 1564/44/1990 1532/45/1990
s 4
f 1563/43/1984 1529/44/1995 1531/45/1982
s 2
f 1526/43/1955 1536/44/1996 1527/45/1997
f 1549/43/1998 1531/44/1956 1551/45/1986
f 1537/43/1999 1535/44/1958 1538/45/1951
f 1538/43/1951 1541/44/2000 1537/45/1999
s 4
f 1566/43/1976 1546/44/1976 1544/45/1976
f 1565/43/1976 1545/44/1976 1568/45/1976
s 2
f 1527/43/1997 1552/44/1967 1526/45/1955
s 4
f 1556/46/2001 1562/47/2002 1559/48/2003
f 1561/46/2004 1555/47/2005 1560/48/2006
s 1
f 1536/43/1946 1533/44/1964 1525/45/1991
s 16
f 1570/43/2007 1580/44/2008 1574/45/2009
s 32
f 1575/43/2010 1578/44/2011 1571/45/2011
s 16
f 1532/43/2012 1592/44/2013 1593/45/2014
s 32
f 1569/43/2011 1575/44/2010 1571/45/2011
f 1597/43/2011 1576/44/2015 1595/45/2016
f 1579/43/2017 1575/44/2010 1573/45/2018
s 16
f 1587/43/2019 1585/44/2020 1583/45/2021
s 32
f 1586/43/2022 1578/44/2011 1582/45/2023
s 16
f 1583/43/2021 1581/44/2024 1577/45/2025
s 32
f 1590/43/2026 1584/44/2027 1586/45/2022
f 1598/43/2010 1573/44/2018 1569/45/2011
f 1597/43/2011 1596/44/2028 1598/45/2010
s 16
f 1574/43/2009 1591/44/2029 1570/45/2007
f 1594/43/2030 1592/44/2013 1591/45/2029
f 1591/43/2029 1597/44/2031 1598/45/2032
f 1570/43/2007 1591/44/2029 1598/45/2032
f 1608/43/2033 1607/44/2034 1584/45/2035
s 1
f 1608/43/1976 1610/44/1976 1607/45/1976
s 16
f 1578/43/2036 1583/44/2021 1577/45/2025
f 1578/43/2036 1577/44/2025 1605/45/2037
f 1564/43/2038 1563/44/2039 1597/45/2031
s 64
f 1564/43/2040 1576/44/2041 1563/45/2042
s 32
f 1595/43/2016 1594/44/2043 1596/45/2028
s 1
f 1605/46/2044 1603/47/2045 1604/48/2046
f 1602/46/2047 1600/47/2047 1601/48/2047
s 16
f 1572/43/2048 1601/44/2049 1606/45/2050
f 1605/43/2037 1569/44/2051 1571/45/2052
s 32
f 1609/43/2053 1590/44/2026 1586/45/2022
s 64
f 1563/43/2042 1576/44/2041 1529/45/2054
s 32
f 1580/43/2055 1573/44/2018 1574/45/2056
f 1576/43/2015 1593/44/2057 1595/45/2016
f 1581/43/2058 1579/44/2017 1580/45/2055
f 1585/43/2059 1582/44/2023 1581/45/2058
s 1
f 1590/43/1976 1608/44/1976 1588/45/1976
f 1607/43/1976 1589/44/1976 1587/45/1976
s 32
f 1596/43/2028 1574/44/2056 1573/45/2018
s 2
f 1600/46/2060 1606/47/2061 1601/48/2062
f 1599/46/2063 1605/47/2064 1604/48/2065
s 16
f 1577/43/2025 1580/44/2008 1572/45/2048
s 1
f 1536/43/1946 1525/44/1991 1523/45/1947
s 2
f 1528/43/1949 1524/44/1950 1534/45/1950
s 1
f 1548/43/1952 1530/44/2066 1532/45/2067
s 2
f 1522/43/1950 1524/44/1950 1528/45/1949
f 1553/43/1950 1551/44/1986 1531/45/1956
f 1528/43/1949 1538/44/1951 1535/45/1958
s 1
f 1541/43/1959 1545/44/2068 1543/45/1960
s 2
f 1534/43/1950 1540/44/1965 1542/45/1962
s 1
f 1537/43/1963 1541/44/1959 1539/45/1961
s 2
f 1540/43/1965 1544/44/2069 1546/45/1966
f 1526/43/1955 1552/44/1967 1554/45/1949
f 1552/43/1967 1551/44/1986 1553/45/1950
s 1
f 1527/43/1948 1523/44/1947 1547/45/1968
f 1550/43/1969 1547/44/1968 1548/45/1952
f 1553/43/1970 1548/44/1952 1547/45/1968
f 1557/43/1972 1558/44/2070 1554/45/1971
f 1558/43/2070 1522/44/1992 1554/45/1971
f 1554/43/1971 1547/44/1968 1523/45/1947
f 1540/43/1975 1539/44/1961 1565/45/2071
f 1539/43/1961 1543/44/1960 1565/45/2071
f 1565/43/2071 1566/44/1973 1540/45/1975
s 4
f 1568/43/1976 1567/44/1976 1566/45/1976
s 1
f 1539/43/1961 1540/44/1975 1534/45/1977
f 1561/43/1979 1562/44/2072 1533/45/1964
f 1562/43/2072 1525/44/1991 1533/45/1964
f 1533/43/1964 1534/44/1977 1561/45/1979
f 1530/43/2066 1548/44/1952 1564/45/1981
f 1548/43/1952 1553/44/1970 1564/45/1981
f 1553/43/1970 1529/44/2073 1563/45/1980
s 4
f 1531/43/1982 1532/44/2074 1564/45/1983
s 2
f 1550/43/1985 1549/44/1998 1551/45/1986
s 8
f 1561/46/1987 1560/47/2075 1559/48/1988
s 2
f 1556/46/1990 1555/47/1990 1558/48/1990
s 1
f 1525/43/1991 1562/44/2072 1557/45/1972
f 1522/43/1992 1558/44/2070 1561/45/1979
s 2
f 1545/43/2076 1541/44/2000 1568/45/1994
f 1541/43/2000 1542/44/1962 1568/45/1994
f 1542/43/1962 1546/44/1966 1567/45/1993
f 1526/43/1955 1535/44/1958 1536/45/1996
f 1549/43/1998 1532/44/2077 1531/45/1956
f 1537/43/1999 1536/44/1996 1535/45/1958
f 1538/43/1951 1542/44/1962 1541/45/2000
s 4
f 1566/43/1976 1567/44/1976 1546/45/1976
f 1565/43/1976 1543/44/1976 1545/45/1976
s 2
f 1527/43/1997 1550/44/1985 1552/45/1967
s 8
f 1556/46/2001 1557/47/2078 1562/48/2002
s 4
f 1561/46/2004 1558/47/2079 1555/48/2005
s 1
f 1536/43/1946 1537/44/1963 1533/45/1964
s 16
f 1570/43/2007 1572/44/2048 1580/45/2008
s 32
f 1575/43/2010 1582/44/2023 1578/45/2011
s 16
f 1532/43/2012 1530/44/2080 1592/45/2013
s 32
f 1569/43/2011 1573/44/2018 1575/45/2010
f 1597/43/2011 1529/44/2081 1576/45/2015
f 1579/43/2017 1582/44/2023 1575/45/2010
s 16
f 1587/43/2019 1589/44/2082 1585/45/2020
s 32
f 1586/43/2022 1584/44/2027 1578/45/2011
s 16
f 1583/43/2021 1585/44/2020 1581/45/2024
s 32
f 1590/43/2026 1588/44/2083 1584/45/2027
f 1598/43/2010 1596/44/2028 1573/45/2018
f 1597/43/2011 1595/44/2016 1596/45/2028
s 16
f 1574/43/2009 1594/44/2030 1591/45/2029
f 1594/43/2030 1593/44/2014 1592/45/2013
f 1591/43/2029 1592/44/2013 1597/45/2031
f 1569/43/2051 1602/44/2084 1598/45/2032
f 1602/43/2084 1601/44/2049 1598/45/2032
f 1601/43/2049 1570/44/2007 1598/45/2032
f 1587/43/2019 1583/44/2021 1607/45/2034
f 1583/43/2021 1584/44/2035 1607/45/2034
f 1584/43/2035 1588/44/2085 1608/45/2033
s 1
f 1608/43/1976 1609/44/1976 1610/45/1976
s 16
f 1578/43/2036 1584/44/2035 1583/45/2021
f 1572/43/2048 1606/44/2050 1577/45/2025
f 1606/43/2050 1605/44/2037 1577/45/2025
f 1605/43/2037 1571/44/2052 1578/45/2036
f 1597/43/2031 1592/44/2013 1564/45/2038
f 1592/43/2013 1530/44/2080 1564/45/2038
f 1563/43/2039 1529/44/2086 1597/45/2031
s 64
f 1564/43/2040 1532/44/2087 1576/45/2041
s 32
f 1595/43/2016 1593/44/2057 1594/45/2043
s 1
f 1605/46/2044 1606/47/2088 1603/48/2045
s 4
f 1602/46/2047 1599/47/2047 1600/48/2047
s 16
f 1572/43/2048 1570/44/2007 1601/45/2049
f 1605/43/2037 1602/44/2084 1569/45/2051
s 32
f 1586/43/2022 1585/44/2059 1610/45/2089
f 1585/43/2059 1589/44/2090 1610/45/2089
f 1610/43/2089 1609/44/2053 1586/45/2022
f 1580/43/2055 1579/44/2017 1573/45/2018
f 1576/43/2015 1532/44/2091 1593/45/2057
f 1581/43/2058 1582/44/2023 1579/45/2017
f 1585/43/2059 1586/44/2022 1582/45/2023
s 1
f 1590/43/1976 1609/44/1976 1608/45/1976
f 1607/43/1976 1610/44/1976 1589/45/1976
s 32
f 1596/43/2028 1594/44/2043 1574/45/2056
s 2
f 1600/46/2060 1603/47/2092 1606/48/2061
s 8
f 1599/46/2063 1602/47/2093 1605/48/2064
s 16
f 1577/43/2025 1581/44/2024 1580/45/2008
g Body.002_Mesh
v 0.501023 0.190371 0.451182
v 0.443696 0.308659 0.282001
v 0.358169 0.442880 0.068354
v 0.345896 0.444854 0.071942
v 0.136179 0.456314 0.121731
v 0.000000 0.458728 0.131744
v 0.257290 0.450786 0.098449
v 0.000000 0.188497 0.578019
v 0.361126 0.188497 0.533757
v 0.215419 0.188497 0.566063
v 0.000000 0.311990 0.383035
v 0.319326 0.311990 0.341571
v 0.186238 0.311990 0.371079
v -0.501023 0.190371 0.451182
v -0.443696 0.308659 0.282001
v -0.345896 0.444854 0.071942
v -0.136179 0.456314 0.121731
v -0.257290 0.450786 0.098449
v -0.361126 0.188497 0.533757
v -0.215419 0.188497 0.566063
v -0.319326 0.311990 0.341571
v -0.186238 0.311990 0.371079
vn -0.0000 0.8459 0.5333
vn 0.0733 0.8589 0.5068
vn -0.0000 0.8557 0.5175
vn 0.1810 0.8574 0.4818
vn 0.2667 0.8339 0.4832
vn 0.2421 0.8504 0.4671
vn 0.0863 0.8675 0.4898
vn -0.0000 0.8636 0.5043
vn 0.1653 0.8684 0.4674
vn -0.0733 0.8589 0.5068
vn -0.1861 0.8445 0.5022
vn -0.0727 0.8475 0.5259
vn 0.2654 0.8607 0.4345
vn 0.2276 0.8620 0.4529
vn -0.2667 0.8339 0.4832
vn -0.1810 0.8574 0.4818
vn -0.2417 0.8502 0.4676
vn -0.0863 0.8675 0.4898
vn -0.1653 0.8684 0.4674
vn 0.1861 0.8445 0.5022
vn 0.0727 0.8475 0.5259
vn -0.1974 0.8620 0.4670
vt 0.501025 0.394463
vt 0.522344 0.436022
vt 0.484363 0.434267
vt 0.544199 0.437260
vt 0.665655 0.400744
vt 0.631356 0.450368
vt 0.498025 0.494898
vt 0.472045 0.494939
vt 0.536232 0.491553
vt 0.432811 0.436493
vt 0.407469 0.392813
vt 0.456064 0.394170
vt 0.605201 0.486984
vt 0.602420 0.486049
vt 0.310780 0.392842
vt 0.389066 0.438124
vt 0.312762 0.434841
vt 0.444318 0.497058
vt 0.411407 0.498213
vt 0.580227 0.404593
vt 0.544034 0.396931
vt 0.318436 0.489242
s 1
g off
g Body.002_elReyCars
usemtl elReyCars
f 1618/49/2094 1623/50/2095 1621/51/2096
f 1622/52/2097 1611/53/2098 1612/54/2099
f 1621/51/2096 1615/55/2100 1616/56/2101
f 1623/50/2095 1617/57/2102 1615/55/2100
f 1612/54/2099 1617/57/2102 1622/52/2097
f 1632/58/2103 1629/59/2104 1630/60/2105
f 1612/54/2099 1613/61/2106 1614/62/2107
f 1632/58/2103 1618/49/2094 1621/51/2096
f 1624/63/2108 1631/64/2109 1625/65/2110
f 1627/66/2111 1621/51/2096 1616/56/2101
f 1628/67/2112 1632/58/2103 1627/66/2111
f 1628/67/2112 1625/65/2110 1631/64/2109
f 1619/68/2113 1623/50/2095 1620/69/2114
f 1618/49/2094 1620/69/2114 1623/50/2095
f 1622/52/2097 1619/68/2113 1611/53/2098
f 1621/51/2096 1623/50/2095 1615/55/2100
f 1623/50/2095 1622/52/2097 1617/57/2102
f 1612/54/2099 1614/62/2107 1617/57/2102
f 1632/58/2103 1631/64/2109 1629/59/2104
f 1632/58/2103 1630/60/2105 1618/49/2094
f 1624/63/2108 1629/59/2104 1631/64/2109
f 1627/66/2111 1632/58/2103 1621/51/2096
f 1628/67/2112 1631/64/2109 1632/58/2103
f 1628/67/2112 1626/70/2115 1625/65/2110
f 1619/68/2113 1622/52/2097 1623/50/2095
g Body.005_Mesh
v 0.474864 0.067611 1.327914
v 0.322080 0.064457 1.397971
v 0.499304 0.058639 1.306393
v 0.523677 -0.013114 1.330585
v 0.549708 -0.036663 1.336211
v 0.500797 -0.013195 1.350179
v 0.526198 -0.036663 1.372265
v 0.476596 -0.013141 1.363261
v 0.478570 -0.036663 1.403369
v 0.327654 -0.012995 1.433266
v 0.344817 -0.036663 1.463450
v 0.213503 -0.013023 1.467230
v 0.221980 -0.036663 1.502740
v 0.162019 -0.012845 1.472248
v 0.162070 -0.036663 1.509942
v 0.000000 -0.017569 1.475455
v 0.000000 -0.036663 1.515545
v 0.539033 -0.105223 1.349264
v 0.518496 -0.105223 1.383376
v 0.478570 -0.105223 1.416422
v 0.344817 -0.105223 1.476503
v 0.223991 -0.105223 1.515150
v 0.162070 -0.105223 1.522995
v 0.000000 -0.105223 1.528598
v 0.530934 -0.125564 1.320083
v 0.510397 -0.125564 1.354196
v 0.478570 -0.125564 1.387242
v 0.344817 -0.125564 1.447323
v 0.223991 -0.125564 1.485969
v 0.162070 -0.125564 1.493814
v 0.000000 -0.125564 1.499417
v 0.514536 -0.234519 1.293748
v 0.486109 -0.234519 1.327274
v 0.454282 -0.234519 1.356306
v 0.320529 -0.234519 1.407284
v 0.213270 -0.234519 1.445930
v 0.151349 -0.234519 1.453775
v 0.000000 -0.234519 1.459378
v 0.524048 -0.277290 1.304927
v 0.486109 -0.277290 1.355123
v 0.454282 -0.277290 1.384155
v 0.320529 -0.277290 1.435133
v 0.213270 -0.277290 1.473779
v 0.151349 -0.277290 1.481624
v 0.000000 -0.277290 1.487227
v 0.520258 -0.294140 1.299791
v 0.486109 -0.294140 1.343846
v 0.454282 -0.294140 1.372878
v 0.320529 -0.294140 1.423856
v 0.213270 -0.294140 1.462502
v 0.151349 -0.294140 1.470347
v 0.000000 -0.294140 1.475950
v 0.257627 0.062251 1.419119
v 0.245602 0.061493 1.422161
v 0.525598 -0.017569 1.331927
v 0.502173 -0.017569 1.352193
v 0.477018 -0.017569 1.365682
v 0.328366 -0.017569 1.435162
v 0.202066 -0.012760 1.470607
v 0.205045 -0.017569 1.471923
v 0.162070 -0.017569 1.473905
v 0.254451 0.066719 1.417984
v 0.000000 -0.012791 1.473933
v 0.162019 -0.012845 1.436565
v 0.164044 0.058842 1.413613
v 0.000000 0.058702 1.419597
v 0.000000 -0.012791 1.438250
v 0.202066 -0.012760 1.434924
v 0.245602 0.061493 1.386478
v 0.505994 -0.145309 1.349315
v 0.456627 -0.223970 1.359293
v 0.322969 -0.223548 1.411305
v 0.480836 -0.205530 1.345131
v 0.464128 -0.125564 1.356548
v 0.442185 -0.223970 1.328600
v 0.491552 -0.145309 1.318622
v 0.466394 -0.205530 1.314438
v 0.223066 -0.134962 1.482514
v 0.214316 -0.223865 1.449835
v 0.152392 -0.223888 1.457672
v 0.161158 -0.134827 1.490409
v 0.000000 -0.134474 1.496142
v 0.000000 -0.223946 1.463253
v 0.248019 -0.135017 1.474134
v 0.215349 -0.138615 1.458512
v 0.196830 -0.218980 1.428971
v 0.151462 -0.219001 1.436055
v 0.159386 -0.138493 1.465649
v 0.000000 -0.138174 1.470830
v 0.000000 -0.219053 1.441100
v 0.227296 -0.138664 1.450937
v 0.394150 -0.223800 1.361924
v 0.415884 -0.125564 1.393254
v -0.474864 0.067611 1.327914
v -0.322080 0.064457 1.397971
v -0.499304 0.058639 1.306393
v -0.500797 -0.013195 1.350179
v -0.526198 -0.036663 1.372265
v -0.476596 -0.013141 1.363261
v -0.478570 -0.036663 1.403369
v -0.327654 -0.012995 1.433266
v -0.344817 -0.036663 1.463450
v -0.213503 -0.013023 1.467230
v -0.221980 -0.036663 1.502740
v -0.162019 -0.012845 1.472248
v -0.162070 -0.036663 1.509942
v -0.518496 -0.105223 1.383376
v -0.478570 -0.105223 1.416422
v -0.344817 -0.105223 1.476503
v -0.223991 -0.105223 1.515150
v -0.162070 -0.105223 1.522995
v -0.510397 -0.125564 1.354196
v -0.478570 -0.125564 1.387242
v -0.344817 -0.125564 1.447323
v -0.223991 -0.125564 1.485969
v -0.162070 -0.125564 1.493814
v -0.486109 -0.234519 1.327274
v -0.454282 -0.234519 1.356306
v -0.320529 -0.234519 1.407284
v -0.213270 -0.234519 1.445930
v -0.151349 -0.234519 1.453775
v -0.486109 -0.277290 1.355123
v -0.454282 -0.277290 1.384155
v -0.320529 -0.277290 1.435133
v -0.213270 -0.277290 1.473779
v -0.151349 -0.277290 1.481624
v -0.486109 -0.294140 1.343846
v -0.454282 -0.294140 1.372878
v -0.320529 -0.294140 1.423856
v -0.213270 -0.294140 1.462502
v -0.151349 -0.294140 1.470347
v -0.257627 0.062251 1.419119
v -0.245602 0.061493 1.422161
v -0.502173 -0.017569 1.352193
v -0.477018 -0.017569 1.365682
v -0.328366 -0.017569 1.435162
v -0.202066 -0.012760 1.470607
v -0.205045 -0.017569 1.471923
v -0.162070 -0.017569 1.473905
v -0.254451 0.066719 1.417984
v -0.162019 -0.012845 1.436565
v -0.164044 0.058842 1.413613
v -0.202066 -0.012760 1.434924
v -0.245602 0.061493 1.386478
v -0.505994 -0.145309 1.349315
v -0.456627 -0.223970 1.359293
v -0.322969 -0.223548 1.411305
v -0.480836 -0.205530 1.345131
v -0.464128 -0.125564 1.356548
v -0.442185 -0.223970 1.328600
v -0.491552 -0.145309 1.318622
v -0.466394 -0.205530 1.314438
v -0.223066 -0.134962 1.482514
v -0.214316 -0.223865 1.449835
v -0.152392 -0.223888 1.457672
v -0.161158 -0.134827 1.490409
v -0.248019 -0.135017 1.474134
v -0.215349 -0.138615 1.458512
v -0.196830 -0.218980 1.428971
v -0.151462 -0.219001 1.436055
v -0.159386 -0.138493 1.465649
v -0.227296 -0.138664 1.450937
v -0.394150 -0.223800 1.361924
v -0.415884 -0.125564 1.393254
vn 0.6316 0.4039 0.6618
vn 0.2456 0.8624 0.4428
vn 0.4118 0.5519 0.7252
vn 0.1777 0.8634 0.4722
vn 0.2981 0.5631 0.7707
vn 0.1771 0.5668 0.8046
vn 0.0842 0.8733 0.4799
vn 0.0557 0.5854 0.8088
vn -0.0000 0.8999 0.4360
vn -0.0000 0.6062 0.7953
vn 0.7248 0.0602 0.6863
vn 0.2105 0.1816 0.9606
vn 0.5147 0.1604 0.8423
vn 0.0784 0.1865 0.9793
vn 0.8503 -0.0173 0.5260
vn 0.8374 -0.0264 0.5460
vn 0.3501 0.1752 0.9202
vn 0.0449 -0.8195 0.5713
vn -0.0000 -0.8204 0.5718
vn 0.0471 -0.8195 0.5712
vn 0.2078 -0.8025 0.5594
vn 0.1321 -0.8132 0.5668
vn 0.2208 -0.8001 0.5577
vn 0.4377 -0.7713 0.4620
vn 0.3695 -0.7760 0.5112
vn 0.4430 -0.7885 0.4267
vn 0.1199 -0.8144 0.5677
vn 0.3123 -0.7793 0.5432
vn -0.0000 -0.3451 0.9386
vn 0.0734 -0.3504 0.9337
vn 0.0768 -0.3507 0.9333
vn 0.2888 -0.3781 0.8796
vn 0.3718 -0.3827 0.8458
vn 0.4265 -0.3943 0.8140
vn 0.7518 -0.3113 0.5813
vn 0.6836 -0.3152 0.6583
vn 0.7678 -0.2909 0.5708
vn 0.2075 -0.3555 0.9114
vn 0.2071 -0.3591 0.9100
vn -0.7607 -0.5415 0.3579
vn -0.2412 -0.9638 0.1135
vn -0.8893 -0.1845 0.4184
vn 0.6848 -0.3158 0.6567
vn 0.7492 -0.2970 0.5920
vn 0.0694 0.5443 0.8360
vn 0.1904 0.5357 0.8227
vn 0.2054 0.5340 0.8202
vn 0.2976 0.5209 0.8000
vn 0.4326 0.4919 0.7555
vn 0.4889 0.4760 0.7311
vn 0.6896 0.3808 0.6160
vn 0.7333 0.3440 0.5865
vn 0.7224 0.3208 0.6126
vn -0.0000 0.5456 0.8380
vn 0.0673 0.5444 0.8361
vn 0.2957 0.5212 0.8005
vn 0.6593 0.4103 0.6301
vn 0.1888 -0.5462 0.8161
vn 0.0688 -0.5549 0.8291
vn 0.2039 -0.5445 0.8136
vn 0.4292 -0.5024 0.7506
vn 0.2953 -0.5314 0.7940
vn 0.4864 -0.4860 0.7261
vn 0.7421 -0.3487 0.5725
vn 0.6928 -0.3981 0.6013
vn 0.7426 -0.3425 0.5756
vn 0.0667 -0.5550 0.8292
vn -0.0000 -0.5562 0.8311
vn 0.2935 -0.5317 0.7945
vn 0.6558 -0.4199 0.6274
vn -0.0021 1.0000 -0.0000
vn -0.0009 1.0000 -0.0000
vn 0.2625 0.4090 0.8740
vn 0.3246 0.4072 0.8537
vn 0.3333 0.4061 0.8509
vn 0.4047 0.4248 0.8098
vn 0.5250 0.3883 0.7574
vn 0.4168 0.4829 0.7701
vn 0.4957 0.4299 0.7547
vn 0.3951 0.4688 0.7901
vn 0.2639 0.4088 0.8736
vn 0.3247 0.4050 0.8547
vn 0.2204 0.4305 0.8753
vn 0.1915 0.3719 0.9083
vn 0.1604 0.3531 0.9218
vn 0.0237 0.3295 0.9439
vn 0.0235 0.3309 0.9434
vn -0.0000 0.3041 0.9526
vn 0.1276 0.4806 0.8676
vn 0.1505 0.3546 0.9228
vn 0.1281 0.3457 0.9296
vn 0.0330 0.2968 0.9544
vn -0.0000 0.2668 0.9638
vn -0.8627 0.5058 -0.0000
vn -0.0000 1.0000 -0.0000
vn 0.4919 -0.3384 0.8022
vn 0.5262 -0.3317 0.7830
vn -0.7221 0.6026 0.3398
vn -0.2796 0.9511 0.1316
vn -0.2584 0.9583 0.1216
vn 0.6415 -0.3144 0.6997
vn 0.6590 -0.3357 0.6730
vn 0.6122 -0.3368 0.7154
vn 0.5870 -0.3491 0.7305
vn -0.1678 -0.9827 0.0789
vn -0.0000 -1.0000 -0.0000
vn -0.7041 0.6280 0.3313
vn 0.0027 1.0000 -0.0013
vn 0.0796 -0.3557 0.9312
vn 0.1657 -0.3638 0.9166
vn 0.3201 -0.3910 0.8629
vn 0.0189 0.9758 0.2177
vn -0.0000 0.9764 0.2161
vn -0.0000 0.9765 0.2157
vn 0.0778 -0.3498 0.9336
vn 0.2179 -0.3547 0.9092
vn 0.2477 -0.3572 0.9006
vn 0.0097 -0.9893 0.1458
vn 0.0467 -0.9897 0.1356
vn 0.0337 -0.9905 0.1334
vn -0.5620 -0.5654 0.6037
vn -0.4794 -0.6939 0.5374
vn -0.0000 -0.3443 0.9389
vn 0.0745 -0.3496 0.9339
vn 0.4901 -0.3980 0.7755
vn -0.0000 -0.3459 0.9383
vn 0.0854 -0.3507 0.9326
vn -0.5903 0.5208 0.6167
vn -0.3436 0.8072 0.4800
vn 0.0208 0.9754 0.2196
vn -0.0000 -0.9895 0.1448
vn 0.0097 -0.9893 0.1457
vn 0.5513 -0.3635 0.7510
vn 0.6663 0.3981 0.6305
vn 0.3185 -0.3868 0.8654
vn 0.3439 0.8507 0.3976
vn 0.2965 0.8436 0.4477
vn 0.0132 0.8836 0.4681
vn -0.0000 0.1870 0.9824
vn -0.0000 -0.3450 0.9386
vn 0.8146 -0.2655 0.5157
vn -0.0000 0.3035 0.9528
vn 0.2766 0.4061 0.8710
vn -0.0000 0.2525 0.9676
vn 0.6760 -0.3283 0.6597
vn -0.0000 -0.3441 0.9389
vn -0.0000 -0.9895 0.1446
vn 0.5305 -0.3618 0.7666
vn 0.5862 0.4305 0.6863
vn -0.4621 0.5082 0.7268
vn -0.4118 0.5519 0.7252
vn -0.2456 0.8624 0.4428
vn -0.2981 0.5631 0.7707
vn -0.1777 0.8634 0.4722
vn -0.1771 0.5668 0.8046
vn -0.0842 0.8733 0.4799
vn -0.0557 0.5854 0.8088
vn -0.5956 0.1150 0.7950
vn -0.2105 0.1816 0.9606
vn -0.5147 0.1604 0.8423
vn -0.0784 0.1865 0.9793
vn -0.3501 0.1752 0.9202
vn -0.0449 -0.8195 0.5713
vn -0.0471 -0.8195 0.5712
vn -0.2078 -0.8025 0.5594
vn -0.2208 -0.8001 0.5577
vn -0.1321 -0.8132 0.5668
vn -0.4377 -0.7713 0.4620
vn -0.4430 -0.7885 0.4267
vn -0.3695 -0.7760 0.5112
vn -0.1199 -0.8144 0.5677
vn -0.3123 -0.7793 0.5432
vn -0.0768 -0.3507 0.9333
vn -0.0734 -0.3504 0.9337
vn -0.2888 -0.3781 0.8796
vn -0.4265 -0.3943 0.8140
vn -0.3718 -0.3827 0.8458
vn -0.6836 -0.3152 0.6583
vn -0.2071 -0.3591 0.9100
vn -0.2075 -0.3555 0.9114
vn 0.7607 -0.5415 0.3579
vn 0.8893 -0.1845 0.4184
vn 0.2412 -0.9638 0.1135
vn -0.0694 0.5443 0.8360
vn -0.2054 0.5340 0.8202
vn -0.1904 0.5357 0.8227
vn -0.2976 0.5209 0.8000
vn -0.4889 0.4760 0.7311
vn -0.4326 0.4919 0.7555
vn -0.0673 0.5444 0.8361
vn -0.2957 0.5212 0.8005
vn -0.6073 0.4335 0.6658
vn -0.1888 -0.5462 0.8161
vn -0.2039 -0.5445 0.8136
vn -0.0688 -0.5549 0.8291
vn -0.4292 -0.5024 0.7506
vn -0.4864 -0.4860 0.7261
vn -0.2953 -0.5314 0.7940
vn -0.0667 -0.5550 0.8292
vn -0.2935 -0.5317 0.7945
vn -0.6041 -0.4432 0.6623
vn 0.0021 1.0000 -0.0000
vn 0.0009 1.0000 -0.0000
vn -0.2625 0.4090 0.8740
vn -0.3333 0.4061 0.8509
vn -0.3246 0.4072 0.8537
vn -0.5250 0.3883 0.7574
vn -0.4047 0.4248 0.8098
vn -0.4614 0.4283 0.7770
vn -0.4168 0.4829 0.7701
vn -0.3951 0.4688 0.7901
vn -0.2639 0.4088 0.8736
vn -0.3247 0.4050 0.8547
vn -0.1915 0.3719 0.9083
vn -0.2204 0.4305 0.8753
vn -0.1604 0.3531 0.9218
vn -0.0237 0.3295 0.9439
vn -0.0235 0.3309 0.9434
vn -0.1276 0.4806 0.8676
vn -0.1505 0.3546 0.9228
vn -0.0330 0.2968 0.9544
vn -0.1281 0.3457 0.9296
vn 0.8627 0.5058 -0.0000
vn -0.5262 -0.3317 0.7830
vn -0.4919 -0.3384 0.8022
vn 0.7221 0.6026 0.3398
vn 0.2584 0.9583 0.1216
vn 0.2796 0.9511 0.1316
vn -0.6418 -0.3173 0.6982
vn -0.6415 -0.3144 0.6997
vn -0.6391 -0.3157 0.7013
vn -0.6590 -0.3357 0.6730
vn -0.5870 -0.3491 0.7305
vn -0.6122 -0.3368 0.7154
vn 0.1678 -0.9827 0.0789
vn 0.7041 0.6280 0.3313
vn -0.0027 1.0000 -0.0013
vn -0.0796 -0.3557 0.9312
vn -0.3201 -0.3910 0.8629
vn -0.1657 -0.3638 0.9166
vn -0.0189 0.9758 0.2177
vn -0.0778 -0.3498 0.9336
vn -0.2477 -0.3572 0.9006
vn -0.2179 -0.3547 0.9092
vn -0.0097 -0.9893 0.1458
vn -0.0337 -0.9905 0.1334
vn -0.0467 -0.9897 0.1356
vn 0.4794 -0.6939 0.5374
vn 0.5620 -0.5654 0.6037
vn -0.0745 -0.3496 0.9339
vn -0.4901 -0.3980 0.7755
vn -0.0854 -0.3507 0.9326
vn 0.5903 0.5208 0.6167
vn 0.3436 0.8072 0.4800
vn -0.0208 0.9754 0.2196
vn -0.0097 -0.9893 0.1457
vn -0.5513 -0.3635 0.7510
vn -0.6851 0.3895 0.6156
vn -0.3185 -0.3868 0.8654
vn -0.2596 0.8356 0.4841
vn -0.0132 0.8836 0.4681
vn -0.2766 0.4061 0.8710
vn -0.6760 -0.3283 0.6597
vn -0.5305 -0.3618 0.7666
vt 0.965897 0.294551
vt 0.953584 0.305277
vt 0.949042 0.293757
vt 0.901265 0.292141
vt 0.903307 0.280802
vt 0.801701 0.285686
vt 0.797841 0.297471
vt 0.784187 0.284702
vt 0.736650 0.291923
vt 0.738331 0.279204
vt 0.961728 0.273071
vt 0.802071 0.265844
vt 0.946898 0.274641
vt 0.785102 0.264910
vt 0.974195 0.273104
vt 0.979374 0.294596
vt 0.903025 0.259978
vt 0.742220 0.249875
vt 0.786595 0.255181
vt 0.803923 0.255906
vt 0.906922 0.249838
vt 0.950761 0.266227
vt 0.962906 0.261774
vt 0.786639 0.252430
vt 0.812880 0.252494
vt 0.907789 0.218055
vt 0.961511 0.255385
vt 0.803851 0.253163
vt 0.646143 0.163972
vt 0.637109 0.234735
vt 0.593415 0.228777
vt 0.963927 0.227444
vt 0.975574 0.227357
vt 0.810460 0.182715
vt 0.829674 0.171859
vt 0.828893 0.187419
vt 0.907693 0.214845
vt 0.947307 0.213870
vt 0.950875 0.227208
vt 0.975326 0.215115
vt 0.767602 0.176058
vt 0.843170 0.172674
vt 0.905887 0.200135
vt 0.958475 0.214334
vt 0.844525 0.166934
vt 0.862090 0.170601
vt 0.894579 0.174260
vt 0.949181 0.208776
vt 0.960936 0.209492
vt 0.976049 0.210277
vt 0.801030 0.159858
vt 0.796971 0.299058
vt 0.788945 0.298732
vt 0.783835 0.298151
vt 0.824475 0.315157
vt 0.901225 0.293660
vt 0.845601 0.315975
vt 0.953768 0.306793
vt 0.947451 0.330250
vt 0.962260 0.305383
vt 0.962159 0.306913
vt 0.800818 0.299084
vt 0.823618 0.316691
vt 0.783957 0.296682
vt 0.820623 0.315034
vt 0.800073 0.300443
vt 0.788003 0.321412
vt 0.738328 0.316050
vt 0.741230 0.293979
vt 0.736456 0.293385
vt 0.950837 0.230322
vt 0.959235 0.236217
vt 0.947388 0.237928
vt 0.951932 0.241608
vt 0.948339 0.256332
vt 0.064844 0.814844
vt 0.192969 0.814844
vt 0.192969 0.942969
vt 0.955811 0.250032
vt 0.935469 0.234957
vt 0.787260 0.245647
vt 0.800159 0.191765
vt 0.802640 0.246380
vt 0.809995 0.185944
vt 0.766333 0.185719
vt 0.767190 0.179198
vt 0.808602 0.187912
vt 0.806100 0.245401
vt 0.743509 0.240234
vt 0.789197 0.189066
vt 0.933982 0.258966
vt 0.957700 0.328931
vt 0.971745 0.307169
vt 0.740912 0.259714
vt 0.742568 0.247258
vt 0.973783 0.259694
vt 0.800264 0.165758
vt 0.815067 0.325103
vt 0.971314 0.307956
vt 0.576710 0.246997
vt 0.594189 0.249936
vt 0.586765 0.260629
vt 0.637651 0.259771
vt 0.630401 0.276204
vt 0.675345 0.268854
vt 0.676003 0.281334
vt 0.692582 0.272521
vt 0.585153 0.225859
vt 0.680271 0.249494
vt 0.600943 0.229999
vt 0.696892 0.253127
vt 0.644040 0.239266
vt 0.698011 0.243363
vt 0.643378 0.228102
vt 0.681171 0.239414
vt 0.584234 0.213800
vt 0.598470 0.219155
vt 0.698694 0.240704
vt 0.673557 0.233551
vt 0.653632 0.171526
vt 0.586519 0.207291
vt 0.682002 0.236784
vt 0.724612 0.171446
vt 0.705767 0.171214
vt 0.739760 0.160471
vt 0.654622 0.168461
vt 0.613010 0.184417
vt 0.619226 0.152629
vt 0.757167 0.161503
vt 0.662282 0.154359
vt 0.601527 0.179671
vt 0.608713 0.149104
vt 0.739594 0.154741
vt 0.757321 0.155650
vt 0.619174 0.147386
vt 0.662290 0.148666
vt 0.608393 0.143760
vt 0.676436 0.283104
vt 0.689414 0.285645
vt 0.687718 0.296022
vt 0.648888 0.297642
vt 0.621828 0.303032
vt 0.630044 0.277724
vt 0.569855 0.292609
vt 0.586211 0.262116
vt 0.577705 0.260287
vt 0.577956 0.258721
vt 0.672692 0.282128
vt 0.649328 0.299354
vt 0.689679 0.284190
vt 0.652677 0.298512
vt 0.676485 0.294806
vt 0.688933 0.308412
vt 0.611886 0.187356
vt 0.601401 0.189678
vt 0.612345 0.195972
vt 0.588305 0.203427
vt 0.605904 0.198026
vt 0.604800 0.218781
vt 0.595369 0.207991
vt 0.625767 0.196717
vt 0.699912 0.233928
vt 0.684980 0.230582
vt 0.712483 0.180644
vt 0.724227 0.174664
vt 0.705428 0.174793
vt 0.681930 0.228716
vt 0.723688 0.180900
vt 0.620718 0.223047
vt 0.559870 0.288841
vt 0.655496 0.309725
s 1
g off
g Body.005_elReyCars
usemtl elReyCars
f 1639/71/2116 1689/72/2117 1641/73/2118
f 1641/73/2118 1690/74/2119 1643/75/2120
f 1690/74/2119 1645/76/2121 1643/75/2120
f 1692/77/2122 1647/78/2123 1645/76/2121
f 1647/78/2123 1648/79/2124 1649/80/2125
f 1641/73/2118 1651/81/2126 1639/71/2116
f 1647/78/2123 1654/82/2127 1645/76/2121
f 1643/75/2120 1652/83/2128 1641/73/2118
f 1649/80/2125 1655/84/2129 1647/78/2123
f 1639/71/2116 1650/85/2130 1637/86/2131
f 1645/76/2121 1653/87/2132 1643/75/2120
s 2
f 1655/84/2133 1663/88/2134 1662/89/2135
f 1653/87/2136 1661/90/2137 1660/91/2138
f 1651/81/2139 1659/92/2140 1658/93/2141
f 1654/82/2142 1662/89/2135 1661/90/2137
f 1652/83/2143 1660/91/2138 1659/92/2140
s 1
f 1663/88/2144 1713/94/2145 1662/89/2146
f 1716/95/2147 1704/96/2148 1660/91/2149
f 1658/93/2150 1659/92/2151 1702/97/2152
f 1662/89/2146 1710/98/2153 1661/90/2154
s 4
f 1702/99/2155 1706/100/2156 1708/101/2157
s 1
f 1702/97/2152 1665/102/2158 1664/103/2159
s 2
f 1669/104/2160 1675/105/2161 1668/106/2162
f 1667/107/2163 1673/108/2164 1666/109/2165
f 1665/102/2166 1671/110/2167 1664/103/2168
f 1670/111/2169 1676/112/2170 1669/104/2160
f 1668/106/2162 1674/113/2171 1667/107/2163
f 1666/109/2165 1672/114/2172 1665/102/2166
s 1
f 1675/105/2173 1683/115/2174 1682/116/2175
f 1673/108/2176 1681/117/2177 1680/118/2178
f 1671/110/2179 1679/119/2180 1678/120/2181
f 1676/112/2182 1684/121/2183 1683/115/2174
f 1674/113/2184 1682/116/2175 1681/117/2177
f 1672/114/2185 1680/118/2178 1679/119/2180
f 1691/122/2186 1696/123/2187 1646/124/2187
s 2
f 1685/125/2188 1642/126/2189 1634/127/2190
f 1634/127/2190 1640/128/2191 1633/129/2192
f 1640/128/2191 1688/130/2193 1638/131/2194
f 1642/126/2189 1689/72/2195 1640/128/2191
f 1644/132/2196 1690/74/2197 1642/126/2189
f 1644/132/2196 1694/133/2198 1692/77/2199
f 1691/122/2200 1693/134/2201 1692/77/2199
f 1646/124/2202 1648/79/2203 1693/134/2201
f 1686/135/2204 1692/77/2199 1694/133/2198
f 1700/136/2205 1697/137/2206 1696/123/2207
f 1698/138/2208 1696/123/2207 1697/137/2206
s 4
f 1686/135/2209 1700/136/2209 1691/122/2209
s 1
f 1646/124/2187 1699/139/2210 1695/140/2210
f 1704/96/2148 1666/109/2211 1703/141/2212
s 4
f 1705/142/2213 1707/143/2214 1703/141/2215
s 1
f 1665/102/2158 1702/97/2152 1705/142/2216
f 1709/144/2217 1706/145/2218 1707/143/2219
s 4
f 1659/146/2220 1725/147/2221 1706/148/2156
f 1705/142/2213 1708/149/2157 1709/144/2222
f 1703/141/2215 1724/150/2223 1704/96/2223
s 1
f 1720/151/2224 1718/152/2225 1717/153/2226
s 2
f 1712/154/2227 1722/155/2228 1715/156/2229
s 1
f 1712/154/2230 1668/106/2231 1711/157/2232
s 2
f 1713/146/2233 1717/147/2234 1710/148/2235
f 1710/146/2235 1723/147/2236 1716/148/2237
s 1
f 1715/156/2238 1669/104/2239 1712/154/2230
f 1718/152/2225 1723/158/2240 1717/153/2226
f 1721/159/2241 1719/160/2242 1720/151/2224
s 2
f 1711/157/2243 1723/158/2236 1718/152/2244
f 1712/154/2227 1718/152/2244 1719/160/2245
f 1714/146/2246 1720/147/2247 1713/148/2233
s 1
f 1704/96/2148 1725/161/2248 1660/91/2149
s 2
f 1638/131/2194 1635/162/2249 1633/129/2192
s 1
f 1716/95/2147 1661/90/2154 1710/98/2153
f 1711/157/2232 1667/107/2250 1704/96/2148
f 1725/161/2248 1707/143/2219 1706/145/2218
f 1687/163/2251 1688/130/2252 1639/71/2116
f 1639/71/2116 1688/130/2252 1689/72/2117
f 1641/73/2118 1689/72/2117 1690/74/2119
f 1690/74/2119 1692/77/2122 1645/76/2121
f 1692/77/2122 1693/134/2253 1647/78/2123
f 1647/78/2123 1693/134/2253 1648/79/2124
f 1641/73/2118 1652/83/2128 1651/81/2126
f 1647/78/2123 1655/84/2129 1654/82/2127
f 1643/75/2120 1653/87/2132 1652/83/2128
f 1649/80/2125 1656/164/2254 1655/84/2129
f 1639/71/2116 1651/81/2126 1650/85/2130
f 1645/76/2121 1654/82/2127 1653/87/2132
s 2
f 1655/84/2133 1656/164/2134 1663/88/2134
f 1653/87/2136 1654/82/2142 1661/90/2137
f 1651/81/2139 1652/83/2143 1659/92/2140
f 1654/82/2142 1655/84/2133 1662/89/2135
f 1652/83/2143 1653/87/2136 1660/91/2138
s 1
f 1663/88/2144 1714/165/2255 1713/94/2145
f 1716/95/2147 1711/157/2232 1704/96/2148
f 1662/89/2146 1713/94/2145 1710/98/2153
s 4
f 1702/99/2155 1659/100/2220 1706/101/2156
s 1
f 1664/103/2159 1657/166/2256 1702/97/2152
f 1657/166/2256 1658/93/2150 1702/97/2152
s 2
f 1669/104/2160 1676/112/2170 1675/105/2161
f 1667/107/2163 1674/113/2171 1673/108/2164
f 1665/102/2166 1672/114/2172 1671/110/2167
f 1670/111/2169 1677/167/2169 1676/112/2170
f 1668/106/2162 1675/105/2161 1674/113/2171
f 1666/109/2165 1673/108/2164 1672/114/2172
s 1
f 1675/105/2173 1676/112/2182 1683/115/2174
f 1673/108/2176 1674/113/2184 1681/117/2177
f 1671/110/2179 1672/114/2185 1679/119/2180
f 1676/112/2182 1677/167/2183 1684/121/2183
f 1674/113/2184 1675/105/2173 1682/116/2175
f 1672/114/2185 1673/108/2176 1680/118/2178
f 1691/122/2186 1700/136/2186 1696/123/2187
s 2
f 1685/125/2188 1644/132/2196 1642/126/2189
f 1634/127/2190 1642/126/2189 1640/128/2191
f 1640/128/2191 1689/72/2195 1688/130/2193
f 1642/126/2189 1690/74/2197 1689/72/2195
f 1644/132/2196 1692/77/2199 1690/74/2197
f 1644/132/2196 1685/125/2188 1694/133/2198
f 1691/122/2200 1646/124/2202 1693/134/2201
f 1646/124/2202 1695/140/2257 1648/79/2203
f 1686/135/2204 1691/122/2200 1692/77/2199
f 1700/136/2205 1701/168/2258 1697/137/2206
f 1698/138/2208 1699/139/2259 1696/123/2207
s 4
f 1686/135/2209 1701/168/2209 1700/136/2209
s 1
f 1646/124/2187 1696/123/2187 1699/139/2210
f 1704/96/2148 1667/107/2250 1666/109/2211
s 4
f 1705/142/2213 1709/144/2222 1707/143/2214
s 1
f 1705/142/2216 1703/141/2212 1665/102/2158
f 1703/141/2212 1666/109/2211 1665/102/2158
f 1709/144/2217 1708/149/2260 1706/145/2218
s 4
f 1659/146/2220 1660/147/2221 1725/148/2221
f 1705/142/2213 1702/97/2155 1708/149/2157
f 1703/141/2215 1707/143/2214 1724/150/2223
s 1
f 1720/151/2224 1719/160/2242 1718/152/2225
s 2
f 1712/154/2227 1719/160/2245 1722/155/2228
s 1
f 1712/154/2230 1669/104/2239 1668/106/2231
s 2
f 1713/146/2233 1720/147/2247 1717/148/2234
f 1710/146/2235 1717/147/2234 1723/148/2236
s 1
f 1715/156/2238 1670/111/2261 1669/104/2239
f 1721/159/2241 1722/155/2255 1719/160/2242
s 2
f 1711/157/2243 1716/95/2237 1723/158/2236
f 1712/154/2227 1711/157/2243 1718/152/2244
f 1714/146/2246 1721/147/2262 1720/148/2247
s 1
f 1704/96/2148 1724/150/2263 1725/161/2248
s 2
f 1633/129/2192 1640/128/2191 1638/131/2194
f 1638/131/2194 1636/169/2264 1635/162/2249
s 1
f 1716/95/2147 1660/91/2149 1661/90/2154
f 1711/157/2232 1668/106/2231 1667/107/2250
f 1725/161/2248 1724/150/2263 1707/143/2219
f 1730/170/2265 1732/171/2266 1767/172/2267
f 1732/171/2266 1734/173/2268 1768/174/2269
f 1768/174/2269 1734/173/2268 1736/175/2270
f 1770/176/2271 1736/175/2270 1738/177/2272
f 1738/177/2272 1649/80/2125 1648/79/2124
f 1732/171/2266 1730/170/2265 1739/178/2273
f 1738/177/2272 1736/175/2270 1742/179/2274
f 1734/173/2268 1732/171/2266 1740/180/2275
f 1649/80/2125 1738/177/2272 1743/181/2276
f 1736/175/2270 1734/173/2268 1741/182/2277
s 2
f 1743/181/2278 1748/183/2279 1663/88/2134
f 1741/182/2280 1746/184/2281 1747/185/2282
f 1739/178/2283 1744/186/2284 1745/187/2285
f 1742/179/2286 1747/185/2282 1748/183/2279
f 1740/180/2287 1745/187/2285 1746/184/2281
s 1
f 1663/88/2144 1748/183/2288 1788/188/2289
f 1789/189/2290 1746/184/2291 1779/190/2292
s 4
f 1744/186/2293 1777/191/2293 1745/187/2293
s 1
f 1748/183/2288 1747/185/2294 1785/192/2295
s 8
f 1777/99/2296 1783/100/2297 1781/101/2298
s 2
f 1753/193/2299 1752/194/2300 1757/195/2301
f 1751/196/2302 1750/197/2303 1755/198/2304
f 1670/111/2169 1753/193/2299 1758/199/2305
f 1752/194/2300 1751/196/2302 1756/200/2306
f 1750/197/2303 1749/201/2307 1754/202/2307
s 1
f 1757/195/2308 1762/203/2309 1763/204/2310
f 1755/198/2311 1760/205/2312 1761/206/2313
f 1758/199/2314 1763/204/2310 1684/121/2183
f 1756/200/2315 1761/206/2313 1762/203/2309
f 1754/202/2316 1759/207/2316 1760/205/2312
f 1769/208/2317 1737/209/2318 1773/210/2318
s 2
f 1764/211/2319 1727/212/2320 1733/213/2321
f 1727/212/2320 1726/214/2322 1731/215/2323
f 1731/215/2323 1729/216/2324 1766/217/2325
f 1733/213/2321 1731/215/2323 1767/172/2326
f 1735/218/2327 1733/213/2321 1768/174/2328
f 1735/218/2327 1770/176/2329 1772/219/2330
f 1769/208/2331 1770/176/2329 1771/220/2332
f 1737/209/2333 1771/220/2332 1648/79/2203
f 1765/221/2334 1772/219/2330 1770/176/2329
f 1775/222/2335 1773/210/2336 1774/223/2337
f 1698/138/2208 1774/223/2337 1773/210/2336
s 4
f 1765/221/2338 1769/208/2338 1775/222/2338
s 1
f 1737/209/2318 1695/140/2210 1699/139/2210
f 1779/190/2292 1778/224/2339 1750/197/2340
s 8
f 1780/225/2341 1778/224/2342 1782/226/2343
s 1
f 1749/201/2344 1780/225/2345 1777/227/2346
f 1784/228/2347 1782/226/2348 1781/229/2349
s 8
f 1745/146/2350 1781/147/2298 1796/148/2221
f 1780/225/2341 1784/228/2351 1783/230/2297
f 1778/224/2342 1779/190/2352 1795/231/2352
s 1
f 1793/232/2353 1790/233/2354 1791/234/2355
s 2
f 1787/235/2356 1715/156/2229 1722/155/2228
s 1
f 1787/235/2357 1786/236/2358 1752/194/2359
s 2
f 1788/146/2360 1785/147/2361 1790/148/2362
f 1785/146/2361 1789/147/2363 1794/148/2364
s 1
f 1715/156/2238 1787/235/2357 1753/193/2365
f 1791/234/2355 1790/233/2354 1794/237/2366
f 1721/159/2241 1793/232/2353 1792/238/2367
s 2
f 1786/236/2368 1791/234/2369 1794/237/2364
f 1787/235/2356 1792/238/2370 1791/234/2369
f 1714/146/2246 1788/147/2360 1793/148/2371
s 1
f 1779/190/2292 1746/184/2291 1796/239/2372
s 2
f 1729/216/2324 1726/214/2322 1728/240/2373
s 1
f 1789/189/2290 1785/192/2295 1747/185/2294
f 1786/236/2358 1779/190/2292 1751/196/2374
f 1796/239/2372 1781/229/2349 1782/226/2348
f 1730/170/2265 1767/172/2267 1766/217/2375
f 1732/171/2266 1768/174/2269 1767/172/2267
f 1768/174/2269 1736/175/2270 1770/176/2271
f 1770/176/2271 1738/177/2272 1771/220/2376
f 1738/177/2272 1648/79/2124 1771/220/2376
f 1732/171/2266 1739/178/2273 1740/180/2275
f 1738/177/2272 1742/179/2274 1743/181/2276
f 1734/173/2268 1740/180/2275 1741/182/2277
f 1649/80/2125 1743/181/2276 1656/164/2254
f 1736/175/2270 1741/182/2277 1742/179/2274
s 2
f 1743/181/2278 1663/88/2134 1656/164/2134
f 1741/182/2280 1747/185/2282 1742/179/2286
f 1739/178/2283 1745/187/2285 1740/180/2287
f 1742/179/2286 1748/183/2279 1743/181/2278
f 1740/180/2287 1746/184/2281 1741/182/2280
s 1
f 1663/88/2144 1788/188/2289 1714/165/2255
f 1789/189/2290 1779/190/2292 1786/236/2358
f 1748/183/2288 1785/192/2295 1788/188/2289
s 8
f 1777/99/2296 1781/100/2298 1745/101/2350
s 2
f 1753/193/2299 1757/195/2301 1758/199/2305
f 1751/196/2302 1755/198/2304 1756/200/2306
f 1670/111/2169 1758/199/2305 1677/167/2169
f 1752/194/2300 1756/200/2306 1757/195/2301
f 1750/197/2303 1754/202/2307 1755/198/2304
s 1
f 1757/195/2308 1763/204/2310 1758/199/2314
f 1755/198/2311 1761/206/2313 1756/200/2315
f 1758/199/2314 1684/121/2183 1677/167/2183
f 1756/200/2315 1762/203/2309 1757/195/2308
f 1754/202/2316 1760/205/2312 1755/198/2311
f 1769/208/2317 1773/210/2318 1775/222/2317
s 2
f 1764/211/2319 1733/213/2321 1735/218/2327
f 1727/212/2320 1731/215/2323 1733/213/2321
f 1731/215/2323 1766/217/2325 1767/172/2326
f 1733/213/2321 1767/172/2326 1768/174/2328
f 1735/218/2327 1768/174/2328 1770/176/2329
f 1735/218/2327 1772/219/2330 1764/211/2319
f 1769/208/2331 1771/220/2332 1737/209/2333
f 1737/209/2333 1648/79/2203 1695/140/2257
f 1765/221/2334 1770/176/2329 1769/208/2331
f 1775/222/2335 1774/223/2337 1776/241/2377
f 1698/138/2208 1773/210/2336 1699/139/2259
s 4
f 1765/221/2338 1775/222/2338 1776/241/2338
s 1
f 1737/209/2318 1699/139/2210 1773/210/2318
f 1779/190/2292 1750/197/2340 1751/196/2374
s 8
f 1780/225/2341 1782/226/2343 1784/228/2351
s 1
f 1780/225/2345 1749/201/2344 1778/224/2339
f 1778/224/2339 1749/201/2344 1750/197/2340
f 1784/228/2347 1781/229/2349 1783/230/2378
s 8
f 1745/146/2350 1796/147/2221 1746/148/2221
f 1780/225/2341 1783/230/2297 1777/227/2296
f 1778/224/2342 1795/231/2352 1782/226/2343
s 1
f 1793/232/2353 1791/234/2355 1792/238/2367
s 2
f 1787/235/2356 1722/155/2228 1792/238/2370
s 1
f 1787/235/2357 1752/194/2359 1753/193/2365
s 2
f 1788/146/2360 1790/147/2362 1793/148/2371
f 1785/146/2361 1794/147/2364 1790/148/2362
s 1
f 1715/156/2238 1753/193/2365 1670/111/2261
f 1721/159/2241 1792/238/2367 1722/155/2255
s 2
f 1786/236/2368 1794/237/2364 1789/189/2363
f 1787/235/2356 1791/234/2369 1786/236/2368
f 1714/146/2246 1793/147/2371 1721/148/2262
s 1
f 1779/190/2292 1796/239/2372 1795/231/2379
s 2
f 1726/214/2322 1729/216/2324 1731/215/2323
s 1
f 1789/189/2290 1747/185/2294 1746/184/2291
f 1786/236/2358 1751/196/2374 1752/194/2359
f 1796/239/2372 1782/226/2348 1795/231/2379
