# Blender 5.0.1
# www.blender.org
g Object_2_Mesh
v 0.036379 -0.001100 0.076458
v 0.036065 0.003292 0.076458
v 0.036065 -0.005491 0.076458
v 0.035129 -0.009793 0.076458
v 0.035129 0.007594 0.076458
v 0.033591 -0.013919 0.076458
v 0.033591 0.011719 0.076458
v 0.031481 -0.017783 0.076458
v 0.031481 0.015584 0.076458
v 0.028842 -0.021308 0.076458
v 0.028842 0.019108 0.076458
v 0.025729 -0.024421 0.076458
v 0.025729 0.022221 0.076458
v 0.022204 -0.027059 0.076458
v 0.022204 0.024860 0.076458
v 0.018340 -0.029169 0.076458
v 0.018340 0.026970 0.076458
v 0.014215 -0.030708 0.076458
v 0.014215 0.028509 0.076458
v 0.009912 -0.031644 0.076458
v 0.009912 0.029445 0.076458
v 0.005521 -0.031958 0.076458
v 0.005521 0.029759 0.076458
v 0.001129 -0.031644 0.076458
v 0.001129 0.029445 0.076458
v -0.003173 -0.030708 0.076458
v -0.003173 0.028509 0.076458
v -0.007298 -0.029169 0.076458
v -0.007298 0.026970 0.076458
v -0.011162 -0.027059 0.076458
v -0.011162 0.024860 0.076458
v -0.014687 -0.024421 0.076458
v -0.014687 0.022221 0.076458
v -0.017800 -0.021308 0.076458
v -0.017800 0.019108 0.076458
v -0.020439 -0.017783 0.076458
v -0.020439 0.015584 0.076458
v -0.022549 -0.013919 0.076458
v -0.022549 0.011719 0.076458
v -0.024087 -0.009793 0.076458
v -0.024087 0.007594 0.076458
v -0.025023 -0.005491 0.076458
v -0.025023 0.003292 0.076458
v -0.025337 -0.001100 0.076458
v 0.056628 0.004659 0.517290
v 0.051517 0.004083 0.407082
v 0.056951 -0.001100 0.517290
v 0.051808 -0.001100 0.407082
v 0.056628 -0.006858 0.517290
v 0.051517 -0.006282 0.407082
v 0.055662 -0.012544 0.517290
v 0.050648 -0.011400 0.407082
v 0.054065 -0.018086 0.517290
v 0.049211 -0.016387 0.407082
v 0.051858 -0.023414 0.517290
v 0.047224 -0.021183 0.407082
v 0.049068 -0.028462 0.517290
v 0.044714 -0.025726 0.407082
v 0.045731 -0.033166 0.517290
v 0.041710 -0.029959 0.407082
v 0.041888 -0.037466 0.517290
v 0.038251 -0.033830 0.407082
v 0.037587 -0.041310 0.517290
v 0.034381 -0.037289 0.407082
v 0.032883 -0.044647 0.517290
v 0.030147 -0.040292 0.407082
v 0.027836 -0.047437 0.517290
v 0.025604 -0.042803 0.407082
v 0.022507 -0.049644 0.517290
v 0.020809 -0.044790 0.407082
v 0.016965 -0.051241 0.517290
v 0.015821 -0.046226 0.407082
v 0.011279 -0.052207 0.517290
v 0.010704 -0.047096 0.407082
v 0.005521 -0.052530 0.517290
v 0.005521 -0.047387 0.407082
v -0.000237 -0.052207 0.517290
v 0.000338 -0.047096 0.407082
v -0.005923 -0.051241 0.517290
v -0.004779 -0.046226 0.407082
v -0.011465 -0.049644 0.517290
v -0.009767 -0.044790 0.407082
v -0.016794 -0.047437 0.517290
v -0.014562 -0.042803 0.407082
v -0.021842 -0.044647 0.517290
v -0.019105 -0.040292 0.407082
v -0.026545 -0.041310 0.517290
v -0.023339 -0.037289 0.407082
v -0.030846 -0.037466 0.517290
v -0.027209 -0.033830 0.407082
v -0.034689 -0.033166 0.517290
v -0.030668 -0.029959 0.407082
v -0.038026 -0.028462 0.517290
v -0.033672 -0.025726 0.407082
v -0.040816 -0.023414 0.517290
v -0.036183 -0.021183 0.407082
v -0.043023 -0.018086 0.517290
v -0.038169 -0.016387 0.407082
v -0.044620 -0.012544 0.517290
v -0.039606 -0.011400 0.407082
v -0.045586 -0.006858 0.517290
v -0.040475 -0.006282 0.407082
v -0.045909 -0.001100 0.517290
v -0.040766 -0.001100 0.407082
v -0.045586 0.004659 0.517290
v -0.040475 0.004083 0.407082
v -0.044620 0.010345 0.517290
v -0.039606 0.009200 0.407082
v -0.043023 0.015887 0.517290
v -0.038169 0.014188 0.407082
v -0.040816 0.021215 0.517290
v -0.036183 0.018984 0.407082
v -0.038026 0.026263 0.517290
v -0.033672 0.023527 0.407082
v -0.034689 0.030967 0.517290
v -0.030668 0.027760 0.407082
v -0.030846 0.035267 0.517290
v -0.027209 0.031631 0.407082
v -0.026545 0.039110 0.517290
v -0.023339 0.035089 0.407082
v -0.021842 0.042448 0.517290
v -0.019105 0.038093 0.407082
v -0.016794 0.045238 0.517290
v -0.014562 0.040604 0.407082
v -0.011465 0.047445 0.517290
v -0.009767 0.042590 0.407082
v -0.005923 0.049041 0.517290
v -0.004779 0.044027 0.407082
v -0.000237 0.050007 0.517290
v 0.000338 0.044897 0.407082
v 0.005521 0.050331 0.517290
v 0.005521 0.045188 0.407082
v 0.011279 0.050007 0.517290
v 0.010704 0.044897 0.407082
v 0.016965 0.049041 0.517290
v 0.015821 0.044027 0.407082
v 0.022507 0.047445 0.517290
v 0.020809 0.042590 0.407082
v 0.027836 0.045238 0.517290
v 0.025604 0.040604 0.407082
v 0.032883 0.042448 0.517290
v 0.030147 0.038093 0.407082
v 0.037587 0.039110 0.517290
v 0.034381 0.035089 0.407082
v 0.041888 0.035267 0.517290
v 0.038251 0.031631 0.407082
v 0.045731 0.030967 0.517290
v 0.041710 0.027760 0.407082
v 0.049068 0.026263 0.517290
v 0.044714 0.023527 0.407082
v 0.051858 0.021215 0.517290
v 0.047224 0.018984 0.407082
v 0.054065 0.015887 0.517290
v 0.049211 0.014188 0.407082
v 0.055662 0.010345 0.517290
v 0.050648 0.009200 0.407082
v 0.041296 -0.005131 0.186666
v 0.041522 -0.001100 0.186666
v 0.041296 0.002931 0.186666
v 0.046665 -0.001100 0.296874
v 0.046407 0.003507 0.296874
v 0.040619 -0.009111 0.186666
v 0.039502 -0.012990 0.186666
v 0.037957 -0.016720 0.186666
v 0.036004 -0.020253 0.186666
v 0.033668 -0.023546 0.186666
v 0.037689 -0.026753 0.296874
v 0.034614 -0.030193 0.296874
v 0.030978 -0.026556 0.186666
v 0.031174 -0.033268 0.296874
v 0.027967 -0.029247 0.186666
v 0.027411 -0.035938 0.296874
v 0.024675 -0.031583 0.186666
v 0.023373 -0.038169 0.296874
v 0.021141 -0.033536 0.186666
v 0.017411 -0.035081 0.186666
v 0.013532 -0.036198 0.186666
v 0.009552 -0.036875 0.186666
v 0.005521 -0.037101 0.186666
v 0.001490 -0.036875 0.186666
v 0.000914 -0.041985 0.296874
v -0.003635 -0.041212 0.296874
v -0.002490 -0.036198 0.186666
v -0.008068 -0.039935 0.296874
v -0.006370 -0.035081 0.186666
v -0.012331 -0.038169 0.296874
v -0.010099 -0.033536 0.186666
v -0.016369 -0.035938 0.296874
v -0.013633 -0.031583 0.186666
v -0.020132 -0.033268 0.296874
v -0.016926 -0.029247 0.186666
v -0.019936 -0.026556 0.186666
v -0.022626 -0.023546 0.186666
v -0.024962 -0.020253 0.186666
v -0.026915 -0.016720 0.186666
v -0.031549 -0.018951 0.296874
v -0.033314 -0.014689 0.296874
v -0.028460 -0.012990 0.186666
v -0.034592 -0.010255 0.296874
v -0.029578 -0.009111 0.186666
v -0.035365 -0.005706 0.296874
v -0.030254 -0.005131 0.186666
v -0.035623 -0.001100 0.296874
v -0.030480 -0.001100 0.186666
v -0.035365 0.003507 0.296874
v -0.030254 0.002931 0.186666
v -0.029578 0.006911 0.186666
v -0.028460 0.010791 0.186666
v -0.026915 0.014521 0.186666
v -0.024962 0.018054 0.186666
v -0.022626 0.021347 0.186666
v -0.026647 0.024553 0.296874
v -0.023573 0.027994 0.296874
v -0.019936 0.024357 0.186666
v -0.020132 0.031068 0.296874
v -0.016926 0.027047 0.186666
v -0.016369 0.033738 0.296874
v -0.013633 0.029384 0.186666
v -0.012331 0.035970 0.296874
v -0.010099 0.031336 0.186666
v -0.006370 0.032881 0.186666
v -0.002490 0.033999 0.186666
v 0.001490 0.034675 0.186666
v 0.005521 0.034902 0.186666
v 0.009552 0.034675 0.186666
v 0.010128 0.039786 0.296874
v 0.014676 0.039013 0.296874
v 0.013532 0.033999 0.186666
v 0.019110 0.037736 0.296874
v 0.017411 0.032881 0.186666
v 0.023373 0.035970 0.296874
v 0.021141 0.031336 0.186666
v 0.027411 0.033738 0.296874
v 0.024675 0.029384 0.186666
v 0.031174 0.031068 0.296874
v 0.027967 0.027047 0.186666
v 0.030978 0.024357 0.186666
v 0.033668 0.021347 0.186666
v 0.036004 0.018054 0.186666
v 0.037957 0.014521 0.186666
v 0.042591 0.016752 0.296874
v 0.044356 0.012489 0.296874
v 0.039502 0.010791 0.186666
v 0.045634 0.008056 0.296874
v 0.040619 0.006911 0.186666
v 0.046407 -0.005706 0.296874
v 0.045634 -0.010255 0.296874
v 0.044356 -0.014689 0.296874
v 0.042591 -0.018951 0.296874
v 0.040359 -0.022990 0.296874
v 0.040359 0.020790 0.296874
v 0.037689 0.024553 0.296874
v 0.034614 0.027994 0.296874
v 0.005521 0.040045 0.296874
v 0.000914 0.039786 0.296874
v -0.003635 0.039013 0.296874
v -0.008068 0.037736 0.296874
v -0.029317 0.020790 0.296874
v -0.031549 0.016752 0.296874
v -0.033314 0.012489 0.296874
v -0.034592 0.008056 0.296874
v -0.029317 -0.022990 0.296874
v -0.026647 -0.026753 0.296874
v -0.023573 -0.030193 0.296874
v 0.005521 -0.042244 0.296874
v 0.010128 -0.041985 0.296874
v 0.014676 -0.041212 0.296874
v 0.019110 -0.039935 0.296874
v 0.446030 0.015785 0.025027
v 0.372696 0.010576 0.025027
v 0.446353 -0.001100 0.025027
v 0.372877 -0.002818 0.025027
v 0.407403 -0.043339 0.025027
v 0.372026 0.023955 0.025027
v 0.445060 0.032646 0.025027
v 0.370869 0.037300 0.025027
v 0.443445 0.049456 0.025027
v 0.369226 0.050594 0.025027
v 0.441187 0.066193 0.025027
v 0.367099 0.063820 0.025027
v 0.438290 0.082831 0.025027
v 0.364492 0.076959 0.025027
v 0.434757 0.099346 0.025027
v 0.389839 0.123773 0.025027
v 0.430595 0.115713 0.025027
v 0.425809 0.131909 0.025027
v 0.420406 0.147909 0.025027
v 0.414394 0.163691 0.025027
v 0.341817 0.146748 0.025027
v 0.407782 0.179231 0.025027
v 0.336203 0.158910 0.025027
v 0.400580 0.194506 0.025027
v 0.330149 0.170860 0.025027
v 0.392797 0.209495 0.025027
v 0.323664 0.182580 0.025027
v 0.384447 0.224174 0.025027
v 0.316756 0.194057 0.025027
v 0.375540 0.238522 0.025027
v 0.309434 0.205274 0.025027
v 0.366090 0.252519 0.025027
v 0.301708 0.216217 0.025027
v 0.356112 0.266144 0.025027
v 0.305823 0.269294 0.025027
v 0.345618 0.279377 0.025027
v 0.334626 0.292197 0.025027
v 0.323150 0.304588 0.025027
v 0.311208 0.316530 0.025027
v 0.252607 0.270749 0.025027
v 0.298818 0.328005 0.025027
v 0.242532 0.279577 0.025027
v 0.285997 0.338998 0.025027
v 0.232142 0.288031 0.025027
v 0.272765 0.349491 0.025027
v 0.221450 0.296101 0.025027
v 0.259140 0.359470 0.025027
v 0.210471 0.303776 0.025027
v 0.245143 0.368920 0.025027
v 0.199220 0.311045 0.025027
v 0.230795 0.377826 0.025027
v 0.187711 0.317899 0.025027
v 0.216115 0.386177 0.025027
v 0.169882 0.368061 0.025027
v 0.201127 0.393959 0.025027
v 0.185852 0.401161 0.025027
v 0.170312 0.407773 0.025027
v 0.154530 0.413785 0.025027
v 0.120675 0.347746 0.025027
v 0.138529 0.419188 0.025027
v 0.107880 0.351712 0.025027
v 0.122333 0.423974 0.025027
v 0.094949 0.355209 0.025027
v 0.105966 0.428137 0.025027
v 0.081899 0.358233 0.025027
v 0.089451 0.431669 0.025027
v 0.068748 0.360779 0.025027
v 0.072814 0.434566 0.025027
v 0.055513 0.362843 0.025027
v 0.056077 0.436824 0.025027
v 0.042211 0.364424 0.025027
v 0.039266 0.438439 0.025027
v 0.005521 0.402997 0.025027
v 0.022406 0.439409 0.025027
v 0.005521 0.439733 0.025027
v -0.011364 0.439409 0.025027
v -0.028224 0.438439 0.025027
v -0.031169 0.364424 0.025027
v -0.045035 0.436824 0.025027
v -0.044471 0.362843 0.025027
v -0.061772 0.434566 0.025027
v -0.057706 0.360779 0.025027
v -0.078410 0.431669 0.025027
v -0.070858 0.358233 0.025027
v -0.094924 0.428137 0.025027
v -0.083907 0.355209 0.025027
v -0.111291 0.423974 0.025027
v -0.096838 0.351712 0.025027
v -0.127487 0.419188 0.025027
v -0.109633 0.347746 0.025027
v -0.143488 0.413785 0.025027
v -0.158840 0.368061 0.025027
v -0.159270 0.407773 0.025027
v -0.174810 0.401161 0.025027
v -0.190085 0.393959 0.025027
v -0.205073 0.386177 0.025027
v -0.176669 0.317899 0.025027
v -0.219753 0.377826 0.025027
v -0.188178 0.311045 0.025027
v -0.234101 0.368920 0.025027
v -0.199429 0.303776 0.025027
v -0.248098 0.359470 0.025027
v -0.210408 0.296101 0.025027
v -0.261723 0.349491 0.025027
v -0.221100 0.288031 0.025027
v -0.274955 0.338998 0.025027
v -0.231490 0.279577 0.025027
v -0.287776 0.328005 0.025027
v -0.241565 0.270749 0.025027
v -0.300167 0.316530 0.025027
v -0.294781 0.269294 0.025027
v -0.312108 0.304588 0.025027
v -0.323584 0.292197 0.025027
v -0.334576 0.279377 0.025027
v -0.345070 0.266144 0.025027
v -0.290666 0.216217 0.025027
v -0.355049 0.252519 0.025027
v -0.298392 0.205274 0.025027
v -0.364498 0.238522 0.025027
v -0.305714 0.194057 0.025027
v -0.373405 0.224174 0.025027
v -0.312622 0.182580 0.025027
v -0.381756 0.209495 0.025027
v -0.319107 0.170860 0.025027
v -0.389538 0.194506 0.025027
v -0.325161 0.158910 0.025027
v -0.396740 0.179231 0.025027
v -0.330775 0.146748 0.025027
v -0.403352 0.163691 0.025027
v -0.378797 0.123773 0.025027
v -0.409364 0.147909 0.025027
v -0.414767 0.131909 0.025027
v -0.419553 0.115713 0.025027
v -0.423715 0.099346 0.025027
v -0.353450 0.076959 0.025027
v -0.427248 0.082831 0.025027
v -0.356058 0.063820 0.025027
v -0.430145 0.066193 0.025027
v -0.358184 0.050594 0.025027
v -0.432403 0.049456 0.025027
v -0.359827 0.037300 0.025027
v -0.434018 0.032646 0.025027
v -0.360984 0.023955 0.025027
v -0.434988 0.015785 0.025027
v -0.361654 0.010576 0.025027
v -0.435311 -0.001100 0.025027
v -0.361835 -0.002818 0.025027
v -0.396362 -0.043339 0.025027
v -0.434988 -0.017985 0.025027
v -0.434018 -0.034845 0.025027
v -0.432403 -0.051656 0.025027
v -0.430145 -0.068392 0.025027
v -0.427248 -0.085030 0.025027
v -0.354165 -0.075796 0.025027
v -0.423715 -0.101545 0.025027
v -0.351203 -0.088860 0.025027
v -0.419553 -0.117912 0.025027
v -0.347766 -0.101807 0.025027
v -0.414767 -0.134108 0.025027
v -0.343859 -0.114620 0.025027
v -0.409364 -0.150108 0.025027
v -0.339488 -0.127282 0.025027
v -0.403352 -0.165890 0.025027
v -0.334659 -0.139777 0.025027
v -0.396740 -0.181430 0.025027
v -0.329377 -0.152087 0.025027
v -0.344437 -0.203148 0.025027
v -0.389538 -0.196706 0.025027
v -0.381756 -0.211694 0.025027
v -0.373405 -0.226373 0.025027
v -0.364498 -0.240722 0.025027
v -0.355049 -0.254719 0.025027
v -0.292687 -0.215636 0.025027
v -0.345070 -0.268343 0.025027
v -0.284667 -0.226365 0.025027
v -0.334576 -0.281576 0.025027
v -0.276261 -0.236795 0.025027
v -0.323584 -0.294397 0.025027
v -0.267481 -0.246912 0.025027
v -0.312108 -0.306787 0.025027
v -0.258338 -0.256701 0.025027
v -0.300167 -0.318729 0.025027
v -0.248843 -0.266151 0.025027
v -0.287776 -0.330204 0.025027
v -0.239011 -0.275248 0.025027
v -0.232001 -0.328020 0.025027
v -0.274955 -0.341197 0.025027
v -0.261723 -0.351690 0.025027
v -0.248098 -0.361669 0.025027
v -0.234101 -0.371119 0.025027
v -0.219753 -0.380026 0.025027
v -0.179646 -0.318380 0.025027
v -0.205073 -0.388376 0.025027
v -0.167955 -0.324920 0.025027
v -0.190085 -0.396158 0.025027
v -0.156034 -0.331029 0.025027
v -0.174810 -0.403361 0.025027
v -0.143898 -0.336700 0.025027
v -0.159270 -0.409973 0.025027
v -0.131563 -0.341924 0.025027
v -0.119047 -0.346696 0.025027
v -0.143488 -0.415985 0.025027
v -0.106364 -0.351007 0.025027
v -0.127487 -0.421388 0.025027
v -0.078495 -0.396365 0.025027
v -0.111291 -0.426174 0.025027
v -0.094924 -0.430336 0.025027
v -0.078410 -0.433868 0.025027
v -0.061772 -0.436766 0.025027
v -0.045035 -0.439023 0.025027
v -0.034587 -0.366264 0.025027
v -0.028224 -0.440638 0.025027
v -0.021248 -0.367483 0.025027
v -0.011364 -0.441608 0.025027
v -0.007872 -0.368216 0.025027
v 0.005521 -0.441932 0.025027
v 0.005521 -0.368460 0.025027
v 0.018914 -0.368216 0.025027
v 0.022406 -0.441608 0.025027
v 0.032290 -0.367483 0.025027
v 0.039266 -0.440638 0.025027
v 0.045629 -0.366264 0.025027
v 0.056077 -0.439023 0.025027
v 0.089537 -0.396365 0.025027
v 0.072814 -0.436766 0.025027
v 0.089451 -0.433868 0.025027
v 0.105966 -0.430336 0.025027
v 0.122333 -0.426174 0.025027
v 0.138529 -0.421388 0.025027
v 0.117406 -0.351007 0.025027
v 0.154530 -0.415985 0.025027
v 0.130088 -0.346696 0.025027
v 0.170312 -0.409973 0.025027
v 0.142605 -0.341924 0.025027
v 0.154940 -0.336700 0.025027
v 0.185852 -0.403361 0.025027
v 0.167076 -0.331029 0.025027
v 0.201127 -0.396158 0.025027
v 0.178997 -0.324920 0.025027
v 0.216115 -0.388376 0.025027
v 0.190687 -0.318380 0.025027
v 0.230795 -0.380026 0.025027
v 0.243043 -0.328020 0.025027
v 0.245143 -0.371119 0.025027
v 0.259140 -0.361669 0.025027
v 0.272765 -0.351690 0.025027
v 0.285997 -0.341197 0.025027
v 0.298818 -0.330204 0.025027
v 0.311208 -0.318729 0.025027
v 0.259885 -0.266151 0.025027
v 0.250053 -0.275248 0.025027
v 0.269379 -0.256701 0.025027
v 0.323150 -0.306787 0.025027
v 0.278523 -0.246912 0.025027
v 0.334626 -0.294397 0.025027
v 0.287303 -0.236795 0.025027
v 0.345618 -0.281576 0.025027
v 0.295709 -0.226365 0.025027
v 0.356112 -0.268343 0.025027
v 0.303728 -0.215636 0.025027
v 0.366090 -0.254719 0.025027
v 0.355479 -0.203148 0.025027
v 0.375540 -0.240722 0.025027
v 0.384447 -0.226373 0.025027
v 0.392797 -0.211694 0.025027
v 0.400580 -0.196706 0.025027
v 0.407782 -0.181430 0.025027
v 0.414394 -0.165890 0.025027
v 0.345700 -0.139777 0.025027
v 0.340419 -0.152087 0.025027
v 0.350530 -0.127282 0.025027
v 0.420406 -0.150108 0.025027
v 0.354901 -0.114620 0.025027
v 0.425809 -0.134108 0.025027
v 0.358808 -0.101807 0.025027
v 0.430595 -0.117912 0.025027
v 0.362244 -0.088860 0.025027
v 0.434757 -0.101545 0.025027
v 0.365207 -0.075796 0.025027
v 0.438290 -0.085030 0.025027
v 0.441187 -0.068392 0.025027
v 0.443445 -0.051656 0.025027
v 0.445060 -0.034845 0.025027
v 0.446030 -0.017985 0.025027
v 0.136607 0.354324 0.397339
v 0.136680 0.354354 0.398825
v 0.140208 0.350292 0.397339
v 0.140308 0.350385 0.399303
v 0.141772 0.348647 0.397339
v 0.144017 0.346587 0.399303
v 0.143922 0.346489 0.397339
v 0.147183 0.343440 0.397339
v 0.147856 0.343024 0.399303
v 0.147766 0.342922 0.397339
v 0.151743 0.339609 0.397339
v 0.151827 0.339716 0.399303
v 0.152862 0.338743 0.397339
v 0.155618 0.336900 0.399303
v 0.155540 0.336787 0.397339
v 0.155802 0.336604 0.397339
v 0.158810 0.334614 0.397339
v 0.159521 0.334333 0.399303
v 0.159450 0.334216 0.397339
v 0.161886 0.332781 0.397339
v 0.163539 0.332031 0.399303
v 0.163475 0.331911 0.397339
v 0.165029 0.331110 0.397339
v 0.167670 0.330011 0.399303
v 0.167615 0.329886 0.397339
v 0.168241 0.329610 0.397339
v 0.171916 0.328286 0.399303
v 0.171521 0.328286 0.397339
v 0.171869 0.328158 0.397339
v 0.174869 0.327148 0.397339
v 0.176276 0.326874 0.399303
v 0.176239 0.326742 0.397339
v 0.178281 0.326201 0.397339
v 0.178492 0.326292 0.399303
v 0.178459 0.326159 0.397339
v 0.180697 0.325660 0.397339
v 0.180726 0.325793 0.399303
v 0.181737 0.325450 0.397339
v 0.182972 0.325379 0.399303
v 0.182950 0.325244 0.397339
v 0.185186 0.325003 0.399053
v 0.185224 0.324897 0.397339
v 0.136899 0.354444 0.400294
v 0.140601 0.350658 0.401229
v 0.144297 0.346873 0.401229
v 0.148121 0.343325 0.401229
v 0.152074 0.340032 0.401229
v 0.155846 0.337228 0.401229
v 0.159730 0.334675 0.401229
v 0.163725 0.332386 0.401229
v 0.167833 0.330377 0.401229
v 0.172053 0.328663 0.401229
v 0.176385 0.327259 0.401229
v 0.178587 0.326681 0.401229
v 0.180808 0.326185 0.401229
v 0.183038 0.325774 0.401229
v 0.185073 0.325320 0.400745
v 0.184887 0.325843 0.402384
v 0.183146 0.326415 0.403087
v 0.184633 0.326558 0.403939
v 0.183293 0.327290 0.404845
v 0.184315 0.327453 0.405396
v 0.183412 0.328000 0.405949
v 0.183939 0.328511 0.406732
v 0.181432 0.329194 0.406984
v 0.183546 0.328804 0.406984
v 0.183513 0.329709 0.407928
v 0.137261 0.354594 0.401733
v 0.141077 0.351102 0.403087
v 0.144752 0.347339 0.403087
v 0.148551 0.343814 0.403087
v 0.152475 0.340544 0.403087
v 0.156218 0.337762 0.403087
v 0.160069 0.335230 0.403087
v 0.164028 0.332961 0.403087
v 0.168097 0.330972 0.403087
v 0.172275 0.329275 0.403087
v 0.176563 0.327885 0.403087
v 0.178741 0.327313 0.403087
v 0.180941 0.326822 0.403087
v 0.137762 0.354800 0.403123
v 0.138391 0.355060 0.404446
v 0.141726 0.351708 0.404845
v 0.139144 0.355371 0.405693
v 0.142252 0.352198 0.405949
v 0.140013 0.355730 0.406854
v 0.142849 0.352755 0.406984
v 0.140984 0.356131 0.407914
v 0.143512 0.353374 0.407940
v 0.142046 0.356569 0.408864
v 0.144238 0.354051 0.408808
v 0.145018 0.354778 0.409582
v 0.147772 0.350432 0.408808
v 0.148518 0.351195 0.409582
v 0.151406 0.347058 0.408808
v 0.152110 0.347860 0.409582
v 0.155140 0.343945 0.408808
v 0.155798 0.344785 0.409582
v 0.158686 0.341309 0.408808
v 0.159295 0.342184 0.409582
v 0.162319 0.338919 0.408808
v 0.162875 0.339829 0.409582
v 0.166041 0.336786 0.408808
v 0.166538 0.337730 0.409582
v 0.169852 0.334921 0.408808
v 0.170285 0.335896 0.409582
v 0.173752 0.333337 0.408808
v 0.174117 0.334340 0.409582
v 0.177742 0.332044 0.408808
v 0.178034 0.333071 0.409582
v 0.179767 0.331512 0.408808
v 0.180020 0.332548 0.409582
v 0.181816 0.331054 0.408808
v 0.182032 0.332099 0.409582
v 0.183044 0.331030 0.408979
v 0.182537 0.332457 0.409878
v 0.180289 0.333648 0.410258
v 0.178343 0.334160 0.410258
v 0.178667 0.335303 0.410832
v 0.174909 0.336520 0.410832
v 0.175331 0.337679 0.411299
v 0.171728 0.339143 0.411299
v 0.172243 0.340303 0.411655
v 0.168784 0.341996 0.411655
v 0.169387 0.343142 0.411896
v 0.166061 0.345050 0.411896
v 0.166744 0.346170 0.412018
v 0.163538 0.348282 0.412018
v 0.164289 0.349361 0.412014
v 0.161191 0.351668 0.412014
v 0.161997 0.352696 0.411884
v 0.158750 0.355407 0.411884
v 0.159601 0.356374 0.411634
v 0.156443 0.359310 0.411634
v 0.157325 0.360213 0.411270
v 0.155190 0.361995 0.411412
v 0.156506 0.362539 0.410944
v 0.143189 0.357041 0.409699
v 0.145847 0.355551 0.410258
v 0.149309 0.352005 0.410258
v 0.152858 0.348709 0.410258
v 0.156496 0.345676 0.410258
v 0.159942 0.343113 0.410258
v 0.163464 0.340795 0.410258
v 0.167065 0.338731 0.410258
v 0.170745 0.336931 0.410258
v 0.174504 0.335404 0.410258
v 0.144403 0.357542 0.410414
v 0.146715 0.356361 0.410832
v 0.150138 0.352855 0.410832
v 0.153642 0.349601 0.410832
v 0.157228 0.346610 0.410832
v 0.160620 0.344088 0.410832
v 0.164083 0.341808 0.410832
v 0.167618 0.339782 0.410832
v 0.171227 0.338016 0.410832
v 0.145675 0.358067 0.411001
v 0.147617 0.357202 0.411299
v 0.151000 0.353737 0.411299
v 0.154457 0.350527 0.411299
v 0.157989 0.347581 0.411299
v 0.161324 0.345099 0.411299
v 0.164725 0.342861 0.411299
v 0.168192 0.340873 0.411299
v 0.146989 0.358609 0.411458
v 0.148545 0.358068 0.411655
v 0.151887 0.354645 0.411655
v 0.155295 0.351480 0.411655
v 0.158771 0.348580 0.411655
v 0.162049 0.346141 0.411655
v 0.165386 0.343944 0.411655
v 0.148336 0.359166 0.411783
v 0.149493 0.358952 0.411896
v 0.152793 0.355572 0.411896
v 0.156151 0.352452 0.411896
v 0.159570 0.349600 0.411896
v 0.162789 0.347204 0.411896
v 0.149708 0.359732 0.411975
v 0.151092 0.360304 0.412034
v 0.150453 0.359847 0.412018
v 0.153710 0.356512 0.412018
v 0.152474 0.360874 0.411958
v 0.154629 0.357453 0.412014
v 0.155542 0.358388 0.411884
v 0.153843 0.361439 0.411750
v 0.158183 0.361092 0.410797
v 0.157776 0.363063 0.410351
v 0.161246 0.358244 0.410797
v 0.159800 0.362748 0.409545
v 0.162775 0.359981 0.409545
v 0.160138 0.364038 0.408806
v 0.164142 0.361535 0.407921
v 0.161247 0.364229 0.407921
v 0.164751 0.362227 0.406983
v 0.161211 0.364481 0.407861
v 0.162193 0.364886 0.406811
v 0.158990 0.363564 0.409638
v 0.163074 0.365250 0.405665
v 0.165302 0.362853 0.405969
v 0.167599 0.359846 0.406983
v 0.168113 0.360502 0.405969
v 0.170223 0.357888 0.406983
v 0.170700 0.358572 0.405969
v 0.172840 0.356161 0.406983
v 0.173275 0.356873 0.405969
v 0.174310 0.355602 0.406735
v 0.173549 0.357743 0.404653
v 0.171121 0.359178 0.404883
v 0.171483 0.359697 0.403731
v 0.168958 0.361581 0.403731
v 0.169279 0.361991 0.402520
v 0.166551 0.364273 0.402520
v 0.166817 0.364576 0.401266
v 0.165010 0.366050 0.401731
v 0.165386 0.366205 0.400301
v 0.165789 0.363407 0.404883
v 0.163845 0.365568 0.404428
v 0.166207 0.363883 0.403731
v 0.164495 0.365837 0.403110
v 0.167007 0.364792 0.399981
v 0.165615 0.366299 0.398831
v 0.167120 0.364921 0.398674
v 0.165692 0.366331 0.397344
v 0.167120 0.364920 0.396040
v 0.165616 0.366300 0.395863
v 0.167006 0.364791 0.394733
v 0.165390 0.366206 0.394397
v 0.166818 0.364576 0.393446
v 0.165015 0.366051 0.392961
v 0.166554 0.364277 0.392191
v 0.164500 0.365839 0.391580
v 0.166217 0.363893 0.390977
v 0.163854 0.365572 0.390267
v 0.165805 0.363426 0.389815
v 0.163085 0.365255 0.389030
v 0.165325 0.362880 0.388715
v 0.162203 0.364891 0.387879
v 0.164781 0.362262 0.387685
v 0.161223 0.364486 0.386829
v 0.161286 0.364269 0.386733
v 0.160154 0.364045 0.385885
v 0.160592 0.363559 0.385864
v 0.159007 0.363571 0.385052
v 0.159848 0.362797 0.385086
v 0.159059 0.361989 0.384406
v 0.162820 0.360033 0.385086
v 0.162074 0.359185 0.384406
v 0.165796 0.357546 0.385086
v 0.165100 0.356657 0.384406
v 0.168555 0.355490 0.385086
v 0.167910 0.354563 0.384406
v 0.171318 0.353667 0.385086
v 0.170730 0.352703 0.384406
v 0.174090 0.352076 0.385086
v 0.173564 0.351077 0.384406
v 0.176584 0.349203 0.384214
v 0.175929 0.348598 0.383832
v 0.177643 0.346224 0.383274
v 0.175428 0.347470 0.383370
v 0.174912 0.346309 0.383027
v 0.171844 0.347811 0.383027
v 0.171240 0.346663 0.382801
v 0.168133 0.348446 0.382801
v 0.167450 0.347326 0.382690
v 0.164312 0.349393 0.382690
v 0.162810 0.347235 0.382813
v 0.159593 0.349628 0.382813
v 0.158009 0.347606 0.383387
v 0.154478 0.350551 0.383387
v 0.153662 0.349623 0.383840
v 0.150159 0.352876 0.383840
v 0.149328 0.352024 0.384402
v 0.145866 0.355569 0.384402
v 0.145037 0.354796 0.385073
v 0.143208 0.357049 0.384967
v 0.142062 0.356576 0.385802
v 0.157791 0.363069 0.384336
v 0.158230 0.361140 0.383832
v 0.161291 0.358294 0.383832
v 0.164368 0.355723 0.383832
v 0.167232 0.353589 0.383832
v 0.170113 0.351691 0.383832
v 0.173011 0.350027 0.383832
v 0.172436 0.348935 0.383370
v 0.156522 0.362545 0.383742
v 0.157367 0.360257 0.383370
v 0.160475 0.357368 0.383370
v 0.163607 0.354752 0.383370
v 0.166527 0.352577 0.383370
v 0.169470 0.350637 0.383370
v 0.155210 0.362004 0.383273
v 0.156479 0.359348 0.383027
v 0.159636 0.356414 0.383027
v 0.162824 0.353752 0.383027
v 0.165802 0.351534 0.383027
v 0.168808 0.349553 0.383027
v 0.153863 0.361448 0.382933
v 0.155573 0.358420 0.382801
v 0.158780 0.355440 0.382801
v 0.162024 0.352732 0.382801
v 0.165061 0.350470 0.382801
v 0.152492 0.360882 0.382723
v 0.154656 0.357481 0.382690
v 0.157913 0.354455 0.382690
v 0.161215 0.351699 0.382690
v 0.151110 0.360311 0.382645
v 0.152818 0.355599 0.382813
v 0.156175 0.352480 0.382813
v 0.149729 0.359741 0.382702
v 0.149520 0.358977 0.382813
v 0.148359 0.359175 0.382891
v 0.147641 0.357224 0.383387
v 0.147008 0.358617 0.383215
v 0.145690 0.358074 0.383671
v 0.146737 0.356381 0.383840
v 0.144421 0.357549 0.384256
v 0.144258 0.354069 0.385849
v 0.140996 0.356136 0.386753
v 0.143536 0.353396 0.386721
v 0.142876 0.352780 0.387678
v 0.147102 0.349745 0.386721
v 0.146471 0.349099 0.387678
v 0.150772 0.346338 0.386721
v 0.150175 0.345660 0.387678
v 0.154549 0.343190 0.386721
v 0.153992 0.342479 0.387678
v 0.158138 0.340522 0.386721
v 0.157622 0.339780 0.387678
v 0.161820 0.338100 0.386721
v 0.161349 0.337329 0.387678
v 0.165594 0.335937 0.386721
v 0.165174 0.335137 0.387678
v 0.169462 0.334045 0.386721
v 0.169096 0.333219 0.387678
v 0.173424 0.332435 0.386721
v 0.173116 0.331586 0.387678
v 0.177481 0.331121 0.386721
v 0.177234 0.330252 0.387678
v 0.179525 0.330583 0.386721
v 0.179312 0.329705 0.387678
v 0.181613 0.330117 0.386721
v 0.181431 0.329232 0.387678
v 0.183551 0.329602 0.386847
v 0.183553 0.328840 0.387678
v 0.183963 0.328444 0.388022
v 0.183418 0.328036 0.388713
v 0.184327 0.327420 0.389330
v 0.183298 0.327324 0.389816
v 0.184638 0.326545 0.390763
v 0.181122 0.327726 0.389816
v 0.180891 0.326603 0.392187
v 0.178681 0.327096 0.392187
v 0.178585 0.326694 0.393438
v 0.176389 0.327271 0.393438
v 0.176306 0.326980 0.394720
v 0.171954 0.328391 0.394720
v 0.171890 0.328217 0.396023
v 0.167640 0.329943 0.396023
v 0.163504 0.331966 0.396023
v 0.159483 0.334270 0.396023
v 0.155575 0.336839 0.396023
v 0.151781 0.339658 0.396023
v 0.147808 0.342969 0.396023
v 0.143966 0.346534 0.396023
v 0.140254 0.350335 0.396023
v 0.136681 0.354354 0.395849
v 0.140389 0.350461 0.394720
v 0.136901 0.354445 0.394375
v 0.140610 0.350666 0.393438
v 0.137265 0.354595 0.392933
v 0.140913 0.350949 0.392187
v 0.137767 0.354802 0.391542
v 0.141751 0.351731 0.389816
v 0.138401 0.355064 0.390215
v 0.139158 0.355376 0.388966
v 0.142279 0.352224 0.388713
v 0.140026 0.355735 0.387810
v 0.176256 0.326803 0.396023
v 0.178472 0.326220 0.396023
v 0.180710 0.325721 0.396023
v 0.182960 0.325306 0.396023
v 0.185186 0.325003 0.395623
v 0.182991 0.325488 0.394720
v 0.180747 0.325902 0.394720
v 0.178515 0.326400 0.394720
v 0.185073 0.325320 0.393936
v 0.183040 0.325786 0.393438
v 0.180808 0.326198 0.393438
v 0.184889 0.325839 0.392306
v 0.183109 0.326194 0.392187
v 0.183098 0.330876 0.385810
v 0.181812 0.331083 0.385849
v 0.179758 0.331542 0.385849
v 0.177750 0.332071 0.385849
v 0.173762 0.333363 0.385849
v 0.169863 0.334946 0.385849
v 0.166054 0.336810 0.385849
v 0.162334 0.338942 0.385849
v 0.158702 0.341331 0.385849
v 0.155157 0.343967 0.385849
v 0.151424 0.347079 0.385849
v 0.147791 0.350451 0.385849
v 0.182027 0.332126 0.385073
v 0.182613 0.332241 0.384923
v 0.180010 0.332577 0.385073
v 0.180277 0.333679 0.384402
v 0.178041 0.333096 0.385073
v 0.178350 0.334186 0.384402
v 0.174125 0.334364 0.385073
v 0.174513 0.335429 0.384402
v 0.170296 0.335920 0.385073
v 0.170756 0.336955 0.384402
v 0.166550 0.337752 0.385073
v 0.167078 0.338755 0.384402
v 0.162888 0.339851 0.385073
v 0.163478 0.340818 0.384402
v 0.159310 0.342205 0.385073
v 0.159957 0.343135 0.384402
v 0.155814 0.344805 0.385073
v 0.156513 0.345697 0.384402
v 0.152127 0.347879 0.385073
v 0.152876 0.348730 0.384402
v 0.148536 0.351213 0.385073
v 0.182102 0.333679 0.384186
v 0.180559 0.334835 0.383840
v 0.178675 0.335331 0.383840
v 0.174919 0.336548 0.383840
v 0.171239 0.338043 0.383840
v 0.167632 0.339808 0.383840
v 0.164098 0.341834 0.383840
v 0.160636 0.344112 0.383840
v 0.157247 0.346633 0.383840
v 0.181569 0.335179 0.383596
v 0.180851 0.336036 0.383387
v 0.179012 0.336520 0.383387
v 0.175342 0.337709 0.383387
v 0.171741 0.339172 0.383387
v 0.168208 0.340901 0.383387
v 0.164742 0.342888 0.383387
v 0.161342 0.345126 0.383387
v 0.181019 0.336725 0.383150
v 0.179713 0.338993 0.382813
v 0.179895 0.339890 0.382682
v 0.176220 0.340125 0.382813
v 0.177119 0.342597 0.382690
v 0.172784 0.341521 0.382813
v 0.173852 0.343925 0.382690
v 0.169404 0.343175 0.382813
v 0.170629 0.345502 0.382690
v 0.166080 0.345081 0.382813
v 0.178759 0.343084 0.382740
v 0.177567 0.343831 0.382801
v 0.174385 0.345124 0.382801
v 0.178011 0.345049 0.383027
v 0.175606 0.351955 0.385490
v 0.174586 0.353018 0.385864
v 0.171873 0.354576 0.385864
v 0.169163 0.356364 0.385864
v 0.166453 0.358384 0.385864
v 0.163524 0.360832 0.385864
v 0.174718 0.354455 0.387057
v 0.172390 0.355422 0.386733
v 0.172864 0.356200 0.387685
v 0.173907 0.356736 0.388962
v 0.173293 0.356903 0.388715
v 0.173546 0.357752 0.390036
v 0.171135 0.359198 0.389815
v 0.171491 0.359709 0.390977
v 0.168583 0.361103 0.389815
v 0.168967 0.361593 0.390977
v 0.173220 0.358668 0.391198
v 0.171783 0.360129 0.392191
v 0.169282 0.361995 0.392191
v 0.172938 0.359462 0.392453
v 0.172010 0.360456 0.393446
v 0.169528 0.362309 0.393446
v 0.172711 0.360099 0.393795
v 0.172173 0.360690 0.394733
v 0.169704 0.362533 0.394733
v 0.172553 0.360545 0.395204
v 0.172271 0.360831 0.396040
v 0.169810 0.362669 0.396040
v 0.172472 0.360773 0.396666
v 0.169811 0.362670 0.398674
v 0.172476 0.360762 0.398142
v 0.172272 0.360832 0.398674
v 0.172562 0.360519 0.399583
v 0.172174 0.360691 0.399981
v 0.172725 0.360061 0.400979
v 0.172010 0.360455 0.401266
v 0.172952 0.359424 0.402294
v 0.171780 0.360124 0.402520
v 0.173229 0.358641 0.403518
v 0.172361 0.355375 0.407921
v 0.175205 0.353083 0.408537
v 0.171283 0.353609 0.409545
v 0.174058 0.352015 0.409545
v 0.172980 0.349967 0.410797
v 0.176211 0.350252 0.410028
v 0.175901 0.348536 0.410797
v 0.177314 0.347149 0.411159
v 0.175403 0.347415 0.411270
v 0.177993 0.345000 0.411634
v 0.174890 0.346261 0.411634
v 0.177552 0.343789 0.411884
v 0.174367 0.345083 0.411884
v 0.177106 0.342560 0.412014
v 0.173836 0.343889 0.412014
v 0.176656 0.341324 0.412018
v 0.173302 0.342687 0.412018
v 0.176208 0.340090 0.411896
v 0.172769 0.341487 0.411896
v 0.175765 0.338872 0.411655
v 0.178486 0.343853 0.411851
v 0.179682 0.340489 0.412024
v 0.179703 0.338957 0.411896
v 0.179349 0.337710 0.411655
v 0.179003 0.336489 0.411299
v 0.180866 0.337157 0.411626
v 0.181443 0.335535 0.411200
v 0.180863 0.336000 0.411299
v 0.180570 0.334802 0.410832
v 0.182001 0.333963 0.410618
v 0.181616 0.330083 0.407940
v 0.179531 0.330548 0.407940
v 0.177472 0.331089 0.407940
v 0.173413 0.332404 0.407940
v 0.169449 0.334015 0.407940
v 0.165579 0.335908 0.407940
v 0.161803 0.338072 0.407940
v 0.158119 0.340495 0.407940
v 0.154528 0.343164 0.407940
v 0.150750 0.346314 0.407940
v 0.147079 0.349722 0.407940
v 0.146445 0.349073 0.406984
v 0.150151 0.345632 0.406984
v 0.153969 0.342450 0.406984
v 0.157601 0.339750 0.406984
v 0.161330 0.337297 0.406984
v 0.165156 0.335105 0.406984
v 0.169081 0.333185 0.406984
v 0.173103 0.331552 0.406984
v 0.177224 0.330216 0.406984
v 0.179316 0.329666 0.406984
v 0.145875 0.348489 0.405949
v 0.149612 0.345020 0.405949
v 0.153466 0.341808 0.405949
v 0.157136 0.339081 0.405949
v 0.160906 0.336601 0.405949
v 0.164777 0.334383 0.405949
v 0.168749 0.332440 0.405949
v 0.172824 0.330785 0.405949
v 0.177002 0.329432 0.405949
v 0.179122 0.328874 0.405949
v 0.181267 0.328396 0.405949
v 0.145372 0.347974 0.404845
v 0.149137 0.344480 0.404845
v 0.153022 0.341242 0.404845
v 0.156725 0.338490 0.404845
v 0.160531 0.335987 0.404845
v 0.164441 0.333747 0.404845
v 0.168457 0.331783 0.404845
v 0.172578 0.330109 0.404845
v 0.176805 0.328739 0.404845
v 0.178952 0.328175 0.404845
v 0.181121 0.327691 0.404845
v 0.160436 0.357322 0.411270
v 0.163570 0.354704 0.411270
v 0.164327 0.355670 0.410797
v 0.166493 0.352527 0.411270
v 0.167194 0.353534 0.410797
v 0.169438 0.350586 0.411270
v 0.170077 0.351633 0.410797
v 0.172408 0.348881 0.411270
v 0.157887 0.354426 0.412014
v 0.157018 0.353438 0.412018
v 0.147930 0.343107 0.394720
v 0.144095 0.346666 0.394720
v 0.148129 0.343334 0.393438
v 0.144306 0.346882 0.393438
v 0.151895 0.339804 0.394720
v 0.155681 0.336990 0.394720
v 0.159579 0.334427 0.394720
v 0.163590 0.332129 0.394720
v 0.167715 0.330112 0.394720
v 0.148403 0.343645 0.392187
v 0.144595 0.347179 0.392187
v 0.152081 0.340041 0.393438
v 0.155853 0.337238 0.393438
v 0.159736 0.334685 0.393438
v 0.163731 0.332396 0.393438
v 0.167837 0.330388 0.393438
v 0.172057 0.328674 0.393438
v 0.149160 0.344506 0.389816
v 0.145396 0.347999 0.389816
v 0.152337 0.340367 0.392187
v 0.156090 0.337578 0.392187
v 0.159952 0.335038 0.392187
v 0.163924 0.332763 0.392187
v 0.168006 0.330766 0.392187
v 0.172198 0.329064 0.392187
v 0.176502 0.327669 0.392187
v 0.149637 0.345048 0.388713
v 0.145901 0.348516 0.388713
v 0.153044 0.341269 0.389816
v 0.156744 0.338519 0.389816
v 0.160549 0.336017 0.389816
v 0.164458 0.333777 0.389816
v 0.168471 0.331814 0.389816
v 0.172590 0.330141 0.389816
v 0.176815 0.328772 0.389816
v 0.178950 0.328211 0.389816
v 0.153489 0.341838 0.388713
v 0.157157 0.339111 0.388713
v 0.160925 0.336633 0.388713
v 0.164794 0.334416 0.388713
v 0.168764 0.332474 0.388713
v 0.172837 0.330820 0.388713
v 0.177012 0.329467 0.388713
v 0.179120 0.328913 0.388713
v 0.181267 0.328433 0.388713
v 0.151023 0.353760 0.383387
v 0.164179 0.361577 0.386733
v 0.167065 0.359165 0.386733
v 0.169729 0.357178 0.386733
v 0.167627 0.359882 0.387685
v 0.168135 0.360530 0.388715
v 0.170720 0.358601 0.388715
v 0.169705 0.362534 0.399981
v 0.169528 0.362308 0.401266
v 0.168568 0.361083 0.404883
v 0.167031 0.359121 0.407921
v 0.169697 0.357132 0.407921
v 0.165754 0.357492 0.409545
v 0.168515 0.355434 0.409545
v 0.162791 0.353711 0.411634
v 0.165036 0.350433 0.411884
v 0.167429 0.347293 0.412014
v 0.169998 0.344304 0.412018
v 0.160380 0.350633 0.412018
v 0.170250 0.357926 0.387685
v 0.165772 0.351491 0.411634
v 0.168781 0.349508 0.411634
v 0.171820 0.347764 0.411634
v 0.168110 0.348408 0.411884
v 0.170611 0.345468 0.412014
v 0.171220 0.346624 0.411884
v 0.034025 0.399826 0.473207
v 0.034025 0.399826 0.517290
v 0.033712 0.395547 0.473207
v 0.033712 0.395547 0.517290
v 0.034025 0.391268 0.473207
v 0.034025 0.391268 0.517290
v 0.034958 0.387080 0.473207
v 0.034958 0.387080 0.517290
v 0.036491 0.383072 0.473207
v 0.036491 0.383072 0.517290
v 0.038591 0.379331 0.473207
v 0.038591 0.379331 0.517290
v 0.041213 0.375935 0.473207
v 0.041213 0.375935 0.517290
v 0.044302 0.372957 0.473207
v 0.044302 0.372957 0.517290
v 0.047791 0.370461 0.473207
v 0.047791 0.370461 0.517290
v 0.051607 0.368499 0.473207
v 0.051607 0.368499 0.517290
v 0.055667 0.367113 0.473207
v 0.055667 0.367113 0.517290
v 0.059887 0.366334 0.473207
v 0.059887 0.366334 0.517290
v 0.064174 0.366177 0.473207
v 0.064174 0.366177 0.517290
v 0.068439 0.366647 0.473207
v 0.068439 0.366647 0.517290
v 0.072590 0.367732 0.473207
v 0.072590 0.367732 0.517290
v 0.076539 0.369410 0.473207
v 0.076539 0.369410 0.517290
v 0.080201 0.371645 0.473207
v 0.080201 0.371645 0.517290
v 0.083499 0.374389 0.473207
v 0.083499 0.374389 0.517290
v 0.086362 0.377585 0.473207
v 0.086362 0.377585 0.517290
v 0.088729 0.381163 0.473207
v 0.088729 0.381163 0.517290
v 0.090550 0.385048 0.473207
v 0.090550 0.385048 0.517290
v 0.091786 0.389157 0.473207
v 0.091786 0.389157 0.517290
v 0.092411 0.393401 0.473207
v 0.092411 0.393401 0.517290
v 0.092411 0.397692 0.473207
v 0.092411 0.397692 0.517290
v 0.091786 0.401937 0.473207
v 0.091786 0.401937 0.517290
v 0.090550 0.406045 0.473207
v 0.090550 0.406045 0.517290
v 0.088729 0.409930 0.473207
v 0.088729 0.409930 0.517290
v 0.086362 0.413508 0.473207
v 0.086362 0.413508 0.517290
v 0.083499 0.416704 0.473207
v 0.083499 0.416704 0.517290
v 0.080201 0.419448 0.473207
v 0.080201 0.419448 0.517290
v 0.076539 0.421683 0.473207
v 0.076539 0.421683 0.517290
v 0.072590 0.423361 0.473207
v 0.072590 0.423361 0.517290
v 0.068439 0.424447 0.473207
v 0.068439 0.424447 0.517290
v 0.064174 0.424916 0.473207
v 0.064174 0.424916 0.517290
v 0.059887 0.424759 0.473207
v 0.059887 0.424759 0.517290
v 0.055667 0.423980 0.473207
v 0.055667 0.423980 0.517290
v 0.051607 0.422594 0.473207
v 0.051607 0.422594 0.517290
v 0.047791 0.420633 0.473207
v 0.047791 0.420633 0.517290
v 0.044302 0.418136 0.473207
v 0.044302 0.418136 0.517290
v 0.041213 0.415158 0.473207
v 0.041213 0.415158 0.517290
v 0.038591 0.411762 0.473207
v 0.038591 0.411762 0.517290
v 0.036491 0.408021 0.473207
v 0.036491 0.408021 0.517290
v 0.034958 0.404013 0.473207
v 0.034958 0.404013 0.517290
v 0.446030 -0.017985 0.517290
v 0.446353 -0.001100 0.517290
v 0.446030 0.015785 0.517290
v 0.445060 0.032646 0.517290
v 0.443445 0.049457 0.517290
v 0.441187 0.066193 0.517290
v 0.445060 -0.034845 0.517290
v 0.443445 -0.051656 0.517290
v 0.441187 -0.068392 0.517290
v 0.438290 -0.085030 0.517290
v 0.434757 -0.101545 0.517290
v 0.430595 -0.117912 0.517290
v 0.425809 -0.134108 0.517290
v 0.420406 -0.150108 0.517290
v 0.414394 -0.165890 0.517290
v 0.407782 -0.181430 0.517290
v 0.400580 -0.196706 0.517290
v 0.392797 -0.211694 0.517290
v 0.384447 -0.226373 0.517290
v 0.375540 -0.240722 0.517290
v 0.366090 -0.254719 0.517290
v 0.356112 -0.268343 0.517290
v 0.345618 -0.281576 0.517290
v 0.334626 -0.294397 0.517290
v 0.323150 -0.306787 0.517290
v 0.311208 -0.318729 0.517290
v 0.298818 -0.330204 0.517290
v 0.285997 -0.341197 0.517290
v 0.272765 -0.351690 0.517290
v 0.259140 -0.361669 0.517290
v 0.245143 -0.371119 0.517290
v 0.230795 -0.380026 0.517290
v 0.216115 -0.388376 0.517290
v 0.201127 -0.396158 0.517290
v 0.185852 -0.403361 0.517290
v 0.170312 -0.409973 0.517290
v 0.154530 -0.415985 0.517290
v 0.138529 -0.421388 0.517290
v 0.122333 -0.426174 0.517290
v 0.105966 -0.430336 0.517290
v 0.089451 -0.433868 0.517290
v 0.072814 -0.436766 0.517290
v 0.056077 -0.439023 0.517290
v 0.039266 -0.440638 0.517290
v 0.022406 -0.441608 0.517290
v 0.005521 -0.441932 0.517290
v -0.011364 -0.441608 0.517290
v -0.028224 -0.440638 0.517290
v -0.045035 -0.439023 0.517290
v -0.061772 -0.436766 0.517290
v -0.078410 -0.433868 0.517290
v -0.094924 -0.430336 0.517290
v -0.111291 -0.426174 0.517290
v -0.127487 -0.421388 0.517290
v -0.143488 -0.415985 0.517290
v -0.159270 -0.409973 0.517290
v -0.174810 -0.403361 0.517290
v -0.190085 -0.396158 0.517290
v -0.205073 -0.388376 0.517290
v -0.219753 -0.380026 0.517290
v -0.234101 -0.371119 0.517290
v -0.248098 -0.361669 0.517290
v -0.261723 -0.351690 0.517290
v -0.274955 -0.341197 0.517290
v -0.287776 -0.330204 0.517290
v -0.300167 -0.318729 0.517290
v -0.312108 -0.306787 0.517290
v -0.323584 -0.294397 0.517290
v -0.334576 -0.281576 0.517290
v -0.345070 -0.268343 0.517290
v -0.355049 -0.254719 0.517290
v -0.364498 -0.240722 0.517290
v -0.373405 -0.226373 0.517290
v -0.381756 -0.211694 0.517290
v -0.389538 -0.196706 0.517290
v -0.396740 -0.181430 0.517290
v -0.403352 -0.165890 0.517290
v -0.409364 -0.150108 0.517290
v -0.414767 -0.134108 0.517290
v -0.419553 -0.117912 0.517290
v -0.423715 -0.101545 0.517290
v -0.427248 -0.085030 0.517290
v -0.430145 -0.068392 0.517290
v -0.432403 -0.051656 0.517290
v -0.434018 -0.034845 0.517290
v -0.434988 -0.017985 0.517290
v -0.435311 -0.001100 0.517290
v -0.434988 0.015785 0.517290
v -0.434018 0.032646 0.517290
v -0.432403 0.049457 0.517290
v -0.430145 0.066193 0.517290
v -0.427248 0.082831 0.517290
v -0.423715 0.099346 0.517290
v -0.419553 0.115713 0.517290
v -0.414767 0.131909 0.517290
v -0.409364 0.147909 0.517290
v -0.403352 0.163691 0.517290
v -0.396740 0.179231 0.517290
v -0.389538 0.194506 0.517290
v -0.381756 0.209495 0.517290
v -0.373405 0.224174 0.517290
v -0.364498 0.238523 0.517290
v -0.355049 0.252519 0.517290
v -0.345070 0.266144 0.517290
v -0.334576 0.279377 0.517290
v -0.323584 0.292197 0.517290
v -0.312108 0.304588 0.517290
v -0.300167 0.316530 0.517290
v -0.287776 0.328005 0.517290
v -0.274955 0.338998 0.517290
v -0.261723 0.349491 0.517290
v -0.248098 0.359470 0.517290
v -0.234101 0.368920 0.517290
v -0.219753 0.377826 0.517290
v -0.205073 0.386177 0.517290
v -0.190085 0.393959 0.517290
v -0.174810 0.401161 0.517290
v -0.159270 0.407773 0.517290
v -0.143488 0.413785 0.517290
v -0.127487 0.419188 0.517290
v -0.111291 0.423975 0.517290
v -0.094924 0.428137 0.517290
v -0.078410 0.431669 0.517290
v -0.061772 0.434566 0.517290
v -0.045035 0.436824 0.517290
v -0.028224 0.438439 0.517290
v -0.011364 0.439409 0.517290
v 0.272765 0.349491 0.517290
v 0.285997 0.338998 0.517290
v 0.298818 0.328005 0.517290
v 0.311208 0.316530 0.517290
v 0.323150 0.304588 0.517290
v 0.334626 0.292197 0.517290
v 0.345618 0.279377 0.517290
v 0.356112 0.266144 0.517290
v 0.366090 0.252519 0.517290
v 0.375540 0.238523 0.517290
v 0.384447 0.224174 0.517290
v 0.392797 0.209495 0.517290
v 0.400580 0.194506 0.517290
v 0.407782 0.179231 0.517290
v 0.414394 0.163691 0.517290
v 0.420406 0.147909 0.517290
v 0.425809 0.131909 0.517290
v 0.430595 0.115713 0.517290
v 0.434757 0.099346 0.517290
v 0.438290 0.082831 0.517290
v 0.005521 0.439733 0.517290
v 0.022406 0.439409 0.517290
v 0.039266 0.438439 0.517290
v 0.056077 0.436824 0.517290
v 0.072814 0.434566 0.517290
v 0.089451 0.431669 0.517290
v 0.105966 0.428137 0.517290
v 0.122333 0.423975 0.517290
v 0.138529 0.419188 0.517290
v 0.154530 0.413785 0.517290
v 0.170312 0.407773 0.517290
v 0.185852 0.401161 0.517290
v 0.201127 0.393959 0.517290
v 0.216115 0.386177 0.517290
v 0.230795 0.377826 0.517290
v 0.245143 0.368920 0.517290
v 0.259140 0.359470 0.517290
v -0.434988 0.015785 0.473207
v -0.435311 -0.001100 0.473207
v -0.434988 -0.017985 0.473207
v -0.434018 -0.034845 0.473207
v -0.432403 -0.051656 0.473207
v -0.430145 -0.068392 0.473207
v -0.427248 -0.085030 0.473207
v -0.423715 -0.101545 0.473207
v -0.419553 -0.117912 0.473207
v -0.414767 -0.134108 0.473207
v -0.409364 -0.150108 0.473207
v -0.403352 -0.165890 0.473207
v -0.396740 -0.181430 0.473207
v -0.389538 -0.196706 0.473207
v -0.381756 -0.211694 0.473207
v -0.373405 -0.226373 0.473207
v -0.364498 -0.240722 0.473207
v -0.355049 -0.254719 0.473207
v -0.345070 -0.268343 0.473207
v -0.334576 -0.281576 0.473207
v -0.323584 -0.294397 0.473207
v -0.312108 -0.306787 0.473207
v -0.300167 -0.318729 0.473207
v -0.287776 -0.330204 0.473207
v -0.274955 -0.341197 0.473207
v -0.261723 -0.351690 0.473207
v -0.248098 -0.361669 0.473207
v -0.234101 -0.371119 0.473207
v -0.219753 -0.380026 0.473207
v -0.205073 -0.388376 0.473207
v -0.190085 -0.396158 0.473207
v -0.174810 -0.403361 0.473207
v -0.159270 -0.409973 0.473207
v -0.143488 -0.415985 0.473207
v -0.127487 -0.421388 0.473207
v -0.111291 -0.426174 0.473207
v -0.094924 -0.430336 0.473207
v -0.078410 -0.433868 0.473207
v -0.061772 -0.436766 0.473207
v -0.045035 -0.439023 0.473207
v -0.028224 -0.440638 0.473207
v -0.011364 -0.441608 0.473207
v 0.005521 -0.441932 0.473207
v 0.022406 -0.441608 0.473207
v 0.039266 -0.440638 0.473207
v 0.056077 -0.439023 0.473207
v 0.072814 -0.436766 0.473207
v 0.089451 -0.433868 0.473207
v 0.105966 -0.430336 0.473207
v 0.122333 -0.426174 0.473207
v 0.138529 -0.421388 0.473207
v 0.154530 -0.415985 0.473207
v 0.170312 -0.409973 0.473207
v 0.185852 -0.403361 0.473207
v 0.201127 -0.396158 0.473207
v 0.216115 -0.388376 0.473207
v 0.230795 -0.380026 0.473207
v 0.245143 -0.371119 0.473207
v 0.259140 -0.361669 0.473207
v 0.272765 -0.351690 0.473207
v 0.285997 -0.341197 0.473207
v 0.298818 -0.330204 0.473207
v 0.311208 -0.318729 0.473207
v 0.323150 -0.306787 0.473207
v 0.334626 -0.294397 0.473207
v 0.345618 -0.281576 0.473207
v 0.356112 -0.268343 0.473207
v 0.366090 -0.254719 0.473207
v 0.375540 -0.240722 0.473207
v 0.384447 -0.226373 0.473207
v 0.392797 -0.211694 0.473207
v 0.400580 -0.196706 0.473207
v 0.407782 -0.181430 0.473207
v 0.414394 -0.165890 0.473207
v 0.420406 -0.150108 0.473207
v 0.425809 -0.134108 0.473207
v 0.430595 -0.117912 0.473207
v 0.434757 -0.101545 0.473207
v 0.438290 -0.085030 0.473207
v 0.441187 -0.068392 0.473207
v 0.443445 -0.051656 0.473207
v 0.445060 -0.034845 0.473207
v 0.446030 -0.017985 0.473207
v 0.446353 -0.001100 0.473207
v 0.446030 0.015785 0.473207
v 0.445060 0.032646 0.473207
v 0.443445 0.049457 0.473207
v 0.441187 0.066193 0.473207
v 0.438290 0.082831 0.473207
v 0.434757 0.099346 0.473207
v 0.430595 0.115713 0.473207
v 0.425809 0.131909 0.473207
v 0.420406 0.147909 0.473207
v 0.414394 0.163691 0.473207
v 0.407782 0.179231 0.473207
v 0.400580 0.194506 0.473207
v 0.392797 0.209495 0.473207
v 0.384447 0.224174 0.473207
v 0.375540 0.238523 0.473207
v 0.366090 0.252519 0.473207
v 0.356112 0.266144 0.473207
v 0.345618 0.279377 0.473207
v 0.334626 0.292197 0.473207
v 0.323150 0.304588 0.473207
v 0.311208 0.316530 0.473207
v 0.298818 0.328005 0.473207
v 0.285997 0.338998 0.473207
v 0.272765 0.349491 0.473207
v 0.259140 0.359470 0.473207
v 0.245143 0.368920 0.473207
v 0.230795 0.377826 0.473207
v 0.216115 0.386177 0.473207
v 0.201127 0.393959 0.473207
v 0.185852 0.401161 0.473207
v 0.170312 0.407773 0.473207
v 0.154530 0.413785 0.473207
v 0.138529 0.419188 0.473207
v 0.122333 0.423975 0.473207
v 0.105966 0.428137 0.473207
v 0.089451 0.431669 0.473207
v 0.072814 0.434566 0.473207
v 0.056077 0.436824 0.473207
v 0.039266 0.438439 0.473207
v 0.022406 0.439409 0.473207
v 0.005521 0.439733 0.473207
v -0.011364 0.439409 0.473207
v -0.028224 0.438439 0.473207
v -0.045035 0.436824 0.473207
v -0.061772 0.434566 0.473207
v -0.078410 0.431669 0.473207
v -0.094924 0.428137 0.473207
v -0.111291 0.423975 0.473207
v -0.127487 0.419188 0.473207
v -0.143488 0.413785 0.473207
v -0.159270 0.407773 0.473207
v -0.174810 0.401161 0.473207
v -0.190085 0.393959 0.473207
v -0.205073 0.386177 0.473207
v -0.219753 0.377826 0.473207
v -0.234101 0.368920 0.473207
v -0.248098 0.359470 0.473207
v -0.261723 0.349491 0.473207
v -0.274955 0.338998 0.473207
v -0.287776 0.328005 0.473207
v -0.300167 0.316530 0.473207
v -0.312108 0.304588 0.473207
v -0.323584 0.292197 0.473207
v -0.334576 0.279377 0.473207
v -0.345070 0.266144 0.473207
v -0.355049 0.252519 0.473207
v -0.364498 0.238523 0.473207
v -0.373405 0.224174 0.473207
v -0.381756 0.209495 0.473207
v -0.389538 0.194506 0.473207
v -0.396740 0.179231 0.473207
v -0.403352 0.163691 0.473207
v -0.409364 0.147909 0.473207
v -0.414767 0.131909 0.473207
v -0.419553 0.115713 0.473207
v -0.423715 0.099346 0.473207
v -0.427248 0.082831 0.473207
v -0.430145 0.066193 0.473207
v -0.432403 0.049457 0.473207
v -0.434018 0.032646 0.473207
v 0.005521 0.402997 0.473207
v 0.042211 0.364424 0.473207
v 0.055513 0.362843 0.473207
v 0.068748 0.360779 0.473207
v 0.081899 0.358233 0.473207
v 0.094949 0.355209 0.473207
v 0.107880 0.351712 0.473207
v 0.120675 0.347746 0.473207
v -0.361654 0.010576 0.473207
v -0.361835 -0.002818 0.473207
v -0.396362 -0.043339 0.473207
v -0.360984 0.023955 0.473207
v -0.359827 0.037300 0.473207
v -0.358184 0.050594 0.473207
v -0.356058 0.063820 0.473207
v -0.353450 0.076959 0.473207
v -0.378797 0.123773 0.473207
v -0.330775 0.146748 0.473207
v -0.325161 0.158910 0.473207
v -0.319107 0.170860 0.473207
v -0.312622 0.182581 0.473207
v -0.305714 0.194057 0.473207
v -0.298392 0.205274 0.473207
v -0.290666 0.216217 0.473207
v -0.294781 0.269294 0.473207
v -0.241565 0.270749 0.473207
v -0.231490 0.279577 0.473207
v -0.221100 0.288031 0.473207
v -0.210408 0.296101 0.473207
v -0.199429 0.303776 0.473207
v -0.188178 0.311045 0.473207
v -0.176669 0.317899 0.473207
v -0.158840 0.368061 0.473207
v -0.109633 0.347746 0.473207
v -0.096838 0.351712 0.473207
v -0.083907 0.355209 0.473207
v -0.070858 0.358233 0.473207
v -0.057706 0.360779 0.473207
v -0.044471 0.362843 0.473207
v -0.031169 0.364424 0.473207
v 0.169882 0.368061 0.473207
v 0.187711 0.317899 0.473207
v 0.199220 0.311045 0.473207
v 0.210471 0.303776 0.473207
v 0.221450 0.296101 0.473207
v 0.232142 0.288031 0.473207
v 0.242532 0.279577 0.473207
v 0.252607 0.270749 0.473207
v 0.305823 0.269294 0.473207
v 0.301708 0.216217 0.473207
v 0.309434 0.205274 0.473207
v 0.316756 0.194057 0.473207
v 0.323664 0.182581 0.473207
v 0.330149 0.170860 0.473207
v 0.336203 0.158910 0.473207
v 0.341817 0.146748 0.473207
v 0.389839 0.123773 0.473207
v 0.364492 0.076959 0.473207
v 0.367099 0.063820 0.473207
v 0.369226 0.050594 0.473207
v 0.370869 0.037300 0.473207
v 0.372026 0.023955 0.473207
v 0.372696 0.010576 0.473207
v 0.372877 -0.002818 0.473207
v 0.407403 -0.043339 0.473207
v 0.365207 -0.075796 0.473207
v 0.362244 -0.088860 0.473207
v 0.358808 -0.101807 0.473207
v 0.354901 -0.114620 0.473207
v 0.350530 -0.127282 0.473207
v 0.345700 -0.139777 0.473207
v 0.340419 -0.152087 0.473207
v 0.355479 -0.203148 0.473207
v 0.303728 -0.215636 0.473207
v 0.295709 -0.226365 0.473207
v 0.287303 -0.236795 0.473207
v 0.278523 -0.246912 0.473207
v 0.269379 -0.256701 0.473207
v 0.259885 -0.266151 0.473207
v 0.250053 -0.275248 0.473207
v 0.243043 -0.328020 0.473207
v 0.190687 -0.318380 0.473207
v 0.178997 -0.324920 0.473207
v 0.167076 -0.331029 0.473207
v 0.154940 -0.336700 0.473207
v 0.142605 -0.341924 0.473207
v 0.130088 -0.346695 0.473207
v 0.117406 -0.351007 0.473207
v 0.089537 -0.396365 0.473207
v 0.045629 -0.366264 0.473207
v 0.032290 -0.367483 0.473207
v 0.018914 -0.368216 0.473207
v 0.005521 -0.368460 0.473207
v -0.007872 -0.368216 0.473207
v -0.021248 -0.367483 0.473207
v -0.034587 -0.366264 0.473207
v -0.078495 -0.396365 0.473207
v -0.106364 -0.351007 0.473207
v -0.119047 -0.346695 0.473207
v -0.131563 -0.341924 0.473207
v -0.143898 -0.336700 0.473207
v -0.156034 -0.331029 0.473207
v -0.167955 -0.324920 0.473207
v -0.179646 -0.318380 0.473207
v -0.232001 -0.328020 0.473207
v -0.248843 -0.266151 0.473207
v -0.239011 -0.275248 0.473207
v -0.258338 -0.256701 0.473207
v -0.267481 -0.246912 0.473207
v -0.276261 -0.236795 0.473207
v -0.284667 -0.226365 0.473207
v -0.292687 -0.215636 0.473207
v -0.344437 -0.203148 0.473207
v -0.334659 -0.139777 0.473207
v -0.329377 -0.152087 0.473207
v -0.339488 -0.127282 0.473207
v -0.343859 -0.114620 0.473207
v -0.347766 -0.101807 0.473207
v -0.351203 -0.088860 0.473207
v -0.354165 -0.075796 0.473207
v -0.096838 0.351712 0.249117
v -0.083907 0.355209 0.249117
v -0.070858 0.358233 0.249117
v -0.057706 0.360779 0.249117
v -0.044471 0.362843 0.249117
v 0.055513 0.362843 0.249117
v 0.068748 0.360779 0.249117
v 0.081899 0.358233 0.249117
v 0.094949 0.355209 0.249117
v 0.107880 0.351712 0.249117
v -0.231490 0.279577 0.249117
v -0.221100 0.288031 0.249117
v -0.210408 0.296101 0.249117
v -0.199429 0.303776 0.249117
v -0.188178 0.311045 0.249117
v 0.199220 0.311045 0.249117
v 0.210471 0.303776 0.249117
v 0.221450 0.296101 0.249117
v 0.232142 0.288031 0.249117
v 0.242532 0.279577 0.249117
v -0.325161 0.158910 0.249117
v -0.319107 0.170860 0.249117
v -0.312622 0.182580 0.249117
v -0.305714 0.194057 0.249117
v -0.298392 0.205274 0.249117
v 0.309434 0.205274 0.249117
v 0.316756 0.194057 0.249117
v 0.323664 0.182580 0.249117
v 0.330149 0.170860 0.249117
v 0.336203 0.158910 0.249117
v -0.361654 0.010576 0.249117
v -0.360984 0.023955 0.249117
v -0.359827 0.037300 0.249117
v -0.358184 0.050594 0.249117
v -0.356058 0.063820 0.249117
v 0.367099 0.063820 0.249117
v 0.369226 0.050594 0.249117
v 0.370869 0.037300 0.249117
v 0.372026 0.023955 0.249117
v 0.372696 0.010576 0.249117
v -0.334659 -0.139777 0.249117
v -0.339488 -0.127282 0.249117
v -0.343859 -0.114620 0.249117
v -0.347766 -0.101807 0.249117
v -0.351203 -0.088860 0.249117
v 0.362244 -0.088860 0.249117
v 0.358808 -0.101807 0.249117
v 0.354901 -0.114620 0.249117
v 0.350530 -0.127282 0.249117
v 0.345700 -0.139777 0.249117
v -0.248843 -0.266151 0.249117
v -0.258338 -0.256701 0.249117
v -0.267481 -0.246912 0.249117
v -0.276261 -0.236795 0.249117
v -0.284667 -0.226365 0.249117
v 0.295709 -0.226365 0.249117
v 0.287303 -0.236795 0.249117
v 0.278523 -0.246912 0.249117
v 0.269379 -0.256701 0.249117
v 0.259885 -0.266151 0.249117
v -0.119047 -0.346696 0.249117
v -0.131563 -0.341924 0.249117
v -0.143898 -0.336700 0.249117
v -0.156034 -0.331029 0.249117
v -0.167955 -0.324920 0.249117
v 0.178997 -0.324920 0.249117
v 0.167076 -0.331029 0.249117
v 0.154940 -0.336700 0.249117
v 0.142605 -0.341924 0.249117
v 0.130088 -0.346696 0.249117
v 0.032290 -0.367483 0.249117
v 0.018914 -0.368216 0.249117
v 0.005521 -0.368460 0.249117
v -0.007872 -0.368216 0.249117
v -0.021248 -0.367483 0.249117
v -0.434988 0.015785 -0.019056
v -0.396362 0.041140 -0.019056
v -0.435311 -0.001100 -0.019056
v -0.361835 0.000619 -0.019056
v -0.361654 -0.012775 -0.019056
v -0.434018 0.032646 -0.019056
v -0.432403 0.049456 -0.019056
v -0.430145 0.066193 -0.019056
v -0.427248 0.082831 -0.019056
v -0.354165 0.073597 -0.019056
v -0.423715 0.099346 -0.019056
v -0.351203 0.086661 -0.019056
v -0.419553 0.115713 -0.019056
v -0.347766 0.099608 -0.019056
v -0.414767 0.131909 -0.019056
v -0.343859 0.112421 -0.019056
v -0.409364 0.147909 -0.019056
v -0.339488 0.125083 -0.019056
v -0.403352 0.163691 -0.019056
v -0.334659 0.137578 -0.019056
v -0.396740 0.179231 -0.019056
v -0.329377 0.149888 -0.019056
v -0.344437 0.200948 -0.019056
v -0.389538 0.194506 -0.019056
v -0.381756 0.209495 -0.019056
v -0.373405 0.224174 -0.019056
v -0.364498 0.238522 -0.019056
v -0.355049 0.252519 -0.019056
v -0.292687 0.213437 -0.019056
v -0.345070 0.266144 -0.019056
v -0.284667 0.224166 -0.019056
v -0.334576 0.279377 -0.019056
v -0.276261 0.234596 -0.019056
v -0.323584 0.292197 -0.019056
v -0.267481 0.244712 -0.019056
v -0.312108 0.304588 -0.019056
v -0.258338 0.254502 -0.019056
v -0.300167 0.316530 -0.019056
v -0.248843 0.263952 -0.019056
v -0.287776 0.328005 -0.019056
v -0.239011 0.273049 -0.019056
v -0.232001 0.325821 -0.019056
v -0.274955 0.338998 -0.019056
v -0.261723 0.349491 -0.019056
v -0.248098 0.359470 -0.019056
v -0.234101 0.368920 -0.019056
v -0.219753 0.377826 -0.019056
v -0.179646 0.316181 -0.019056
v -0.205073 0.386177 -0.019056
v -0.167955 0.322721 -0.019056
v -0.190085 0.393959 -0.019056
v -0.156034 0.328830 -0.019056
v -0.174810 0.401161 -0.019056
v -0.143898 0.334501 -0.019056
v -0.159270 0.407773 -0.019056
v -0.131563 0.339725 -0.019056
v -0.119047 0.344496 -0.019056
v -0.143488 0.413785 -0.019056
v -0.106364 0.348808 -0.019056
v -0.127487 0.419188 -0.019056
v -0.078495 0.394166 -0.019056
v -0.111291 0.423974 -0.019056
v -0.094924 0.428137 -0.019056
v -0.078410 0.431669 -0.019056
v -0.061772 0.434566 -0.019056
v -0.045035 0.436824 -0.019056
v -0.034587 0.364065 -0.019056
v -0.028224 0.438439 -0.019056
v -0.021248 0.365284 -0.019056
v -0.011364 0.439409 -0.019056
v -0.007872 0.366016 -0.019056
v 0.005521 0.439733 -0.019056
v 0.005521 0.366261 -0.019056
v 0.018914 0.366016 -0.019056
v 0.022406 0.439409 -0.019056
v 0.032290 0.365284 -0.019056
v 0.039266 0.438439 -0.019056
v 0.045629 0.364065 -0.019056
v 0.056077 0.436824 -0.019056
v 0.089537 0.394166 -0.019056
v 0.072814 0.434566 -0.019056
v 0.089451 0.431669 -0.019056
v 0.105966 0.428137 -0.019056
v 0.122333 0.423974 -0.019056
v 0.138529 0.419188 -0.019056
v 0.117406 0.348808 -0.019056
v 0.154530 0.413785 -0.019056
v 0.130088 0.344496 -0.019056
v 0.170312 0.407773 -0.019056
v 0.142605 0.339725 -0.019056
v 0.154940 0.334501 -0.019056
v 0.185852 0.401161 -0.019056
v 0.167076 0.328830 -0.019056
v 0.201127 0.393959 -0.019056
v 0.178997 0.322721 -0.019056
v 0.216115 0.386177 -0.019056
v 0.190687 0.316181 -0.019056
v 0.230795 0.377826 -0.019056
v 0.243043 0.325821 -0.019056
v 0.245143 0.368920 -0.019056
v 0.259140 0.359470 -0.019056
v 0.272765 0.349491 -0.019056
v 0.285997 0.338998 -0.019056
v 0.298818 0.328005 -0.019056
v 0.311208 0.316530 -0.019056
v 0.259885 0.263952 -0.019056
v 0.250053 0.273049 -0.019056
v 0.269379 0.254502 -0.019056
v 0.323150 0.304588 -0.019056
v 0.278523 0.244712 -0.019056
v 0.334626 0.292197 -0.019056
v 0.287303 0.234596 -0.019056
v 0.345618 0.279377 -0.019056
v 0.295709 0.224166 -0.019056
v 0.356112 0.266144 -0.019056
v 0.303728 0.213437 -0.019056
v 0.366090 0.252519 -0.019056
v 0.355479 0.200948 -0.019056
v 0.375540 0.238522 -0.019056
v 0.384447 0.224174 -0.019056
v 0.392797 0.209495 -0.019056
v 0.400580 0.194506 -0.019056
v 0.407782 0.179231 -0.019056
v 0.414394 0.163691 -0.019056
v 0.345700 0.137578 -0.019056
v 0.340419 0.149888 -0.019056
v 0.350530 0.125083 -0.019056
v 0.420406 0.147909 -0.019056
v 0.354901 0.112421 -0.019056
v 0.425809 0.131909 -0.019056
v 0.358808 0.099608 -0.019056
v 0.430595 0.115713 -0.019056
v 0.362244 0.086661 -0.019056
v 0.434757 0.099346 -0.019056
v 0.365207 0.073597 -0.019056
v 0.438290 0.082831 -0.019056
v 0.407403 0.041140 -0.019056
v 0.441187 0.066193 -0.019056
v 0.443445 0.049456 -0.019056
v 0.445060 0.032646 -0.019056
v 0.446030 0.015785 -0.019056
v 0.446353 -0.001100 -0.019056
v 0.446030 -0.017985 -0.019056
v 0.372696 -0.012775 -0.019056
v 0.372877 0.000619 -0.019056
v 0.372026 -0.026154 -0.019056
v 0.445060 -0.034845 -0.019056
v 0.370869 -0.039499 -0.019056
v 0.443445 -0.051656 -0.019056
v 0.369226 -0.052794 -0.019056
v 0.441187 -0.068392 -0.019056
v 0.367099 -0.066019 -0.019056
v 0.438290 -0.085030 -0.019056
v 0.364492 -0.079158 -0.019056
v 0.434757 -0.101545 -0.019056
v 0.389839 -0.125972 -0.019056
v 0.430595 -0.117912 -0.019056
v 0.425809 -0.134108 -0.019056
v 0.420406 -0.150108 -0.019056
v 0.414394 -0.165890 -0.019056
v 0.341817 -0.148947 -0.019056
v 0.407782 -0.181430 -0.019056
v 0.336203 -0.161109 -0.019056
v 0.400580 -0.196706 -0.019056
v 0.330149 -0.173059 -0.019056
v 0.392797 -0.211694 -0.019056
v 0.323664 -0.184780 -0.019056
v 0.384447 -0.226373 -0.019056
v 0.316756 -0.196257 -0.019056
v 0.375540 -0.240722 -0.019056
v 0.309434 -0.207474 -0.019056
v 0.366090 -0.254719 -0.019056
v 0.301708 -0.218417 -0.019056
v 0.356112 -0.268343 -0.019056
v 0.305823 -0.271493 -0.019056
v 0.345618 -0.281576 -0.019056
v 0.334626 -0.294397 -0.019056
v 0.323150 -0.306787 -0.019056
v 0.311208 -0.318729 -0.019056
v 0.252607 -0.272949 -0.019056
v 0.298818 -0.330204 -0.019056
v 0.242532 -0.281776 -0.019056
v 0.285997 -0.341197 -0.019056
v 0.232142 -0.290230 -0.019056
v 0.272765 -0.351690 -0.019056
v 0.221450 -0.298300 -0.019056
v 0.259140 -0.361669 -0.019056
v 0.210471 -0.305975 -0.019056
v 0.245143 -0.371119 -0.019056
v 0.199220 -0.313244 -0.019056
v 0.230795 -0.380026 -0.019056
v 0.187711 -0.320099 -0.019056
v 0.216115 -0.388376 -0.019056
v 0.169882 -0.370260 -0.019056
v 0.201127 -0.396158 -0.019056
v 0.185852 -0.403361 -0.019056
v 0.170312 -0.409973 -0.019056
v 0.154530 -0.415985 -0.019056
v 0.120675 -0.349945 -0.019056
v 0.138529 -0.421388 -0.019056
v 0.107880 -0.353911 -0.019056
v 0.122333 -0.426174 -0.019056
v 0.094949 -0.357409 -0.019056
v 0.105966 -0.430336 -0.019056
v 0.081899 -0.360432 -0.019056
v 0.089451 -0.433868 -0.019056
v 0.068748 -0.362978 -0.019056
v 0.072814 -0.436766 -0.019056
v 0.055513 -0.365042 -0.019056
v 0.056077 -0.439023 -0.019056
v 0.042211 -0.366623 -0.019056
v 0.039266 -0.440638 -0.019056
v 0.005521 -0.405196 -0.019056
v 0.022406 -0.441608 -0.019056
v 0.005521 -0.441932 -0.019056
v -0.011364 -0.441608 -0.019056
v -0.028224 -0.440638 -0.019056
v -0.031169 -0.366623 -0.019056
v -0.045035 -0.439023 -0.019056
v -0.044471 -0.365042 -0.019056
v -0.061772 -0.436766 -0.019056
v -0.057706 -0.362978 -0.019056
v -0.078410 -0.433868 -0.019056
v -0.070858 -0.360432 -0.019056
v -0.094924 -0.430336 -0.019056
v -0.083907 -0.357409 -0.019056
v -0.111291 -0.426174 -0.019056
v -0.096838 -0.353911 -0.019056
v -0.127487 -0.421388 -0.019056
v -0.109633 -0.349945 -0.019056
v -0.143488 -0.415985 -0.019056
v -0.158840 -0.370260 -0.019056
v -0.159270 -0.409973 -0.019056
v -0.174810 -0.403361 -0.019056
v -0.190085 -0.396158 -0.019056
v -0.205073 -0.388376 -0.019056
v -0.176669 -0.320099 -0.019056
v -0.219753 -0.380026 -0.019056
v -0.188178 -0.313244 -0.019056
v -0.234101 -0.371119 -0.019056
v -0.199429 -0.305975 -0.019056
v -0.248098 -0.361669 -0.019056
v -0.210408 -0.298300 -0.019056
v -0.261723 -0.351690 -0.019056
v -0.221100 -0.290230 -0.019056
v -0.274955 -0.341197 -0.019056
v -0.231490 -0.281776 -0.019056
v -0.287776 -0.330204 -0.019056
v -0.241565 -0.272949 -0.019056
v -0.300167 -0.318729 -0.019056
v -0.294781 -0.271493 -0.019056
v -0.312108 -0.306787 -0.019056
v -0.323584 -0.294397 -0.019056
v -0.334576 -0.281576 -0.019056
v -0.345070 -0.268343 -0.019056
v -0.290666 -0.218417 -0.019056
v -0.355049 -0.254719 -0.019056
v -0.298392 -0.207474 -0.019056
v -0.364498 -0.240722 -0.019056
v -0.305714 -0.196257 -0.019056
v -0.373405 -0.226373 -0.019056
v -0.312622 -0.184780 -0.019056
v -0.381756 -0.211694 -0.019056
v -0.319107 -0.173059 -0.019056
v -0.389538 -0.196706 -0.019056
v -0.325161 -0.161109 -0.019056
v -0.396740 -0.181430 -0.019056
v -0.330775 -0.148947 -0.019056
v -0.403352 -0.165890 -0.019056
v -0.378797 -0.125972 -0.019056
v -0.409364 -0.150108 -0.019056
v -0.414767 -0.134108 -0.019056
v -0.419553 -0.117912 -0.019056
v -0.423715 -0.101545 -0.019056
v -0.353450 -0.079158 -0.019056
v -0.427248 -0.085030 -0.019056
v -0.356058 -0.066019 -0.019056
v -0.430145 -0.068392 -0.019056
v -0.358184 -0.052794 -0.019056
v -0.432403 -0.051656 -0.019056
v -0.359827 -0.039499 -0.019056
v -0.434018 -0.034845 -0.019056
v -0.360984 -0.026154 -0.019056
v -0.434988 -0.017985 -0.019056
v -0.129166 -0.352491 -0.391368
v -0.125565 -0.356523 -0.391368
v -0.129212 -0.352534 -0.390052
v -0.125639 -0.356553 -0.389877
v -0.129347 -0.352660 -0.388748
v -0.125859 -0.356644 -0.388403
v -0.129568 -0.352866 -0.387467
v -0.126223 -0.356794 -0.386962
v -0.129871 -0.353148 -0.386216
v -0.126725 -0.357002 -0.385571
v -0.130709 -0.353930 -0.383844
v -0.127359 -0.357263 -0.384244
v -0.128116 -0.357576 -0.382995
v -0.131237 -0.354423 -0.382742
v -0.128984 -0.357934 -0.381839
v -0.131834 -0.354979 -0.381707
v -0.129955 -0.358335 -0.380782
v -0.132495 -0.355596 -0.380750
v -0.131021 -0.358775 -0.379830
v -0.133216 -0.356269 -0.379878
v -0.133995 -0.356995 -0.379102
v -0.136750 -0.352651 -0.379878
v -0.137494 -0.353413 -0.379102
v -0.140382 -0.349278 -0.379878
v -0.141085 -0.350078 -0.379102
v -0.144115 -0.346166 -0.379878
v -0.144772 -0.347004 -0.379102
v -0.147660 -0.343531 -0.379878
v -0.148268 -0.344405 -0.379102
v -0.151292 -0.341141 -0.379878
v -0.151846 -0.342050 -0.379102
v -0.155012 -0.339009 -0.379878
v -0.155508 -0.339952 -0.379102
v -0.158821 -0.337146 -0.379878
v -0.159254 -0.338119 -0.379102
v -0.162720 -0.335562 -0.379878
v -0.163084 -0.336563 -0.379102
v -0.166708 -0.334270 -0.379878
v -0.166999 -0.335295 -0.379102
v -0.168968 -0.334777 -0.379102
v -0.169235 -0.335878 -0.378431
v -0.171571 -0.334440 -0.378952
v -0.171060 -0.335879 -0.378215
v -0.169517 -0.337034 -0.377869
v -0.170527 -0.337378 -0.377624
v -0.169809 -0.338235 -0.377416
v -0.169978 -0.338925 -0.377179
v -0.167970 -0.338720 -0.377416
v -0.168671 -0.341192 -0.376842
v -0.165178 -0.342324 -0.376842
v -0.168853 -0.342089 -0.376711
v -0.166077 -0.344796 -0.376719
v -0.167718 -0.345283 -0.376769
v -0.166526 -0.346030 -0.376830
v -0.166969 -0.347249 -0.377056
v -0.163870 -0.348508 -0.377056
v -0.166601 -0.348424 -0.377302
v -0.164386 -0.349669 -0.377399
v -0.164887 -0.350797 -0.377861
v -0.161969 -0.352226 -0.377861
v -0.162522 -0.353276 -0.378435
v -0.159688 -0.354902 -0.378435
v -0.160277 -0.355866 -0.379115
v -0.157513 -0.357689 -0.379115
v -0.158121 -0.358563 -0.379893
v -0.155411 -0.360583 -0.379893
v -0.156023 -0.361364 -0.380762
v -0.153137 -0.363777 -0.380762
v -0.153739 -0.364461 -0.381714
v -0.151161 -0.367090 -0.381908
v -0.154283 -0.365079 -0.382744
v -0.152043 -0.367454 -0.383059
v -0.154763 -0.365625 -0.383844
v -0.152812 -0.367772 -0.384296
v -0.155175 -0.366093 -0.385006
v -0.153458 -0.368038 -0.385609
v -0.155512 -0.366476 -0.386220
v -0.153973 -0.368251 -0.386990
v -0.155776 -0.366776 -0.387475
v -0.154348 -0.368406 -0.388426
v -0.155964 -0.366990 -0.388762
v -0.154574 -0.368499 -0.389891
v -0.156078 -0.367119 -0.390069
v -0.154650 -0.368530 -0.391373
v -0.156079 -0.367120 -0.392703
v -0.154573 -0.368498 -0.392860
v -0.155965 -0.366991 -0.394010
v -0.154344 -0.368404 -0.394330
v -0.155775 -0.366775 -0.395295
v -0.153969 -0.368249 -0.395760
v -0.155509 -0.366472 -0.396549
v -0.153453 -0.368036 -0.397139
v -0.155166 -0.366082 -0.397760
v -0.152803 -0.367768 -0.398457
v -0.154747 -0.365607 -0.398912
v -0.152032 -0.367450 -0.399694
v -0.154260 -0.365053 -0.399998
v -0.151151 -0.367086 -0.400840
v -0.153709 -0.364426 -0.401012
v -0.150169 -0.366680 -0.401890
v -0.153100 -0.363735 -0.401950
v -0.150205 -0.366428 -0.401950
v -0.149096 -0.366238 -0.402835
v -0.132166 -0.359248 -0.378996
v -0.134824 -0.357768 -0.378431
v -0.138286 -0.354224 -0.378431
v -0.141834 -0.350929 -0.378431
v -0.145471 -0.347896 -0.378431
v -0.148915 -0.345335 -0.378431
v -0.152437 -0.343017 -0.378431
v -0.156036 -0.340954 -0.378431
v -0.159714 -0.339155 -0.378431
v -0.163471 -0.337629 -0.378431
v -0.167308 -0.336385 -0.378431
v -0.133379 -0.359749 -0.378285
v -0.135695 -0.358580 -0.377869
v -0.139117 -0.355075 -0.377869
v -0.142620 -0.351822 -0.377869
v -0.146205 -0.348833 -0.377869
v -0.149595 -0.346311 -0.377869
v -0.153056 -0.344033 -0.377869
v -0.156590 -0.342007 -0.377869
v -0.160197 -0.340242 -0.377869
v -0.163878 -0.338747 -0.377869
v -0.167633 -0.337530 -0.377869
v -0.134649 -0.360273 -0.377700
v -0.136599 -0.359423 -0.377416
v -0.139981 -0.355959 -0.377416
v -0.143436 -0.352750 -0.377416
v -0.146967 -0.349806 -0.377416
v -0.150300 -0.347325 -0.377416
v -0.153700 -0.345088 -0.377416
v -0.157166 -0.343101 -0.377416
v -0.160699 -0.341372 -0.377416
v -0.164300 -0.339909 -0.377416
v -0.135966 -0.360817 -0.377244
v -0.137317 -0.361374 -0.376920
v -0.141777 -0.357798 -0.376842
v -0.145134 -0.354679 -0.376842
v -0.148551 -0.351828 -0.376842
v -0.151768 -0.349434 -0.376842
v -0.155038 -0.347281 -0.376842
v -0.158362 -0.345374 -0.376842
v -0.161742 -0.343720 -0.376842
v -0.138478 -0.361176 -0.376842
v -0.138687 -0.361940 -0.376730
v -0.140068 -0.362510 -0.376674
v -0.143615 -0.359680 -0.376719
v -0.141450 -0.363081 -0.376752
v -0.144532 -0.360619 -0.376830
v -0.142822 -0.363647 -0.376962
v -0.145438 -0.361547 -0.377056
v -0.144168 -0.364203 -0.377302
v -0.146325 -0.362456 -0.377399
v -0.145481 -0.364745 -0.377770
v -0.147188 -0.363339 -0.377861
v -0.146749 -0.365269 -0.378364
v -0.148017 -0.364188 -0.378435
v -0.147965 -0.365770 -0.379081
v -0.148806 -0.364996 -0.379115
v -0.149112 -0.366244 -0.379914
v -0.149550 -0.365758 -0.379893
v -0.150244 -0.366468 -0.380762
v -0.152482 -0.363032 -0.379893
v -0.150181 -0.366685 -0.380858
v -0.147948 -0.365764 -0.403666
v -0.148758 -0.364947 -0.403574
v -0.151733 -0.362181 -0.403574
v -0.155989 -0.361320 -0.401950
v -0.156557 -0.362045 -0.401012
v -0.159182 -0.360087 -0.401012
v -0.159658 -0.360772 -0.399998
v -0.162233 -0.359072 -0.399998
v -0.160079 -0.361377 -0.398912
v -0.162507 -0.359943 -0.398682
v -0.160441 -0.361897 -0.397760
v -0.162188 -0.360841 -0.397547
v -0.160738 -0.362323 -0.396549
v -0.161910 -0.361623 -0.396323
v -0.160968 -0.362655 -0.395295
v -0.161683 -0.362260 -0.395008
v -0.161132 -0.362890 -0.394010
v -0.161520 -0.362718 -0.393612
v -0.161230 -0.363031 -0.392703
v -0.161434 -0.362962 -0.392171
v -0.158769 -0.364869 -0.392703
v -0.161430 -0.362972 -0.390695
v -0.158768 -0.364868 -0.390069
v -0.161230 -0.363030 -0.390069
v -0.161132 -0.362889 -0.388762
v -0.161511 -0.362745 -0.389233
v -0.161669 -0.362299 -0.387824
v -0.146734 -0.365262 -0.404380
v -0.147141 -0.363291 -0.404826
v -0.145464 -0.364738 -0.404973
v -0.146283 -0.362413 -0.405299
v -0.144149 -0.364195 -0.405440
v -0.145401 -0.361509 -0.405663
v -0.142801 -0.363638 -0.405779
v -0.144500 -0.360587 -0.405913
v -0.141432 -0.363073 -0.405987
v -0.143587 -0.359652 -0.406042
v -0.140051 -0.362503 -0.406062
v -0.142668 -0.358711 -0.406047
v -0.139412 -0.362047 -0.406047
v -0.138667 -0.361932 -0.406004
v -0.137295 -0.361365 -0.405812
v -0.138451 -0.361151 -0.405925
v -0.141751 -0.357772 -0.405925
v -0.145976 -0.355637 -0.406047
v -0.146845 -0.356625 -0.406042
v -0.150149 -0.353867 -0.406042
v -0.150955 -0.354896 -0.405913
v -0.153994 -0.352633 -0.405913
v -0.154730 -0.353690 -0.405663
v -0.157739 -0.351707 -0.405663
v -0.158397 -0.352785 -0.405299
v -0.161366 -0.351080 -0.405299
v -0.161938 -0.352166 -0.404826
v -0.164859 -0.350736 -0.404826
v -0.165169 -0.352452 -0.404056
v -0.166272 -0.349349 -0.405188
v -0.164361 -0.349614 -0.405299
v -0.166951 -0.347199 -0.405663
v -0.163848 -0.348460 -0.405663
v -0.163325 -0.347282 -0.405913
v -0.160178 -0.348823 -0.405913
v -0.159569 -0.347667 -0.406042
v -0.156387 -0.349492 -0.406042
v -0.155702 -0.348370 -0.406047
v -0.152496 -0.350481 -0.406047
v -0.151747 -0.349404 -0.405925
v -0.148528 -0.351799 -0.405925
v -0.147730 -0.350779 -0.405684
v -0.144253 -0.353679 -0.405684
v -0.143415 -0.352726 -0.405327
v -0.139958 -0.355936 -0.405327
v -0.139097 -0.355054 -0.404861
v -0.135673 -0.358560 -0.404861
v -0.134805 -0.357750 -0.404287
v -0.133362 -0.359742 -0.404443
v -0.132147 -0.359240 -0.403728
v -0.137504 -0.360267 -0.405684
v -0.135947 -0.360809 -0.405487
v -0.136575 -0.359401 -0.405327
v -0.134633 -0.360266 -0.405030
v -0.133977 -0.356978 -0.403611
v -0.131004 -0.358768 -0.402893
v -0.133196 -0.356250 -0.402837
v -0.129942 -0.358330 -0.401943
v -0.132471 -0.355573 -0.401969
v -0.131807 -0.354954 -0.401013
v -0.136037 -0.351921 -0.401969
v -0.135403 -0.351272 -0.401013
v -0.139709 -0.348513 -0.401969
v -0.139109 -0.347832 -0.401013
v -0.143486 -0.345364 -0.401969
v -0.142927 -0.344650 -0.401013
v -0.147078 -0.342694 -0.401969
v -0.146559 -0.341949 -0.401013
v -0.150761 -0.340271 -0.401969
v -0.150288 -0.339497 -0.401013
v -0.154537 -0.338107 -0.401969
v -0.154115 -0.337304 -0.401013
v -0.158407 -0.336214 -0.401969
v -0.158039 -0.335385 -0.401013
v -0.162371 -0.334604 -0.401969
v -0.162061 -0.333751 -0.401013
v -0.166430 -0.333289 -0.401969
v -0.166182 -0.332416 -0.401013
v -0.168490 -0.332747 -0.401969
v -0.168274 -0.331866 -0.401013
v -0.170390 -0.331393 -0.401013
v -0.170225 -0.330595 -0.399978
v -0.172370 -0.330199 -0.399978
v -0.172251 -0.329490 -0.398873
v -0.173273 -0.329652 -0.399424
v -0.173592 -0.328757 -0.397968
v -0.172104 -0.328615 -0.397116
v -0.173845 -0.328042 -0.396413
v -0.171997 -0.327973 -0.395258
v -0.174031 -0.327520 -0.394773
v -0.171930 -0.327578 -0.393331
v -0.174144 -0.327202 -0.393082
v -0.171908 -0.327444 -0.391368
v -0.174182 -0.327096 -0.391368
v -0.128971 -0.357929 -0.400883
v -0.131210 -0.354398 -0.399978
v -0.134833 -0.350688 -0.399978
v -0.138571 -0.347219 -0.399978
v -0.142424 -0.344008 -0.399978
v -0.146094 -0.341280 -0.399978
v -0.149864 -0.338801 -0.399978
v -0.153735 -0.336583 -0.399978
v -0.157707 -0.334639 -0.399978
v -0.161782 -0.332984 -0.399978
v -0.165960 -0.331631 -0.399978
v -0.168081 -0.331073 -0.399978
v -0.170079 -0.329890 -0.398873
v -0.128102 -0.357570 -0.399722
v -0.130684 -0.353907 -0.398873
v -0.134330 -0.350173 -0.398873
v -0.138095 -0.346679 -0.398873
v -0.141981 -0.343441 -0.398873
v -0.145683 -0.340690 -0.398873
v -0.149489 -0.338187 -0.398873
v -0.153400 -0.335946 -0.398873
v -0.157415 -0.333982 -0.398873
v -0.161536 -0.332308 -0.398873
v -0.165763 -0.330939 -0.398873
v -0.167910 -0.330374 -0.398873
v -0.169899 -0.329022 -0.397116
v -0.127349 -0.357259 -0.398475
v -0.130035 -0.353301 -0.397116
v -0.133710 -0.349538 -0.397116
v -0.137509 -0.346013 -0.397116
v -0.141433 -0.342743 -0.397116
v -0.145176 -0.339962 -0.397116
v -0.149027 -0.337429 -0.397116
v -0.152986 -0.335161 -0.397116
v -0.157055 -0.333171 -0.397116
v -0.161233 -0.331474 -0.397116
v -0.165521 -0.330085 -0.397116
v -0.167699 -0.329512 -0.397116
v -0.169766 -0.328384 -0.395258
v -0.126720 -0.356999 -0.397152
v -0.126220 -0.356793 -0.395762
v -0.129559 -0.352858 -0.395258
v -0.125857 -0.356643 -0.394322
v -0.129266 -0.352584 -0.393331
v -0.125639 -0.356553 -0.392854
v -0.132880 -0.348689 -0.391368
v -0.132975 -0.348786 -0.393331
v -0.130730 -0.350847 -0.391368
v -0.136724 -0.345121 -0.391368
v -0.136815 -0.345224 -0.393331
v -0.136141 -0.345639 -0.391368
v -0.144498 -0.338987 -0.391368
v -0.144576 -0.339099 -0.393331
v -0.141820 -0.340943 -0.391368
v -0.140785 -0.341916 -0.393331
v -0.140701 -0.341808 -0.391368
v -0.144760 -0.338804 -0.391368
v -0.147768 -0.336814 -0.391368
v -0.148479 -0.336532 -0.393331
v -0.148408 -0.336416 -0.391368
v -0.150844 -0.334980 -0.391368
v -0.152497 -0.334231 -0.393331
v -0.152433 -0.334110 -0.391368
v -0.153987 -0.333309 -0.391368
v -0.156628 -0.332210 -0.393331
v -0.156573 -0.332085 -0.391368
v -0.157199 -0.331809 -0.391368
v -0.160874 -0.330486 -0.393331
v -0.160479 -0.330486 -0.391368
v -0.160827 -0.330357 -0.391368
v -0.165197 -0.328942 -0.391368
v -0.165234 -0.329073 -0.393331
v -0.163827 -0.329347 -0.391368
v -0.167418 -0.328358 -0.391368
v -0.167450 -0.328491 -0.393331
v -0.167239 -0.328400 -0.391368
v -0.170695 -0.327649 -0.391368
v -0.169684 -0.327993 -0.393331
v -0.169655 -0.327859 -0.391368
v -0.172897 -0.330710 -0.400761
v -0.172505 -0.331003 -0.401013
v -0.172472 -0.331908 -0.401957
v -0.170574 -0.332282 -0.401969
v -0.168725 -0.333711 -0.402837
v -0.166700 -0.334244 -0.402837
v -0.162710 -0.335536 -0.402837
v -0.158810 -0.337121 -0.402837
v -0.154999 -0.338985 -0.402837
v -0.151278 -0.341118 -0.402837
v -0.147644 -0.343508 -0.402837
v -0.144098 -0.346145 -0.402837
v -0.140364 -0.349258 -0.402837
v -0.136730 -0.352631 -0.402837
v -0.170775 -0.333253 -0.402837
v -0.172002 -0.333229 -0.403008
v -0.170990 -0.334298 -0.403611
v -0.171495 -0.334656 -0.403907
v -0.168978 -0.334748 -0.403611
v -0.169247 -0.335847 -0.404287
v -0.166992 -0.335270 -0.403611
v -0.167301 -0.336359 -0.404287
v -0.163075 -0.336539 -0.403611
v -0.163462 -0.337603 -0.404287
v -0.159243 -0.338096 -0.403611
v -0.159703 -0.339130 -0.404287
v -0.155496 -0.339929 -0.403611
v -0.156023 -0.340930 -0.404287
v -0.151833 -0.342028 -0.403611
v -0.152423 -0.342994 -0.404287
v -0.148253 -0.344384 -0.403611
v -0.148900 -0.345313 -0.404287
v -0.144756 -0.346984 -0.403611
v -0.145454 -0.347875 -0.404287
v -0.141069 -0.350059 -0.403611
v -0.141816 -0.350909 -0.404287
v -0.137476 -0.353394 -0.403611
v -0.138267 -0.354204 -0.404287
v -0.170959 -0.336163 -0.404647
v -0.169529 -0.337001 -0.404861
v -0.167625 -0.337502 -0.404861
v -0.163868 -0.338719 -0.404861
v -0.160185 -0.340215 -0.404861
v -0.156576 -0.341981 -0.404861
v -0.153041 -0.344008 -0.404861
v -0.149578 -0.346287 -0.404861
v -0.146186 -0.348810 -0.404861
v -0.142601 -0.351800 -0.404861
v -0.170401 -0.337734 -0.405228
v -0.169821 -0.338199 -0.405327
v -0.167961 -0.338688 -0.405327
v -0.164289 -0.339878 -0.405327
v -0.160686 -0.341342 -0.405327
v -0.157151 -0.343072 -0.405327
v -0.153683 -0.345060 -0.405327
v -0.150282 -0.347299 -0.405327
v -0.146947 -0.349780 -0.405327
v -0.169824 -0.339356 -0.405655
v -0.168640 -0.342688 -0.406053
v -0.168661 -0.341157 -0.405925
v -0.168307 -0.339910 -0.405684
v -0.167444 -0.346052 -0.405880
v -0.166064 -0.344760 -0.406042
v -0.165614 -0.343523 -0.406047
v -0.165166 -0.342289 -0.405925
v -0.164723 -0.341071 -0.405684
v -0.161201 -0.342502 -0.405684
v -0.166510 -0.345988 -0.405913
v -0.162795 -0.346088 -0.406042
v -0.162260 -0.344886 -0.406047
v -0.158957 -0.346503 -0.406047
v -0.158345 -0.345342 -0.405925
v -0.155019 -0.347249 -0.405925
v -0.154344 -0.346143 -0.405684
v -0.151007 -0.348340 -0.405684
v -0.163016 -0.354214 -0.403574
v -0.164163 -0.355282 -0.402565
v -0.160241 -0.355808 -0.403574
v -0.161319 -0.357574 -0.401950
v -0.157474 -0.357633 -0.403574
v -0.158655 -0.359331 -0.401950
v -0.154712 -0.359691 -0.403574
v -0.163268 -0.357801 -0.400764
v -0.161799 -0.358361 -0.401012
v -0.160968 -0.362655 -0.387475
v -0.161896 -0.361661 -0.386482
v -0.160741 -0.362328 -0.386220
v -0.162178 -0.360867 -0.385227
v -0.160449 -0.361908 -0.385006
v -0.162504 -0.359952 -0.384065
v -0.160093 -0.361398 -0.383844
v -0.162865 -0.358935 -0.382991
v -0.162251 -0.359103 -0.382744
v -0.161823 -0.358400 -0.381714
v -0.159678 -0.360801 -0.382744
v -0.159208 -0.360125 -0.381714
v -0.157093 -0.362730 -0.382744
v -0.156585 -0.362082 -0.381714
v -0.163676 -0.356654 -0.381086
v -0.161348 -0.357622 -0.380762
v -0.158687 -0.359377 -0.380762
v -0.163544 -0.355217 -0.379893
v -0.164564 -0.354155 -0.379519
v -0.163048 -0.354275 -0.379115
v -0.165543 -0.351402 -0.378243
v -0.170985 -0.334325 -0.379102
v -0.172056 -0.333076 -0.379839
v -0.170770 -0.333282 -0.379878
v -0.170572 -0.332316 -0.380750
v -0.168483 -0.332783 -0.380750
v -0.168270 -0.331905 -0.381707
v -0.166192 -0.332451 -0.381707
v -0.165970 -0.331667 -0.382742
v -0.162074 -0.333786 -0.381707
v -0.161795 -0.333019 -0.382742
v -0.158054 -0.335418 -0.381707
v -0.157723 -0.334673 -0.382742
v -0.154132 -0.337337 -0.381707
v -0.153752 -0.336615 -0.382742
v -0.150308 -0.339528 -0.381707
v -0.149883 -0.338832 -0.382742
v -0.146580 -0.341980 -0.381707
v -0.146115 -0.341311 -0.382742
v -0.142950 -0.344679 -0.381707
v -0.142447 -0.344037 -0.382742
v -0.139133 -0.347859 -0.381707
v -0.138595 -0.347247 -0.382742
v -0.135429 -0.351298 -0.381707
v -0.134859 -0.350715 -0.382742
v -0.172509 -0.331801 -0.380876
v -0.170390 -0.331431 -0.381707
v -0.168078 -0.331112 -0.382742
v -0.165773 -0.330972 -0.383844
v -0.161548 -0.332340 -0.383844
v -0.157429 -0.334013 -0.383844
v -0.153416 -0.335976 -0.383844
v -0.149507 -0.338216 -0.383844
v -0.145702 -0.340718 -0.383844
v -0.142002 -0.343468 -0.383844
v -0.138118 -0.346705 -0.383844
v -0.134354 -0.350198 -0.383844
v -0.172511 -0.331039 -0.381707
v -0.172921 -0.330644 -0.382051
v -0.172376 -0.330236 -0.382742
v -0.173285 -0.329620 -0.383359
v -0.172257 -0.329523 -0.383844
v -0.173596 -0.328744 -0.384792
v -0.170080 -0.329925 -0.383844
v -0.169849 -0.328803 -0.386216
v -0.167639 -0.329296 -0.386216
v -0.167543 -0.328893 -0.387467
v -0.165347 -0.329470 -0.387467
v -0.165264 -0.329180 -0.388749
v -0.161015 -0.330874 -0.387467
v -0.160912 -0.330590 -0.388749
v -0.156796 -0.332587 -0.387467
v -0.156673 -0.332311 -0.388749
v -0.152689 -0.334596 -0.387467
v -0.152548 -0.334329 -0.388748
v -0.148694 -0.336884 -0.387467
v -0.148537 -0.336627 -0.388748
v -0.144811 -0.339437 -0.387467
v -0.144639 -0.339190 -0.388748
v -0.141040 -0.342240 -0.387467
v -0.140853 -0.342003 -0.388748
v -0.137087 -0.345533 -0.387467
v -0.136888 -0.345307 -0.388748
v -0.133264 -0.349081 -0.387467
v -0.133053 -0.348865 -0.388748
v -0.172067 -0.328393 -0.386216
v -0.173847 -0.328038 -0.386334
v -0.171999 -0.327985 -0.387467
v -0.174032 -0.327519 -0.387965
v -0.171949 -0.327687 -0.388749
v -0.174144 -0.327203 -0.389652
v -0.171918 -0.327505 -0.390052
v -0.169668 -0.327921 -0.390052
v -0.165214 -0.329002 -0.390052
v -0.167431 -0.328420 -0.390052
v -0.160849 -0.330416 -0.390052
v -0.156598 -0.332143 -0.390052
v -0.152462 -0.334165 -0.390052
v -0.148441 -0.336469 -0.390052
v -0.144533 -0.339038 -0.390052
v -0.140740 -0.341857 -0.390052
v -0.132924 -0.348733 -0.390052
v -0.136766 -0.345168 -0.390052
v -0.136060 -0.351945 -0.380750
v -0.139730 -0.348538 -0.380750
v -0.143507 -0.345390 -0.380750
v -0.147096 -0.342721 -0.380750
v -0.150778 -0.340299 -0.380750
v -0.154553 -0.338136 -0.380750
v -0.158421 -0.336244 -0.380750
v -0.162382 -0.334635 -0.380750
v -0.166439 -0.333320 -0.380750
v -0.168716 -0.333741 -0.379878
v -0.133553 -0.349378 -0.386216
v -0.137361 -0.345844 -0.386216
v -0.141295 -0.342566 -0.386216
v -0.145048 -0.339777 -0.386216
v -0.148910 -0.337238 -0.386216
v -0.152882 -0.334962 -0.386216
v -0.156964 -0.332966 -0.386216
v -0.161156 -0.331263 -0.386216
v -0.165460 -0.329869 -0.386216
v -0.167908 -0.330410 -0.383844
v -0.170225 -0.330633 -0.382742
v -0.151779 -0.362232 -0.379115
v -0.154755 -0.359745 -0.379115
v -0.151032 -0.361384 -0.378435
v -0.154058 -0.358856 -0.378435
v -0.156868 -0.356762 -0.378435
v -0.150249 -0.360494 -0.377861
v -0.153326 -0.357923 -0.377861
v -0.156190 -0.355789 -0.377861
v -0.159071 -0.353890 -0.377861
v -0.149434 -0.359567 -0.377399
v -0.152565 -0.356951 -0.377399
v -0.155485 -0.354776 -0.377399
v -0.158428 -0.352837 -0.377399
v -0.161394 -0.351134 -0.377399
v -0.148594 -0.358613 -0.377056
v -0.151782 -0.355951 -0.377056
v -0.154760 -0.353733 -0.377056
v -0.157766 -0.351752 -0.377056
v -0.160803 -0.350010 -0.377056
v -0.147738 -0.357639 -0.376830
v -0.150982 -0.354931 -0.376830
v -0.154019 -0.352669 -0.376830
v -0.157091 -0.350646 -0.376830
v -0.160199 -0.348863 -0.376830
v -0.163343 -0.347323 -0.376830
v -0.146871 -0.356654 -0.376719
v -0.150173 -0.353898 -0.376719
v -0.153270 -0.351592 -0.376719
v -0.156408 -0.349526 -0.376719
v -0.159588 -0.347701 -0.376719
v -0.162810 -0.346124 -0.376719
v -0.137079 -0.345524 -0.395258
v -0.133255 -0.349073 -0.395258
v -0.141032 -0.342231 -0.395258
v -0.144804 -0.339428 -0.395258
v -0.148688 -0.336874 -0.395258
v -0.152683 -0.334585 -0.395258
v -0.156791 -0.332576 -0.395258
v -0.161011 -0.330862 -0.395258
v -0.165343 -0.329459 -0.395258
v -0.167545 -0.328880 -0.395258
v -0.145109 -0.354652 -0.405925
v -0.140845 -0.356845 -0.405684
v -0.149338 -0.352832 -0.406047
v -0.153248 -0.351560 -0.406042
v -0.157068 -0.350607 -0.405913
v -0.160778 -0.349963 -0.405663
v -0.147708 -0.357606 -0.405913
v -0.148560 -0.358574 -0.405663
v -0.151750 -0.355910 -0.405663
v -0.149394 -0.359521 -0.405299
v -0.152528 -0.356904 -0.405299
v -0.155451 -0.354726 -0.405299
v -0.150204 -0.360443 -0.404826
v -0.153285 -0.357870 -0.404826
v -0.156152 -0.355733 -0.404826
v -0.159036 -0.353832 -0.404826
v -0.157071 -0.362702 -0.399998
v -0.157526 -0.363282 -0.398912
v -0.157916 -0.363781 -0.397760
v -0.158237 -0.364190 -0.396549
v -0.158486 -0.364507 -0.395295
v -0.158663 -0.364734 -0.394010
v -0.158662 -0.364733 -0.388762
v -0.158486 -0.364508 -0.387475
v -0.158240 -0.364194 -0.386220
v -0.157925 -0.363792 -0.385006
v -0.157541 -0.363302 -0.383844
v -0.160831 -0.356775 -0.379893
v -0.167473 -0.328599 -0.388749
v -0.169766 -0.328397 -0.387467
v -0.157742 -0.344195 -0.405684
v -0.161727 -0.343686 -0.405925
v -0.169705 -0.328101 -0.388749
v -0.022983 -0.393467 -0.467235
v -0.022983 -0.393467 -0.511319
v -0.022670 -0.397746 -0.467235
v -0.022670 -0.397746 -0.511319
v -0.022983 -0.402025 -0.467235
v -0.022983 -0.402025 -0.511319
v -0.023916 -0.406213 -0.467235
v -0.023916 -0.406213 -0.511319
v -0.025449 -0.410220 -0.467235
v -0.025449 -0.410220 -0.511319
v -0.027549 -0.413962 -0.467235
v -0.027549 -0.413962 -0.511319
v -0.030171 -0.417358 -0.467235
v -0.030171 -0.417358 -0.511319
v -0.033260 -0.420336 -0.467235
v -0.033260 -0.420336 -0.511319
v -0.036749 -0.422832 -0.467235
v -0.036749 -0.422832 -0.511319
v -0.040565 -0.424794 -0.467235
v -0.040565 -0.424794 -0.511319
v -0.044626 -0.426179 -0.467235
v -0.044626 -0.426179 -0.511319
v -0.048845 -0.426958 -0.467235
v -0.048845 -0.426958 -0.511319
v -0.053132 -0.427115 -0.467235
v -0.053132 -0.427115 -0.511319
v -0.057397 -0.426646 -0.467235
v -0.057397 -0.426646 -0.511319
v -0.061548 -0.425561 -0.467235
v -0.061548 -0.425561 -0.511319
v -0.065497 -0.423883 -0.467235
v -0.065497 -0.423883 -0.511319
v -0.069159 -0.421648 -0.467235
v -0.069159 -0.421648 -0.511319
v -0.072457 -0.418903 -0.467235
v -0.072457 -0.418903 -0.511319
v -0.075320 -0.415708 -0.467235
v -0.075320 -0.415708 -0.511319
v -0.077688 -0.412129 -0.467235
v -0.077688 -0.412129 -0.511319
v -0.079509 -0.408245 -0.467235
v -0.079509 -0.408245 -0.511319
v -0.080745 -0.404136 -0.467235
v -0.080745 -0.404136 -0.511319
v -0.081369 -0.399891 -0.467235
v -0.081369 -0.399891 -0.511319
v -0.081369 -0.395601 -0.467235
v -0.081369 -0.395601 -0.511319
v -0.080745 -0.391356 -0.467235
v -0.080745 -0.391356 -0.511319
v -0.079509 -0.387247 -0.467235
v -0.079509 -0.387247 -0.511319
v -0.077688 -0.383362 -0.467235
v -0.077688 -0.383362 -0.511319
v -0.075320 -0.379784 -0.467235
v -0.075320 -0.379784 -0.511319
v -0.072457 -0.376589 -0.467235
v -0.072457 -0.376589 -0.511319
v -0.069159 -0.373844 -0.467235
v -0.069159 -0.373844 -0.511319
v -0.065497 -0.371609 -0.467235
v -0.065497 -0.371609 -0.511319
v -0.061548 -0.369931 -0.467235
v -0.061548 -0.369931 -0.511319
v -0.057397 -0.368846 -0.467235
v -0.057397 -0.368846 -0.511319
v -0.053132 -0.368377 -0.467235
v -0.053132 -0.368377 -0.511319
v -0.048845 -0.368533 -0.467235
v -0.048845 -0.368533 -0.511319
v -0.044626 -0.369313 -0.467235
v -0.044626 -0.369313 -0.511319
v -0.040565 -0.370698 -0.467235
v -0.040565 -0.370698 -0.511319
v -0.036749 -0.372660 -0.467235
v -0.036749 -0.372660 -0.511319
v -0.033260 -0.375156 -0.467235
v -0.033260 -0.375156 -0.511319
v -0.030171 -0.378134 -0.467235
v -0.030171 -0.378134 -0.511319
v -0.027549 -0.381530 -0.467235
v -0.027549 -0.381530 -0.511319
v -0.025449 -0.385272 -0.467235
v -0.025449 -0.385272 -0.511319
v -0.023916 -0.389279 -0.467235
v -0.023916 -0.389279 -0.511319
v 0.022406 -0.441609 -0.511319
v 0.039266 -0.440639 -0.511319
v 0.056077 -0.439023 -0.511319
v 0.072814 -0.436766 -0.511319
v 0.089451 -0.433868 -0.511319
v 0.105966 -0.430336 -0.511319
v 0.122333 -0.426174 -0.511319
v 0.138529 -0.421388 -0.511319
v 0.154530 -0.415985 -0.511319
v 0.170312 -0.409973 -0.511319
v 0.185852 -0.403361 -0.511319
v 0.201127 -0.396158 -0.511319
v 0.216115 -0.388376 -0.511319
v 0.230795 -0.380026 -0.511319
v 0.245143 -0.371119 -0.511319
v 0.259140 -0.361669 -0.511319
v 0.272765 -0.351691 -0.511319
v 0.285997 -0.341197 -0.511319
v 0.298818 -0.330204 -0.511319
v 0.311208 -0.318729 -0.511319
v 0.323150 -0.306787 -0.511319
v 0.334626 -0.294397 -0.511319
v 0.345618 -0.281576 -0.511319
v 0.356112 -0.268343 -0.511319
v 0.366090 -0.254719 -0.511319
v 0.375540 -0.240722 -0.511319
v 0.384447 -0.226373 -0.511319
v 0.392797 -0.211694 -0.511319
v 0.400580 -0.196706 -0.511319
v 0.407782 -0.181430 -0.511319
v 0.414394 -0.165890 -0.511319
v 0.420406 -0.150109 -0.511319
v 0.425809 -0.134108 -0.511319
v 0.430595 -0.117912 -0.511319
v 0.434757 -0.101545 -0.511319
v 0.438290 -0.085030 -0.511319
v 0.441187 -0.068392 -0.511319
v 0.443445 -0.051656 -0.511319
v 0.445060 -0.034845 -0.511319
v 0.446030 -0.017985 -0.511319
v 0.446353 -0.001100 -0.511319
v 0.446030 0.015785 -0.511319
v 0.445060 0.032646 -0.511319
v 0.443445 0.049456 -0.511319
v 0.441187 0.066193 -0.511319
v 0.438290 0.082831 -0.511319
v 0.434757 0.099345 -0.511319
v 0.430595 0.115713 -0.511319
v 0.425809 0.131908 -0.511319
v 0.420406 0.147909 -0.511319
v 0.414394 0.163691 -0.511319
v 0.407782 0.179231 -0.511319
v 0.400580 0.194506 -0.511319
v 0.392797 0.209495 -0.511319
v 0.384447 0.224174 -0.511319
v 0.375540 0.238522 -0.511319
v 0.366090 0.252519 -0.511319
v 0.356112 0.266144 -0.511319
v 0.345618 0.279377 -0.511319
v 0.334626 0.292197 -0.511319
v 0.323150 0.304588 -0.511319
v 0.311208 0.316529 -0.511319
v 0.298818 0.328005 -0.511319
v 0.285997 0.338998 -0.511319
v 0.272765 0.349491 -0.511319
v 0.259140 0.359470 -0.511319
v 0.245143 0.368920 -0.511319
v 0.230795 0.377826 -0.511319
v 0.216115 0.386177 -0.511319
v 0.201127 0.393959 -0.511319
v 0.185852 0.401161 -0.511319
v 0.170312 0.407773 -0.511319
v 0.154530 0.413785 -0.511319
v 0.138529 0.419188 -0.511319
v 0.122333 0.423974 -0.511319
v 0.105966 0.428137 -0.511319
v 0.089451 0.431669 -0.511319
v 0.072814 0.434566 -0.511319
v 0.056077 0.436824 -0.511319
v 0.039266 0.438439 -0.511319
v 0.022406 0.439409 -0.511319
v 0.005521 0.439733 -0.511319
v -0.011364 0.439409 -0.511319
v -0.028224 0.438439 -0.511319
v -0.045035 0.436824 -0.511319
v -0.061772 0.434566 -0.511319
v -0.078410 0.431669 -0.511319
v -0.094924 0.428137 -0.511319
v -0.111291 0.423974 -0.511319
v -0.127487 0.419188 -0.511319
v -0.143488 0.413785 -0.511319
v -0.159270 0.407773 -0.511319
v -0.174810 0.401161 -0.511319
v -0.190085 0.393959 -0.511319
v -0.205073 0.386177 -0.511319
v -0.219753 0.377826 -0.511319
v -0.234101 0.368920 -0.511319
v -0.248098 0.359470 -0.511319
v -0.261723 0.349491 -0.511319
v -0.274955 0.338998 -0.511319
v -0.287776 0.328005 -0.511319
v -0.300167 0.316529 -0.511319
v -0.312108 0.304588 -0.511319
v -0.323584 0.292197 -0.511319
v -0.334576 0.279377 -0.511319
v -0.345070 0.266144 -0.511319
v -0.355049 0.252519 -0.511319
v -0.364498 0.238522 -0.511319
v -0.373405 0.224174 -0.511319
v -0.381756 0.209495 -0.511319
v -0.389538 0.194506 -0.511319
v -0.396740 0.179231 -0.511319
v -0.403352 0.163691 -0.511319
v -0.409364 0.147909 -0.511319
v -0.414767 0.131908 -0.511319
v -0.419553 0.115713 -0.511319
v -0.423715 0.099345 -0.511319
v -0.427248 0.082831 -0.511319
v -0.430145 0.066193 -0.511319
v -0.432403 0.049456 -0.511319
v -0.434018 0.032646 -0.511319
v -0.434988 0.015785 -0.511319
v -0.435311 -0.001100 -0.511319
v -0.434988 -0.017985 -0.511319
v -0.434018 -0.034845 -0.511319
v -0.432403 -0.051656 -0.511319
v -0.430145 -0.068392 -0.511319
v -0.427248 -0.085030 -0.511319
v -0.423715 -0.101545 -0.511319
v -0.419553 -0.117912 -0.511319
v -0.414767 -0.134108 -0.511319
v -0.409364 -0.150109 -0.511319
v -0.403352 -0.165890 -0.511319
v -0.396740 -0.181430 -0.511319
v -0.389538 -0.196706 -0.511319
v -0.381756 -0.211694 -0.511319
v -0.373405 -0.226373 -0.511319
v -0.364498 -0.240722 -0.511319
v -0.355049 -0.254719 -0.511319
v -0.345070 -0.268343 -0.511319
v -0.334576 -0.281576 -0.511319
v -0.323584 -0.294397 -0.511319
v -0.312108 -0.306787 -0.511319
v -0.300167 -0.318729 -0.511319
v -0.287776 -0.330204 -0.511319
v -0.274955 -0.341197 -0.511319
v -0.261723 -0.351691 -0.511319
v -0.248098 -0.361669 -0.511319
v -0.234101 -0.371119 -0.511319
v -0.219753 -0.380026 -0.511319
v -0.205073 -0.388376 -0.511319
v -0.190085 -0.396158 -0.511319
v -0.174810 -0.403361 -0.511319
v -0.159270 -0.409973 -0.511319
v -0.143488 -0.415985 -0.511319
v -0.127487 -0.421388 -0.511319
v -0.111291 -0.426174 -0.511319
v -0.094924 -0.430336 -0.511319
v -0.078410 -0.433868 -0.511319
v -0.061772 -0.436766 -0.511319
v -0.045035 -0.439023 -0.511319
v -0.028224 -0.440639 -0.511319
v -0.011364 -0.441609 -0.511319
v 0.005521 -0.441932 -0.511319
v 0.446030 0.015785 -0.467236
v 0.446353 -0.001100 -0.467236
v 0.446030 -0.017985 -0.467236
v 0.445060 -0.034845 -0.467236
v 0.443445 -0.051656 -0.467236
v 0.441187 -0.068392 -0.467236
v 0.438290 -0.085030 -0.467236
v 0.434757 -0.101545 -0.467236
v 0.430595 -0.117912 -0.467236
v 0.425809 -0.134108 -0.467236
v 0.420406 -0.150109 -0.467236
v 0.414394 -0.165890 -0.467236
v 0.407782 -0.181430 -0.467236
v 0.400580 -0.196706 -0.467236
v 0.392797 -0.211694 -0.467236
v 0.384447 -0.226373 -0.467236
v 0.375540 -0.240722 -0.467236
v 0.366090 -0.254719 -0.467236
v 0.356112 -0.268343 -0.467236
v 0.345618 -0.281576 -0.467236
v 0.334626 -0.294397 -0.467236
v 0.323150 -0.306787 -0.467236
v 0.311208 -0.318729 -0.467236
v 0.298818 -0.330204 -0.467236
v 0.285997 -0.341197 -0.467235
v 0.272765 -0.351691 -0.467235
v 0.259140 -0.361669 -0.467235
v 0.245143 -0.371119 -0.467235
v 0.230795 -0.380026 -0.467235
v 0.216115 -0.388376 -0.467235
v 0.201127 -0.396158 -0.467235
v 0.185852 -0.403361 -0.467235
v 0.170312 -0.409973 -0.467235
v 0.154530 -0.415985 -0.467235
v 0.138529 -0.421388 -0.467235
v 0.122333 -0.426174 -0.467235
v 0.105966 -0.430336 -0.467235
v 0.089451 -0.433868 -0.467235
v 0.072814 -0.436766 -0.467235
v 0.056077 -0.439023 -0.467235
v 0.039266 -0.440639 -0.467235
v 0.022406 -0.441609 -0.467235
v 0.005521 -0.441932 -0.467235
v -0.011364 -0.441609 -0.467235
v -0.028224 -0.440639 -0.467235
v -0.045035 -0.439023 -0.467235
v -0.061772 -0.436766 -0.467235
v -0.078410 -0.433868 -0.467235
v -0.094924 -0.430336 -0.467235
v -0.111291 -0.426174 -0.467235
v -0.127487 -0.421388 -0.467235
v -0.143488 -0.415985 -0.467235
v -0.159270 -0.409973 -0.467235
v -0.174810 -0.403361 -0.467235
v -0.190085 -0.396158 -0.467235
v -0.205073 -0.388376 -0.467235
v -0.219753 -0.380026 -0.467235
v -0.234101 -0.371119 -0.467235
v -0.248098 -0.361669 -0.467235
v -0.261723 -0.351691 -0.467235
v -0.274955 -0.341197 -0.467235
v -0.287776 -0.330204 -0.467236
v -0.300167 -0.318729 -0.467236
v -0.312108 -0.306787 -0.467236
v -0.323584 -0.294397 -0.467236
v -0.334576 -0.281576 -0.467236
v -0.345070 -0.268343 -0.467236
v -0.355049 -0.254719 -0.467236
v -0.364498 -0.240722 -0.467236
v -0.373405 -0.226373 -0.467236
v -0.381756 -0.211694 -0.467236
v -0.389538 -0.196706 -0.467236
v -0.396740 -0.181430 -0.467236
v -0.403352 -0.165890 -0.467236
v -0.409364 -0.150109 -0.467236
v -0.414767 -0.134108 -0.467236
v -0.419553 -0.117912 -0.467236
v -0.423715 -0.101545 -0.467236
v -0.427248 -0.085030 -0.467236
v -0.430145 -0.068392 -0.467236
v -0.432403 -0.051656 -0.467236
v -0.434018 -0.034845 -0.467236
v -0.434988 -0.017985 -0.467236
v -0.435311 -0.001100 -0.467236
v -0.434988 0.015785 -0.467236
v -0.434018 0.032646 -0.467236
v -0.432403 0.049456 -0.467236
v -0.430145 0.066193 -0.467236
v -0.427248 0.082831 -0.467236
v -0.423715 0.099345 -0.467236
v -0.419553 0.115713 -0.467236
v -0.414767 0.131908 -0.467236
v -0.409364 0.147909 -0.467236
v -0.403352 0.163691 -0.467236
v -0.396740 0.179231 -0.467236
v -0.389538 0.194506 -0.467236
v -0.381756 0.209495 -0.467236
v -0.373405 0.224174 -0.467236
v -0.364498 0.238522 -0.467236
v -0.355049 0.252519 -0.467236
v -0.345070 0.266144 -0.467236
v -0.334576 0.279377 -0.467236
v -0.323584 0.292197 -0.467236
v -0.312108 0.304588 -0.467236
v -0.300167 0.316529 -0.467236
v -0.287776 0.328005 -0.467236
v -0.274955 0.338998 -0.467236
v -0.261723 0.349491 -0.467236
v -0.248098 0.359470 -0.467236
v -0.234101 0.368920 -0.467236
v -0.219753 0.377826 -0.467236
v -0.205073 0.386177 -0.467236
v -0.190085 0.393959 -0.467236
v -0.174810 0.401161 -0.467236
v -0.159270 0.407773 -0.467236
v -0.143488 0.413785 -0.467236
v -0.127487 0.419188 -0.467236
v -0.111291 0.423974 -0.467236
v -0.094924 0.428137 -0.467236
v -0.078410 0.431669 -0.467236
v -0.061772 0.434566 -0.467236
v -0.045035 0.436824 -0.467236
v -0.028224 0.438439 -0.467236
v -0.011364 0.439409 -0.467236
v 0.005521 0.439733 -0.467236
v 0.022406 0.439409 -0.467236
v 0.039266 0.438439 -0.467236
v 0.056077 0.436824 -0.467236
v 0.072814 0.434566 -0.467236
v 0.089451 0.431669 -0.467236
v 0.105966 0.428137 -0.467236
v 0.122333 0.423974 -0.467236
v 0.138529 0.419188 -0.467236
v 0.154530 0.413785 -0.467236
v 0.170312 0.407773 -0.467236
v 0.185852 0.401161 -0.467236
v 0.201127 0.393959 -0.467236
v 0.216115 0.386177 -0.467236
v 0.230795 0.377826 -0.467236
v 0.245143 0.368920 -0.467236
v 0.259140 0.359470 -0.467236
v 0.272765 0.349491 -0.467236
v 0.285997 0.338998 -0.467236
v 0.298818 0.328005 -0.467236
v 0.311208 0.316529 -0.467236
v 0.323150 0.304588 -0.467236
v 0.334626 0.292197 -0.467236
v 0.345618 0.279377 -0.467236
v 0.356112 0.266144 -0.467236
v 0.366090 0.252519 -0.467236
v 0.375540 0.238522 -0.467236
v 0.384447 0.224174 -0.467236
v 0.392797 0.209495 -0.467236
v 0.400580 0.194506 -0.467236
v 0.407782 0.179231 -0.467236
v 0.414394 0.163691 -0.467236
v 0.420406 0.147909 -0.467236
v 0.425809 0.131908 -0.467236
v 0.430595 0.115713 -0.467236
v 0.434757 0.099345 -0.467236
v 0.438290 0.082831 -0.467236
v 0.441187 0.066193 -0.467236
v 0.443445 0.049456 -0.467236
v 0.445060 0.032646 -0.467236
v 0.005521 -0.405196 -0.467235
v -0.109633 -0.349945 -0.467235
v -0.096838 -0.353912 -0.467235
v -0.083907 -0.357409 -0.467235
v -0.070858 -0.360432 -0.467235
v -0.057706 -0.362978 -0.467235
v -0.044471 -0.365043 -0.467235
v -0.031169 -0.366623 -0.467235
v 0.407403 0.041140 -0.467236
v 0.372877 0.000619 -0.467236
v 0.372696 -0.012775 -0.467236
v 0.365207 0.073597 -0.467236
v 0.362244 0.086661 -0.467236
v 0.358808 0.099608 -0.467236
v 0.354901 0.112421 -0.467236
v 0.350530 0.125083 -0.467236
v 0.345700 0.137577 -0.467236
v 0.340419 0.149887 -0.467236
v 0.355479 0.200948 -0.467236
v 0.303728 0.213437 -0.467236
v 0.295709 0.224166 -0.467236
v 0.287303 0.234596 -0.467236
v 0.278523 0.244712 -0.467236
v 0.269379 0.254502 -0.467236
v 0.259885 0.263952 -0.467236
v 0.250053 0.273049 -0.467236
v 0.243043 0.325821 -0.467236
v 0.190687 0.316181 -0.467236
v 0.178997 0.322721 -0.467236
v 0.167076 0.328830 -0.467236
v 0.154940 0.334501 -0.467236
v 0.142605 0.339725 -0.467236
v 0.130088 0.344496 -0.467236
v 0.117406 0.348808 -0.467236
v 0.089537 0.394166 -0.467236
v 0.045629 0.364064 -0.467236
v 0.032290 0.365284 -0.467236
v 0.018914 0.366016 -0.467236
v 0.005521 0.366261 -0.467236
v -0.007872 0.366016 -0.467236
v -0.021248 0.365284 -0.467236
v -0.034587 0.364064 -0.467236
v -0.078495 0.394166 -0.467236
v -0.106364 0.348808 -0.467236
v -0.119047 0.344496 -0.467236
v -0.131563 0.339725 -0.467236
v -0.143898 0.334501 -0.467236
v -0.156034 0.328830 -0.467236
v -0.167955 0.322721 -0.467236
v -0.179646 0.316181 -0.467236
v -0.232001 0.325821 -0.467236
v -0.248843 0.263952 -0.467236
v -0.239011 0.273049 -0.467236
v -0.258338 0.254502 -0.467236
v -0.267481 0.244712 -0.467236
v -0.276261 0.234596 -0.467236
v -0.284667 0.224166 -0.467236
v -0.292687 0.213437 -0.467236
v -0.344437 0.200948 -0.467236
v -0.334659 0.137577 -0.467236
v -0.329377 0.149887 -0.467236
v -0.339488 0.125083 -0.467236
v -0.343859 0.112421 -0.467236
v -0.347766 0.099608 -0.467236
v -0.351203 0.086661 -0.467236
v -0.354165 0.073597 -0.467236
v -0.396362 0.041140 -0.467236
v -0.361654 -0.012775 -0.467236
v -0.361835 0.000619 -0.467236
v -0.360984 -0.026154 -0.467236
v -0.359827 -0.039499 -0.467236
v -0.358184 -0.052794 -0.467236
v -0.356058 -0.066019 -0.467236
v -0.353450 -0.079158 -0.467236
v -0.378797 -0.125972 -0.467236
v -0.330775 -0.148947 -0.467236
v -0.325161 -0.161109 -0.467236
v -0.319107 -0.173059 -0.467236
v -0.312622 -0.184780 -0.467236
v -0.305714 -0.196257 -0.467236
v -0.298392 -0.207474 -0.467236
v -0.290666 -0.218417 -0.467236
v -0.294781 -0.271493 -0.467236
v -0.241565 -0.272949 -0.467236
v -0.231490 -0.281776 -0.467236
v -0.221100 -0.290231 -0.467236
v -0.210408 -0.298300 -0.467236
v -0.199429 -0.305975 -0.467236
v -0.188178 -0.313244 -0.467236
v -0.176669 -0.320099 -0.467236
v -0.158840 -0.370260 -0.467235
v 0.042211 -0.366623 -0.467235
v 0.055513 -0.365043 -0.467235
v 0.068748 -0.362978 -0.467235
v 0.081899 -0.360432 -0.467235
v 0.094949 -0.357409 -0.467235
v 0.107880 -0.353912 -0.467235
v 0.120675 -0.349945 -0.467235
v 0.169882 -0.370260 -0.467235
v 0.187711 -0.320099 -0.467236
v 0.199220 -0.313244 -0.467236
v 0.210471 -0.305975 -0.467236
v 0.221450 -0.298300 -0.467236
v 0.232142 -0.290231 -0.467236
v 0.242532 -0.281776 -0.467236
v 0.252607 -0.272949 -0.467236
v 0.305823 -0.271493 -0.467236
v 0.301708 -0.218417 -0.467236
v 0.309434 -0.207474 -0.467236
v 0.316756 -0.196257 -0.467236
v 0.323664 -0.184780 -0.467236
v 0.330149 -0.173059 -0.467236
v 0.336203 -0.161109 -0.467236
v 0.341817 -0.148947 -0.467236
v 0.389839 -0.125972 -0.467236
v 0.364492 -0.079158 -0.467236
v 0.367099 -0.066019 -0.467236
v 0.369226 -0.052794 -0.467236
v 0.370869 -0.039499 -0.467236
v 0.372026 -0.026154 -0.467236
v 0.107880 -0.353912 -0.243146
v 0.094949 -0.357409 -0.243146
v 0.081899 -0.360432 -0.243146
v 0.068748 -0.362978 -0.243146
v 0.055513 -0.365043 -0.243146
v -0.044471 -0.365043 -0.243146
v -0.057706 -0.362978 -0.243146
v -0.070858 -0.360432 -0.243146
v -0.083907 -0.357409 -0.243146
v -0.096838 -0.353912 -0.243146
v 0.242532 -0.281776 -0.243146
v 0.232142 -0.290231 -0.243146
v 0.221450 -0.298300 -0.243146
v 0.210471 -0.305975 -0.243146
v 0.199220 -0.313244 -0.243146
v -0.188178 -0.313244 -0.243146
v -0.199429 -0.305975 -0.243146
v -0.210408 -0.298300 -0.243146
v -0.221100 -0.290231 -0.243146
v -0.231490 -0.281776 -0.243146
v 0.336203 -0.161109 -0.243146
v 0.330149 -0.173059 -0.243146
v 0.323664 -0.184780 -0.243146
v 0.316756 -0.196257 -0.243146
v 0.309434 -0.207474 -0.243146
v -0.298392 -0.207474 -0.243146
v -0.305714 -0.196257 -0.243146
v -0.312622 -0.184780 -0.243146
v -0.319107 -0.173059 -0.243146
v -0.325161 -0.161109 -0.243146
v 0.372696 -0.012775 -0.243146
v 0.372026 -0.026154 -0.243146
v 0.370869 -0.039499 -0.243146
v 0.369226 -0.052794 -0.243146
v 0.367099 -0.066019 -0.243146
v -0.356058 -0.066019 -0.243146
v -0.358184 -0.052794 -0.243146
v -0.359827 -0.039499 -0.243146
v -0.360984 -0.026154 -0.243146
v -0.361654 -0.012775 -0.243146
v 0.345700 0.137577 -0.243146
v 0.350530 0.125083 -0.243146
v 0.354901 0.112421 -0.243146
v 0.358808 0.099608 -0.243146
v 0.362244 0.086661 -0.243146
v -0.351203 0.086661 -0.243146
v -0.347766 0.099608 -0.243146
v -0.343859 0.112421 -0.243146
v -0.339488 0.125083 -0.243146
v -0.334659 0.137577 -0.243146
v 0.259885 0.263952 -0.243146
v 0.269379 0.254502 -0.243146
v 0.278523 0.244712 -0.243146
v 0.287303 0.234596 -0.243146
v 0.295709 0.224166 -0.243146
v -0.284667 0.224166 -0.243146
v -0.276261 0.234596 -0.243146
v -0.267481 0.244712 -0.243146
v -0.258338 0.254502 -0.243146
v -0.248843 0.263952 -0.243146
v 0.130088 0.344496 -0.243146
v 0.142605 0.339725 -0.243146
v 0.154940 0.334501 -0.243146
v 0.167076 0.328830 -0.243146
v 0.178997 0.322721 -0.243146
v -0.167955 0.322721 -0.243146
v -0.156034 0.328830 -0.243146
v -0.143898 0.334501 -0.243146
v -0.131563 0.339725 -0.243146
v -0.119047 0.344496 -0.243146
v -0.021248 0.365284 -0.243146
v -0.007872 0.366016 -0.243146
v 0.005521 0.366261 -0.243146
v 0.018914 0.366016 -0.243146
v 0.032290 0.365284 -0.243146
v 0.367099 -0.066019 -0.467236
v 0.364492 -0.079158 -0.467236
v 0.336203 -0.161109 -0.467236
v 0.323664 -0.184780 -0.467236
v 0.309434 -0.207474 -0.467236
v 0.301708 -0.218417 -0.467236
v 0.252607 -0.272949 -0.467236
v 0.242532 -0.281776 -0.467236
v 0.221450 -0.298300 -0.467236
v 0.210471 -0.305975 -0.467236
v 0.199220 -0.313244 -0.467236
v 0.187711 -0.320099 -0.467236
v 0.094949 -0.357409 -0.467235
v 0.081899 -0.360432 -0.467235
v 0.068748 -0.362978 -0.467235
v 0.042211 -0.366623 -0.467235
v -0.176669 -0.320099 -0.467236
v -0.188178 -0.313244 -0.467236
v -0.210408 -0.298300 -0.467236
v -0.221100 -0.290231 -0.467236
v -0.231490 -0.281776 -0.467236
v -0.290666 -0.218417 -0.467236
v -0.298392 -0.207474 -0.467236
v -0.305714 -0.196257 -0.467236
v -0.319107 -0.173059 -0.467236
v -0.325161 -0.161109 -0.467236
v -0.378797 -0.125972 -0.467236
v -0.378797 -0.125972 -0.467236
v -0.356058 -0.066019 -0.467236
v -0.360984 -0.026154 -0.467236
v -0.361835 0.000619 -0.467236
v -0.396362 0.041140 -0.467236
v -0.396362 0.041140 -0.467236
v -0.354165 0.073597 -0.467236
v -0.351203 0.086661 -0.467236
v -0.347766 0.099608 -0.467236
v -0.343859 0.112421 -0.467236
v -0.339488 0.125083 -0.467236
v -0.329377 0.149887 -0.467236
v -0.334659 0.137577 -0.467236
v -0.344437 0.200948 -0.467236
v -0.344437 0.200948 -0.467236
v -0.258338 0.254502 -0.467236
v -0.239011 0.273049 -0.467236
v -0.232001 0.325821 -0.467236
v -0.232001 0.325821 -0.467236
v -0.106364 0.348808 -0.467236
v -0.034587 0.364064 -0.467236
v -0.021248 0.365284 -0.467236
v 0.018914 0.366016 -0.467236
v 0.032290 0.365284 -0.467236
v 0.089537 0.394166 -0.467236
v 0.089537 0.394166 -0.467236
v 0.117406 0.348808 -0.467236
v 0.142605 0.339725 -0.467236
v 0.167076 0.328830 -0.467236
v 0.190687 0.316181 -0.467236
v 0.243043 0.325821 -0.467236
v 0.243043 0.325821 -0.467236
v 0.250053 0.273049 -0.467236
v 0.295709 0.224166 -0.467236
v 0.303728 0.213437 -0.467236
v 0.355479 0.200948 -0.467236
v 0.355479 0.200948 -0.467236
v 0.345700 0.137577 -0.467236
v 0.362244 0.086661 -0.467236
v 0.407403 0.041140 -0.467236
v 0.407403 0.041140 -0.467236
v -0.096838 -0.353912 -0.467235
v -0.109633 -0.349945 -0.467235
v -0.435311 -0.001100 -0.467236
v -0.434018 0.032646 -0.467236
v -0.434018 -0.034845 -0.467236
v -0.430145 0.066193 -0.467236
v -0.430145 -0.068392 -0.467236
v -0.427248 0.082831 -0.467236
v -0.427248 -0.085030 -0.467236
v -0.419553 0.115713 -0.467236
v -0.419553 -0.117912 -0.467236
v -0.409364 0.147909 -0.467236
v -0.409364 -0.150109 -0.467236
v -0.389538 0.194506 -0.467236
v -0.389538 -0.196706 -0.467236
v 0.169882 -0.370260 -0.467235
v 0.169882 -0.370260 -0.467235
v -0.381756 0.209495 -0.467236
v -0.381756 -0.211694 -0.467236
v -0.355049 0.252519 -0.467236
v -0.355049 -0.254719 -0.467236
v -0.345070 0.266144 -0.467236
v -0.345070 -0.268343 -0.467236
v -0.274955 0.338998 -0.467236
v -0.274955 -0.341197 -0.467235
v -0.248098 0.359470 -0.467236
v -0.248098 -0.361669 -0.467235
v -0.234101 0.368920 -0.467236
v -0.234101 -0.371119 -0.467235
v -0.205073 0.386177 -0.467236
v -0.205073 -0.388376 -0.467235
v -0.190085 0.393959 -0.467236
v -0.190085 -0.396158 -0.467235
v -0.159270 0.407773 -0.467236
v -0.159270 -0.409973 -0.467235
v -0.143488 0.413785 -0.467236
v -0.143488 -0.415985 -0.467235
v -0.127487 0.419188 -0.467236
v -0.127487 -0.421388 -0.467235
v -0.094924 0.428137 -0.467236
v -0.094924 -0.430336 -0.467235
v -0.061772 0.434566 -0.467236
v -0.061772 -0.436766 -0.467235
v 0.022406 0.439409 -0.467236
v 0.022406 -0.441609 -0.467235
v 0.056077 0.436824 -0.467236
v 0.056077 -0.439023 -0.467235
v 0.072814 0.434566 -0.467236
v 0.072814 -0.436766 -0.467235
v 0.287303 0.234596 -0.467236
v 0.089451 0.431669 -0.467236
v 0.089451 -0.433868 -0.467235
v 0.105966 0.428137 -0.467236
v 0.105966 -0.430336 -0.467235
v 0.122333 0.423974 -0.467236
v 0.122333 -0.426174 -0.467235
v 0.154530 0.413785 -0.467236
v 0.154530 -0.415985 -0.467235
v 0.170312 0.407773 -0.467236
v 0.170312 -0.409973 -0.467235
v 0.216115 0.386177 -0.467236
v 0.216115 -0.388376 -0.467235
v 0.230795 0.377826 -0.467236
v 0.230795 -0.380026 -0.467235
v 0.245143 0.368920 -0.467236
v 0.245143 -0.371119 -0.467235
v 0.259140 0.359470 -0.467236
v 0.259140 -0.361669 -0.467235
v 0.285997 0.338998 -0.467236
v -0.434988 0.015785 -0.467236
v -0.434988 -0.017985 -0.467236
v 0.285997 -0.341197 -0.467235
v 0.311208 0.316529 -0.467236
v 0.311208 -0.318729 -0.467236
v 0.334626 0.292197 -0.467236
v 0.334626 -0.294397 -0.467236
v 0.345618 0.279377 -0.467236
v 0.345618 -0.281576 -0.467236
v -0.158840 -0.370260 -0.467235
v -0.158840 -0.370260 -0.467235
v 0.392797 0.209495 -0.467236
v 0.392797 -0.211694 -0.467236
v 0.400580 0.194506 -0.467236
v 0.400580 -0.196706 -0.467236
v 0.420406 0.147909 -0.467236
v 0.420406 -0.150109 -0.467236
v 0.430595 0.115713 -0.467236
v 0.430595 -0.117912 -0.467236
v 0.434757 0.099345 -0.467236
v 0.434757 -0.101545 -0.467236
v 0.441187 0.066193 -0.467236
v 0.441187 -0.068392 -0.467236
v 0.443445 0.049456 -0.467236
v 0.443445 -0.051656 -0.467236
v 0.446353 -0.001100 -0.467236
v 0.446030 -0.017985 -0.467236
v 0.446030 0.015785 -0.467236
v -0.435311 -0.001100 -0.511319
v -0.432403 -0.051656 -0.511319
v -0.432403 0.049456 -0.511319
v -0.430145 -0.068392 -0.511319
v -0.430145 0.066193 -0.511319
v -0.427248 -0.085030 -0.511319
v -0.427248 0.082831 -0.511319
v -0.419553 -0.117912 -0.511319
v -0.419553 0.115713 -0.511319
v -0.403352 -0.165890 -0.511319
v -0.403352 0.163691 -0.511319
v -0.389538 -0.196706 -0.511319
v -0.389538 0.194506 -0.511319
v -0.364498 -0.240722 -0.511319
v -0.364498 0.238522 -0.511319
v -0.355049 -0.254719 -0.511319
v -0.355049 0.252519 -0.511319
v -0.345070 -0.268343 -0.511319
v -0.345070 0.266144 -0.511319
v -0.312108 -0.306787 -0.511319
v -0.312108 0.304588 -0.511319
v -0.274955 -0.341197 -0.511319
v -0.274955 0.338998 -0.511319
v -0.261723 -0.351691 -0.511319
v -0.261723 0.349491 -0.511319
v -0.234101 -0.371119 -0.511319
v -0.234101 0.368920 -0.511319
v -0.205073 -0.388376 -0.511319
v -0.205073 0.386177 -0.511319
v -0.159270 -0.409973 -0.511319
v -0.159270 0.407773 -0.511319
v -0.143488 -0.415985 -0.511319
v -0.143488 0.413785 -0.511319
v -0.127487 -0.421388 -0.511319
v -0.127487 0.419188 -0.511319
v -0.111291 -0.426174 -0.511319
v -0.111291 0.423974 -0.511319
v -0.094924 -0.430336 -0.511319
v -0.094924 0.428137 -0.511319
v -0.045035 -0.439023 -0.511319
v -0.045035 0.436824 -0.511319
v -0.028224 -0.440639 -0.511319
v -0.028224 0.438439 -0.511319
v -0.011364 -0.441609 -0.511319
v -0.011364 0.439409 -0.511319
v 0.446353 -0.001100 -0.511319
v 0.446030 0.015785 -0.511319
v 0.446030 -0.017985 -0.511319
v 0.443445 0.049456 -0.511319
v 0.443445 -0.051656 -0.511319
v 0.441187 0.066193 -0.511319
v 0.441187 -0.068392 -0.511319
v 0.425809 0.131908 -0.511319
v 0.425809 -0.134108 -0.511319
v 0.420406 0.147909 -0.511319
v 0.420406 -0.150109 -0.511319
v 0.400580 0.194506 -0.511319
v 0.400580 -0.196706 -0.511319
v 0.375540 0.238522 -0.511319
v 0.375540 -0.240722 -0.511319
v 0.345618 0.279377 -0.511319
v 0.345618 -0.281576 -0.511319
v 0.334626 0.292197 -0.511319
v 0.334626 -0.294397 -0.511319
v 0.323150 0.304588 -0.511319
v 0.323150 -0.306787 -0.511319
v 0.298818 0.328005 -0.511319
v 0.298818 -0.330204 -0.511319
v -0.434988 -0.017985 -0.511319
v -0.434988 0.015785 -0.511319
v 0.285997 0.338998 -0.511319
v 0.285997 -0.341197 -0.511319
v 0.272765 0.349491 -0.511319
v 0.272765 -0.351691 -0.511319
v 0.259140 0.359470 -0.511319
v 0.259140 -0.361669 -0.511319
v 0.245143 0.368920 -0.511319
v 0.245143 -0.371119 -0.511319
v 0.230795 0.377826 -0.511319
v 0.230795 -0.380026 -0.511319
v 0.185852 0.401161 -0.511319
v 0.185852 -0.403361 -0.511319
v 0.170312 0.407773 -0.511319
v 0.170312 -0.409973 -0.511319
v 0.154530 0.413785 -0.511319
v 0.154530 -0.415985 -0.511319
v 0.122333 0.423974 -0.511319
v 0.122333 -0.426174 -0.511319
v -0.045035 0.436824 -0.467236
v -0.045035 -0.439023 -0.467235
v 0.089451 0.431669 -0.511319
v 0.089451 -0.433868 -0.511319
v 0.072814 0.434566 -0.511319
v 0.072814 -0.436766 -0.511319
v 0.039266 0.438439 -0.511319
v 0.039266 -0.440639 -0.511319
v -0.080745 -0.391356 -0.511319
v -0.080745 -0.404136 -0.511319
v -0.080745 -0.391356 -0.467235
v -0.080745 -0.404136 -0.467235
v -0.079509 -0.387247 -0.511319
v -0.079509 -0.408245 -0.511319
v -0.077688 -0.383362 -0.511319
v -0.077688 -0.412129 -0.511319
v -0.077688 -0.383362 -0.467235
v -0.077688 -0.412129 -0.467235
v -0.075320 -0.379784 -0.511319
v -0.075320 -0.415708 -0.511319
v -0.072457 -0.376589 -0.511319
v -0.072457 -0.418903 -0.511319
v -0.069159 -0.373844 -0.511319
v -0.069159 -0.421648 -0.511319
v -0.065497 -0.371609 -0.511319
v -0.065497 -0.423883 -0.511319
v -0.065497 -0.371609 -0.467235
v -0.065497 -0.423883 -0.467235
v -0.057706 -0.362978 -0.467235
v -0.061548 -0.369931 -0.511319
v -0.061548 -0.425561 -0.511319
v -0.057397 -0.368846 -0.511319
v -0.057397 -0.426646 -0.511319
v -0.057397 -0.368846 -0.467235
v -0.057397 -0.426646 -0.467235
v 0.445060 0.032646 -0.511319
v 0.445060 -0.034845 -0.511319
v -0.053132 -0.368377 -0.511319
v -0.053132 -0.427115 -0.511319
v 0.445060 0.032646 -0.467236
v 0.445060 -0.034845 -0.467236
v -0.053132 -0.368377 -0.467235
v -0.053132 -0.427115 -0.467235
v -0.044626 -0.369313 -0.511319
v -0.044626 -0.426179 -0.511319
v -0.036749 -0.372660 -0.467235
v -0.036749 -0.422832 -0.467235
v -0.033260 -0.375156 -0.511319
v -0.033260 -0.420336 -0.511319
v -0.033260 -0.375156 -0.467235
v -0.033260 -0.420336 -0.467235
v -0.027549 -0.381530 -0.467235
v -0.027549 -0.413962 -0.467235
v -0.025449 -0.385272 -0.511319
v -0.025449 -0.410220 -0.511319
v 0.438290 0.082831 -0.511319
v 0.438290 -0.085030 -0.511319
v -0.023916 -0.389279 -0.511319
v -0.023916 -0.406213 -0.511319
v -0.022670 -0.397746 -0.511319
v -0.022670 -0.397746 -0.467235
v -0.022983 -0.402025 -0.511319
v -0.022983 -0.393467 -0.511319
v -0.022983 -0.402025 -0.467235
v -0.022983 -0.393467 -0.467235
v 0.216115 0.386177 -0.511319
v 0.216115 -0.388376 -0.511319
v -0.030171 -0.378134 -0.511319
v -0.030171 -0.417358 -0.511319
v -0.359827 -0.039499 -0.467236
v -0.312622 -0.184780 -0.467236
v -0.361654 -0.012775 -0.467236
v -0.174144 -0.327203 -0.389652
v -0.174032 -0.327519 -0.387965
v -0.078410 -0.433868 -0.511319
v -0.078410 0.431669 -0.511319
v -0.044471 -0.365043 -0.467235
v -0.173285 -0.329620 -0.383359
v -0.172921 -0.330644 -0.382051
v -0.083907 -0.357409 -0.467235
v -0.167955 0.322721 -0.467236
v -0.396740 0.179231 -0.467236
v -0.396740 -0.181430 -0.467236
v 0.269379 0.254502 -0.467236
v -0.287776 -0.330204 -0.511319
v -0.287776 0.328005 -0.511319
v -0.172509 -0.331801 -0.380876
v 0.384447 0.224174 -0.511319
v 0.384447 -0.226373 -0.511319
v -0.248843 0.263952 -0.467236
v -0.172056 -0.333076 -0.379839
v -0.161896 -0.361661 -0.386482
v -0.031169 -0.366623 -0.467235
v -0.163676 -0.356654 -0.381086
v -0.025449 -0.385272 -0.467235
v -0.025449 -0.410220 -0.467235
v 0.414394 0.163691 -0.467236
v 0.414394 -0.165890 -0.467236
v 0.392797 0.209495 -0.511319
v 0.392797 -0.211694 -0.511319
v -0.167444 -0.346052 -0.405880
v -0.169824 -0.339356 -0.405655
v 0.107880 -0.353912 -0.467235
v 0.259885 0.263952 -0.467236
v -0.170959 -0.336163 -0.404647
v -0.044626 -0.369313 -0.467235
v -0.044626 -0.426179 -0.467235
v 0.365207 0.073597 -0.467236
v -0.171495 -0.334656 -0.403907
v -0.028224 0.438439 -0.467236
v -0.028224 -0.440639 -0.467235
v -0.172897 -0.330710 -0.400761
v 0.425809 0.131908 -0.467236
v 0.425809 -0.134108 -0.467236
v 0.323150 0.304588 -0.467236
v 0.323150 -0.306787 -0.467236
v -0.061772 -0.436766 -0.511319
v -0.061772 0.434566 -0.511319
v -0.111291 0.423974 -0.467236
v -0.111291 -0.426174 -0.467235
v -0.125639 -0.356553 -0.392854
v -0.174810 -0.403361 -0.511319
v -0.174810 0.401161 -0.511319
v -0.127349 -0.357259 -0.398475
v -0.007872 0.366016 -0.467236
v 0.105966 0.428137 -0.511319
v 0.105966 -0.430336 -0.511319
v -0.128102 -0.357570 -0.399722
v -0.174144 -0.327202 -0.393082
v -0.174031 -0.327520 -0.394773
v -0.173845 -0.328042 -0.396413
v -0.173273 -0.329652 -0.399424
v -0.011364 0.439409 -0.467236
v -0.011364 -0.441609 -0.467235
v -0.381756 -0.211694 -0.511319
v -0.381756 0.209495 -0.511319
v 0.389839 -0.125972 -0.467236
v 0.389839 -0.125972 -0.467236
v -0.134633 -0.360266 -0.405030
v -0.135947 -0.360809 -0.405487
v -0.132147 -0.359240 -0.403728
v -0.133362 -0.359742 -0.404443
v -0.030171 -0.378134 -0.467235
v -0.030171 -0.417358 -0.467235
v -0.166272 -0.349349 -0.405188
v -0.323584 0.292197 -0.467236
v -0.323584 -0.294397 -0.467236
v -0.137295 -0.361365 -0.405812
v -0.138667 -0.361932 -0.406004
v 0.005521 -0.441932 -0.511319
v 0.005521 0.439733 -0.511319
v -0.144149 -0.364195 -0.405440
v -0.161669 -0.362299 -0.387824
v -0.373405 -0.226373 -0.511319
v -0.373405 0.224174 -0.511319
v -0.161511 -0.362745 -0.389233
v -0.161430 -0.362972 -0.390695
v -0.161520 -0.362718 -0.393612
v -0.161910 -0.361623 -0.396323
v 0.298818 0.328005 -0.467236
v 0.298818 -0.330204 -0.467236
v -0.162188 -0.360841 -0.397547
v -0.353450 -0.079158 -0.467236
v -0.147948 -0.365764 -0.403666
v 0.375540 0.238522 -0.467236
v 0.375540 -0.240722 -0.467236
v -0.150181 -0.366685 -0.380858
v -0.149112 -0.366244 -0.379914
v -0.358184 -0.052794 -0.467236
v -0.147965 -0.365770 -0.379081
v -0.146749 -0.365269 -0.378364
v -0.145481 -0.364745 -0.377770
v -0.144168 -0.364203 -0.377302
v -0.142822 -0.363647 -0.376962
v -0.330775 -0.148947 -0.467236
v -0.138687 -0.361940 -0.376730
v -0.137317 -0.361374 -0.376920
v -0.135966 -0.360817 -0.377244
v 0.341817 -0.148947 -0.467236
v -0.300167 -0.318729 -0.511319
v -0.300167 0.316529 -0.511319
v -0.133379 -0.359749 -0.378285
v 0.201127 0.393959 -0.467236
v 0.201127 -0.396158 -0.467235
v -0.141432 -0.363073 -0.405987
v -0.132166 -0.359248 -0.378996
v -0.150169 -0.366680 -0.401890
v -0.152032 -0.367450 -0.399694
v -0.152803 -0.367768 -0.398457
v -0.153453 -0.368036 -0.397139
v -0.292687 0.213437 -0.467236
v -0.153969 -0.368249 -0.395760
v -0.154344 -0.368404 -0.394330
v -0.142801 -0.363638 -0.405779
v -0.154650 -0.368530 -0.391373
v -0.162178 -0.360867 -0.385227
v -0.154348 -0.368406 -0.388426
v -0.153973 -0.368251 -0.386990
v -0.151161 -0.367090 -0.381908
v -0.168853 -0.342089 -0.376711
v -0.169978 -0.338925 -0.377179
v -0.171571 -0.334440 -0.378952
v -0.162507 -0.359943 -0.398682
v -0.170401 -0.337734 -0.405228
v -0.129955 -0.358335 -0.380782
v -0.126725 -0.357002 -0.385571
v -0.125859 -0.356644 -0.388403
v -0.125639 -0.356553 -0.389877
v -0.360984 -0.026154 -0.019056
v -0.359827 -0.039499 -0.019056
v -0.358184 -0.052794 -0.019056
v -0.353450 -0.079158 -0.019056
v -0.319107 -0.173059 -0.019056
v -0.305714 -0.196257 -0.019056
v -0.294781 -0.271493 -0.019056
v -0.294781 -0.271493 -0.019056
v -0.241565 -0.272949 -0.019056
v -0.221100 -0.290230 -0.019056
v -0.127359 -0.357263 -0.384244
v -0.199429 -0.305975 -0.019056
v -0.176669 -0.320099 -0.019056
v -0.109633 -0.349945 -0.019056
v -0.096838 -0.353911 -0.019056
v -0.070858 -0.360432 -0.019056
v -0.057706 -0.362978 -0.019056
v -0.031169 -0.366623 -0.019056
v 0.068748 -0.362978 -0.019056
v 0.094949 -0.357409 -0.019056
v 0.107880 -0.353911 -0.019056
v 0.120675 -0.349945 -0.019056
v 0.199220 -0.313244 -0.019056
v 0.210471 -0.305975 -0.019056
v 0.221450 -0.298300 -0.019056
v 0.232142 -0.290230 -0.019056
v 0.242532 -0.281776 -0.019056
v 0.252607 -0.272949 -0.019056
v 0.301708 -0.218417 -0.019056
v 0.309434 -0.207474 -0.019056
v 0.316756 -0.196257 -0.019056
v 0.323664 -0.184780 -0.019056
v 0.330149 -0.173059 -0.019056
v 0.341817 -0.148947 -0.019056
v -0.079509 -0.387247 -0.467235
v -0.079509 -0.408245 -0.467235
v 0.389839 -0.125972 -0.019056
v 0.389839 -0.125972 -0.019056
v 0.367099 -0.066019 -0.019056
v 0.369226 -0.052794 -0.019056
v 0.370869 -0.039499 -0.019056
v -0.334576 0.279377 -0.467236
v -0.334576 -0.281576 -0.467236
v 0.372026 -0.026154 -0.019056
v -0.164564 -0.354155 -0.379519
v 0.372877 0.000619 -0.019056
v 0.372696 -0.012775 -0.019056
v 0.446353 -0.001100 -0.019056
v 0.445060 -0.034845 -0.019056
v 0.445060 0.032646 -0.019056
v 0.443445 -0.051656 -0.019056
v 0.443445 0.049456 -0.019056
v 0.441187 -0.068392 -0.019056
v 0.441187 0.066193 -0.019056
v 0.407403 0.041140 -0.019056
v 0.407403 0.041140 -0.019056
v 0.434757 0.099345 -0.511319
v 0.434757 -0.101545 -0.511319
v 0.438290 -0.085030 -0.019056
v 0.438290 0.082831 -0.019056
v 0.365207 0.073597 -0.019056
v 0.434757 -0.101545 -0.019056
v 0.434757 0.099346 -0.019056
v 0.358808 0.099608 -0.019056
v 0.425809 -0.134108 -0.019056
v 0.425809 0.131909 -0.019056
v 0.420406 -0.150108 -0.019056
v 0.420406 0.147909 -0.019056
v 0.350530 0.125083 -0.019056
v 0.340419 0.149888 -0.019056
v 0.345700 0.137578 -0.019056
v 0.414394 -0.165890 -0.019056
v 0.414394 0.163691 -0.019056
v 0.407782 -0.181430 -0.019056
v 0.407782 0.179231 -0.019056
v 0.400580 -0.196706 -0.019056
v 0.400580 0.194506 -0.019056
v 0.384447 -0.226373 -0.019056
v 0.384447 0.224174 -0.019056
v 0.366090 -0.254719 -0.019056
v 0.366090 0.252519 -0.019056
v 0.303728 0.213437 -0.019056
v 0.356112 -0.268343 -0.019056
v 0.356112 0.266144 -0.019056
v -0.156034 0.328830 -0.467236
v 0.295709 0.224166 -0.019056
v 0.334626 -0.294397 -0.019056
v 0.334626 0.292197 -0.019056
v 0.278523 0.244712 -0.019056
v 0.250053 0.273049 -0.019056
v 0.259885 0.263952 -0.019056
v 0.298818 -0.330204 -0.019056
v 0.298818 0.328005 -0.019056
v 0.272765 -0.351690 -0.019056
v 0.272765 0.349491 -0.019056
v 0.259140 -0.361669 -0.019056
v 0.259140 0.359470 -0.019056
v 0.243043 0.325821 -0.019056
v 0.243043 0.325821 -0.019056
v 0.230795 -0.380026 -0.019056
v 0.230795 0.377826 -0.019056
v 0.216115 -0.388376 -0.019056
v 0.216115 0.386177 -0.019056
v 0.178997 0.322721 -0.019056
v -0.284667 0.224166 -0.467236
v 0.167076 0.328830 -0.019056
v 0.154940 0.334501 -0.019056
v 0.142605 0.339725 -0.019056
v 0.170312 -0.409973 -0.019056
v 0.170312 0.407773 -0.019056
v 0.130088 0.344496 -0.019056
v 0.154530 -0.415985 -0.019056
v 0.154530 0.413785 -0.019056
v 0.117406 0.348808 -0.019056
v 0.122333 -0.426174 -0.019056
v 0.122333 0.423974 -0.019056
v 0.105966 -0.430336 -0.019056
v 0.105966 0.428137 -0.019056
v 0.089451 -0.433868 -0.019056
v 0.287303 0.234596 -0.019056
v 0.089451 0.431669 -0.019056
v 0.072814 -0.436766 -0.019056
v 0.072814 0.434566 -0.019056
v 0.089537 0.394166 -0.019056
v 0.089537 0.394166 -0.019056
v 0.045629 0.364065 -0.019056
v 0.039266 -0.440638 -0.019056
v 0.039266 0.438439 -0.019056
v 0.022406 -0.441608 -0.019056
v 0.022406 0.439409 -0.019056
v -0.179646 0.316181 -0.467236
v 0.018914 0.366016 -0.019056
v 0.005521 -0.441932 -0.019056
v 0.005521 -0.405196 -0.019056
v 0.005521 -0.405196 -0.019056
v 0.005521 0.366261 -0.019056
v 0.005521 0.439733 -0.019056
v -0.011364 -0.441608 -0.019056
v -0.011364 0.439409 -0.019056
v -0.021248 0.365284 -0.019056
v -0.034587 0.364065 -0.019056
v -0.045035 -0.439023 -0.019056
v -0.045035 0.436824 -0.019056
v -0.111291 -0.426174 -0.019056
v -0.111291 0.423974 -0.019056
v -0.127487 -0.421388 -0.019056
v -0.127487 0.419188 -0.019056
v -0.106364 0.348808 -0.019056
v -0.143488 -0.415985 -0.019056
v -0.143488 0.413785 -0.019056
v -0.119047 0.344496 -0.019056
v -0.159270 -0.409973 -0.019056
v -0.159270 0.407773 -0.019056
v -0.174810 -0.403361 -0.019056
v -0.174810 0.401161 -0.019056
v -0.156034 0.328830 -0.019056
v -0.190085 -0.396158 -0.019056
v -0.190085 0.393959 -0.019056
v -0.167955 0.322721 -0.019056
v -0.179646 0.316181 -0.019056
v -0.219753 -0.380026 -0.019056
v -0.219753 0.377826 -0.019056
v -0.234101 -0.371119 -0.019056
v -0.234101 0.368920 -0.019056
v -0.248098 -0.361669 -0.019056
v -0.248098 0.359470 -0.019056
v -0.261723 -0.351690 -0.019056
v -0.261723 0.349491 -0.019056
v -0.274955 -0.341197 -0.019056
v -0.274955 0.338998 -0.019056
v -0.239011 0.273049 -0.019056
v -0.287776 -0.330204 -0.019056
v -0.287776 0.328005 -0.019056
v -0.248843 0.263952 -0.019056
v -0.312108 -0.306787 -0.019056
v -0.312108 0.304588 -0.019056
v -0.162504 -0.359952 -0.384065
v -0.267481 0.244712 -0.019056
v -0.078410 -0.433868 -0.019056
v -0.078410 0.431669 -0.019056
v -0.276261 0.234596 -0.019056
v -0.334576 -0.281576 -0.019056
v -0.334576 0.279377 -0.019056
v -0.284667 0.224166 -0.019056
v -0.292687 0.213437 -0.019056
v -0.355049 -0.254719 -0.019056
v -0.355049 0.252519 -0.019056
v 0.370869 -0.039499 -0.467236
v -0.364498 -0.240722 -0.019056
v -0.364498 0.238522 -0.019056
v -0.373405 -0.226373 -0.019056
v -0.373405 0.224174 -0.019056
v -0.381756 -0.211694 -0.019056
v 0.169882 -0.370260 -0.019056
v 0.169882 -0.370260 -0.019056
v -0.381756 0.209495 -0.019056
v -0.334659 0.137578 -0.019056
v -0.403352 -0.165890 -0.019056
v -0.403352 0.163691 -0.019056
v -0.409364 -0.150108 -0.019056
v -0.409364 0.147909 -0.019056
v -0.343859 0.112421 -0.019056
v -0.414767 -0.134108 -0.019056
v -0.414767 0.131909 -0.019056
v -0.351203 0.086661 -0.019056
v -0.423715 -0.101545 -0.019056
v -0.423715 0.099346 -0.019056
v -0.172472 -0.331908 -0.401957
v -0.361654 -0.012775 -0.019056
v -0.435311 -0.001100 -0.019056
v -0.396362 0.041140 -0.019056
v -0.396362 0.041140 -0.019056
v -0.434988 -0.017985 -0.019056
v 0.285997 -0.341197 -0.019056
v 0.285997 0.338998 -0.019056
v -0.434988 0.015785 -0.019056
v 0.430595 -0.117912 -0.019056
v 0.430595 0.115713 -0.019056
v 0.045629 0.364064 -0.467236
v 0.311208 0.316529 -0.511319
v 0.311208 -0.318729 -0.511319
v -0.140068 -0.362510 -0.376674
v 0.138529 -0.421388 -0.019056
v 0.138529 0.419188 -0.019056
v -0.427248 -0.085030 -0.019056
v -0.427248 0.082831 -0.019056
v -0.261723 0.349491 -0.467236
v -0.261723 -0.351691 -0.467235
v 0.139144 0.355371 0.405693
v 0.176584 0.349203 0.384214
v -0.030846 0.035267 0.517290
v -0.030846 -0.037466 0.517290
v 0.184887 0.325843 0.402384
v -0.020439 0.015584 0.076458
v -0.020439 -0.017783 0.076458
v 0.059887 0.366334 0.473207
v 0.059887 0.424759 0.473207
v 0.042211 -0.366623 -0.019056
v -0.434018 -0.034845 0.473207
v -0.434018 0.032646 0.473207
v 0.159007 0.363571 0.385052
v 0.372026 0.023955 0.025027
v 0.044302 0.372957 0.473207
v 0.044302 0.418136 0.473207
v -0.125565 -0.356523 -0.391368
v 0.160154 0.364045 0.385885
v -0.261723 -0.351690 0.025027
v -0.261723 0.349491 0.025027
v 0.356112 0.266144 -0.467236
v 0.356112 -0.268343 -0.467236
v -0.011364 -0.441608 0.025027
v -0.011364 0.439409 0.025027
v 0.164500 0.365839 0.391580
v -0.287776 -0.330204 0.517290
v -0.287776 0.328005 0.517290
v 0.354901 0.112421 -0.019056
v 0.345618 -0.281576 0.473207
v 0.345618 0.279377 0.473207
v 0.430595 0.115713 -0.511319
v 0.430595 -0.117912 -0.511319
v -0.128984 -0.357934 -0.381839
v 0.167076 -0.331029 0.025027
v 0.055513 -0.365043 -0.467235
v 0.420406 -0.150108 0.025027
v 0.420406 0.147909 0.025027
v 0.165386 0.366205 0.400301
v 0.445060 0.032646 0.517290
v 0.445060 -0.034845 0.517290
v -0.131021 -0.358775 -0.379830
v 0.173549 0.357743 0.404653
v 0.178997 -0.324920 0.473207
v -0.174182 -0.327096 -0.391368
v -0.061772 -0.436766 0.473207
v -0.061772 0.434566 0.473207
v 0.117406 -0.351007 0.473207
v 0.216115 -0.388376 0.025027
v 0.216115 0.386177 0.025027
v 0.160138 0.364038 0.408806
v -0.131004 -0.358768 -0.402893
v 0.157776 0.363063 0.410351
v -0.359827 0.037300 0.025027
v 0.092411 0.393401 0.517290
v 0.092411 0.397692 0.517290
v 0.152474 0.360874 0.411958
v 0.151092 0.360304 0.412034
v -0.094924 -0.430336 0.025027
v -0.094924 0.428137 0.025027
v 0.185852 -0.403361 0.517290
v 0.185852 0.401161 0.517290
v -0.131563 0.339725 -0.019056
v 0.165692 0.366331 0.397344
v 0.358808 -0.101807 0.025027
v -0.011364 -0.441608 0.517290
v -0.011364 0.439409 0.517290
v -0.034689 0.030967 0.517290
v -0.034689 -0.033166 0.517290
v -0.353450 0.076959 0.025027
v -0.305714 0.194057 0.025027
v 0.148336 0.359166 0.411783
v 0.185224 0.324897 0.397339
v 0.384447 -0.226373 0.473207
v 0.384447 0.224174 0.473207
v 0.259140 -0.361669 0.473207
v 0.259140 0.359470 0.473207
v 0.146989 0.358609 0.411458
v 0.138529 -0.421388 0.517290
v 0.138529 0.419188 0.517290
v -0.373405 -0.226373 0.473207
v -0.373405 0.224174 0.473207
v -0.131563 0.339725 -0.467236
v 0.174310 0.355602 0.406735
v 0.144403 0.357542 0.410414
v 0.032290 -0.367483 0.473207
v -0.258338 -0.256701 0.473207
v 0.156506 0.362539 0.410944
v -0.361835 0.000619 -0.019056
v 0.334626 -0.294397 0.025027
v 0.334626 0.292197 0.025027
v -0.154574 -0.368499 -0.389891
v -0.106364 -0.351007 0.025027
v 0.182537 0.332457 0.409878
v 0.183044 0.331030 0.408979
v -0.188178 0.311045 0.473207
v 0.354901 0.112421 -0.467236
v -0.129942 -0.358330 -0.401943
v 0.185186 0.325003 0.395623
v -0.267481 0.244712 -0.467236
v 0.305823 -0.271493 -0.019056
v 0.305823 -0.271493 -0.019056
v -0.179646 -0.318380 0.473207
v -0.036749 -0.372660 -0.511319
v -0.036749 -0.422832 -0.511319
v 0.055662 0.010345 0.517290
v 0.055662 -0.012544 0.517290
v -0.323584 -0.294397 -0.511319
v -0.323584 0.292197 -0.511319
v 0.138391 0.355060 0.404446
v -0.173596 -0.328744 -0.384792
v -0.219753 0.377826 -0.467236
v -0.219753 -0.380026 -0.467235
v 0.365207 -0.075796 0.025027
v 0.155190 0.361995 0.411412
v 0.055513 -0.365042 -0.019056
v -0.364498 -0.240722 0.517290
v -0.364498 0.238523 0.517290
v 0.183513 0.329709 0.407928
v -0.427248 -0.085030 0.025027
v -0.427248 0.082831 0.025027
v 0.183939 0.328511 0.406732
v 0.165015 0.366051 0.392961
v 0.201127 -0.396158 0.517290
v 0.201127 0.393959 0.517290
v 0.185073 0.325320 0.400745
v 0.438290 -0.085030 0.473207
v 0.438290 0.082831 0.473207
v -0.083907 0.355209 0.473207
v -0.131563 -0.341924 0.025027
v 0.269379 0.254502 -0.019056
v 0.185186 0.325003 0.399053
v -0.011162 0.024860 0.076458
v -0.011162 -0.027059 0.076458
v -0.096838 0.351712 0.473207
v 0.034025 0.399826 0.517290
v 0.034025 0.391268 0.517290
v -0.167955 -0.324920 0.025027
v 0.022406 0.439409 -0.511319
v 0.022406 -0.441609 -0.511319
v 0.055513 0.362843 0.025027
v 0.163854 0.365572 0.390267
v 0.151110 0.360311 0.382645
v -0.096838 0.351712 0.025027
v 0.140013 0.355730 0.406854
v -0.126720 -0.356999 -0.397152
v -0.287776 0.328005 -0.467236
v -0.287776 -0.330204 -0.467236
v -0.151151 -0.367086 -0.400840
v 0.130088 -0.346695 0.473207
v -0.347766 0.099608 -0.019056
v 0.369226 -0.052794 -0.467236
v -0.153458 -0.368038 -0.385609
v 0.014215 -0.030708 0.076458
v 0.014215 0.028509 0.076458
v -0.081369 -0.395601 -0.467235
v -0.081369 -0.399891 -0.467235
v 0.163074 0.365250 0.405665
v -0.396740 -0.181430 0.473207
v -0.396740 0.179231 0.473207
v 0.175205 0.353083 0.408537
v -0.162865 -0.358935 -0.382991
v 0.316756 -0.196257 -0.467236
v 0.068439 0.366647 0.517290
v 0.068439 0.424447 0.517290
v -0.205073 -0.388376 0.473207
v -0.205073 0.386177 0.473207
v -0.078495 0.394166 -0.019056
v -0.078495 0.394166 -0.019056
v 0.350530 -0.127282 0.025027
v 0.140984 0.356131 0.407914
v 0.311208 -0.318729 0.025027
v 0.311208 0.316530 0.025027
v 0.340419 -0.152087 0.025027
v 0.345700 -0.139777 0.025027
v 0.278523 -0.246912 0.025027
v 0.143189 0.357041 0.409699
v 0.350530 0.125083 -0.467236
v 0.446353 -0.001100 0.025027
v 0.184327 0.327420 0.389330
v 0.136899 0.354444 0.400294
v 0.250053 -0.275248 0.025027
v -0.419553 -0.117912 0.517290
v -0.419553 0.115713 0.517290
v 0.139158 0.355376 0.388966
v 0.259885 -0.266151 0.025027
v 0.190687 -0.318380 0.025027
v 0.137265 0.354595 0.392933
v 0.178997 -0.324920 0.025027
v 0.154940 -0.336700 0.025027
v -0.210408 -0.298300 -0.019056
v 0.443445 -0.051656 0.025027
v 0.443445 0.049456 0.025027
v -0.434018 -0.034845 0.517290
v -0.434018 0.032646 0.517290
v 0.142605 -0.341924 0.025027
v 0.016965 0.049041 0.517290
v 0.016965 -0.051241 0.517290
v 0.130088 -0.346696 0.025027
v 0.117406 -0.351007 0.025027
v -0.061772 -0.436766 0.025027
v -0.061772 0.434566 0.025027
v -0.339488 0.125083 -0.019056
v 0.089537 -0.396365 0.025027
v 0.089537 -0.396365 0.025027
v -0.045035 -0.439023 0.517290
v -0.045035 0.436824 0.517290
v 0.018914 -0.368216 0.025027
v -0.007872 -0.368216 0.025027
v -0.154573 -0.368498 -0.392860
v -0.021248 -0.367483 0.025027
v -0.034587 -0.366264 0.025027
v 0.022406 -0.441608 0.025027
v 0.022406 0.439409 0.025027
v -0.344437 0.200948 -0.019056
v -0.344437 0.200948 -0.019056
v 0.162193 0.364886 0.406811
v -0.078495 -0.396365 0.025027
v -0.078495 -0.396365 0.025027
v -0.119047 -0.346696 0.025027
v 0.364492 -0.079158 -0.019056
v 0.384447 -0.226373 0.517290
v 0.384447 0.224174 0.517290
v -0.219753 -0.380026 -0.511319
v -0.219753 0.377826 -0.511319
v 0.259140 -0.361669 0.517290
v 0.259140 0.359470 0.517290
v -0.127487 -0.421388 0.473207
v -0.127487 0.419188 0.473207
v 0.336203 -0.161109 -0.019056
v 0.356112 -0.268343 0.025027
v 0.356112 0.266144 0.025027
v 0.173907 0.356736 0.388962
v -0.427248 -0.085030 0.517290
v -0.427248 0.082831 0.517290
v -0.156034 -0.331029 0.025027
v -0.239011 -0.275248 0.025027
v -0.248843 -0.266151 0.025027
v -0.258338 -0.256701 0.025027
v -0.267481 -0.246912 0.025027
v -0.389538 -0.196706 -0.019056
v -0.389538 0.194506 -0.019056
v -0.045035 -0.439023 0.473207
v -0.045035 0.436824 0.473207
v -0.378797 0.123773 0.473207
v -0.378797 0.123773 0.473207
v 0.083499 0.374389 0.517290
v 0.083499 0.416704 0.517290
v 0.341817 0.146748 0.473207
v -0.284667 -0.226365 0.025027
v -0.414767 -0.134108 -0.511319
v -0.414767 0.131908 -0.511319
v 0.054065 0.015887 0.517290
v 0.054065 -0.018086 0.517290
v -0.334659 -0.139777 0.025027
v 0.182001 0.333963 0.410618
v -0.261723 -0.351690 0.473207
v -0.261723 0.349491 0.473207
v -0.347766 -0.101807 0.025027
v -0.347766 -0.101807 0.473207
v -0.396362 -0.043339 0.025027
v -0.396362 -0.043339 0.025027
v 0.330149 -0.173059 -0.467236
v -0.361835 -0.002818 0.025027
v -0.435311 -0.001100 0.025027
v -0.361654 0.010576 0.025027
v -0.434018 -0.034845 0.025027
v -0.434018 0.032646 0.025027
v -0.044471 0.362843 0.025027
v -0.430145 -0.068392 -0.019056
v -0.430145 0.066193 -0.019056
v 0.414394 -0.165890 0.025027
v 0.414394 0.163691 0.025027
v -0.011465 0.047445 0.517290
v -0.011465 -0.049644 0.517290
v -0.143488 -0.415985 0.025027
v -0.143488 0.413785 0.025027
v -0.176669 0.317899 0.025027
v 0.323664 0.182580 0.025027
v 0.042211 0.364424 0.025027
v -0.171060 -0.335879 -0.378215
v -0.179646 -0.318380 0.025027
v -0.432403 0.049456 -0.467236
v -0.432403 -0.051656 -0.467236
v -0.109633 0.347746 0.025027
v 0.372877 0.000619 -0.467236
v -0.319107 0.170860 0.025027
v -0.364498 0.238522 -0.467236
v -0.364498 -0.240722 -0.467236
v -0.127487 -0.421388 0.025027
v -0.127487 0.419188 0.025027
v 0.407782 -0.181430 0.025027
v 0.407782 0.179231 0.025027
v -0.434988 -0.017985 0.025027
v -0.434988 0.015785 0.025027
v 0.285997 -0.341197 0.025027
v 0.285997 0.338998 0.025027
v 0.323150 -0.306787 0.517290
v 0.323150 0.304588 0.517290
v -0.040565 -0.370698 -0.467235
v -0.040565 -0.424794 -0.467235
v -0.414767 -0.134108 0.517290
v -0.414767 0.131909 0.517290
v 0.051607 0.368499 0.517290
v 0.051607 0.422594 0.517290
v 0.170312 -0.409973 0.025027
v 0.170312 0.407773 0.025027
v 0.034958 0.387080 0.517290
v 0.034958 0.404013 0.517290
v -0.045909 -0.001100 0.517290
v 0.158990 0.363564 0.409638
v -0.045586 0.004659 0.517290
v -0.045586 -0.006858 0.517290
v -0.231490 0.279577 0.025027
v 0.142046 0.356569 0.408864
v -0.339488 -0.127282 0.025027
v 0.446030 -0.017985 -0.019056
v 0.446030 0.015785 -0.019056
v 0.028842 0.019108 0.076458
v 0.028842 -0.021308 0.076458
v -0.126220 -0.356793 -0.395762
v -0.166601 -0.348424 -0.377302
v 0.172562 0.360519 0.399583
v 0.438290 0.082831 -0.467236
v 0.438290 -0.085030 -0.467236
v -0.023916 -0.389279 -0.467235
v -0.023916 -0.406213 -0.467235
v -0.024087 0.007594 0.076458
v -0.024087 -0.009793 0.076458
v 0.154530 -0.415985 0.025027
v 0.154530 0.413785 0.025027
v 0.187711 0.317899 0.025027
v -0.003173 0.028509 0.076458
v -0.003173 -0.030708 0.076458
v -0.022549 0.011719 0.076458
v -0.022549 -0.013919 0.076458
v 0.372696 -0.012775 -0.467236
v 0.027836 0.045238 0.517290
v 0.027836 -0.047437 0.517290
v 0.345618 -0.281576 -0.019056
v 0.345618 0.279377 -0.019056
v 0.389839 0.123773 0.025027
v 0.389839 0.123773 0.025027
v 0.056077 -0.439023 0.025027
v 0.056077 0.436824 0.025027
v -0.330775 0.146748 0.025027
v 0.105966 -0.430336 0.025027
v 0.105966 0.428137 0.025027
v 0.005521 0.050331 0.517290
v 0.005521 -0.052530 0.517290
v 0.005521 -0.441932 0.517290
v 0.005521 0.439733 0.517290
v -0.403352 -0.165890 0.025027
v -0.403352 0.163691 0.025027
v 0.072814 -0.436766 0.025027
v 0.072814 0.434566 0.025027
v -0.419553 -0.117912 0.025027
v -0.419553 0.115713 0.025027
v 0.425809 -0.134108 0.473207
v 0.425809 0.131909 0.473207
v 0.037587 0.039110 0.517290
v 0.037587 -0.041310 0.517290
v 0.272765 0.349491 -0.467236
v 0.272765 -0.351691 -0.467235
v 0.375540 -0.240722 0.025027
v 0.375540 0.238522 0.025027
v 0.341817 0.146748 0.025027
v -0.163268 -0.357801 -0.400764
v -0.378797 0.123773 0.025027
v -0.378797 0.123773 0.025027
v 0.056628 0.004659 0.517290
v 0.056628 -0.006858 0.517290
v -0.078495 0.394166 -0.467236
v -0.078495 0.394166 -0.467236
v -0.434988 0.015785 0.473207
v -0.434988 -0.017985 0.473207
v 0.285997 -0.341197 0.473207
v 0.285997 0.338998 0.473207
v -0.109633 0.347746 0.473207
v -0.017800 0.019108 0.076458
v -0.017800 -0.021308 0.076458
v 0.045629 -0.366264 0.025027
v -0.061772 -0.436766 -0.019056
v -0.061772 0.434566 -0.019056
v -0.248098 -0.361669 0.025027
v -0.248098 0.359470 0.025027
v 0.005521 -0.031958 0.076458
v 0.005521 0.029759 0.076458
v 0.334626 -0.294397 0.517290
v 0.334626 0.292197 0.517290
v 0.145675 0.358067 0.411001
v -0.355049 -0.254719 0.025027
v -0.355049 0.252519 0.025027
v -0.356058 0.063820 0.025027
v 0.287303 -0.236795 0.025027
v 0.089451 -0.433868 0.025027
v 0.089451 0.431669 0.025027
v -0.040816 0.021215 0.517290
v -0.040816 -0.023414 0.517290
v -0.300167 0.316529 -0.467236
v -0.300167 -0.318729 -0.467236
v 0.140026 0.355735 0.387810
v -0.373405 0.224174 -0.467236
v -0.373405 -0.226373 -0.467236
v -0.403352 0.163691 -0.467236
v -0.403352 -0.165890 -0.467236
v 0.022507 0.047445 0.517290
v 0.022507 -0.049644 0.517290
v 0.056951 -0.001100 0.517290
v 0.149708 0.359732 0.411975
v 0.049068 0.026263 0.517290
v 0.049068 -0.028462 0.517290
v -0.241565 0.270749 0.025027
v 0.372026 -0.026154 -0.467236
v 0.033591 0.011719 0.076458
v 0.033591 -0.013919 0.076458
v 0.372696 0.010576 0.025027
v -0.070858 0.358233 0.025027
v 0.035129 -0.009793 0.076458
v 0.035129 0.007594 0.076458
v 0.243043 -0.328020 0.025027
v 0.243043 -0.328020 0.025027
v -0.164163 -0.355282 -0.402565
v 0.051858 0.021215 0.517290
v 0.051858 -0.023414 0.517290
v -0.165169 -0.352452 -0.404056
v 0.232142 -0.290231 -0.467236
v 0.045731 0.030967 0.517290
v 0.045731 -0.033166 0.517290
v -0.152043 -0.367454 -0.383059
v 0.370869 0.037300 0.025027
v 0.011279 0.050007 0.517290
v 0.011279 -0.052207 0.517290
v -0.027549 -0.381530 -0.511319
v -0.027549 -0.413962 -0.511319
v -0.355049 -0.254719 0.473207
v -0.355049 0.252519 0.473207
v 0.018340 -0.029169 0.076458
v 0.018340 0.026970 0.076458
v -0.021842 0.042448 0.517290
v -0.021842 -0.044647 0.517290
v 0.165010 0.366050 0.401731
v 0.355479 -0.203148 0.025027
v 0.355479 -0.203148 0.025027
v -0.334576 -0.281576 0.025027
v -0.334576 0.279377 0.025027
v 0.025729 -0.024421 0.076458
v 0.025729 0.022221 0.076458
v 0.137762 0.354800 0.403123
v 0.041888 0.035267 0.517290
v 0.041888 -0.037466 0.517290
v -0.043023 0.015887 0.517290
v -0.043023 -0.018086 0.517290
v -0.044620 0.010345 0.517290
v -0.044620 -0.012544 0.517290
v 0.032883 0.042448 0.517290
v 0.032883 -0.044647 0.517290
v -0.025337 -0.001100 0.076458
v 0.407782 -0.181430 0.473207
v 0.407782 0.179231 0.473207
v 0.295709 -0.226365 0.025027
v 0.243043 -0.328020 0.473207
v 0.243043 -0.328020 0.473207
v 0.163085 0.365255 0.389030
v 0.032290 -0.367483 0.025027
v 0.323150 -0.306787 -0.019056
v 0.323150 0.304588 -0.019056
v -0.078410 -0.433868 0.025027
v -0.078410 0.431669 0.025027
v -0.276261 -0.236795 0.025027
v -0.241565 0.270749 0.473207
v 0.090550 0.385048 0.473207
v 0.090550 0.406045 0.473207
v -0.146734 -0.365262 -0.404380
v -0.158840 -0.370260 -0.019056
v -0.158840 -0.370260 -0.019056
v 0.392797 -0.211694 -0.019056
v 0.392797 0.209495 -0.019056
v -0.045035 -0.439023 0.025027
v -0.045035 0.436824 0.025027
v -0.026545 0.039110 0.517290
v -0.026545 -0.041310 0.517290
v -0.258338 0.254502 -0.019056
v 0.162203 0.364891 0.387879
v 0.210471 0.303776 0.473207
v -0.007298 0.026970 0.076458
v -0.007298 -0.029169 0.076458
v 0.356112 -0.268343 0.517290
v 0.356112 0.266144 0.517290
v 0.230795 -0.380026 0.025027
v 0.230795 0.377826 0.025027
v -0.330775 -0.148947 -0.019056
v -0.111291 -0.426174 0.517290
v -0.111291 0.423975 0.517290
v 0.094949 0.355209 0.025027
v -0.434018 -0.034845 -0.511319
v -0.434018 0.032646 -0.511319
v 0.438290 -0.085030 0.025027
v 0.438290 0.082831 0.025027
v 0.081899 -0.360432 -0.019056
v 0.181443 0.335535 0.411200
v 0.407782 0.179231 -0.467236
v 0.407782 -0.181430 -0.467236
v -0.419553 -0.117912 -0.019056
v -0.419553 0.115713 -0.019056
v 0.165390 0.366206 0.394397
v -0.414767 0.131908 -0.467236
v -0.414767 -0.134108 -0.467236
v -0.199429 0.303776 0.473207
v -0.168640 -0.342688 -0.406053
v 0.130088 0.344496 -0.467236
v 0.137261 0.354594 0.401733
v -0.014687 0.022221 0.076458
v -0.014687 -0.024421 0.076458
v 0.120675 0.347746 0.473207
v 0.446030 -0.017985 0.025027
v 0.446030 0.015785 0.025027
v -0.125857 -0.356643 -0.394322
v -0.031169 0.364424 0.025027
v -0.312622 0.182580 0.025027
v -0.323584 -0.294397 -0.019056
v -0.323584 0.292197 -0.019056
v 0.372877 -0.002818 0.025027
v -0.028224 -0.440638 0.025027
v -0.028224 0.438439 0.025027
v -0.248098 -0.361669 -0.511319
v -0.248098 0.359470 -0.511319
v 0.136680 0.354354 0.398825
v -0.057706 0.360779 0.025027
v -0.231490 -0.281776 -0.019056
v 0.445060 -0.034845 0.025027
v 0.445060 0.032646 0.025027
v -0.414767 -0.134108 0.025027
v -0.414767 0.131909 0.025027
v 0.366090 -0.254719 0.025027
v 0.366090 0.252519 0.025027
v -0.188178 0.311045 0.025027
v 0.441187 -0.068392 0.025027
v 0.441187 0.066193 0.025027
v 0.047791 0.370461 0.473207
v 0.047791 0.420633 0.473207
v 0.367099 0.063820 0.025027
v 0.366090 0.252519 -0.467236
v 0.366090 -0.254719 -0.467236
v -0.221100 0.288031 0.025027
v -0.358184 0.050594 0.025027
v 0.420406 -0.150108 0.517290
v 0.420406 0.147909 0.517290
v -0.396740 -0.181430 -0.019056
v -0.396740 0.179231 -0.019056
v 0.362244 -0.088860 0.473207
v -0.205073 -0.388376 0.025027
v -0.205073 0.386177 0.025027
v 0.400580 -0.196706 0.025027
v 0.400580 0.194506 0.025027
v 0.330149 0.170860 0.025027
v -0.409364 -0.150108 0.025027
v -0.409364 0.147909 0.025027
v -0.188178 -0.313244 -0.019056
v 0.414394 -0.165890 0.473207
v 0.414394 0.163691 0.473207
v 0.384447 -0.226373 0.025027
v 0.384447 0.224174 0.025027
v 0.009912 -0.031644 0.076458
v 0.009912 0.029445 0.076458
v 0.259140 -0.361669 0.025027
v 0.259140 0.359470 0.025027
v 0.031481 0.015584 0.076458
v 0.031481 -0.017783 0.076458
v -0.378797 -0.125972 -0.019056
v -0.378797 -0.125972 -0.019056
v -0.016794 0.045238 0.517290
v -0.016794 -0.047437 0.517290
v 0.022406 -0.441608 0.473207
v 0.022406 0.439409 0.473207
v -0.034587 -0.366264 0.473207
v -0.298392 0.205274 0.025027
v 0.316756 0.194057 0.025027
v 0.309434 0.205274 0.025027
v -0.172002 -0.333229 -0.403008
v -0.373405 -0.226373 0.025027
v -0.373405 0.224174 0.025027
v 0.301708 0.216217 0.025027
v 0.252607 0.270749 0.025027
v 0.185852 -0.403361 -0.019056
v 0.185852 0.401161 -0.019056
v 0.298818 -0.330204 0.025027
v 0.298818 0.328005 0.025027
v -0.007872 0.366016 -0.019056
v 0.272765 -0.351690 0.025027
v 0.272765 0.349491 0.025027
v 0.140996 0.356136 0.386753
v 0.172476 0.360762 0.398142
v -0.025023 0.003292 0.076458
v -0.025023 -0.005491 0.076458
v 0.221450 0.296101 0.025027
v 0.425809 -0.134108 0.025027
v 0.425809 0.131909 0.025027
v -0.174810 -0.403361 0.025027
v -0.174810 0.401161 0.025027
v 0.105966 -0.430336 0.517290
v 0.105966 0.428137 0.517290
v 0.210471 0.303776 0.025027
v -0.381756 -0.211694 0.473207
v -0.381756 0.209495 0.473207
v 0.323150 -0.306787 0.025027
v 0.323150 0.304588 0.025027
v 0.169882 0.368061 0.473207
v 0.169882 0.368061 0.473207
v 0.245143 -0.371119 0.025027
v 0.245143 0.368920 0.025027
v 0.199220 0.311045 0.025027
v 0.005521 -0.368460 0.025027
v 0.005521 -0.441932 0.025027
v 0.005521 0.402997 0.025027
v 0.005521 0.402997 0.025027
v 0.005521 0.439733 0.025027
v 0.305823 0.269294 0.473207
v 0.305823 0.269294 0.473207
v 0.080201 0.371645 0.517290
v 0.080201 0.419448 0.517290
v 0.185852 -0.403361 0.025027
v 0.185852 0.401161 0.025027
v -0.128116 -0.357576 -0.382995
v -0.210408 0.296101 0.025027
v 0.120675 0.347746 0.025027
v 0.022406 -0.441608 0.517290
v 0.022406 0.439409 0.517290
v 0.138529 -0.421388 0.025027
v 0.138529 0.419188 0.025027
v 0.303728 -0.215636 0.025027
v 0.081899 0.358233 0.025027
v 0.068748 0.360779 0.025027
v 0.055667 0.367113 0.473207
v 0.055667 0.423980 0.473207
v -0.364498 -0.240722 0.025027
v -0.364498 0.238522 0.025027
v 0.072814 -0.436766 0.517290
v 0.072814 0.434566 0.517290
v -0.323584 -0.294397 0.025027
v -0.323584 0.292197 0.025027
v 0.362244 0.086661 -0.019056
v 0.039266 -0.440638 0.025027
v 0.039266 0.438439 0.025027
v 0.355479 0.200948 -0.019056
v 0.355479 0.200948 -0.019056
v 0.022204 -0.027059 0.076458
v 0.022204 0.024860 0.076458
v -0.083907 0.355209 0.025027
v -0.111291 -0.426174 0.025027
v -0.111291 0.423974 0.025027
v -0.409364 -0.150109 -0.511319
v -0.409364 0.147909 -0.511319
v -0.005923 0.049041 0.517290
v -0.005923 -0.051241 0.517290
v -0.292687 -0.215636 0.025027
v 0.364492 0.076959 0.025027
v 0.184633 0.326558 0.403939
v -0.190085 -0.396158 0.025027
v -0.190085 0.393959 0.025027
v 0.036379 -0.001100 0.076458
v -0.423715 -0.101545 -0.511319
v -0.423715 0.099345 -0.511319
v -0.234101 -0.371119 0.025027
v -0.234101 0.368920 0.025027
v -0.199429 0.303776 0.025027
v -0.274955 -0.341197 0.025027
v -0.274955 0.338998 0.025027
v -0.300167 -0.318729 0.025027
v -0.300167 0.316530 0.025027
v -0.312108 -0.306787 0.025027
v -0.312108 0.304588 0.025027
v -0.345070 -0.268343 0.025027
v -0.345070 0.266144 0.025027
v 0.039266 -0.440638 0.517290
v 0.039266 0.438439 0.517290
v 0.088729 0.381163 0.517290
v 0.088729 0.409930 0.517290
v -0.290666 0.216217 0.025027
v -0.345070 -0.268343 -0.019056
v -0.345070 0.266144 -0.019056
v -0.325161 0.158910 0.025027
v -0.396740 -0.181430 0.025027
v -0.396740 0.179231 0.025027
v -0.232001 0.325821 -0.019056
v -0.232001 0.325821 -0.019056
v -0.423715 0.099345 -0.467236
v -0.423715 -0.101545 -0.467236
v -0.038026 0.026263 0.517290
v -0.038026 -0.028462 0.517290
v -0.423715 -0.101545 0.025027
v -0.423715 0.099346 0.025027
v -0.432403 -0.051656 0.025027
v -0.432403 0.049456 0.025027
v -0.344437 -0.203148 0.025027
v -0.344437 -0.203148 0.025027
v 0.354901 -0.114620 0.473207
v -0.127487 -0.421388 0.517290
v -0.127487 0.419188 0.517290
v 0.143208 0.357049 0.384967
v -0.294781 -0.271493 -0.467236
v -0.294781 -0.271493 -0.467236
v 0.157791 0.363069 0.384336
v -0.159270 -0.409973 0.473207
v -0.159270 0.407773 0.473207
v 0.156522 0.362545 0.383742
v 0.036491 0.383072 0.517290
v 0.036491 0.408021 0.517290
v -0.205073 -0.388376 -0.019056
v -0.205073 0.386177 -0.019056
v 0.138529 -0.421388 0.473207
v 0.138529 0.419188 0.473207
v 0.221450 0.296101 0.473207
v 0.153863 0.361448 0.382933
v 0.367099 0.063820 0.473207
v -0.248098 -0.361669 0.517290
v -0.248098 0.359470 0.517290
v 0.182102 0.333679 0.384186
v -0.312108 0.304588 -0.467236
v -0.312108 -0.306787 -0.467236
v -0.174810 -0.403361 0.473207
v -0.174810 0.401161 0.473207
v 0.149729 0.359741 0.382702
v 0.148359 0.359175 0.382891
v 0.147008 0.358617 0.383215
v 0.145690 0.358074 0.383671
v -0.354165 0.073597 -0.019056
v 0.122333 -0.426174 0.025027
v 0.122333 0.423974 0.025027
v 0.144421 0.357549 0.384256
v 0.340419 0.149887 -0.467236
v 0.185852 -0.403361 0.473207
v 0.185852 0.401161 0.473207
v 0.183098 0.330876 0.385810
v -0.069159 -0.373844 -0.467235
v -0.069159 -0.421648 -0.467235
v -0.434018 -0.034845 -0.019056
v -0.434018 0.032646 -0.019056
v 0.434757 -0.101545 0.025027
v 0.434757 0.099346 0.025027
v 0.183963 0.328444 0.388022
v 0.072590 0.367732 0.473207
v 0.072590 0.423361 0.473207
v 0.356112 0.266144 -0.511319
v 0.356112 -0.268343 -0.511319
v 0.184638 0.326545 0.390763
v 0.153843 0.361439 0.411750
v 0.181019 0.336725 0.383150
v 0.120675 -0.349945 -0.467235
v -0.161683 -0.362260 -0.395008
v -0.231490 0.279577 0.473207
v -0.232001 -0.328020 0.473207
v -0.232001 -0.328020 0.473207
v 0.136681 0.354354 0.395849
v -0.354165 -0.075796 0.025027
v -0.300167 -0.318729 -0.019056
v -0.300167 0.316530 -0.019056
v 0.136901 0.354445 0.394375
v -0.126223 -0.356794 -0.386962
v 0.137767 0.354802 0.391542
v 0.138401 0.355064 0.390215
v -0.287776 -0.330204 0.025027
v -0.287776 0.328005 0.025027
v 0.185073 0.325320 0.393936
v -0.403352 -0.165890 0.517290
v -0.403352 0.163691 0.517290
v -0.119047 -0.346695 0.473207
v 0.311208 -0.318729 -0.019056
v 0.311208 0.316530 -0.019056
v -0.078410 -0.433868 0.517290
v -0.078410 0.431669 0.517290
v -0.140051 -0.362503 -0.406062
v 0.107880 0.351712 0.025027
v 0.152492 0.360882 0.382723
v 0.172952 0.359424 0.402294
v 0.430595 -0.117912 0.473207
v 0.430595 0.115713 0.473207
v -0.165543 -0.351402 -0.378243
v -0.159270 -0.409973 0.517290
v -0.159270 0.407773 0.517290
v 0.334626 -0.294397 0.473207
v 0.334626 0.292197 0.473207
v 0.269379 -0.256701 0.025027
v 0.182613 0.332241 0.384923
v -0.241565 -0.272949 -0.467236
v 0.414394 0.163691 -0.511319
v 0.414394 -0.165890 -0.511319
v -0.276261 0.234596 -0.467236
v -0.078410 0.431669 -0.467236
v -0.078410 -0.433868 -0.467235
v 0.056077 0.436824 -0.511319
v 0.056077 -0.439023 -0.511319
v 0.336203 0.158910 0.025027
v -0.173592 -0.328757 -0.397968
v 0.201127 -0.396158 0.025027
v 0.201127 0.393959 0.025027
v -0.048845 -0.368533 -0.511319
v -0.048845 -0.426958 -0.511319
v 0.138529 0.419188 -0.467236
v 0.138529 -0.421388 -0.467235
v 0.181569 0.335179 0.383596
v 0.187711 -0.320099 -0.019056
v 0.316756 0.194057 0.473207
v -0.143898 -0.336700 0.025027
v 0.179895 0.339890 0.382682
v 0.278523 0.244712 -0.467236
v 0.170312 -0.409973 0.517290
v 0.170312 0.407773 0.517290
v 0.086362 0.377585 0.473207
v 0.086362 0.413508 0.473207
v 0.032290 0.365284 -0.019056
v -0.061772 -0.436766 0.517290
v -0.061772 0.434566 0.517290
v -0.149096 -0.366238 -0.402835
v -0.210408 0.296101 0.473207
v 0.174718 0.354455 0.387057
v -0.396740 -0.181430 0.517290
v -0.396740 0.179231 0.517290
v 0.184315 0.327453 0.405396
v 0.173546 0.357752 0.390036
v 0.076539 0.369410 0.517290
v 0.076539 0.421683 0.517290
v -0.028224 -0.440638 0.517290
v -0.028224 0.438439 0.517290
v 0.173220 0.358668 0.391198
v 0.445060 -0.034845 0.473207
v 0.445060 0.032646 0.473207
v -0.329377 0.149888 -0.019056
v -0.430145 -0.068392 0.517290
v -0.430145 0.066193 0.517290
v 0.172711 0.360099 0.393795
v 0.036065 0.003292 0.076458
v 0.036065 -0.005491 0.076458
v -0.070858 0.358233 0.473207
v 0.172553 0.360545 0.395204
v -0.159270 -0.409973 0.025027
v -0.159270 0.407773 0.025027
v 0.172472 0.360773 0.396666
v 0.201127 -0.396158 0.473207
v 0.201127 0.393959 0.473207
v 0.178997 0.322721 -0.467236
v -0.356058 -0.066019 -0.019056
v 0.446030 -0.017985 0.517290
v 0.446030 0.015785 0.517290
v 0.172725 0.360061 0.400979
v 0.176211 0.350252 0.410028
v 0.177314 0.347149 0.411159
v 0.138529 0.419188 -0.511319
v 0.138529 -0.421388 -0.511319
v -0.360984 0.023955 0.025027
v 0.354901 -0.114620 0.025027
v -0.174810 0.401161 -0.467236
v -0.174810 -0.403361 -0.467235
v 0.178486 0.343853 0.411851
v 0.179682 0.340489 0.412024
v -0.075320 -0.379784 -0.467235
v -0.075320 -0.415708 -0.467235
v 0.180866 0.337157 0.411626
v 0.242532 0.279577 0.025027
v -0.267481 -0.246912 0.473207
v 0.407403 -0.043339 0.025027
v 0.407403 -0.043339 0.025027
v 0.345618 -0.281576 0.025027
v 0.345618 0.279377 0.025027
v 0.201127 0.393959 -0.511319
v 0.201127 -0.396158 -0.511319
v 0.165615 0.366299 0.398831
v -0.248843 -0.266151 0.473207
v 0.094949 0.355209 0.473207
v -0.094924 -0.430336 -0.019056
v -0.094924 0.428137 -0.019056
v 0.430595 -0.117912 0.517290
v 0.430595 0.115713 0.517290
v -0.145464 -0.364738 -0.404973
v -0.072457 -0.376589 -0.467235
v -0.072457 -0.418903 -0.467235
v 0.384447 0.224174 -0.467236
v 0.384447 -0.226373 -0.467236
v 0.201127 -0.396158 -0.019056
v 0.201127 0.393959 -0.019056
v 0.165616 0.366300 0.395863
v -0.360984 0.023955 0.473207
v 0.136607 0.354324 0.397339
v -0.134649 -0.360273 -0.377700
v -0.040565 -0.370698 -0.511319
v -0.040565 -0.424794 -0.511319
v 0.161211 0.364481 0.407861
v -0.070858 -0.360432 -0.467235
v -0.143898 0.334501 -0.467236
v 0.086362 0.377585 0.517290
v 0.086362 0.413508 0.517290
v 0.407782 0.179231 -0.511319
v 0.407782 -0.181430 -0.511319
v 0.155210 0.362004 0.383273
v 0.272765 -0.351690 0.473207
v 0.272765 0.349491 0.473207
v 0.366090 -0.254719 0.473207
v 0.366090 0.252519 0.473207
v 0.034958 0.387080 0.473207
v 0.034958 0.404013 0.473207
v -0.083907 -0.357409 -0.019056
v -0.000237 0.050007 0.517290
v -0.000237 -0.052207 0.517290
v 0.272765 -0.351690 0.517290
v 0.272765 0.349491 0.517290
v -0.234101 -0.371119 0.473207
v -0.234101 0.368920 0.473207
v 0.034025 0.399826 0.473207
v 0.034025 0.391268 0.473207
v 0.033712 0.395547 0.473207
v 0.245143 -0.371119 -0.019056
v 0.245143 0.368920 -0.019056
v 0.033712 0.395547 0.517290
v 0.036491 0.383072 0.473207
v 0.036491 0.408021 0.473207
v 0.366090 0.252519 -0.511319
v 0.366090 -0.254719 -0.511319
v 0.038591 0.379331 0.473207
v 0.038591 0.411762 0.473207
v -0.152812 -0.367772 -0.384296
v 0.038591 0.379331 0.517290
v 0.038591 0.411762 0.517290
v 0.041213 0.375935 0.473207
v 0.041213 0.415158 0.473207
v -0.143898 0.334501 -0.019056
v 0.041213 0.375935 0.517290
v 0.041213 0.415158 0.517290
v 0.044302 0.372957 0.517290
v 0.044302 0.418136 0.517290
v 0.047791 0.370461 0.517290
v 0.047791 0.420633 0.517290
v 0.051607 0.368499 0.473207
v 0.051607 0.422594 0.473207
v 0.372877 -0.002818 0.473207
v 0.055667 0.367113 0.517290
v 0.055667 0.423980 0.517290
v 0.059887 0.366334 0.517290
v 0.059887 0.424759 0.517290
v 0.064174 0.366177 0.473207
v 0.064174 0.424916 0.473207
v 0.064174 0.366177 0.517290
v 0.064174 0.424916 0.517290
v 0.068439 0.366647 0.473207
v 0.068439 0.424447 0.473207
v 0.072590 0.367732 0.517290
v 0.072590 0.423361 0.517290
v 0.076539 0.369410 0.473207
v 0.076539 0.421683 0.473207
v 0.175606 0.351955 0.385490
v 0.080201 0.371645 0.473207
v 0.080201 0.419448 0.473207
v 0.083499 0.374389 0.473207
v 0.083499 0.416704 0.473207
v 0.039266 -0.440638 0.473207
v 0.039266 0.438439 0.473207
v 0.088729 0.381163 0.473207
v 0.088729 0.409930 0.473207
v 0.090550 0.385048 0.517290
v 0.090550 0.406045 0.517290
v 0.091786 0.389157 0.473207
v 0.091786 0.401937 0.473207
v 0.425809 -0.134108 0.517290
v 0.425809 0.131909 0.517290
v 0.039266 0.438439 -0.467236
v 0.039266 -0.440639 -0.467235
v 0.091786 0.389157 0.517290
v 0.091786 0.401937 0.517290
v 0.092411 0.393401 0.473207
v 0.092411 0.397692 0.473207
v 0.446353 -0.001100 0.517290
v 0.443445 0.049457 0.517290
v 0.443445 -0.051656 0.517290
v -0.048845 -0.368533 -0.467235
v -0.048845 -0.426958 -0.467235
v 0.441187 0.066193 0.517290
v 0.441187 -0.068392 0.517290
v 0.164495 0.365837 0.403110
v -0.078495 -0.396365 0.473207
v -0.078495 -0.396365 0.473207
v 0.369226 0.050594 0.025027
v 0.438290 -0.085030 0.517290
v 0.438290 0.082831 0.517290
v -0.323584 -0.294397 0.473207
v -0.323584 0.292197 0.473207
v 0.434757 -0.101545 0.517290
v 0.434757 0.099346 0.517290
v 0.177643 0.346224 0.383274
v 0.414394 -0.165890 0.517290
v 0.414394 0.163691 0.517290
v 0.407782 -0.181430 0.517290
v 0.407782 0.179231 0.517290
v 0.400580 -0.196706 0.517290
v 0.400580 0.194506 0.517290
v 0.392797 -0.211694 0.517290
v 0.392797 0.209495 0.517290
v 0.366090 -0.254719 0.517290
v 0.366090 0.252519 0.517290
v 0.345618 -0.281576 0.517290
v 0.345618 0.279377 0.517290
v -0.161434 -0.362962 -0.392171
v 0.311208 -0.318729 0.517290
v 0.311208 0.316530 0.517290
v 0.298818 -0.330204 0.517290
v 0.298818 0.328005 0.517290
v 0.375540 -0.240722 -0.019056
v 0.375540 0.238522 -0.019056
v -0.219753 -0.380026 0.473207
v -0.219753 0.377826 0.473207
v 0.245143 -0.371119 0.517290
v 0.245143 0.368920 0.517290
v 0.230795 -0.380026 0.517290
v 0.230795 0.377826 0.517290
v 0.216115 -0.388376 0.517290
v 0.216115 0.386177 0.517290
v 0.154530 -0.415985 0.517290
v 0.154530 0.413785 0.517290
v 0.089451 -0.433868 0.517290
v 0.089451 0.431669 0.517290
v 0.172938 0.359462 0.392453
v -0.239011 -0.275248 0.473207
v 0.056077 -0.439023 0.517290
v 0.056077 0.436824 0.517290
v -0.419553 -0.117912 0.473207
v -0.419553 0.115713 0.473207
v -0.094924 -0.430336 0.517290
v -0.094924 0.428137 0.517290
v -0.143488 -0.415985 0.517290
v -0.143488 0.413785 0.517290
v -0.174810 -0.403361 0.517290
v -0.174810 0.401161 0.517290
v -0.190085 -0.396158 0.517290
v -0.190085 0.393959 0.517290
v -0.205073 -0.388376 0.517290
v -0.205073 0.386177 0.517290
v -0.298392 -0.207474 -0.019056
v -0.219753 -0.380026 0.517290
v -0.219753 0.377826 0.517290
v -0.234101 -0.371119 0.517290
v -0.234101 0.368920 0.517290
v -0.261723 -0.351690 0.517290
v -0.261723 0.349491 0.517290
v -0.274955 -0.341197 0.517290
v -0.274955 0.338998 0.517290
v -0.300167 -0.318729 0.517290
v -0.300167 0.316530 0.517290
v -0.312108 -0.306787 0.517290
v -0.312108 0.304588 0.517290
v 0.170312 -0.409973 0.473207
v 0.170312 0.407773 0.473207
v -0.323584 -0.294397 0.517290
v -0.323584 0.292197 0.517290
v 0.173229 0.358641 0.403518
v -0.334576 -0.281576 0.517290
v -0.334576 0.279377 0.517290
v -0.028224 -0.440638 -0.019056
v -0.028224 0.438439 -0.019056
v -0.351203 -0.088860 0.025027
v -0.414767 -0.134108 0.473207
v -0.414767 0.131909 0.473207
v -0.345070 -0.268343 0.517290
v -0.345070 0.266144 0.517290
v -0.190085 -0.396158 -0.511319
v -0.190085 0.393959 -0.511319
v -0.355049 -0.254719 0.517290
v -0.355049 0.252519 0.517290
v -0.373405 -0.226373 0.517290
v -0.373405 0.224174 0.517290
v 0.358808 0.099608 -0.467236
v -0.381756 -0.211694 0.517290
v -0.381756 0.209495 0.517290
v -0.389538 -0.196706 0.517290
v -0.389538 0.194506 0.517290
v -0.409364 -0.150108 0.517290
v -0.409364 0.147909 0.517290
v -0.423715 -0.101545 0.517290
v -0.423715 0.099346 0.517290
v -0.432403 -0.051656 0.517290
v -0.432403 0.049457 0.517290
v -0.044471 -0.365042 -0.019056
v 0.301708 0.216217 0.473207
v 0.285997 -0.341197 0.517290
v 0.285997 0.338998 0.517290
v -0.434988 -0.017985 0.517290
v -0.434988 0.015785 0.517290
v -0.435311 -0.001100 0.473207
v -0.432403 -0.051656 0.473207
v -0.432403 0.049457 0.473207
v -0.170527 -0.337378 -0.377624
v -0.430145 -0.068392 0.473207
v -0.430145 0.066193 0.473207
v -0.427248 -0.085030 0.473207
v -0.427248 0.082831 0.473207
v -0.423715 -0.101545 0.473207
v -0.423715 0.099346 0.473207
v -0.409364 -0.150108 0.473207
v -0.409364 0.147909 0.473207
v -0.403352 -0.165890 0.473207
v -0.403352 0.163691 0.473207
v -0.389538 -0.196706 0.473207
v -0.389538 0.194506 0.473207
v -0.364498 -0.240722 0.473207
v -0.364498 0.238523 0.473207
v -0.345070 -0.268343 0.473207
v -0.345070 0.266144 0.473207
v -0.334576 -0.281576 0.473207
v -0.334576 0.279377 0.473207
v 0.392797 -0.211694 0.025027
v 0.392797 0.209495 0.025027
v -0.158840 0.368061 0.025027
v -0.158840 0.368061 0.025027
v -0.312108 -0.306787 0.473207
v -0.312108 0.304588 0.473207
v -0.300167 -0.318729 0.473207
v -0.300167 0.316530 0.473207
v -0.287776 -0.330204 0.473207
v -0.287776 0.328005 0.473207
v -0.274955 -0.341197 0.473207
v -0.274955 0.338998 0.473207
v -0.248098 -0.361669 0.473207
v -0.248098 0.359470 0.473207
v -0.190085 -0.396158 0.473207
v -0.190085 0.393959 0.473207
v -0.143488 -0.415985 0.473207
v -0.143488 0.413785 0.473207
v -0.176669 0.317899 0.473207
v 0.161223 0.364486 0.386829
v -0.111291 -0.426174 0.473207
v -0.111291 0.423975 0.473207
v -0.094924 -0.430336 0.473207
v -0.094924 0.428137 0.473207
v -0.028224 -0.440638 0.473207
v -0.028224 0.438439 0.473207
v -0.011364 -0.441608 0.473207
v -0.011364 0.439409 0.473207
v 0.045629 -0.366264 0.473207
v 0.154940 0.334501 -0.467236
v 0.005521 -0.441932 0.473207
v 0.005521 0.439733 0.473207
v 0.005521 0.402997 0.473207
v 0.005521 0.402997 0.473207
v 0.005521 -0.368460 0.473207
v -0.199429 -0.305975 -0.467236
v 0.056077 -0.439023 0.473207
v 0.056077 0.436824 0.473207
v -0.330775 0.146748 0.473207
v 0.389839 0.123773 0.473207
v 0.389839 0.123773 0.473207
v 0.072814 -0.436766 0.473207
v 0.072814 0.434566 0.473207
v 0.105966 -0.430336 0.473207
v 0.105966 0.428137 0.473207
v 0.122333 -0.426174 0.473207
v 0.122333 0.423975 0.473207
v 0.184889 0.325839 0.392306
v 0.154530 -0.415985 0.473207
v 0.154530 0.413785 0.473207
v 0.187711 0.317899 0.473207
v 0.216115 -0.388376 0.473207
v 0.216115 0.386177 0.473207
v -0.329377 -0.152087 0.025027
v 0.230795 -0.380026 0.473207
v 0.230795 0.377826 0.473207
v 0.245143 -0.371119 0.473207
v 0.245143 0.368920 0.473207
v 0.298818 -0.330204 0.473207
v 0.298818 0.328005 0.473207
v -0.141450 -0.363081 -0.376752
v 0.311208 -0.318729 0.473207
v 0.311208 0.316530 0.473207
v 0.185852 0.401161 -0.467236
v 0.185852 -0.403361 -0.467235
v 0.323150 -0.306787 0.473207
v 0.323150 0.304588 0.473207
v 0.356112 -0.268343 0.473207
v 0.356112 0.266144 0.473207
v 0.375540 -0.240722 0.473207
v 0.375540 0.238523 0.473207
v -0.158840 0.368061 0.473207
v -0.158840 0.368061 0.473207
v -0.389538 -0.196706 0.025027
v -0.389538 0.194506 0.025027
v 0.392797 -0.211694 0.473207
v 0.392797 0.209495 0.473207
v 0.056077 -0.439023 -0.019056
v 0.056077 0.436824 -0.019056
v 0.169882 0.368061 0.025027
v 0.169882 0.368061 0.025027
v -0.381756 -0.211694 0.025027
v -0.381756 0.209495 0.025027
v 0.400580 -0.196706 0.473207
v 0.400580 0.194506 0.473207
v 0.001129 0.029445 0.076458
v 0.001129 -0.031644 0.076458
v 0.420406 -0.150108 0.473207
v 0.420406 0.147909 0.473207
v 0.122333 -0.426174 0.517290
v 0.122333 0.423975 0.517290
v 0.434757 -0.101545 0.473207
v 0.434757 0.099346 0.473207
v 0.441187 -0.068392 0.473207
v 0.441187 0.066193 0.473207
v 0.443445 -0.051656 0.473207
v 0.443445 0.049457 0.473207
v 0.163845 0.365568 0.404428
v 0.154940 -0.336700 0.473207
v 0.446030 -0.017985 0.473207
v 0.446030 0.015785 0.473207
v -0.312622 0.182581 0.473207
v -0.031169 0.364424 0.473207
v 0.446353 -0.001100 0.473207
v 0.042211 0.364424 0.473207
v -0.325161 -0.161109 -0.019056
v 0.323664 0.182581 0.473207
v -0.128971 -0.357929 -0.400883
v -0.290666 -0.218417 -0.019056
v 0.055513 0.362843 0.473207
v 0.068748 0.360779 0.473207
v 0.081899 0.358233 0.473207
v 0.107880 0.351712 0.473207
v -0.361654 0.010576 0.473207
v -0.361835 -0.002818 0.473207
v -0.396362 -0.043339 0.473207
v -0.396362 -0.043339 0.473207
v -0.359827 0.037300 0.473207
v -0.358184 0.050594 0.473207
v -0.356058 0.063820 0.473207
v -0.353450 0.076959 0.473207
v -0.325161 0.158910 0.473207
v -0.319107 0.170860 0.473207
v -0.305714 0.194057 0.473207
v 0.375540 -0.240722 0.517290
v 0.375540 0.238523 0.517290
v -0.298392 0.205274 0.473207
v -0.173847 -0.328038 -0.386334
v -0.290666 0.216217 0.473207
v 0.190687 0.316181 -0.019056
v -0.294781 0.269294 0.473207
v -0.294781 0.269294 0.473207
v 0.362244 -0.088860 0.025027
v -0.221100 0.288031 0.473207
v -0.057706 0.360779 0.473207
v -0.044471 0.362843 0.473207
v 0.199220 0.311045 0.473207
v 0.232142 0.288031 0.473207
v -0.081369 -0.395601 -0.511319
v -0.081369 -0.399891 -0.511319
v 0.430595 -0.117912 0.025027
v 0.430595 0.115713 0.025027
v 0.242532 0.279577 0.473207
v 0.252607 0.270749 0.473207
v -0.430145 -0.068392 0.025027
v -0.430145 0.066193 0.025027
v 0.309434 0.205274 0.473207
v 0.330149 0.170860 0.473207
v -0.312622 -0.184780 -0.019056
v 0.336203 0.158910 0.473207
v -0.119047 0.344496 -0.467236
v 0.364492 0.076959 0.473207
v 0.369226 0.050594 0.473207
v 0.142062 0.356576 0.385802
v 0.370869 0.037300 0.473207
v 0.372026 0.023955 0.473207
v 0.372696 0.010576 0.473207
v 0.407403 -0.043339 0.473207
v 0.407403 -0.043339 0.473207
v 0.365207 -0.075796 0.473207
v 0.358808 -0.101807 0.473207
v -0.396740 -0.181430 -0.511319
v -0.396740 0.179231 -0.511319
v 0.350530 -0.127282 0.473207
v -0.061548 -0.369931 -0.467235
v -0.061548 -0.425561 -0.467235
v 0.345700 -0.139777 0.473207
v -0.219753 -0.380026 0.025027
v -0.219753 0.377826 0.025027
v 0.340419 -0.152087 0.473207
v -0.343859 -0.114620 0.025027
v 0.355479 -0.203148 0.473207
v 0.355479 -0.203148 0.473207
v 0.303728 -0.215636 0.473207
v 0.295709 -0.226365 0.473207
v 0.089451 -0.433868 0.473207
v 0.089451 0.431669 0.473207
v 0.287303 -0.236795 0.473207
v 0.278523 -0.246912 0.473207
v 0.269379 -0.256701 0.473207
v 0.259885 -0.266151 0.473207
v -0.334576 -0.281576 -0.511319
v -0.334576 0.279377 -0.511319
v 0.250053 -0.275248 0.473207
v 0.190687 -0.318380 0.473207
v 0.167076 -0.331029 0.473207
v 0.142605 -0.341924 0.473207
v 0.089537 -0.396365 0.473207
v 0.089537 -0.396365 0.473207
v 0.305823 -0.271493 -0.467236
v 0.305823 -0.271493 -0.467236
v -0.294781 0.269294 0.025027
v -0.294781 0.269294 0.025027
v 0.018914 -0.368216 0.473207
v -0.007872 -0.368216 0.473207
v -0.021248 -0.367483 0.473207
v -0.106364 -0.351007 0.473207
v -0.131563 -0.341924 0.473207
v 0.005521 0.366261 -0.467236
v 0.005521 -0.405196 -0.467235
v 0.005521 -0.405196 -0.467235
v 0.005521 0.439733 -0.467236
v 0.005521 -0.441932 -0.467235
v -0.143898 -0.336700 0.473207
v -0.156034 -0.331029 0.473207
v -0.167955 -0.324920 0.473207
v -0.078410 -0.433868 0.473207
v -0.078410 0.431669 0.473207
v -0.276261 -0.236795 0.473207
v -0.232001 -0.328020 0.025027
v -0.232001 -0.328020 0.025027
v -0.284667 -0.226365 0.473207
v -0.435311 -0.001100 0.517290
v -0.292687 -0.215636 0.473207
v -0.432403 -0.051656 -0.019056
v -0.432403 0.049456 -0.019056
v -0.344437 -0.203148 0.473207
v -0.344437 -0.203148 0.473207
v -0.334659 -0.139777 0.473207
v -0.167718 -0.345283 -0.376769
v -0.329377 -0.152087 0.473207
v -0.339488 -0.127282 0.473207
v -0.343859 -0.114620 0.473207
v 0.232142 0.288031 0.025027
v -0.351203 -0.088860 0.473207
v -0.354165 -0.075796 0.473207
v 0.178759 0.343084 0.382740
v 0.305823 0.269294 0.025027
v 0.305823 0.269294 0.025027
v 0.183551 0.329602 0.386847
vn -0.0000 -0.0000 1.0000
vn 0.0003 -0.0000 1.0000
vn -0.9905 -0.1291 0.0466
vn -0.9929 -0.1098 0.0466
vn -0.9988 -0.0174 0.0466
vn -0.9989 0.0021 0.0466
vn -0.9944 0.0946 0.0466
vn -0.9924 0.1139 0.0466
vn -0.9776 0.2053 0.0466
vn -0.9734 0.2243 0.0466
vn -0.9485 0.3134 0.0466
vn -0.9422 0.3318 0.0466
vn -0.9074 0.4177 0.0466
vn -0.8991 0.4353 0.0466
vn -0.8549 0.5167 0.0466
vn -0.8447 0.5332 0.0466
vn -0.7917 0.6091 0.0466
vn -0.7797 0.6244 0.0466
vn -0.7186 0.6939 0.0466
vn -0.7049 0.7077 0.0466
vn -0.6363 0.7700 0.0466
vn -0.6212 0.7822 0.0466
vn -0.5461 0.8364 0.0466
vn -0.5297 0.8469 0.0466
vn -0.4490 0.8923 0.0466
vn -0.4316 0.9009 0.0466
vn -0.3463 0.9370 0.0466
vn -0.3280 0.9435 0.0466
vn -0.2392 0.9698 0.0466
vn -0.2203 0.9743 0.0466
vn -0.1291 0.9905 0.0466
vn -0.1098 0.9929 0.0466
vn -0.0174 0.9988 0.0466
vn 0.0020 0.9989 0.0466
vn 0.0945 0.9944 0.0466
vn 0.1139 0.9924 0.0466
vn 0.2053 0.9776 0.0466
vn 0.2243 0.9734 0.0466
vn 0.3135 0.9485 0.0466
vn 0.3318 0.9422 0.0466
vn 0.4177 0.9074 0.0466
vn 0.4353 0.8991 0.0466
vn 0.5167 0.8549 0.0466
vn 0.5332 0.8447 0.0466
vn 0.6091 0.7917 0.0466
vn 0.6245 0.7797 0.0466
vn 0.6939 0.7185 0.0466
vn 0.7078 0.7049 0.0466
vn 0.7700 0.6363 0.0466
vn 0.7823 0.6212 0.0466
vn 0.8364 0.5461 0.0466
vn 0.8469 0.5297 0.0466
vn 0.8923 0.4490 0.0466
vn 0.9008 0.4316 0.0466
vn 0.9370 0.3463 0.0466
vn 0.9435 0.3280 0.0466
vn 0.9699 0.2392 0.0466
vn 0.9743 0.2202 0.0466
vn 0.9905 0.1291 0.0466
vn 0.9929 0.1097 0.0466
vn 0.9988 0.0174 0.0466
vn 0.9989 -0.0020 0.0466
vn 0.9944 -0.0945 0.0466
vn 0.9924 -0.1139 0.0466
vn 0.9776 -0.2052 0.0466
vn 0.9734 -0.2243 0.0466
vn 0.9485 -0.3134 0.0466
vn 0.9422 -0.3318 0.0466
vn 0.9074 -0.4177 0.0466
vn 0.8991 -0.4353 0.0466
vn 0.8549 -0.5167 0.0466
vn 0.8447 -0.5331 0.0466
vn 0.7917 -0.6091 0.0466
vn 0.7797 -0.6244 0.0466
vn 0.7185 -0.6939 0.0466
vn 0.7049 -0.7078 0.0466
vn 0.6363 -0.7700 0.0466
vn 0.6212 -0.7822 0.0466
vn 0.5461 -0.8364 0.0466
vn 0.5297 -0.8469 0.0466
vn 0.4490 -0.8923 0.0466
vn 0.4315 -0.9009 0.0466
vn 0.3463 -0.9370 0.0466
vn 0.3280 -0.9435 0.0466
vn 0.2392 -0.9698 0.0466
vn 0.2203 -0.9743 0.0466
vn 0.1291 -0.9905 0.0466
vn 0.1098 -0.9929 0.0466
vn 0.0174 -0.9988 0.0466
vn -0.0020 -0.9989 0.0466
vn -0.0945 -0.9944 0.0466
vn -0.1139 -0.9924 0.0466
vn -0.2053 -0.9776 0.0466
vn -0.2243 -0.9734 0.0466
vn -0.3134 -0.9485 0.0466
vn -0.3318 -0.9422 0.0466
vn -0.4177 -0.9074 0.0466
vn -0.4352 -0.8991 0.0466
vn -0.5166 -0.8549 0.0466
vn -0.5332 -0.8447 0.0466
vn -0.6091 -0.7917 0.0466
vn -0.6244 -0.7797 0.0466
vn -0.6939 -0.7185 0.0466
vn -0.7078 -0.7049 0.0466
vn -0.7700 -0.6363 0.0466
vn -0.7823 -0.6212 0.0466
vn -0.8364 -0.5461 0.0466
vn -0.8469 -0.5297 0.0466
vn -0.8923 -0.4490 0.0466
vn -0.9009 -0.4315 0.0466
vn -0.9370 -0.3463 0.0466
vn -0.9435 -0.3280 0.0466
vn -0.9698 -0.2392 0.0466
vn -0.9743 -0.2203 0.0466
vn -0.9876 0.1501 0.0470
vn -0.9923 0.1150 0.0466
vn -0.9989 -0.0000 0.0472
vn -0.9988 0.0125 0.0466
vn -0.9944 -0.0945 0.0466
vn -0.9989 0.0023 0.0466
vn -0.9929 -0.1096 0.0466
vn -0.9719 0.2306 0.0466
vn -0.9589 0.2799 0.0470
vn -0.9382 0.3429 0.0466
vn -0.9132 0.4048 0.0469
vn -0.8915 0.4505 0.0465
vn -0.8429 0.5359 0.0469
vn -0.8391 0.5419 0.0466
vn -0.7779 0.6267 0.0466
vn -0.7795 0.6246 0.0466
vn -0.7047 0.7080 0.0466
vn -0.7518 0.6578 0.0470
vn -0.6990 0.7136 0.0466
vn -0.6210 0.7824 0.0466
vn -0.6578 0.7518 0.0470
vn -0.6105 0.7907 0.0464
vn -0.5295 0.8470 0.0466
vn -0.5359 0.8430 0.0469
vn -0.5209 0.8524 0.0466
vn -0.4313 0.9010 0.0466
vn -0.4322 0.9006 0.0467
vn -0.4047 0.9132 0.0469
vn -0.3236 0.9450 0.0466
vn -0.2799 0.9589 0.0470
vn -0.2105 0.9765 0.0466
vn -0.1501 0.9876 0.0470
vn -0.0945 0.9944 0.0465
vn -0.0000 0.9989 0.0472
vn 0.0125 0.9988 0.0466
vn 0.1149 0.9923 0.0466
vn 0.1141 0.9924 0.0466
vn 0.2245 0.9734 0.0466
vn 0.1501 0.9876 0.0470
vn 0.2306 0.9719 0.0466
vn 0.3321 0.9421 0.0466
vn 0.2799 0.9589 0.0470
vn 0.3430 0.9382 0.0466
vn 0.4355 0.8990 0.0466
vn 0.4047 0.9132 0.0469
vn 0.4506 0.8915 0.0465
vn 0.5334 0.8446 0.0466
vn 0.5359 0.8430 0.0469
vn 0.5420 0.8391 0.0466
vn 0.6246 0.7795 0.0466
vn 0.6267 0.7779 0.0466
vn 0.6577 0.7518 0.0470
vn 0.7136 0.6990 0.0466
vn 0.7517 0.6578 0.0470
vn 0.7906 0.6105 0.0464
vn 0.8429 0.5360 0.0469
vn 0.8524 0.5208 0.0466
vn 0.9006 0.4321 0.0467
vn 0.9010 0.4313 0.0466
vn 0.9436 0.3277 0.0466
vn 0.9132 0.4048 0.0469
vn 0.9450 0.3236 0.0466
vn 0.9744 0.2201 0.0466
vn 0.9589 0.2799 0.0470
vn 0.9765 0.2105 0.0466
vn 0.9929 0.1096 0.0466
vn 0.9876 0.1501 0.0470
vn 0.9944 0.0945 0.0465
vn 0.9989 -0.0023 0.0466
vn 0.9989 -0.0000 0.0472
vn 0.9988 -0.0125 0.0466
vn 0.9924 -0.1141 0.0466
vn 0.9923 -0.1150 0.0466
vn 0.9876 -0.1501 0.0470
vn 0.9719 -0.2306 0.0466
vn 0.9589 -0.2799 0.0470
vn 0.9382 -0.3429 0.0466
vn 0.9132 -0.4048 0.0469
vn 0.8915 -0.4506 0.0465
vn 0.8429 -0.5360 0.0469
vn 0.8391 -0.5419 0.0466
vn 0.7779 -0.6266 0.0466
vn 0.7795 -0.6246 0.0466
vn 0.7047 -0.7080 0.0466
vn 0.7517 -0.6578 0.0470
vn 0.6990 -0.7136 0.0466
vn 0.6210 -0.7824 0.0466
vn 0.6577 -0.7518 0.0470
vn 0.6105 -0.7906 0.0464
vn 0.5295 -0.8470 0.0466
vn 0.5359 -0.8430 0.0469
vn 0.5208 -0.8524 0.0466
vn 0.4313 -0.9010 0.0466
vn 0.4322 -0.9006 0.0467
vn 0.4047 -0.9132 0.0469
vn 0.3236 -0.9450 0.0466
vn 0.2799 -0.9589 0.0470
vn 0.2105 -0.9765 0.0466
vn 0.1501 -0.9876 0.0470
vn 0.0945 -0.9944 0.0465
vn -0.0000 -0.9989 0.0472
vn -0.0125 -0.9988 0.0466
vn -0.1149 -0.9923 0.0466
vn -0.1141 -0.9924 0.0466
vn -0.2245 -0.9734 0.0466
vn -0.1501 -0.9876 0.0470
vn -0.2306 -0.9719 0.0466
vn -0.3321 -0.9421 0.0466
vn -0.2799 -0.9589 0.0470
vn -0.3430 -0.9382 0.0466
vn -0.4355 -0.8990 0.0466
vn -0.4047 -0.9132 0.0469
vn -0.4506 -0.8915 0.0465
vn -0.5334 -0.8446 0.0466
vn -0.5359 -0.8430 0.0469
vn -0.5420 -0.8391 0.0466
vn -0.6246 -0.7796 0.0466
vn -0.6267 -0.7779 0.0466
vn -0.6577 -0.7518 0.0470
vn -0.7136 -0.6990 0.0466
vn -0.7518 -0.6577 0.0470
vn -0.7906 -0.6105 0.0464
vn -0.8430 -0.5359 0.0469
vn -0.8524 -0.5208 0.0466
vn -0.9006 -0.4322 0.0467
vn -0.9010 -0.4313 0.0466
vn -0.9436 -0.3277 0.0466
vn -0.9132 -0.4048 0.0469
vn -0.9450 -0.3236 0.0466
vn -0.9744 -0.2201 0.0466
vn -0.9589 -0.2799 0.0470
vn -0.9765 -0.2105 0.0466
vn -0.9876 -0.1501 0.0470
vn -0.9924 0.1141 0.0466
vn -0.9734 0.2245 0.0466
vn -0.9421 0.3321 0.0466
vn -0.8990 0.4355 0.0466
vn -0.8446 0.5334 0.0466
vn -0.8470 -0.5295 0.0466
vn -0.7824 -0.6210 0.0466
vn -0.7080 -0.7047 0.0466
vn -0.0024 -0.9989 0.0466
vn 0.1096 -0.9929 0.0466
vn 0.2201 -0.9744 0.0466
vn 0.3277 -0.9436 0.0466
vn 0.8446 -0.5333 0.0466
vn 0.8990 -0.4354 0.0466
vn 0.9421 -0.3321 0.0466
vn 0.9733 -0.2245 0.0466
vn 0.8470 0.5296 0.0466
vn 0.7824 0.6210 0.0466
vn 0.7080 0.7047 0.0466
vn 0.0023 0.9989 0.0466
vn -0.1096 0.9929 0.0466
vn -0.2201 0.9744 0.0466
vn -0.3277 0.9436 0.0466
vn 0.7459 0.6659 0.0146
vn 0.7420 0.6647 -0.0879
vn 0.7397 0.6723 -0.0292
vn 0.7242 0.6761 -0.1360
vn 0.7152 0.6985 -0.0225
vn 0.6933 0.7077 -0.1361
vn 0.6932 0.7203 -0.0225
vn 0.6801 0.7328 -0.0225
vn 0.6543 0.7438 -0.1366
vn 0.6426 0.7662 -0.0045
vn 0.6355 0.7712 -0.0375
vn 0.6162 0.7734 -0.1487
vn 0.5963 0.8025 -0.0225
vn 0.5708 0.8099 -0.1351
vn 0.5882 0.8084 -0.0226
vn 0.5534 0.8326 -0.0225
vn 0.5484 0.8359 -0.0225
vn 0.5210 0.8413 -0.1440
vn 0.5120 0.8587 -0.0225
vn 0.4969 0.8675 -0.0225
vn 0.4685 0.8714 -0.1455
vn 0.4692 0.8828 -0.0225
vn 0.4392 0.8981 -0.0225
vn 0.4112 0.9001 -0.1443
vn 0.4232 0.9058 -0.0225
vn 0.3775 0.9257 -0.0225
vn 0.3457 0.9284 -0.1362
vn 0.3714 0.9282 -0.0225
vn 0.3220 0.9465 -0.0225
vn 0.3081 0.9511 -0.0225
vn 0.2872 0.9470 -0.1439
vn 0.2674 0.9633 -0.0225
vn 0.2541 0.9669 -0.0225
vn 0.2336 0.9627 -0.1363
vn 0.2182 0.9759 -0.0036
vn 0.2131 0.9764 -0.0361
vn 0.2006 0.9689 -0.1449
vn 0.1814 0.9832 -0.0225
vn 0.1688 0.9746 -0.1471
vn 0.1576 0.9870 -0.0312
vn 0.1525 0.9834 -0.0982
vn 0.1488 0.9888 0.0130
vn 0.7289 0.6544 -0.2009
vn 0.7042 0.6631 -0.2538
vn 0.6726 0.6900 -0.2674
vn 0.6364 0.7236 -0.2673
vn 0.5966 0.7564 -0.2683
vn 0.5523 0.7896 -0.2672
vn 0.5042 0.8210 -0.2677
vn 0.4512 0.8513 -0.2677
vn 0.3930 0.8798 -0.2675
vn 0.3300 0.9054 -0.2673
vn 0.2789 0.9202 -0.2746
vn 0.2274 0.9364 -0.2674
vn 0.1923 0.9442 -0.2674
vn 0.1679 0.9451 -0.2802
vn 0.1527 0.9639 -0.2183
vn 0.1526 0.9303 -0.3335
vn 0.1644 0.9010 -0.4015
vn 0.1509 0.8839 -0.4427
vn 0.1574 0.8524 -0.4986
vn 0.1367 0.8304 -0.5401
vn 0.1465 0.7963 -0.5869
vn 0.1351 0.7726 -0.6204
vn 0.1498 0.7391 -0.6567
vn 0.1289 0.7233 -0.6784
vn 0.1264 0.6853 -0.7172
vn 0.7061 0.6367 -0.3098
vn 0.6737 0.6332 -0.3810
vn 0.6423 0.6590 -0.3915
vn 0.6078 0.6911 -0.3911
vn 0.5696 0.7223 -0.3922
vn 0.5273 0.7541 -0.3914
vn 0.4818 0.7842 -0.3910
vn 0.4308 0.8131 -0.3914
vn 0.3756 0.8403 -0.3910
vn 0.3148 0.8647 -0.3913
vn 0.2660 0.8780 -0.3980
vn 0.2172 0.8943 -0.3913
vn 0.1837 0.9018 -0.3912
vn 0.6835 0.6166 -0.3907
vn 0.6551 0.5930 -0.4681
vn 0.6351 0.6003 -0.4861
vn 0.6161 0.5547 -0.5593
vn 0.5927 0.5587 -0.5801
vn 0.5732 0.5162 -0.6364
vn 0.5514 0.5204 -0.6520
vn 0.5245 0.4730 -0.7079
vn 0.5047 0.4774 -0.7193
vn 0.4633 0.4197 -0.7805
vn 0.4568 0.4364 -0.7752
vn 0.4078 0.3882 -0.8264
vn 0.4352 0.4465 -0.7818
vn 0.3842 0.3943 -0.8348
vn 0.4118 0.4683 -0.7817
vn 0.3636 0.4135 -0.8347
vn 0.3859 0.4894 -0.7820
vn 0.3407 0.4321 -0.8350
vn 0.3573 0.5111 -0.7817
vn 0.3157 0.4514 -0.8346
vn 0.3263 0.5315 -0.7817
vn 0.2881 0.4693 -0.8347
vn 0.2920 0.5512 -0.7817
vn 0.2577 0.4867 -0.8347
vn 0.2541 0.5695 -0.7817
vn 0.2244 0.5029 -0.8347
vn 0.2132 0.5861 -0.7817
vn 0.1881 0.5175 -0.8348
vn 0.1796 0.5931 -0.7848
vn 0.1583 0.5231 -0.8374
vn 0.1473 0.6061 -0.7816
vn 0.1299 0.5335 -0.8358
vn 0.1282 0.6105 -0.7816
vn 0.1193 0.5626 -0.8180
vn 0.1141 0.6010 -0.7910
vn 0.1081 0.4982 -0.8603
vn 0.1135 0.4574 -0.8820
vn 0.1362 0.4500 -0.8826
vn 0.1131 0.3740 -0.9205
vn 0.1348 0.3714 -0.9186
vn 0.1066 0.2939 -0.9499
vn 0.1274 0.2857 -0.9498
vn 0.0922 0.2075 -0.9739
vn 0.1061 0.2008 -0.9739
vn 0.0643 0.1222 -0.9904
vn 0.0720 0.1178 -0.9904
vn 0.0232 0.0385 -0.9990
vn 0.0255 0.0370 -0.9990
vn -0.0296 -0.0414 -0.9987
vn -0.0323 -0.0402 -0.9987
vn -0.0903 -0.1135 -0.9894
vn -0.0959 -0.1082 -0.9895
vn -0.1550 -0.1752 -0.9723
vn -0.1607 -0.1578 -0.9743
vn -0.2213 -0.2174 -0.9507
vn -0.2096 -0.1857 -0.9600
vn -0.2769 -0.2383 -0.9309
vn 0.3950 0.3605 -0.8450
vn 0.3513 0.3366 -0.8736
vn 0.3310 0.3397 -0.8803
vn 0.3133 0.3563 -0.8803
vn 0.2934 0.3721 -0.8806
vn 0.2718 0.3888 -0.8803
vn 0.2482 0.4044 -0.8803
vn 0.2222 0.4194 -0.8802
vn 0.1933 0.4334 -0.8802
vn 0.1620 0.4459 -0.8803
vn 0.3335 0.3065 -0.8915
vn 0.2930 0.2827 -0.9134
vn 0.2755 0.2828 -0.9188
vn 0.2609 0.2967 -0.9186
vn 0.2443 0.3098 -0.9189
vn 0.2263 0.3238 -0.9186
vn 0.2067 0.3368 -0.9186
vn 0.1848 0.3493 -0.9186
vn 0.1608 0.3609 -0.9186
vn 0.2699 0.2494 -0.9300
vn 0.2329 0.2263 -0.9458
vn 0.2181 0.2239 -0.9499
vn 0.2062 0.2347 -0.9499
vn 0.1932 0.2451 -0.9500
vn 0.1790 0.2563 -0.9499
vn 0.1634 0.2665 -0.9499
vn 0.1462 0.2764 -0.9499
vn 0.2052 0.1890 -0.9603
vn 0.1715 0.1676 -0.9708
vn 0.1581 0.1625 -0.9740
vn 0.1498 0.1705 -0.9739
vn 0.1400 0.1779 -0.9740
vn 0.1299 0.1861 -0.9739
vn 0.1185 0.1935 -0.9739
vn 0.1410 0.1253 -0.9820
vn 0.1199 0.1166 -0.9859
vn 0.0990 0.1029 -0.9898
vn 0.0908 0.1037 -0.9904
vn 0.0849 0.1081 -0.9905
vn 0.0788 0.1132 -0.9904
vn 0.0682 0.0637 -0.9956
vn -0.0119 -0.0127 -0.9998
vn 0.0313 0.0258 -0.9992
vn 0.0360 0.0388 -0.9986
vn -0.0721 -0.0678 -0.9951
vn -0.0308 -0.0293 -0.9991
vn -0.0970 -0.0951 -0.9907
vn -0.1413 -0.1286 -0.9816
vn -0.2583 -0.2596 -0.9305
vn -0.3434 -0.3174 -0.8839
vn -0.2996 -0.3234 -0.8976
vn -0.3659 -0.3582 -0.8589
vn -0.3592 -0.3981 -0.8441
vn -0.4358 -0.4324 -0.7893
vn -0.4340 -0.4811 -0.7617
vn -0.4802 -0.4926 -0.7258
vn -0.4963 -0.5481 -0.6733
vn -0.4984 -0.4841 -0.7192
vn -0.5305 -0.5519 -0.6434
vn -0.4214 -0.3223 -0.8477
vn -0.5566 -0.5918 -0.5831
vn -0.5225 -0.5990 -0.6068
vn -0.4625 -0.5830 -0.6680
vn -0.4979 -0.6276 -0.5984
vn -0.4277 -0.6084 -0.6685
vn -0.4606 -0.6550 -0.5990
vn -0.4017 -0.6346 -0.6603
vn -0.4389 -0.6811 -0.5861
vn -0.3711 -0.6459 -0.6671
vn -0.4734 -0.7166 -0.5122
vn -0.4905 -0.6977 -0.5222
vn -0.5224 -0.7345 -0.4331
vn -0.5589 -0.7043 -0.4377
vn -0.5824 -0.7338 -0.3499
vn -0.6127 -0.7042 -0.3588
vn -0.6318 -0.7267 -0.2698
vn -0.6422 -0.7052 -0.3004
vn -0.6606 -0.7218 -0.2064
vn -0.5603 -0.6363 -0.5302
vn -0.5933 -0.6457 -0.4807
vn -0.5886 -0.6738 -0.4467
vn -0.6195 -0.6800 -0.3921
vn -0.6456 -0.7421 -0.1804
vn -0.6739 -0.7305 -0.1105
vn -0.6595 -0.7495 -0.0579
vn -0.6901 -0.7237 -0.0001
vn -0.6579 -0.7524 0.0328
vn -0.6758 -0.7288 0.1101
vn -0.6486 -0.7437 0.1618
vn -0.6634 -0.7195 0.2055
vn -0.6363 -0.7298 0.2499
vn -0.6448 -0.7035 0.2988
vn -0.6186 -0.7095 0.3374
vn -0.6212 -0.6800 0.3895
vn -0.5957 -0.6823 0.4239
vn -0.5932 -0.6486 0.4769
vn -0.5678 -0.6482 0.5073
vn -0.5612 -0.6102 0.5592
vn -0.5358 -0.6085 0.5853
vn -0.5247 -0.5663 0.6357
vn -0.4985 -0.5628 0.6594
vn -0.4957 -0.5284 0.6893
vn -0.4712 -0.4996 0.7269
vn -0.4482 -0.4406 0.7778
vn -0.4332 -0.4592 0.7755
vn -0.3837 -0.3837 0.8399
vn -0.3863 -0.4103 0.8261
vn -0.3360 -0.3540 0.8728
vn -0.3656 -0.4146 0.8333
vn -0.3146 -0.3569 0.8796
vn -0.3428 -0.4332 0.8335
vn -0.2949 -0.3728 0.8798
vn -0.3175 -0.4526 0.8333
vn -0.2732 -0.3895 0.8796
vn -0.2899 -0.4707 0.8333
vn -0.2495 -0.4051 0.8796
vn -0.2594 -0.4748 0.8410
vn -0.2173 -0.4083 0.8866
vn -0.2239 -0.4323 0.8735
vn -0.1687 -0.3460 0.9230
vn -0.1397 -0.2892 0.9470
vn -0.1244 -0.2684 0.9552
vn -0.0860 -0.1926 0.9775
vn -0.1011 -0.1909 0.9764
vn -0.0596 -0.1123 0.9919
vn -0.0664 -0.1090 0.9918
vn 0.0026 0.0031 1.0000
vn 0.0028 0.0029 1.0000
vn 0.0778 0.1093 0.9910
vn 0.0845 0.1056 0.9908
vn 0.1623 0.2057 0.9651
vn 0.1725 0.1961 0.9653
vn 0.2558 0.2900 0.9222
vn 0.2702 0.2764 0.9223
vn 0.3279 0.3358 0.8830
vn 0.3359 0.3210 0.8855
vn 0.3964 0.3763 0.8374
vn 0.3946 0.3580 0.8462
vn 0.4538 0.4111 0.7906
vn -0.3203 -0.3228 0.8906
vn -0.2800 -0.2936 0.9140
vn -0.2597 -0.2947 0.9196
vn -0.2434 -0.3079 0.9198
vn -0.2256 -0.3216 0.9196
vn -0.2060 -0.3345 0.9196
vn -0.1827 -0.3385 0.9231
vn -0.1430 -0.2698 0.9522
vn -0.2603 -0.2615 0.9294
vn -0.2205 -0.2292 0.9481
vn -0.2017 -0.2289 0.9523
vn -0.1890 -0.2395 0.9523
vn -0.1751 -0.2503 0.9522
vn -0.1599 -0.2602 0.9522
vn -0.1984 -0.1963 0.9603
vn -0.1595 -0.1632 0.9736
vn -0.1427 -0.1620 0.9764
vn -0.1335 -0.1693 0.9765
vn -0.1239 -0.1768 0.9764
vn -0.1130 -0.1842 0.9764
vn -0.1352 -0.1295 0.9823
vn -0.0983 -0.0974 0.9904
vn -0.0841 -0.0958 0.9918
vn -0.0788 -0.0999 0.9919
vn -0.0730 -0.1042 0.9919
vn -0.0706 -0.0627 0.9955
vn -0.0134 -0.0060 0.9999
vn 0.0030 0.0026 1.0000
vn 0.0033 0.0034 1.0000
vn 0.0074 0.0250 0.9997
vn 0.0877 0.0967 0.9914
vn 0.0892 0.1001 0.9910
vn 0.0537 0.0693 0.9962
vn 0.0964 0.0986 0.9904
vn 0.1447 0.1633 0.9759
vn 0.1849 0.1902 0.9642
vn 0.1950 0.2067 0.9588
vn 0.2642 0.2514 0.9311
vn 0.2735 0.2645 0.9248
vn 0.3311 0.3044 0.8931
vn 0.4532 0.4293 0.7812
vn 0.5160 0.4690 0.7168
vn 0.4978 0.4750 0.7257
vn 0.5429 0.5144 0.6638
vn 0.4859 0.4979 0.7184
vn 0.5288 0.5423 0.6529
vn 0.4598 0.5222 0.7183
vn 0.5003 0.5687 0.6528
vn 0.4317 0.5461 0.7179
vn 0.4698 0.5946 0.6525
vn 0.3992 0.5699 0.7182
vn 0.4343 0.6207 0.6527
vn 0.3648 0.5924 0.7183
vn 0.3971 0.6450 0.6529
vn 0.3265 0.6143 0.7184
vn 0.3553 0.6689 0.6529
vn 0.2843 0.6350 0.7183
vn 0.3094 0.6914 0.6529
vn 0.2387 0.6534 0.7184
vn 0.2599 0.7113 0.6531
vn 0.2035 0.6690 0.7148
vn 0.2212 0.7277 0.6492
vn 0.1644 0.6760 0.7184
vn 0.1789 0.7360 0.6529
vn 0.1441 0.6824 0.7166
vn 0.1547 0.7447 0.6492
vn 0.1349 0.6985 0.7028
vn 0.1456 0.7591 0.6345
vn 0.1630 0.7744 0.6114
vn 0.1556 0.8046 0.5730
vn 0.1589 0.8303 0.5341
vn 0.1586 0.8410 0.5173
vn 0.1687 0.8851 0.4338
vn 0.1796 0.8644 0.4696
vn 0.1866 0.9004 0.3931
vn 0.2151 0.8929 0.3955
vn 0.2271 0.9351 0.2720
vn 0.2799 0.9221 0.2673
vn 0.2857 0.9413 0.1800
vn 0.3366 0.9233 0.1848
vn 0.3371 0.9364 0.0977
vn 0.4026 0.9095 0.1032
vn 0.4611 0.8811 0.1051
vn 0.5148 0.8511 0.1028
vn 0.5664 0.8185 0.0961
vn 0.6164 0.7817 0.0943
vn 0.6532 0.7500 0.1041
vn 0.6911 0.7163 0.0965
vn 0.7274 0.6797 0.0939
vn 0.7409 0.6621 0.1127
vn 0.7176 0.6712 0.1858
vn 0.7280 0.6530 0.2089
vn 0.7013 0.6578 0.2748
vn 0.7082 0.6380 0.3024
vn 0.6656 0.6312 0.3982
vn 0.6713 0.6167 0.4112
vn 0.6361 0.6016 0.4831
vn 0.6465 0.5922 0.4809
vn 0.6127 0.5575 0.5602
vn 0.5842 0.5533 0.5938
vn 0.5702 0.5192 0.6367
vn 0.2806 0.9548 0.0979
vn 0.2310 0.9675 0.1031
vn 0.1987 0.9757 0.0927
vn 0.1625 0.9831 0.0838
vn 0.1484 0.9814 0.1216
vn 0.1663 0.9705 0.1747
vn 0.1962 0.9630 0.1848
vn 0.2319 0.9550 0.1849
vn 0.1508 0.9620 0.2276
vn 0.1668 0.9493 0.2663
vn 0.1921 0.9429 0.2719
vn 0.1552 0.9314 0.3292
vn 0.1666 0.9217 0.3503
vn 0.1201 0.6232 0.7728
vn 0.1343 0.6204 0.7727
vn 0.1481 0.6087 0.7795
vn 0.1835 0.6031 0.7763
vn 0.2150 0.5883 0.7796
vn 0.2562 0.5715 0.7796
vn 0.2941 0.5532 0.7795
vn 0.3285 0.5335 0.7794
vn 0.3596 0.5131 0.7794
vn 0.3888 0.4918 0.7791
vn 0.4141 0.4702 0.7794
vn 0.4376 0.4482 0.7796
vn 0.1219 0.5706 0.8121
vn 0.1079 0.5021 0.8580
vn 0.1327 0.5382 0.8323
vn 0.1153 0.4686 0.8759
vn 0.1615 0.5305 0.8322
vn 0.1381 0.4533 0.8806
vn 0.1890 0.5165 0.8352
vn 0.1613 0.4406 0.8831
vn 0.2251 0.5020 0.8351
vn 0.1921 0.4282 0.8830
vn 0.2583 0.4857 0.8351
vn 0.2205 0.4143 0.8830
vn 0.2886 0.4684 0.8350
vn 0.2464 0.3995 0.8830
vn 0.3159 0.4505 0.8350
vn 0.2697 0.3841 0.8830
vn 0.3416 0.4319 0.8347
vn 0.2916 0.3684 0.8827
vn 0.3638 0.4125 0.8351
vn 0.3104 0.3520 0.8830
vn 0.3844 0.3934 0.8352
vn 0.1005 0.4373 0.8937
vn 0.1021 0.3870 0.9164
vn 0.1141 0.3742 0.9203
vn 0.1330 0.3629 0.9223
vn 0.1583 0.3527 0.9223
vn 0.1818 0.3412 0.9223
vn 0.2030 0.3291 0.9222
vn 0.2222 0.3164 0.9222
vn 0.2404 0.3035 0.9220
vn 0.0967 0.3550 0.9298
vn 0.0904 0.3249 0.9414
vn 0.0881 0.2643 0.9604
vn 0.0895 0.2453 0.9653
vn 0.1067 0.2384 0.9653
vn 0.1225 0.2307 0.9653
vn 0.1369 0.2225 0.9653
vn 0.1499 0.2140 0.9653
vn 0.0737 0.2155 0.9737
vn 0.0654 0.1947 0.9787
vn 0.0182 0.0435 0.9989
vn 0.0570 0.1397 0.9886
vn 0.0099 0.0120 0.9999
vn 0.0558 0.1222 0.9909
vn 0.0023 0.0034 1.0000
vn 0.0639 0.1181 0.9909
vn 0.0024 0.0032 1.0000
vn 0.0712 0.1138 0.9909
vn -0.0399 -0.0717 0.9966
vn -0.0396 -0.1092 0.9932
vn -0.0516 -0.1165 0.9918
vn -0.0796 -0.1809 0.9803
vn -0.2792 -0.5176 0.8088
vn -0.3133 -0.5485 0.7752
vn -0.3276 -0.5239 0.7863
vn -0.3588 -0.5112 0.7810
vn -0.3874 -0.4893 0.7813
vn -0.4133 -0.4682 0.7810
vn -0.3692 -0.6194 0.6928
vn -0.3591 -0.5794 0.7317
vn -0.4037 -0.6327 0.6609
vn -0.4187 -0.6741 0.6086
vn -0.4459 -0.6781 0.5843
vn -0.4781 -0.7239 0.4974
vn -0.4904 -0.6959 0.5246
vn -0.5202 -0.7306 0.4424
vn -0.5331 -0.6724 0.5134
vn -0.5606 -0.7067 0.4316
vn -0.5125 -0.7580 0.4035
vn -0.5454 -0.7573 0.3592
vn -0.5830 -0.7349 0.3466
vn -0.5311 -0.7832 0.3234
vn -0.5647 -0.7784 0.2744
vn -0.6000 -0.7563 0.2608
vn -0.5395 -0.8071 0.2399
vn -0.5780 -0.7940 0.1883
vn -0.6120 -0.7713 0.1747
vn -0.5320 -0.8331 0.1515
vn -0.5869 -0.7997 0.1268
vn -0.6171 -0.7846 0.0597
vn -0.5823 -0.8128 0.0159
vn -0.6148 -0.7877 -0.0405
vn -0.5846 -0.8104 -0.0389
vn -0.5845 -0.8014 -0.1270
vn -0.5441 -0.8247 -0.1545
vn -0.5822 -0.7961 -0.1649
vn -0.5474 -0.8012 -0.2417
vn -0.5692 -0.7816 -0.2553
vn -0.5348 -0.7797 -0.3257
vn -0.5494 -0.7610 -0.3451
vn -0.5123 -0.7563 -0.4069
vn -0.3394 -0.5743 -0.7450
vn -0.2906 -0.5529 -0.7809
vn -0.2824 -0.4724 -0.8349
vn -0.2287 -0.4593 -0.8583
vn -0.1973 -0.3860 -0.9011
vn -0.1872 -0.4362 -0.8801
vn -0.1562 -0.3585 -0.9204
vn -0.1151 -0.3147 -0.9422
vn -0.1245 -0.2865 -0.9499
vn -0.0872 -0.2234 -0.9708
vn -0.0957 -0.2129 -0.9724
vn -0.0550 -0.1474 -0.9875
vn -0.0594 -0.1315 -0.9895
vn -0.0276 -0.0558 -0.9981
vn -0.0213 -0.0461 -0.9987
vn 0.0150 0.0426 -0.9990
vn 0.0180 0.0414 -0.9990
vn 0.0467 0.1299 -0.9904
vn 0.0558 0.1262 -0.9904
vn 0.0774 0.2136 -0.9739
vn -0.0525 -0.0967 -0.9939
vn -0.0230 0.0050 -0.9997
vn 0.0244 0.1198 -0.9925
vn 0.0646 0.2058 -0.9765
vn 0.0885 0.2931 -0.9520
vn 0.0309 0.2099 -0.9772
vn 0.0820 0.3429 -0.9358
vn 0.0825 0.3091 -0.9475
vn 0.0978 0.3757 -0.9216
vn 0.0973 0.4277 -0.8987
vn 0.1413 0.6711 -0.7278
vn 0.1636 0.6734 -0.7210
vn 0.1997 0.6595 -0.7247
vn 0.2369 0.6511 -0.7211
vn 0.2824 0.6327 -0.7211
vn 0.3244 0.6123 -0.7210
vn 0.3627 0.5905 -0.7210
vn 0.3975 0.5680 -0.7207
vn 0.4288 0.5436 -0.7216
vn 0.4574 0.5202 -0.7212
vn 0.4836 0.4961 -0.7211
vn 0.5281 0.5417 -0.6539
vn 0.4995 0.5679 -0.6542
vn 0.4682 0.5935 -0.6546
vn 0.4335 0.6199 -0.6541
vn 0.3962 0.6447 -0.6537
vn 0.3541 0.6684 -0.6541
vn 0.3083 0.6907 -0.6541
vn 0.2588 0.7108 -0.6540
vn 0.2183 0.7207 -0.6580
vn 0.1786 0.7351 -0.6540
vn 0.5673 0.5819 -0.5827
vn 0.5365 0.6101 -0.5830
vn 0.5030 0.6378 -0.5833
vn 0.4660 0.6660 -0.5825
vn 0.4254 0.6925 -0.5827
vn 0.3808 0.7181 -0.5825
vn 0.3314 0.7419 -0.5829
vn 0.2779 0.7635 -0.5829
vn 0.2348 0.7749 -0.5869
vn 0.1918 0.7897 -0.5828
vn 0.1623 0.7963 -0.5827
vn 0.6075 0.6254 -0.4897
vn 0.5746 0.6558 -0.4896
vn 0.5386 0.6854 -0.4901
vn 0.4984 0.7155 -0.4895
vn 0.4548 0.7440 -0.4895
vn 0.4066 0.7714 -0.4895
vn 0.3537 0.7970 -0.4895
vn 0.2963 0.8201 -0.4895
vn 0.2506 0.8321 -0.4947
vn 0.2045 0.8477 -0.4895
vn 0.1729 0.8547 -0.4895
vn -0.2112 -0.2389 -0.9478
vn -0.1984 -0.2501 -0.9477
vn -0.2736 -0.3427 -0.8987
vn -0.1834 -0.2607 -0.9478
vn -0.2530 -0.3573 -0.8991
vn -0.1675 -0.2711 -0.9479
vn -0.2313 -0.3716 -0.8991
vn -0.1498 -0.2811 -0.9479
vn -0.0339 -0.0379 -0.9987
vn 0.0294 0.0339 -0.9990
vn 0.6490 0.7380 0.1848
vn 0.6860 0.7037 0.1848
vn 0.6355 0.7226 0.2719
vn 0.6717 0.6891 0.2719
vn 0.6089 0.7715 0.1843
vn 0.5633 0.8053 0.1848
vn 0.5147 0.8372 0.1848
vn 0.4608 0.8681 0.1848
vn 0.4010 0.8972 0.1848
vn 0.6049 0.6912 0.3953
vn 0.6397 0.6592 0.3954
vn 0.5963 0.7555 0.2714
vn 0.5516 0.7886 0.2718
vn 0.5041 0.8197 0.2720
vn 0.4508 0.8502 0.2718
vn 0.3929 0.8784 0.2720
vn 0.3298 0.9040 0.2721
vn 0.5841 0.6593 0.4734
vn 0.6169 0.6287 0.4734
vn 0.5673 0.7229 0.3945
vn 0.5245 0.7541 0.3952
vn 0.4786 0.7840 0.3953
vn 0.4278 0.8128 0.3953
vn 0.3720 0.8398 0.3954
vn 0.3115 0.8641 0.3954
vn 0.2652 0.8821 0.3893
vn 0.5363 0.6097 0.5836
vn 0.5668 0.5814 0.5837
vn 0.5484 0.6898 0.4726
vn 0.5077 0.7199 0.4733
vn 0.4642 0.7487 0.4733
vn 0.4160 0.7765 0.4733
vn 0.3630 0.8026 0.4734
vn 0.3055 0.8261 0.4735
vn 0.2592 0.8449 0.4679
vn 0.2100 0.8554 0.4735
vn 0.5035 0.6374 0.5832
vn 0.4658 0.6651 0.5837
vn 0.4252 0.6919 0.5835
vn 0.3807 0.7172 0.5837
vn 0.3317 0.7411 0.5838
vn 0.2785 0.7626 0.5839
vn 0.2369 0.7795 0.5799
vn 0.1920 0.7888 0.5840
vn 0.1622 0.7956 0.5837
vn 0.1822 0.1870 0.9653
vn -0.4570 -0.5182 0.7229
vn -0.4288 -0.5413 0.7233
vn -0.3970 -0.5656 0.7229
vn -0.4670 -0.5892 0.6594
vn -0.5018 -0.6330 0.5895
vn -0.4655 -0.6542 0.5960
vn -0.6122 -0.7714 -0.1735
vn -0.6000 -0.7560 -0.2615
vn -0.5303 -0.6683 -0.5217
vn -0.4031 -0.5113 -0.7590
vn -0.3725 -0.5333 -0.7595
vn -0.3414 -0.4301 -0.8357
vn -0.3154 -0.4482 -0.8364
vn -0.1458 -0.1836 -0.9721
vn -0.0833 -0.1180 -0.9895
vn -0.0271 -0.0430 -0.9987
vn 0.0208 0.0400 -0.9990
vn 0.0271 0.0349 -0.9990
vn -0.4322 -0.6157 0.6589
vn -0.1344 -0.1911 -0.9723
vn -0.1228 -0.1987 -0.9723
vn -0.1100 -0.2061 -0.9723
vn -0.0760 -0.1227 -0.9895
vn -0.0241 -0.0446 -0.9987
vn -0.0681 -0.1273 -0.9895
vn 0.9855 -0.1697 -0.0000
vn 0.9926 -0.1214 -0.0000
vn 0.9997 -0.0245 -0.0000
vn 0.9997 0.0245 -0.0000
vn 0.9926 0.1214 -0.0000
vn 0.9855 0.1697 -0.0000
vn 0.9643 0.2647 -0.0000
vn 0.9503 0.3113 -0.0000
vn 0.9155 0.4023 -0.0000
vn 0.8949 0.4463 -0.0000
vn 0.8472 0.5313 -0.0000
vn 0.8203 0.5719 -0.0000
vn 0.7608 0.6490 -0.0000
vn 0.7283 0.6853 -0.0000
vn 0.6582 0.7528 -0.0000
vn 0.6208 0.7840 -0.0000
vn 0.5416 0.8406 -0.0000
vn 0.5000 0.8660 -0.0000
vn 0.4134 0.9105 -0.0000
vn 0.3686 0.9296 -0.0000
vn 0.2765 0.9610 -0.0000
vn 0.2292 0.9734 -0.0000
vn 0.1336 0.9910 -0.0000
vn 0.0851 0.9964 -0.0000
vn -0.0122 0.9999 -0.0000
vn -0.0609 0.9981 -0.0000
vn -0.1576 0.9875 -0.0000
vn -0.2055 0.9786 -0.0000
vn -0.2997 0.9540 -0.0000
vn -0.3458 0.9383 -0.0000
vn -0.4354 0.9002 -0.0000
vn -0.4788 0.8779 -0.0000
vn -0.5618 0.8272 -0.0000
vn -0.6015 0.7988 -0.0000
vn -0.6763 0.7366 -0.0000
vn -0.7114 0.7028 -0.0000
vn -0.7764 0.6303 -0.0000
vn -0.8062 0.5917 -0.0000
vn -0.8599 0.5105 -0.0000
vn -0.8837 0.4680 -0.0000
vn -0.9250 0.3799 -0.0000
vn -0.9424 0.3344 -0.0000
vn -0.9705 0.2411 -0.0000
vn -0.9811 0.1935 -0.0000
vn -0.9953 0.0973 -0.0000
vn -0.9988 0.0486 -0.0000
vn -0.9988 -0.0486 -0.0000
vn -0.9953 -0.0973 -0.0000
vn -0.9811 -0.1935 -0.0000
vn -0.9705 -0.2411 -0.0000
vn -0.9424 -0.3344 -0.0000
vn -0.9250 -0.3799 -0.0000
vn -0.8837 -0.4680 -0.0000
vn -0.8599 -0.5105 -0.0000
vn -0.8062 -0.5917 -0.0000
vn -0.7764 -0.6303 -0.0000
vn -0.7114 -0.7028 -0.0000
vn -0.6763 -0.7366 -0.0000
vn -0.6015 -0.7988 -0.0000
vn -0.5618 -0.8273 -0.0000
vn -0.4788 -0.8779 -0.0000
vn -0.4354 -0.9002 -0.0000
vn -0.3458 -0.9383 -0.0000
vn -0.2997 -0.9540 -0.0000
vn -0.2055 -0.9786 -0.0000
vn -0.1576 -0.9875 -0.0000
vn -0.0609 -0.9981 -0.0000
vn -0.0122 -0.9999 -0.0000
vn 0.0851 -0.9964 -0.0000
vn 0.1336 -0.9910 -0.0000
vn 0.2292 -0.9734 -0.0000
vn 0.2765 -0.9610 -0.0000
vn 0.3686 -0.9296 -0.0000
vn 0.4134 -0.9105 -0.0000
vn 0.5000 -0.8660 -0.0000
vn 0.5416 -0.8406 -0.0000
vn 0.6208 -0.7840 -0.0000
vn 0.6582 -0.7528 -0.0000
vn 0.7283 -0.6853 -0.0000
vn 0.7608 -0.6490 -0.0000
vn 0.8203 -0.5719 -0.0000
vn 0.8472 -0.5313 -0.0000
vn 0.8949 -0.4463 -0.0000
vn 0.9155 -0.4023 -0.0000
vn 0.9503 -0.3113 -0.0000
vn 0.9643 -0.2647 -0.0000
vn -0.9990 0.0447 -0.0000
vn -0.9995 0.0319 -0.0000
vn -1.0000 0.0063 -0.0000
vn -1.0000 -0.0063 -0.0000
vn -0.9995 -0.0319 -0.0000
vn -0.9990 -0.0447 -0.0000
vn -0.9975 -0.0702 -0.0000
vn -0.9966 -0.0829 -0.0000
vn -0.9941 -0.1084 -0.0000
vn -0.9927 -0.1210 -0.0000
vn -0.9892 -0.1463 -0.0000
vn -0.9873 -0.1589 -0.0000
vn -0.9829 -0.1841 -0.0000
vn -0.9805 -0.1966 -0.0000
vn -0.9751 -0.2216 -0.0000
vn -0.9722 -0.2341 -0.0000
vn -0.9659 -0.2589 -0.0000
vn -0.9625 -0.2711 -0.0000
vn -0.9553 -0.2956 -0.0000
vn -0.9515 -0.3078 -0.0000
vn -0.9433 -0.3320 -0.0000
vn -0.9390 -0.3440 -0.0000
vn -0.9299 -0.3679 -0.0000
vn -0.9251 -0.3797 -0.0000
vn -0.9151 -0.4032 -0.0000
vn -0.9099 -0.4149 -0.0000
vn -0.8990 -0.4380 -0.0000
vn -0.8933 -0.4494 -0.0000
vn -0.8816 -0.4721 -0.0000
vn -0.8754 -0.4833 -0.0000
vn -0.8628 -0.5055 -0.0000
vn -0.8563 -0.5165 -0.0000
vn -0.8428 -0.5382 -0.0000
vn -0.8359 -0.5489 -0.0000
vn -0.8216 -0.5701 -0.0000
vn -0.8142 -0.5805 -0.0000
vn -0.7991 -0.6011 -0.0000
vn -0.7914 -0.6113 -0.0000
vn -0.7755 -0.6313 -0.0000
vn -0.7674 -0.6411 -0.0000
vn -0.7508 -0.6606 -0.0000
vn -0.7423 -0.6701 -0.0000
vn -0.7249 -0.6888 -0.0000
vn -0.7161 -0.6980 -0.0000
vn -0.6980 -0.7161 -0.0000
vn -0.6888 -0.7249 -0.0000
vn -0.6701 -0.7423 -0.0000
vn -0.6606 -0.7508 -0.0000
vn -0.6411 -0.7674 -0.0000
vn -0.6313 -0.7755 -0.0000
vn -0.6113 -0.7914 -0.0000
vn -0.6011 -0.7991 -0.0000
vn -0.5805 -0.8142 -0.0000
vn -0.5701 -0.8216 -0.0000
vn -0.5489 -0.8359 -0.0000
vn -0.5382 -0.8428 -0.0000
vn -0.5165 -0.8563 -0.0000
vn -0.5055 -0.8628 -0.0000
vn -0.4833 -0.8755 -0.0000
vn -0.4721 -0.8815 -0.0000
vn -0.4494 -0.8933 -0.0000
vn -0.4380 -0.8990 -0.0000
vn -0.4149 -0.9099 -0.0000
vn -0.4032 -0.9151 -0.0000
vn -0.3797 -0.9251 -0.0000
vn -0.3679 -0.9299 -0.0000
vn -0.3440 -0.9390 -0.0000
vn -0.3320 -0.9433 -0.0000
vn -0.3078 -0.9515 -0.0000
vn -0.2956 -0.9553 -0.0000
vn -0.2711 -0.9625 -0.0000
vn -0.2588 -0.9659 -0.0000
vn -0.2341 -0.9722 -0.0000
vn -0.2216 -0.9751 -0.0000
vn -0.1966 -0.9805 -0.0000
vn -0.1841 -0.9829 -0.0000
vn -0.1589 -0.9873 -0.0000
vn -0.1463 -0.9892 -0.0000
vn -0.1210 -0.9927 -0.0000
vn -0.1084 -0.9941 -0.0000
vn -0.0829 -0.9966 -0.0000
vn -0.0702 -0.9975 -0.0000
vn -0.0447 -0.9990 -0.0000
vn -0.0319 -0.9995 -0.0000
vn -0.0064 -1.0000 -0.0000
vn 0.0064 -1.0000 -0.0000
vn 0.0319 -0.9995 -0.0000
vn 0.0447 -0.9990 -0.0000
vn 0.0702 -0.9975 -0.0000
vn 0.0829 -0.9966 -0.0000
vn 0.1084 -0.9941 -0.0000
vn 0.1210 -0.9927 -0.0000
vn 0.1463 -0.9892 -0.0000
vn 0.1589 -0.9873 -0.0000
vn 0.1841 -0.9829 -0.0000
vn 0.1966 -0.9805 -0.0000
vn 0.2216 -0.9751 -0.0000
vn 0.2341 -0.9722 -0.0000
vn 0.2588 -0.9659 -0.0000
vn 0.2711 -0.9625 -0.0000
vn 0.2956 -0.9553 -0.0000
vn 0.3078 -0.9515 -0.0000
vn 0.3320 -0.9433 -0.0000
vn 0.3440 -0.9390 -0.0000
vn 0.3679 -0.9299 -0.0000
vn 0.3797 -0.9251 -0.0000
vn 0.4032 -0.9151 -0.0000
vn 0.4149 -0.9099 -0.0000
vn 0.4380 -0.8990 -0.0000
vn 0.4494 -0.8933 -0.0000
vn 0.4721 -0.8815 -0.0000
vn 0.4833 -0.8755 -0.0000
vn 0.5055 -0.8628 -0.0000
vn 0.5165 -0.8563 -0.0000
vn 0.5382 -0.8428 -0.0000
vn 0.5489 -0.8359 -0.0000
vn 0.5701 -0.8216 -0.0000
vn 0.5805 -0.8142 -0.0000
vn 0.6011 -0.7991 -0.0000
vn 0.6113 -0.7914 -0.0000
vn 0.6313 -0.7755 -0.0000
vn 0.6411 -0.7674 -0.0000
vn 0.6605 -0.7508 -0.0000
vn 0.6701 -0.7423 -0.0000
vn 0.6888 -0.7249 -0.0000
vn 0.6980 -0.7161 -0.0000
vn 0.7161 -0.6980 -0.0000
vn 0.7249 -0.6888 -0.0000
vn 0.7423 -0.6701 -0.0000
vn 0.7508 -0.6606 -0.0000
vn 0.7674 -0.6411 -0.0000
vn 0.7755 -0.6313 -0.0000
vn 0.7914 -0.6113 -0.0000
vn 0.7991 -0.6011 -0.0000
vn 0.8142 -0.5805 -0.0000
vn 0.8216 -0.5701 -0.0000
vn 0.8359 -0.5489 -0.0000
vn 0.8428 -0.5382 -0.0000
vn 0.8563 -0.5165 -0.0000
vn 0.8628 -0.5055 -0.0000
vn 0.8755 -0.4833 -0.0000
vn 0.8815 -0.4721 -0.0000
vn 0.8933 -0.4494 -0.0000
vn 0.8990 -0.4380 -0.0000
vn 0.9099 -0.4149 -0.0000
vn 0.9151 -0.4032 -0.0000
vn 0.9251 -0.3798 -0.0000
vn 0.9299 -0.3679 -0.0000
vn 0.9390 -0.3440 -0.0000
vn 0.9433 -0.3320 -0.0000
vn 0.9515 -0.3078 -0.0000
vn 0.9553 -0.2956 -0.0000
vn 0.9625 -0.2711 -0.0000
vn 0.9659 -0.2588 -0.0000
vn 0.9722 -0.2341 -0.0000
vn 0.9751 -0.2216 -0.0000
vn 0.9805 -0.1966 -0.0000
vn 0.9829 -0.1841 -0.0000
vn 0.9873 -0.1589 -0.0000
vn 0.9892 -0.1463 -0.0000
vn 0.9927 -0.1210 -0.0000
vn 0.9941 -0.1083 -0.0000
vn 0.9966 -0.0829 -0.0000
vn 0.9975 -0.0702 -0.0000
vn 0.9990 -0.0447 -0.0000
vn 0.9995 -0.0319 -0.0000
vn 1.0000 -0.0064 -0.0000
vn 1.0000 0.0064 -0.0000
vn 0.9995 0.0319 -0.0000
vn 0.9990 0.0447 -0.0000
vn 0.9975 0.0702 -0.0000
vn 0.9966 0.0829 -0.0000
vn 0.9941 0.1083 -0.0000
vn 0.9927 0.1210 -0.0000
vn 0.9892 0.1463 -0.0000
vn 0.9873 0.1589 -0.0000
vn 0.9829 0.1841 -0.0000
vn 0.9805 0.1966 -0.0000
vn 0.9751 0.2216 -0.0000
vn 0.9722 0.2341 -0.0000
vn 0.9659 0.2588 -0.0000
vn 0.9625 0.2712 -0.0000
vn 0.9553 0.2956 -0.0000
vn 0.9515 0.3078 -0.0000
vn 0.9433 0.3320 -0.0000
vn 0.9390 0.3440 -0.0000
vn 0.9299 0.3679 -0.0000
vn 0.9251 0.3798 -0.0000
vn 0.9151 0.4032 -0.0000
vn 0.9099 0.4149 -0.0000
vn 0.8990 0.4380 -0.0000
vn 0.8933 0.4494 -0.0000
vn 0.8815 0.4721 -0.0000
vn 0.8755 0.4833 -0.0000
vn 0.8628 0.5055 -0.0000
vn 0.8563 0.5165 -0.0000
vn 0.8428 0.5382 -0.0000
vn 0.8359 0.5489 -0.0000
vn 0.8216 0.5701 -0.0000
vn 0.8142 0.5805 -0.0000
vn 0.7991 0.6011 -0.0000
vn 0.7914 0.6113 -0.0000
vn 0.7755 0.6313 -0.0000
vn 0.7674 0.6411 -0.0000
vn 0.7508 0.6606 -0.0000
vn 0.7423 0.6701 -0.0000
vn 0.7249 0.6888 -0.0000
vn 0.7161 0.6980 -0.0000
vn 0.6980 0.7161 -0.0000
vn 0.6888 0.7249 -0.0000
vn 0.6701 0.7423 -0.0000
vn 0.6606 0.7508 -0.0000
vn 0.6411 0.7674 -0.0000
vn 0.6313 0.7755 -0.0000
vn 0.6113 0.7914 -0.0000
vn 0.6011 0.7991 -0.0000
vn 0.5805 0.8142 -0.0000
vn 0.5701 0.8216 -0.0000
vn 0.5489 0.8359 -0.0000
vn 0.5382 0.8428 -0.0000
vn 0.5165 0.8563 -0.0000
vn 0.5055 0.8628 -0.0000
vn 0.4833 0.8755 -0.0000
vn 0.4721 0.8815 -0.0000
vn 0.4494 0.8933 -0.0000
vn 0.4380 0.8990 -0.0000
vn 0.4149 0.9099 -0.0000
vn 0.4032 0.9151 -0.0000
vn 0.3797 0.9251 -0.0000
vn 0.3679 0.9299 -0.0000
vn 0.3440 0.9390 -0.0000
vn 0.3320 0.9433 -0.0000
vn 0.3078 0.9515 -0.0000
vn 0.2956 0.9553 -0.0000
vn 0.2711 0.9625 -0.0000
vn 0.2588 0.9659 -0.0000
vn 0.2341 0.9722 -0.0000
vn 0.2216 0.9751 -0.0000
vn 0.1966 0.9805 -0.0000
vn 0.1841 0.9829 -0.0000
vn 0.1589 0.9873 -0.0000
vn 0.1463 0.9892 -0.0000
vn 0.1210 0.9927 -0.0000
vn 0.1084 0.9941 -0.0000
vn 0.0829 0.9966 -0.0000
vn 0.0702 0.9975 -0.0000
vn 0.0447 0.9990 -0.0000
vn 0.0319 0.9995 -0.0000
vn 0.0064 1.0000 -0.0000
vn -0.0064 1.0000 -0.0000
vn -0.0319 0.9995 -0.0000
vn -0.0447 0.9990 -0.0000
vn -0.0702 0.9975 -0.0000
vn -0.0829 0.9966 -0.0000
vn -0.1084 0.9941 -0.0000
vn -0.1210 0.9927 -0.0000
vn -0.1463 0.9892 -0.0000
vn -0.1589 0.9873 -0.0000
vn -0.1841 0.9829 -0.0000
vn -0.1966 0.9805 -0.0000
vn -0.2216 0.9751 -0.0000
vn -0.2341 0.9722 -0.0000
vn -0.2588 0.9659 -0.0000
vn -0.2711 0.9625 -0.0000
vn -0.2956 0.9553 -0.0000
vn -0.3078 0.9515 -0.0000
vn -0.3320 0.9433 -0.0000
vn -0.3440 0.9390 -0.0000
vn -0.3679 0.9299 -0.0000
vn -0.3797 0.9251 -0.0000
vn -0.4032 0.9151 -0.0000
vn -0.4149 0.9099 -0.0000
vn -0.4380 0.8990 -0.0000
vn -0.4494 0.8933 -0.0000
vn -0.4721 0.8815 -0.0000
vn -0.4833 0.8755 -0.0000
vn -0.5055 0.8628 -0.0000
vn -0.5165 0.8563 -0.0000
vn -0.5382 0.8428 -0.0000
vn -0.5489 0.8359 -0.0000
vn -0.5701 0.8216 -0.0000
vn -0.5805 0.8142 -0.0000
vn -0.6011 0.7991 -0.0000
vn -0.6113 0.7914 -0.0000
vn -0.6313 0.7755 -0.0000
vn -0.6411 0.7674 -0.0000
vn -0.6606 0.7508 -0.0000
vn -0.6701 0.7423 -0.0000
vn -0.6888 0.7249 -0.0000
vn -0.6980 0.7161 -0.0000
vn -0.7161 0.6980 -0.0000
vn -0.7249 0.6888 -0.0000
vn -0.7423 0.6701 -0.0000
vn -0.7508 0.6606 -0.0000
vn -0.7674 0.6411 -0.0000
vn -0.7755 0.6313 -0.0000
vn -0.7914 0.6113 -0.0000
vn -0.7991 0.6011 -0.0000
vn -0.8142 0.5806 -0.0000
vn -0.8216 0.5701 -0.0000
vn -0.8359 0.5489 -0.0000
vn -0.8428 0.5382 -0.0000
vn -0.8563 0.5165 -0.0000
vn -0.8628 0.5055 -0.0000
vn -0.8754 0.4833 -0.0000
vn -0.8816 0.4721 -0.0000
vn -0.8933 0.4494 -0.0000
vn -0.8990 0.4380 -0.0000
vn -0.9099 0.4149 -0.0000
vn -0.9151 0.4032 -0.0000
vn -0.9251 0.3797 -0.0000
vn -0.9299 0.3679 -0.0000
vn -0.9390 0.3440 -0.0000
vn -0.9433 0.3320 -0.0000
vn -0.9515 0.3078 -0.0000
vn -0.9553 0.2956 -0.0000
vn -0.9625 0.2711 -0.0000
vn -0.9659 0.2588 -0.0000
vn -0.9722 0.2341 -0.0000
vn -0.9751 0.2216 -0.0000
vn -0.9805 0.1966 -0.0000
vn -0.9829 0.1841 -0.0000
vn -0.9873 0.1589 -0.0000
vn -0.9892 0.1463 -0.0000
vn -0.9927 0.1210 -0.0000
vn -0.9941 0.1084 -0.0000
vn -0.9966 0.0829 -0.0000
vn -0.9975 0.0702 -0.0000
vn -0.0000 -0.0000 -1.0000
vn -0.2786 0.9604 -0.0000
vn 0.2055 0.9787 0.0001
vn -0.2811 0.9597 -0.0000
vn 0.2828 0.9592 -0.0000
vn -0.2728 0.9621 -0.0000
vn -0.2434 0.9699 -0.0000
vn -0.2375 0.9714 -0.0000
vn -0.2079 0.9781 -0.0000
vn -0.2020 0.9794 -0.0000
vn -0.1721 0.9851 -0.0000
vn -0.1661 0.9861 -0.0000
vn -0.1335 0.9910 -0.0000
vn -0.1361 0.9907 -0.0000
vn -0.5858 0.8105 -0.0001
vn -0.6485 0.7612 -0.0000
vn -0.1421 0.9899 -0.0000
vn -0.1781 0.9840 -0.0000
vn -0.2139 0.9769 -0.0000
vn -0.2493 0.9684 -0.0000
vn -0.7246 0.6892 -0.0000
vn 0.3816 0.9243 -0.0000
vn 0.7246 0.6892 -0.0000
vn 0.6485 0.7612 -0.0000
vn 0.5858 0.8105 -0.0000
vn -0.8648 0.5021 -0.0001
vn -0.9423 0.3349 -0.0000
vn -0.9020 0.4316 -0.0000
vn 0.1361 0.9907 -0.0000
vn 0.1335 0.9910 -0.0000
vn 0.1421 0.9899 -0.0000
vn 0.1721 0.9851 -0.0000
vn 0.1781 0.9840 -0.0000
vn 0.2079 0.9781 -0.0000
vn 0.2139 0.9769 -0.0000
vn 0.2434 0.9699 -0.0000
vn 0.2493 0.9684 -0.0000
vn 0.2811 0.9597 -0.0000
vn 0.2786 0.9604 -0.0000
vn -0.0979 0.9952 -0.0000
vn -0.2374 0.9714 -0.0000
vn 0.2728 0.9621 -0.0000
vn 0.2375 0.9714 -0.0000
vn 0.2020 0.9794 -0.0000
vn 0.1661 0.9861 -0.0000
vn -0.6452 0.7640 -0.0000
vn -0.2103 0.9776 -0.0000
vn -0.6472 0.7624 -0.0000
vn -0.1318 0.9913 -0.0000
vn -0.6405 0.7679 -0.0000
vn -0.6169 0.7870 -0.0000
vn -0.6121 0.7908 -0.0000
vn -0.5878 0.8090 -0.0000
vn -0.5829 0.8126 -0.0000
vn -0.5579 0.8299 -0.0000
vn -0.5528 0.8333 -0.0000
vn -0.5251 0.8511 -0.0000
vn -0.5273 0.8497 -0.0000
vn -0.5324 0.8465 -0.0000
vn -0.5629 0.8265 -0.0000
vn -0.5927 0.8054 -0.0000
vn -0.6217 0.7833 -0.0000
vn -0.3816 0.9243 -0.0000
vn -0.3811 0.9245 -0.0000
vn -0.3817 0.9243 -0.0000
vn -0.3819 0.9242 -0.0000
vn -0.3812 0.9245 -0.0000
vn -0.3815 0.9244 -0.0000
vn -0.3822 0.9241 -0.0000
vn -0.3815 0.9243 -0.0000
vn -0.0273 0.9996 -0.0000
vn 0.9423 0.3349 -0.0000
vn 0.9429 0.3331 -0.0001
vn 0.7604 0.6494 -0.0000
vn 0.9425 0.3341 -0.0000
vn 0.9422 0.3350 -0.0000
vn 0.9421 0.3353 -0.0000
vn 0.9422 0.3349 -0.0000
vn 0.9423 0.3348 -0.0000
vn 0.9423 0.3347 -0.0000
vn 0.9421 0.3354 -0.0000
vn 0.9426 0.3339 -0.0000
vn 0.9421 0.3352 -0.0000
vn 0.9424 0.3345 -0.0000
vn 0.9420 0.3356 -0.0000
vn 0.8785 0.4777 -0.0000
vn 0.9428 0.3334 -0.0000
vn -0.9943 0.1070 -0.0000
vn -0.9970 -0.0773 -0.0000
vn -0.9996 0.0274 -0.0000
vn 0.5273 0.8497 -0.0000
vn 0.5251 0.8511 -0.0000
vn 0.5324 0.8465 -0.0000
vn 0.5579 0.8299 -0.0000
vn 0.5629 0.8265 -0.0000
vn 0.5878 0.8090 -0.0000
vn 0.5927 0.8054 -0.0000
vn 0.6169 0.7870 -0.0000
vn 0.6217 0.7833 -0.0000
vn 0.6472 0.7624 -0.0000
vn 0.6452 0.7640 -0.0000
vn 0.2103 0.9776 -0.0000
vn 0.1318 0.9913 -0.0000
vn 0.6405 0.7679 -0.0000
vn 0.6121 0.7908 -0.0000
vn 0.5829 0.8126 -0.0000
vn 0.5528 0.8333 -0.0000
vn -0.9002 0.4356 -0.0000
vn -0.5898 0.8076 -0.0000
vn -0.9013 0.4332 -0.0000
vn -0.5236 0.8520 -0.0000
vn -0.8975 0.4410 -0.0000
vn -0.8837 0.4681 -0.0000
vn -0.8808 0.4735 -0.0000
vn -0.8660 0.5000 -0.0000
vn -0.8630 0.5052 -0.0000
vn -0.8472 0.5312 -0.0000
vn -0.8440 0.5364 -0.0000
vn -0.8258 0.5639 -0.0000
vn -0.8273 0.5618 -0.0000
vn -0.8307 0.5567 -0.0000
vn -0.8504 0.5261 -0.0000
vn -0.8690 0.4947 -0.0000
vn -0.8865 0.4627 -0.0000
vn 0.0273 0.9996 -0.0000
vn -0.4316 0.9021 -0.0000
vn 0.9970 -0.0773 -0.0000
vn 0.9996 0.0275 -0.0000
vn 0.9943 0.1070 0.0001
vn -0.9518 -0.3067 -0.0000
vn -0.8794 -0.4761 -0.0000
vn -0.9244 -0.3815 -0.0000
vn 0.8273 0.5618 -0.0000
vn 0.8259 0.5639 -0.0000
vn 0.8307 0.5567 -0.0000
vn 0.8472 0.5312 -0.0000
vn 0.8504 0.5261 -0.0000
vn 0.8660 0.5000 -0.0000
vn 0.8690 0.4947 -0.0000
vn 0.8837 0.4681 -0.0000
vn 0.8865 0.4627 -0.0000
vn 0.9013 0.4332 -0.0000
vn 0.9002 0.4356 -0.0000
vn 0.5898 0.8076 -0.0000
vn 0.5236 0.8520 -0.0000
vn 0.8975 0.4410 -0.0000
vn 0.8808 0.4735 -0.0000
vn 0.8630 0.5053 -0.0000
vn 0.8440 0.5363 -0.0000
vn -0.9995 0.0318 -0.0000
vn -0.8673 0.4979 -0.0000
vn -0.9996 0.0292 -0.0000
vn -0.8248 0.5654 -0.0000
vn -0.9993 0.0379 -0.0000
vn -0.9977 0.0682 -0.0000
vn -0.9972 0.0743 -0.0000
vn -0.9945 0.1045 -0.0000
vn -0.9939 0.1106 -0.0000
vn -0.9900 0.1407 -0.0000
vn -0.9892 0.1467 -0.0000
vn -0.9838 0.1792 -0.0000
vn -0.9843 0.1767 -0.0000
vn -0.9853 0.1707 -0.0000
vn -0.9909 0.1347 -0.0000
vn -0.9951 0.0985 -0.0000
vn -0.9981 0.0621 -0.0000
vn 0.4316 0.9021 -0.0000
vn -0.7612 0.6486 -0.0000
vn 0.8794 -0.4761 -0.0000
vn 0.9244 -0.3815 -0.0000
vn 0.9518 -0.3067 0.0001
vn -0.7448 -0.6673 -0.0000
vn -0.6097 -0.7926 -0.0000
vn -0.6893 -0.7245 -0.0000
vn 0.9843 0.1767 -0.0000
vn 0.9838 0.1793 -0.0000
vn 0.9853 0.1707 -0.0000
vn 0.9900 0.1407 -0.0000
vn 0.9909 0.1347 -0.0000
vn 0.9945 0.1045 -0.0000
vn 0.9951 0.0985 -0.0000
vn 0.9977 0.0682 -0.0000
vn 0.9981 0.0621 -0.0000
vn 0.9996 0.0292 -0.0000
vn 0.9995 0.0318 -0.0000
vn 0.8673 0.4979 -0.0000
vn 0.8248 0.5654 -0.0000
vn 0.9993 0.0379 -0.0000
vn 0.9972 0.0743 -0.0000
vn 0.9939 0.1106 -0.0000
vn 0.9892 0.1467 -0.0000
vn -0.9260 -0.3775 -0.0000
vn -0.9948 0.1021 -0.0000
vn -0.9835 0.1810 -0.0000
vn -0.9283 -0.3719 -0.0000
vn -0.9392 -0.3435 -0.0000
vn -0.9412 -0.3378 -0.0000
vn -0.9511 -0.3090 -0.0000
vn -0.9529 -0.3032 -0.0000
vn -0.9617 -0.2741 -0.0000
vn -0.9633 -0.2683 -0.0000
vn -0.9717 -0.2364 -0.0000
vn -0.9710 -0.2389 -0.0000
vn -0.9696 -0.2447 -0.0000
vn -0.9600 -0.2800 -0.0000
vn -0.9492 -0.3148 -0.0000
vn -0.9371 -0.3492 -0.0000
vn 0.7612 0.6486 -0.0000
vn -0.9592 0.2829 -0.0000
vn 0.6097 -0.7926 -0.0000
vn 0.6893 -0.7245 -0.0000
vn 0.7448 -0.6673 -0.0000
vn -0.4090 -0.9125 -0.0000
vn -0.2346 -0.9721 -0.0000
vn -0.3350 -0.9422 -0.0000
vn 0.9710 -0.2389 -0.0000
vn 0.9717 -0.2364 -0.0000
vn 0.9696 -0.2448 -0.0000
vn 0.9617 -0.2741 -0.0000
vn 0.9600 -0.2800 -0.0000
vn 0.9511 -0.3090 -0.0000
vn 0.9492 -0.3148 -0.0000
vn 0.9392 -0.3435 -0.0000
vn 0.9371 -0.3492 -0.0000
vn 0.9250 -0.3799 -0.0000
vn 0.9260 -0.3775 -0.0000
vn 0.9948 0.1021 0.0001
vn 0.9835 0.1810 -0.0000
vn 0.9283 -0.3719 -0.0000
vn 0.9412 -0.3378 -0.0000
vn 0.9529 -0.3032 -0.0000
vn 0.9633 -0.2683 -0.0000
vn -0.6924 -0.7215 -0.0000
vn -0.9503 -0.3114 -0.0000
vn -0.6905 -0.7233 -0.0000
vn -0.9721 -0.2347 -0.0000
vn -0.6968 -0.7173 -0.0000
vn -0.7183 -0.6958 -0.0000
vn -0.7225 -0.6914 -0.0000
vn -0.7431 -0.6691 -0.0000
vn -0.7472 -0.6646 -0.0000
vn -0.7670 -0.6416 -0.0000
vn -0.7709 -0.6369 -0.0000
vn -0.7915 -0.6112 -0.0000
vn -0.7899 -0.6132 -0.0000
vn -0.7862 -0.6180 -0.0000
vn -0.7631 -0.6462 -0.0000
vn -0.7391 -0.6736 -0.0000
vn -0.7140 -0.7001 -0.0000
vn 0.9592 0.2829 -0.0000
vn -0.9913 -0.1317 -0.0000
vn 0.2346 -0.9721 -0.0000
vn 0.3350 -0.9422 -0.0000
vn 0.4090 -0.9125 0.0001
vn -0.0025 -1.0000 -0.0000
vn 0.1811 -0.9835 -0.0000
vn 0.0772 -0.9970 -0.0000
vn 0.7899 -0.6132 -0.0000
vn 0.7915 -0.6111 -0.0000
vn 0.7862 -0.6180 -0.0000
vn 0.7670 -0.6416 -0.0000
vn 0.7631 -0.6462 -0.0000
vn 0.7431 -0.6691 -0.0000
vn 0.7391 -0.6736 -0.0000
vn 0.7183 -0.6958 -0.0000
vn 0.7140 -0.7001 -0.0000
vn 0.6905 -0.7233 -0.0000
vn 0.6924 -0.7215 -0.0000
vn 0.9503 -0.3114 -0.0000
vn 0.9721 -0.2347 -0.0000
vn 0.6967 -0.7173 -0.0000
vn 0.7225 -0.6914 -0.0000
vn 0.7472 -0.6646 -0.0000
vn 0.7709 -0.6370 -0.0000
vn -0.3391 -0.9408 -0.0000
vn -0.7415 -0.6710 0.0001
vn -0.3367 -0.9416 -0.0000
vn -0.7926 -0.6098 -0.0000
vn -0.3448 -0.9387 -0.0000
vn -0.3732 -0.9278 -0.0000
vn -0.3788 -0.9255 -0.0000
vn -0.4067 -0.9135 -0.0000
vn -0.4122 -0.9111 -0.0000
vn -0.4398 -0.8981 -0.0000
vn -0.4452 -0.8954 -0.0000
vn -0.4746 -0.8802 -0.0000
vn -0.4722 -0.8815 -0.0000
vn -0.4669 -0.8843 -0.0000
vn -0.4343 -0.9008 -0.0000
vn -0.4012 -0.9160 -0.0000
vn -0.3675 -0.9300 -0.0000
vn 0.9913 -0.1317 -0.0000
vn -0.8520 -0.5235 -0.0000
vn -0.1811 -0.9835 -0.0000
vn -0.0772 -0.9970 -0.0000
vn 0.0025 -1.0000 -0.0001
vn 0.4045 -0.9145 -0.0001
vn 0.5654 -0.8248 -0.0000
vn 0.4761 -0.8794 -0.0000
vn 0.4722 -0.8815 -0.0000
vn 0.4745 -0.8803 -0.0000
vn 0.4669 -0.8843 -0.0000
vn 0.4398 -0.8981 -0.0000
vn 0.4343 -0.9008 -0.0000
vn 0.4067 -0.9135 -0.0000
vn 0.4012 -0.9160 -0.0000
vn 0.3732 -0.9278 -0.0000
vn 0.3675 -0.9300 -0.0000
vn 0.3367 -0.9416 -0.0000
vn 0.3391 -0.9408 -0.0000
vn 0.7415 -0.6710 -0.0001
vn 0.7926 -0.6098 -0.0000
vn 0.3448 -0.9387 -0.0000
vn 0.3788 -0.9255 -0.0000
vn 0.4123 -0.9111 -0.0000
vn 0.4452 -0.8954 -0.0000
vn 0.0729 -0.9973 -0.0000
vn -0.4045 -0.9145 -0.0000
vn 0.0755 -0.9971 -0.0000
vn -0.4761 -0.8794 -0.0000
vn 0.0668 -0.9978 -0.0000
vn 0.0365 -0.9993 -0.0000
vn 0.0304 -0.9995 -0.0000
vn -0.0000 -1.0000 -0.0000
vn -0.0061 -1.0000 -0.0000
vn -0.0365 -0.9993 -0.0000
vn -0.0425 -0.9991 -0.0000
vn -0.0755 -0.9971 -0.0000
vn -0.0729 -0.9973 -0.0000
vn -0.0668 -0.9978 -0.0000
vn -0.0304 -0.9995 -0.0000
vn 0.0061 -1.0000 -0.0000
vn 0.0425 -0.9991 -0.0000
vn -0.5654 -0.8248 -0.0000
vn 0.8520 -0.5235 -0.0000
vn 0.5806 0.8142 -0.0000
vn -0.8755 0.4833 -0.0000
vn -0.9659 -0.2588 -0.0000
vn -0.8815 -0.4721 -0.0000
vn -0.8755 -0.4833 -0.0000
vn 0.6011 -0.7992 -0.0000
vn 0.6606 -0.7508 -0.0000
vn -0.7397 -0.6723 0.0292
vn -0.7460 -0.6658 -0.0146
vn -0.7307 -0.6773 -0.0856
vn -0.7408 -0.6622 -0.1127
vn -0.7195 -0.6730 -0.1713
vn -0.7280 -0.6529 -0.2089
vn -0.7040 -0.6605 -0.2608
vn -0.7082 -0.6380 -0.3023
vn -0.6727 -0.6359 -0.3784
vn -0.6713 -0.6167 -0.4112
vn -0.6415 -0.6090 -0.4665
vn -0.6465 -0.5922 -0.4809
vn -0.6127 -0.5575 -0.5602
vn -0.5907 -0.5597 -0.5812
vn -0.5702 -0.5192 -0.6367
vn -0.5506 -0.5221 -0.6514
vn -0.5227 -0.4756 -0.7076
vn -0.5056 -0.4795 -0.7173
vn -0.4636 -0.4204 -0.7799
vn -0.4588 -0.4384 -0.7729
vn -0.4079 -0.3877 -0.8266
vn -0.4370 -0.4484 -0.7797
vn -0.3836 -0.3938 -0.8354
vn -0.4136 -0.4703 -0.7796
vn -0.3632 -0.4130 -0.8352
vn -0.3875 -0.4913 -0.7800
vn -0.3402 -0.4315 -0.8355
vn -0.3589 -0.5133 -0.7796
vn -0.3153 -0.4508 -0.8351
vn -0.3277 -0.5337 -0.7796
vn -0.2879 -0.4688 -0.8351
vn -0.2930 -0.5534 -0.7797
vn -0.2574 -0.4861 -0.8352
vn -0.2552 -0.5719 -0.7796
vn -0.2239 -0.5022 -0.8352
vn -0.2140 -0.5885 -0.7797
vn -0.1878 -0.5169 -0.8352
vn -0.1784 -0.5875 -0.7893
vn -0.1560 -0.5134 -0.8438
vn -0.1328 -0.5382 -0.8323
vn -0.1153 -0.4686 -0.8759
vn -0.1080 -0.5022 -0.8580
vn -0.1006 -0.4373 -0.8937
vn -0.1022 -0.3870 -0.9164
vn -0.0969 -0.3550 -0.9298
vn -0.0905 -0.3248 -0.9414
vn -0.0737 -0.2155 -0.9737
vn -0.0793 -0.2381 -0.9680
vn -0.0644 -0.1880 -0.9801
vn -0.0486 -0.1260 -0.9908
vn -0.0182 -0.0435 -0.9989
vn -0.0025 0.0082 -1.0000
vn 0.0399 0.0717 -0.9966
vn 0.0483 0.1307 -0.9902
vn 0.0867 0.1907 -0.9778
vn 0.0887 0.1999 -0.9758
vn 0.1396 0.2892 -0.9470
vn 0.1330 0.2862 -0.9489
vn 0.1722 0.3535 -0.9195
vn 0.1850 0.3472 -0.9194
vn 0.2243 0.4202 -0.8793
vn 0.2502 0.4053 -0.8793
vn 0.2907 0.4708 -0.8329
vn 0.3184 0.4527 -0.8329
vn 0.3595 0.5113 -0.7806
vn 0.3886 0.4901 -0.7802
vn 0.4300 0.5421 -0.7220
vn 0.4600 0.5190 -0.7204
vn 0.4908 0.5625 -0.6653
vn 0.5171 0.5560 -0.6508
vn 0.5299 0.6017 -0.5976
vn 0.5612 0.6102 -0.5592
vn 0.5623 0.6418 -0.5214
vn 0.5932 0.6486 -0.4769
vn 0.5907 0.6766 -0.4396
vn 0.6212 0.6800 -0.3895
vn 0.6147 0.7049 -0.3540
vn 0.6449 0.7034 -0.2988
vn 0.6334 0.7263 -0.2671
vn 0.6634 0.7195 -0.2055
vn 0.6466 0.7414 -0.1795
vn 0.6758 0.7289 -0.1100
vn 0.6597 0.7492 -0.0583
vn 0.6901 0.7237 0.0001
vn 0.6577 0.7526 0.0323
vn 0.6739 0.7305 0.1106
vn 0.6476 0.7445 0.1624
vn 0.6606 0.7218 0.2063
vn 0.6349 0.7304 0.2520
vn 0.6422 0.7052 0.3005
vn 0.6169 0.7090 0.3416
vn 0.6196 0.6800 0.3922
vn 0.5938 0.6798 0.4304
vn 0.5933 0.6457 0.4807
vn 0.5661 0.6430 0.5158
vn 0.5634 0.6037 0.5640
vn 0.5345 0.6008 0.5945
vn 0.5287 0.5564 0.6410
vn 0.4990 0.5545 0.6659
vn 0.4930 0.5011 0.7113
vn 0.4451 0.4861 0.7520
vn 0.4626 0.4757 0.7482
vn 0.4358 0.4324 0.7894
vn -0.3946 -0.3580 -0.8462
vn -0.3484 -0.3333 -0.8761
vn -0.3271 -0.3358 -0.8833
vn -0.3097 -0.3523 -0.8832
vn -0.2901 -0.3680 -0.8834
vn -0.2687 -0.3845 -0.8831
vn -0.2455 -0.3999 -0.8831
vn -0.2195 -0.4147 -0.8831
vn -0.1910 -0.4284 -0.8831
vn -0.1602 -0.4409 -0.8831
vn -0.1324 -0.4357 -0.8903
vn -0.3311 -0.3044 -0.8932
vn -0.2871 -0.2779 -0.9167
vn -0.2694 -0.2766 -0.9225
vn -0.2552 -0.2902 -0.9223
vn -0.2389 -0.3030 -0.9226
vn -0.2212 -0.3167 -0.9224
vn -0.2021 -0.3294 -0.9223
vn -0.1808 -0.3416 -0.9223
vn -0.1574 -0.3530 -0.9223
vn -0.1318 -0.3632 -0.9223
vn -0.1083 -0.3564 -0.9281
vn -0.2642 -0.2514 -0.9311
vn -0.2178 -0.2158 -0.9518
vn -0.1845 -0.1937 -0.9636
vn -0.1722 -0.1956 -0.9654
vn -0.1614 -0.2039 -0.9656
vn -0.1496 -0.2136 -0.9654
vn -0.1367 -0.2222 -0.9654
vn -0.1224 -0.2305 -0.9654
vn -0.1066 -0.2382 -0.9653
vn -0.0894 -0.2452 -0.9653
vn -0.1950 -0.2067 -0.9588
vn -0.1493 -0.1587 -0.9760
vn -0.0943 -0.1063 -0.9898
vn -0.0875 -0.1005 -0.9911
vn -0.0814 -0.1043 -0.9912
vn -0.0759 -0.1098 -0.9910
vn -0.0693 -0.1143 -0.9910
vn -0.0619 -0.1186 -0.9910
vn -0.0537 -0.1226 -0.9910
vn -0.0964 -0.0986 -0.9904
vn -0.0537 -0.0692 -0.9962
vn -0.0074 -0.0250 -0.9997
vn -0.0018 -0.0093 -1.0000
vn 0.0707 0.0627 -0.9955
vn 0.0874 0.0858 -0.9925
vn 0.1353 0.1295 -0.9823
vn 0.1478 0.1507 -0.9775
vn 0.1984 0.1964 -0.9602
vn 0.2078 0.2157 -0.9541
vn 0.2603 0.2615 -0.9294
vn 0.2668 0.2795 -0.9223
vn 0.3203 0.3228 -0.8906
vn 0.3227 0.3398 -0.8834
vn 0.3779 0.3788 -0.8448
vn 0.3743 0.3960 -0.8385
vn 0.4353 0.4312 -0.7903
vn 0.4205 0.4480 -0.7889
vn 0.4506 0.4797 -0.7529
vn 0.4139 0.4684 -0.7806
vn 0.4973 0.5266 -0.6895
vn 0.4214 0.3223 0.8477
vn 0.3873 0.3875 0.8366
vn 0.3690 0.3989 0.8395
vn 0.4047 0.5078 0.7605
vn 0.4614 0.5824 0.6693
vn 0.4271 0.6084 0.6689
vn 0.4609 0.6478 0.6065
vn 0.4364 0.6741 0.5959
vn 0.4856 0.6909 0.5356
vn 0.4734 0.7165 0.5123
vn 0.5175 0.7279 0.4498
vn 0.5123 0.7563 0.4069
vn 0.5450 0.7551 0.3644
vn 0.5349 0.7796 0.3257
vn 0.5656 0.7767 0.2772
vn 0.5474 0.8012 0.2417
vn 0.5795 0.7926 0.1894
vn 0.5436 0.8250 0.1545
vn 0.5877 0.7989 0.1281
vn 0.5846 0.8104 0.0387
vn 0.6130 0.7884 0.0519
vn 0.5823 0.8128 -0.0159
vn 0.6183 0.7846 -0.0455
vn 0.5832 0.8027 -0.1246
vn 0.5806 0.7975 -0.1642
vn 0.5318 0.8333 -0.1514
vn 0.5394 0.8072 -0.2398
vn 0.3437 0.3168 0.8840
vn 0.3027 0.2929 0.9070
vn 0.2769 0.2383 0.9309
vn 0.2329 0.2299 0.9449
vn 0.2096 0.1856 0.9600
vn 0.1721 0.1700 0.9703
vn 0.1414 0.1287 0.9816
vn 0.1082 0.1071 0.9883
vn 0.0722 0.0678 0.9951
vn 0.0418 0.0411 0.9983
vn 0.0119 0.0127 0.9998
vn -0.0256 -0.0275 0.9993
vn -0.0315 -0.0257 0.9992
vn -0.0682 -0.0637 0.9956
vn -0.1410 -0.1253 0.9820
vn -0.1140 -0.1105 0.9873
vn -0.0949 -0.0970 0.9908
vn -0.0302 -0.0338 0.9990
vn 0.0331 0.0382 0.9987
vn 0.0308 0.0394 0.9988
vn 0.0890 0.1129 0.9896
vn 0.0825 0.1177 0.9896
vn 0.1338 0.1909 0.9725
vn 0.1221 0.1988 0.9724
vn 0.1667 0.2708 0.9481
vn 0.1491 0.2811 0.9480
vn 0.1903 0.3778 0.9061
vn 0.1567 0.3509 0.9232
vn 0.1872 0.4362 0.8801
vn 0.1151 0.3147 0.9422
vn 0.1181 0.2730 0.9547
vn 0.0837 0.2123 0.9736
vn 0.0931 0.2047 0.9744
vn 0.0584 0.1316 0.9896
vn 0.0672 0.1273 0.9896
vn 0.0233 0.0447 0.9987
vn 0.0261 0.0430 0.9987
vn -0.0241 -0.0384 0.9990
vn -0.0263 -0.0367 0.9990
vn -0.0797 -0.1132 0.9904
vn -0.0865 -0.1087 0.9903
vn -0.1415 -0.1785 0.9737
vn -0.1504 -0.1705 0.9738
vn -0.2070 -0.2346 0.9498
vn -0.2186 -0.2241 0.9497
vn -0.2762 -0.2826 0.9186
vn -0.2797 -0.2698 0.9214
vn -0.3394 -0.3249 0.8827
vn -0.3335 -0.3066 0.8915
vn -0.3951 -0.3606 0.8449
vn -0.1549 -0.1514 0.9763
vn -0.2052 -0.1890 0.9603
vn -0.2182 -0.2119 0.9526
vn -0.2698 -0.2494 0.9300
vn -0.3970 -0.3776 0.8365
vn -0.4537 -0.4117 0.7904
vn -0.4522 -0.4277 0.7827
vn -0.5170 -0.4665 0.7177
vn -0.4963 -0.4724 0.7284
vn -0.5434 -0.5125 0.6649
vn -0.4840 -0.4958 0.7211
vn -0.5281 -0.5417 0.6539
vn -0.4578 -0.5204 0.7208
vn -0.5000 -0.5677 0.6540
vn -0.4301 -0.5439 0.7205
vn -0.4693 -0.5939 0.6535
vn -0.3978 -0.5675 0.7209
vn -0.4340 -0.6198 0.6539
vn -0.3633 -0.5902 0.7209
vn -0.3964 -0.6445 0.6538
vn -0.3251 -0.6121 0.7209
vn -0.3548 -0.6682 0.6539
vn -0.2833 -0.6323 0.7210
vn -0.3091 -0.6905 0.6540
vn -0.2378 -0.6508 0.7211
vn -0.2595 -0.7105 0.6541
vn -0.2026 -0.6665 0.7175
vn -0.2209 -0.7269 0.6503
vn -0.1662 -0.6840 0.7103
vn -0.1809 -0.7446 0.6425
vn -0.1499 -0.7391 0.6567
vn -0.1623 -0.7963 0.5827
vn -0.1465 -0.7964 0.5868
vn -0.1574 -0.8525 0.4985
vn -0.1367 -0.8305 0.5400
vn -0.1509 -0.8839 0.4427
vn -0.1644 -0.9010 0.4015
vn -0.1526 -0.9303 0.3334
vn -0.1680 -0.9451 0.2802
vn -0.1527 -0.9639 0.2183
vn -0.1688 -0.9746 0.1471
vn -0.1525 -0.9834 0.0981
vn -0.1576 -0.9870 0.0312
vn -0.1488 -0.9888 -0.0130
vn -0.5733 -0.5161 0.6364
vn -0.5860 -0.5521 0.5931
vn -0.5676 -0.5815 0.5828
vn -0.5368 -0.6102 0.5826
vn -0.5040 -0.6380 0.5822
vn -0.4660 -0.6660 0.5825
vn -0.4259 -0.6922 0.5827
vn -0.3811 -0.7178 0.5827
vn -0.3320 -0.7417 0.5828
vn -0.2786 -0.7633 0.5828
vn -0.2371 -0.7803 0.5788
vn -0.1938 -0.7979 0.5707
vn -0.1729 -0.8547 0.4894
vn -0.6161 -0.5547 0.5593
vn -0.6289 -0.5928 0.5030
vn -0.6100 -0.6231 0.4895
vn -0.5775 -0.6534 0.4894
vn -0.5421 -0.6836 0.4888
vn -0.5017 -0.7134 0.4893
vn -0.4585 -0.7418 0.4893
vn -0.4107 -0.7693 0.4894
vn -0.3581 -0.7951 0.4895
vn -0.3010 -0.8184 0.4895
vn -0.2556 -0.8366 0.4845
vn -0.2077 -0.8551 0.4751
vn -0.1837 -0.9018 0.3912
vn -0.6551 -0.5930 0.4681
vn -0.6680 -0.6275 0.4001
vn -0.6424 -0.6590 0.3912
vn -0.6081 -0.6907 0.3912
vn -0.5706 -0.7225 0.3904
vn -0.5278 -0.7540 0.3911
vn -0.4821 -0.7840 0.3911
vn -0.4316 -0.8129 0.3912
vn -0.3760 -0.8399 0.3913
vn -0.3154 -0.8646 0.3912
vn -0.2683 -0.8832 0.3846
vn -0.2191 -0.9023 0.3713
vn -0.1923 -0.9442 0.2674
vn -0.6835 -0.6166 0.3907
vn -0.7061 -0.6367 0.3098
vn -0.6998 -0.6588 0.2760
vn -0.7289 -0.6544 0.2009
vn -0.7206 -0.6776 0.1469
vn -0.7420 -0.6646 0.0879
vn -0.6932 -0.7203 0.0225
vn -0.6879 -0.7129 0.1359
vn -0.7152 -0.6985 0.0225
vn -0.6417 -0.7660 0.0385
vn -0.6494 -0.7456 0.1494
vn -0.6800 -0.7328 0.0225
vn -0.5881 -0.8085 0.0225
vn -0.5638 -0.8148 0.1350
vn -0.5963 -0.8024 0.0225
vn -0.6136 -0.7780 0.1347
vn -0.6355 -0.7721 0.0057
vn -0.5533 -0.8327 0.0225
vn -0.5484 -0.8359 0.0225
vn -0.5122 -0.8467 0.1440
vn -0.5120 -0.8587 0.0225
vn -0.4969 -0.8675 0.0224
vn -0.4588 -0.8766 0.1455
vn -0.4692 -0.8828 0.0225
vn -0.4393 -0.8981 0.0225
vn -0.4006 -0.9048 0.1442
vn -0.4231 -0.9058 0.0225
vn -0.3775 -0.9257 0.0225
vn -0.3355 -0.9321 0.1361
vn -0.3713 -0.9282 0.0225
vn -0.3218 -0.9465 0.0225
vn -0.2674 -0.9633 0.0225
vn -0.2793 -0.9504 0.1370
vn -0.3081 -0.9511 0.0225
vn -0.2184 -0.9759 0.0036
vn -0.2304 -0.9653 0.1229
vn -0.2542 -0.9669 0.0225
vn -0.1814 -0.9832 0.0225
vn -0.2006 -0.9689 0.1449
vn -0.2131 -0.9764 0.0361
vn -0.1350 -0.7726 0.6204
vn -0.1288 -0.7234 0.6784
vn -0.1264 -0.6853 0.7172
vn -0.1413 -0.6711 0.7277
vn -0.1501 -0.6174 0.7722
vn -0.1827 -0.6005 0.7785
vn -0.2141 -0.5859 0.7816
vn -0.2550 -0.5694 0.7815
vn -0.2928 -0.5508 0.7816
vn -0.3272 -0.5311 0.7816
vn -0.3582 -0.5108 0.7815
vn -0.3872 -0.4897 0.7812
vn -0.4124 -0.4681 0.7816
vn -0.4358 -0.4462 0.7817
vn -0.1282 -0.6105 0.7816
vn -0.1141 -0.6010 0.7910
vn -0.1193 -0.5626 0.8181
vn -0.1082 -0.4982 0.8603
vn -0.1327 -0.5443 0.8283
vn -0.1167 -0.4695 0.8752
vn -0.1615 -0.5309 0.8319
vn -0.1395 -0.4581 0.8779
vn -0.1892 -0.5172 0.8347
vn -0.1630 -0.4457 0.8802
vn -0.2253 -0.5026 0.8346
vn -0.1942 -0.4330 0.8802
vn -0.2586 -0.4864 0.8346
vn -0.2229 -0.4190 0.8802
vn -0.2890 -0.4690 0.8346
vn -0.2490 -0.4043 0.8801
vn -0.3164 -0.4510 0.8346
vn -0.2727 -0.3886 0.8801
vn -0.3420 -0.4324 0.8343
vn -0.2948 -0.3726 0.8799
vn -0.3642 -0.4133 0.8346
vn -0.3139 -0.3560 0.8802
vn -0.3848 -0.3942 0.8346
vn -0.3316 -0.3394 0.8802
vn -0.0973 -0.4277 0.8987
vn -0.1020 -0.3916 0.9145
vn -0.1165 -0.3823 0.9167
vn -0.1359 -0.3711 0.9186
vn -0.1618 -0.3606 0.9186
vn -0.1858 -0.3489 0.9186
vn -0.2076 -0.3365 0.9185
vn -0.2271 -0.3237 0.9185
vn -0.2456 -0.3104 0.9183
vn -0.2614 -0.2966 0.9185
vn -0.0821 -0.3429 0.9358
vn -0.0848 -0.3188 0.9440
vn -0.0943 -0.3056 0.9475
vn -0.1077 -0.2937 0.9498
vn -0.1282 -0.2854 0.9498
vn -0.1472 -0.2761 0.9498
vn -0.1644 -0.2662 0.9498
vn -0.1799 -0.2562 0.9498
vn -0.1946 -0.2457 0.9496
vn -0.0310 -0.2099 0.9772
vn 0.0230 -0.0050 0.9997
vn -0.0313 -0.1316 0.9908
vn -0.0716 -0.2273 0.9712
vn 0.0525 0.0967 0.9939
vn 0.0210 0.0396 0.9990
vn -0.0211 -0.0576 0.9981
vn -0.0517 -0.1377 0.9891
vn -0.0784 -0.2133 0.9738
vn -0.0933 -0.2072 0.9738
vn 0.0452 0.1231 0.9914
vn 0.0202 0.0462 0.9987
vn -0.0189 -0.0413 0.9990
vn -0.0217 -0.0398 0.9990
vn -0.0653 -0.1221 0.9904
vn -0.0727 -0.1182 0.9903
vn -0.1196 -0.1933 0.9738
vn -0.1306 -0.1864 0.9737
vn 0.2308 0.4479 0.8638
vn 0.2905 0.5529 0.7810
vn 0.2769 0.4618 0.8427
vn 0.3341 0.5593 0.7586
vn 0.3145 0.4482 0.8368
vn 0.3752 0.5307 0.7600
vn 0.3389 0.4286 0.8375
vn 0.3711 0.6459 0.6671
vn 0.3936 0.6221 0.6768
vn 0.5681 0.7831 -0.2529
vn 0.5309 0.7833 -0.3234
vn 0.5495 0.7629 -0.3405
vn 0.5125 0.7580 -0.4035
vn 0.5248 0.7369 -0.4262
vn 0.4866 0.7297 -0.4803
vn 0.4921 0.7035 -0.5128
vn 0.4398 0.6851 -0.5807
vn 0.4408 0.6747 -0.5920
vn 0.4099 0.6424 -0.6476
vn 0.4650 0.6613 -0.5886
vn 0.4329 0.6156 -0.6585
vn 0.5027 0.6337 -0.5880
vn 0.4680 0.5899 -0.6580
vn 0.3691 0.6194 -0.6929
vn 0.3650 0.5885 -0.7214
vn 0.3978 0.5656 -0.7224
vn 0.3178 0.5574 -0.7670
vn 0.2791 0.5176 -0.8089
vn 0.2658 0.4862 -0.8325
vn 0.2239 0.4323 -0.8735
vn -0.1220 -0.5706 -0.8121
vn -0.1199 -0.6233 -0.7727
vn -0.1343 -0.6205 -0.7727
vn -0.1441 -0.6824 -0.7166
vn -0.1644 -0.6760 -0.7183
vn -0.1789 -0.7360 -0.6530
vn -0.2171 -0.7153 -0.6642
vn -0.2333 -0.7686 -0.5957
vn -0.2589 -0.7116 -0.6532
vn -0.2777 -0.7629 -0.5839
vn -0.3088 -0.6915 -0.6530
vn -0.3310 -0.7413 -0.5839
vn -0.3546 -0.6692 -0.6530
vn -0.3802 -0.7174 -0.5838
vn -0.3964 -0.6454 -0.6530
vn -0.4249 -0.6918 -0.5838
vn -0.4343 -0.6207 -0.6527
vn -0.4653 -0.6653 -0.5839
vn -0.4688 -0.5943 -0.6535
vn -0.5026 -0.6371 -0.5843
vn -0.5004 -0.5688 -0.6528
vn -0.5363 -0.6097 -0.5836
vn -0.5287 -0.5423 -0.6529
vn -0.5668 -0.5814 -0.5837
vn -0.1350 -0.6985 -0.7028
vn -0.1530 -0.7489 -0.6447
vn -0.1920 -0.7888 -0.5840
vn -0.2528 -0.8328 -0.4925
vn -0.2978 -0.8289 -0.4735
vn -0.3560 -0.8057 -0.4735
vn -0.4095 -0.7798 -0.4735
vn -0.4584 -0.7522 -0.4734
vn -0.5024 -0.7235 -0.4735
vn -0.5431 -0.6930 -0.4742
vn -0.5796 -0.6631 -0.4736
vn -0.6129 -0.6324 -0.4737
vn -0.1469 -0.7527 -0.6418
vn -0.1630 -0.7743 -0.6115
vn -0.1535 -0.7924 -0.5903
vn -0.1589 -0.8304 -0.5340
vn -0.1570 -0.8364 -0.5252
vn -0.1687 -0.8851 -0.4337
vn -0.1822 -0.8681 -0.4618
vn -0.1853 -0.9039 -0.3856
vn -0.2151 -0.8929 -0.3954
vn -0.2271 -0.9351 -0.2720
vn -0.2782 -0.9169 -0.2862
vn -0.2845 -0.9377 -0.1997
vn -0.3296 -0.9041 -0.2719
vn -0.3366 -0.9234 -0.1848
vn -0.3927 -0.8786 -0.2718
vn -0.4010 -0.8972 -0.1848
vn -0.4508 -0.8502 -0.2718
vn -0.4604 -0.8683 -0.1848
vn -0.5036 -0.8199 -0.2722
vn -0.5145 -0.8374 -0.1847
vn -0.5516 -0.7886 -0.2718
vn -0.5633 -0.8053 -0.1848
vn -0.5959 -0.7554 -0.2726
vn -0.6086 -0.7715 -0.1855
vn -0.6355 -0.7226 -0.2719
vn -0.6490 -0.7380 -0.1848
vn -0.6717 -0.6891 -0.2720
vn -0.6860 -0.7037 -0.1848
vn -0.1651 -0.9185 -0.3592
vn -0.1552 -0.9314 -0.3292
vn -0.1661 -0.9453 -0.2809
vn -0.1508 -0.9620 -0.2276
vn -0.1658 -0.9678 -0.1892
vn -0.1484 -0.9814 -0.1216
vn -0.1650 -0.9820 -0.0921
vn -0.2021 -0.9758 -0.0840
vn -0.2853 -0.9526 -0.1059
vn -0.2311 -0.9675 -0.1031
vn -0.3473 -0.9327 -0.0977
vn -0.4133 -0.9047 -0.1032
vn -0.4710 -0.8759 -0.1052
vn -0.5238 -0.8456 -0.1029
vn -0.5735 -0.8135 -0.0962
vn -0.6197 -0.7778 -0.1042
vn -0.6965 -0.7110 -0.0966
vn -0.6576 -0.7473 -0.0951
vn -0.4855 -0.4981 -0.7185
vn -0.4593 -0.5223 -0.7185
vn -0.4305 -0.5457 -0.7189
vn -0.3987 -0.5701 -0.7184
vn -0.3641 -0.5928 -0.7183
vn -0.3256 -0.6146 -0.7185
vn -0.2837 -0.6352 -0.7184
vn -0.2378 -0.6536 -0.7185
vn -0.1989 -0.6551 -0.7289
vn -0.1481 -0.6087 -0.7795
vn -0.6428 -0.6559 -0.3957
vn -0.6085 -0.6879 -0.3956
vn -0.5708 -0.7191 -0.3962
vn -0.5288 -0.7510 -0.3955
vn -0.4833 -0.7810 -0.3954
vn -0.4330 -0.8100 -0.3955
vn -0.3777 -0.8372 -0.3955
vn -0.3176 -0.8618 -0.3955
vn -0.2647 -0.8722 -0.4114
vn -0.2100 -0.8554 -0.4735
vn -0.1639 -0.8037 -0.5720
vn 0.3664 0.4147 -0.8329
vn 0.3442 0.4340 -0.8326
vn 0.3154 0.3570 -0.8793
vn 0.2963 0.3737 -0.8790
vn 0.2740 0.3897 -0.8792
vn 0.2606 0.2949 -0.9193
vn 0.2449 0.3088 -0.9191
vn 0.2263 0.3219 -0.9193
vn 0.2067 0.3347 -0.9194
vn 0.2025 0.2292 -0.9521
vn 0.1906 0.2401 -0.9519
vn 0.1759 0.2501 -0.9521
vn 0.1607 0.2601 -0.9521
vn 0.1438 0.2697 -0.9521
vn 0.1434 0.1622 -0.9763
vn 0.1351 0.1701 -0.9761
vn 0.1246 0.1770 -0.9763
vn 0.1139 0.1841 -0.9763
vn 0.1021 0.1910 -0.9763
vn 0.0849 0.0958 -0.9918
vn 0.0801 0.1006 -0.9917
vn 0.0738 0.1045 -0.9918
vn 0.0673 0.1086 -0.9918
vn 0.0604 0.1126 -0.9918
vn 0.0526 0.1164 -0.9918
vn -0.0018 -0.0028 -1.0000
vn -0.0012 -0.0024 -1.0000
vn -0.0015 -0.0032 -1.0000
vn -0.0014 -0.0033 -1.0000
vn -0.0011 -0.0035 -1.0000
vn -0.0009 -0.0037 -1.0000
vn -0.6364 -0.7236 0.2673
vn -0.6726 -0.6900 0.2674
vn -0.5973 -0.7565 0.2665
vn -0.5526 -0.7894 0.2673
vn -0.5045 -0.8210 0.2673
vn -0.4514 -0.8514 0.2672
vn -0.3932 -0.8797 0.2673
vn -0.3300 -0.9053 0.2673
vn -0.2805 -0.9239 0.2604
vn -0.2287 -0.9418 0.2463
vn -0.0918 -0.1034 0.9904
vn -0.1588 -0.1628 0.9738
vn -0.0289 -0.0357 0.9989
vn 0.0287 0.0414 0.9987
vn 0.0753 0.1224 0.9896
vn 0.1092 0.2057 0.9725
vn 0.0950 0.1079 0.9896
vn 0.1541 0.1749 0.9725
vn 0.1444 0.1830 0.9725
vn 0.2103 0.2386 0.9481
vn 0.1970 0.2492 0.9482
vn 0.1826 0.2607 0.9480
vn 0.2880 0.3289 0.8994
vn 0.2696 0.3433 0.8997
vn 0.2498 0.3588 0.8994
vn 0.2278 0.3731 0.8994
vn 0.4969 0.6270 0.6000
vn 0.5294 0.6677 0.5234
vn 0.5581 0.7037 0.4396
vn 0.5818 0.7334 0.3517
vn 0.5996 0.7557 0.2635
vn 0.6119 0.7712 0.1754
vn 0.6123 0.7715 -0.1728
vn 0.6004 0.7566 -0.2590
vn 0.5835 0.7353 -0.3448
vn 0.5613 0.7073 -0.4298
vn 0.5340 0.6730 -0.5118
vn 0.3282 0.5318 -0.7807
vn -0.2319 -0.9550 -0.1848
vn -0.1929 -0.9467 -0.2578
vn -0.1069 -0.2007 0.9738
vn -0.0570 -0.1261 0.9904
vn -0.1967 -0.9656 -0.1701
vn -0.9855 -0.1697 -0.0000
vn -0.9926 -0.1215 -0.0000
vn -0.9997 -0.0244 -0.0000
vn -0.9997 0.0244 -0.0000
vn -0.9926 0.1215 -0.0000
vn -0.9855 0.1697 -0.0000
vn -0.9643 0.2647 -0.0000
vn -0.9503 0.3113 -0.0000
vn -0.9155 0.4022 -0.0000
vn -0.8948 0.4464 -0.0000
vn -0.8472 0.5313 -0.0000
vn -0.8203 0.5720 -0.0000
vn -0.7608 0.6490 -0.0000
vn -0.7283 0.6853 -0.0000
vn -0.6582 0.7528 -0.0000
vn -0.6208 0.7840 -0.0000
vn -0.5416 0.8406 -0.0000
vn -0.4999 0.8661 -0.0000
vn -0.4135 0.9105 -0.0000
vn -0.3685 0.9296 -0.0000
vn -0.2765 0.9610 -0.0000
vn -0.2293 0.9734 -0.0000
vn -0.1336 0.9910 -0.0000
vn -0.0851 0.9964 -0.0000
vn 0.0122 0.9999 -0.0000
vn 0.0609 0.9981 -0.0000
vn 0.1576 0.9875 -0.0000
vn 0.2055 0.9786 -0.0000
vn 0.2997 0.9540 -0.0000
vn 0.3458 0.9383 -0.0000
vn 0.4354 0.9002 -0.0000
vn 0.4788 0.8779 -0.0000
vn 0.5619 0.8272 -0.0000
vn 0.6015 0.7989 -0.0000
vn 0.6764 0.7366 -0.0000
vn 0.7114 0.7028 -0.0000
vn 0.7764 0.6302 -0.0000
vn 0.8061 0.5918 -0.0000
vn 0.8599 0.5105 -0.0000
vn 0.8837 0.4680 -0.0000
vn 0.9250 0.3799 -0.0000
vn 0.9424 0.3344 -0.0000
vn 0.9705 0.2412 -0.0000
vn 0.9811 0.1936 -0.0000
vn 0.9953 0.0973 -0.0000
vn 0.9988 0.0486 -0.0000
vn 0.9988 -0.0486 -0.0000
vn 0.9953 -0.0973 -0.0000
vn 0.9811 -0.1936 -0.0000
vn 0.9705 -0.2412 -0.0000
vn 0.9424 -0.3344 -0.0000
vn 0.8837 -0.4680 -0.0000
vn 0.8599 -0.5105 -0.0000
vn 0.8061 -0.5918 -0.0000
vn 0.7764 -0.6303 -0.0000
vn 0.7114 -0.7028 -0.0000
vn 0.6764 -0.7366 -0.0000
vn 0.6015 -0.7989 -0.0000
vn 0.5619 -0.8272 -0.0000
vn 0.4788 -0.8779 -0.0000
vn 0.4354 -0.9002 -0.0000
vn 0.3458 -0.9383 -0.0000
vn 0.2997 -0.9540 -0.0000
vn 0.2055 -0.9786 -0.0000
vn 0.1576 -0.9875 -0.0000
vn 0.0609 -0.9981 -0.0000
vn 0.0122 -0.9999 -0.0000
vn -0.0851 -0.9964 -0.0000
vn -0.1336 -0.9910 -0.0000
vn -0.2293 -0.9734 -0.0000
vn -0.2765 -0.9610 -0.0000
vn -0.3685 -0.9296 -0.0000
vn -0.4135 -0.9105 -0.0000
vn -0.4999 -0.8661 -0.0000
vn -0.5416 -0.8406 -0.0000
vn -0.6208 -0.7840 -0.0000
vn -0.6582 -0.7528 -0.0000
vn -0.7283 -0.6853 -0.0000
vn -0.7608 -0.6489 -0.0000
vn -0.8203 -0.5720 -0.0000
vn -0.8472 -0.5313 -0.0000
vn -0.8948 -0.4464 -0.0000
vn -0.9155 -0.4022 -0.0000
vn -0.9503 -0.3113 -0.0000
vn -0.9643 -0.2647 -0.0000
vn -0.3798 -0.9251 -0.0000
vn -0.8933 0.4495 -0.0000
vn -0.4834 0.8754 -0.0000
vn 0.2786 -0.9604 -0.0000
vn -0.2055 -0.9787 0.0001
vn 0.2811 -0.9597 -0.0000
vn -0.2828 -0.9592 -0.0000
vn 0.2728 -0.9621 -0.0000
vn 0.2434 -0.9699 -0.0000
vn 0.2375 -0.9714 -0.0000
vn 0.2079 -0.9781 -0.0000
vn 0.2020 -0.9794 -0.0000
vn 0.1721 -0.9851 -0.0000
vn 0.1661 -0.9861 -0.0000
vn 0.1335 -0.9910 -0.0000
vn 0.1361 -0.9907 -0.0000
vn 0.5858 -0.8105 -0.0000
vn 0.6485 -0.7612 -0.0000
vn 0.1421 -0.9899 -0.0000
vn 0.1781 -0.9840 -0.0000
vn 0.2139 -0.9769 -0.0000
vn 0.2493 -0.9684 -0.0000
vn 0.7246 -0.6892 -0.0000
vn -0.3816 -0.9243 -0.0000
vn -0.7246 -0.6892 -0.0000
vn -0.6485 -0.7612 -0.0000
vn -0.5858 -0.8105 -0.0000
vn 0.8648 -0.5021 -0.0000
vn 0.9423 -0.3349 -0.0000
vn 0.9020 -0.4316 -0.0000
vn -0.1361 -0.9907 -0.0000
vn -0.1421 -0.9899 -0.0000
vn -0.1721 -0.9851 -0.0000
vn -0.1781 -0.9840 -0.0000
vn -0.2079 -0.9781 -0.0000
vn -0.2139 -0.9769 -0.0000
vn -0.2434 -0.9699 -0.0000
vn -0.2493 -0.9684 -0.0000
vn -0.2811 -0.9597 -0.0000
vn -0.2786 -0.9604 -0.0000
vn 0.2374 -0.9714 -0.0000
vn 0.0979 -0.9952 -0.0000
vn -0.2728 -0.9621 -0.0000
vn -0.2375 -0.9714 -0.0000
vn -0.2020 -0.9794 -0.0000
vn -0.1661 -0.9861 -0.0000
vn 0.6452 -0.7640 -0.0000
vn 0.2103 -0.9776 0.0001
vn 0.6472 -0.7624 -0.0000
vn 0.1318 -0.9913 -0.0000
vn 0.6405 -0.7679 -0.0000
vn 0.6169 -0.7870 -0.0000
vn 0.6121 -0.7908 -0.0000
vn 0.5878 -0.8090 -0.0000
vn 0.5829 -0.8126 -0.0000
vn 0.5579 -0.8299 -0.0000
vn 0.5528 -0.8333 -0.0000
vn 0.5251 -0.8511 -0.0000
vn 0.5273 -0.8497 -0.0000
vn 0.5324 -0.8465 -0.0000
vn 0.5629 -0.8265 -0.0000
vn 0.5927 -0.8054 -0.0000
vn 0.6217 -0.7833 -0.0000
vn 0.3816 -0.9243 -0.0000
vn 0.3817 -0.9243 -0.0000
vn 0.3819 -0.9242 -0.0000
vn 0.3820 -0.9242 -0.0000
vn 0.3815 -0.9244 -0.0000
vn 0.3814 -0.9244 -0.0000
vn 0.3830 -0.9237 -0.0000
vn 0.3830 -0.9238 -0.0000
vn 0.3812 -0.9245 -0.0000
vn 0.3811 -0.9245 -0.0000
vn 0.0273 -0.9996 -0.0000
vn -0.9422 -0.3350 -0.0000
vn -0.9423 -0.3347 -0.0000
vn -0.7604 -0.6494 -0.0000
vn -0.9423 -0.3349 -0.0000
vn -0.8785 -0.4777 -0.0000
vn -0.9422 -0.3349 -0.0000
vn -0.9423 -0.3348 -0.0000
vn -0.9421 -0.3353 -0.0000
vn -0.9429 -0.3329 -0.0000
vn -0.9428 -0.3334 -0.0000
vn -0.9424 -0.3346 -0.0000
vn -0.9425 -0.3343 -0.0000
vn -0.9422 -0.3352 -0.0000
vn 0.9943 -0.1070 -0.0001
vn 0.9970 0.0773 -0.0000
vn 0.9996 -0.0275 -0.0000
vn -0.5273 -0.8497 -0.0000
vn -0.5251 -0.8511 -0.0000
vn -0.5324 -0.8465 -0.0000
vn -0.5579 -0.8299 -0.0000
vn -0.5629 -0.8265 -0.0000
vn -0.5878 -0.8090 -0.0000
vn -0.5927 -0.8054 -0.0000
vn -0.6169 -0.7870 -0.0000
vn -0.6217 -0.7833 -0.0000
vn -0.6471 -0.7624 -0.0000
vn -0.6452 -0.7640 -0.0000
vn -0.2103 -0.9776 -0.0001
vn -0.1318 -0.9913 -0.0000
vn -0.6405 -0.7679 -0.0000
vn -0.6121 -0.7908 -0.0000
vn -0.5829 -0.8126 -0.0000
vn -0.5528 -0.8333 -0.0000
vn 0.9002 -0.4356 -0.0000
vn 0.5898 -0.8076 -0.0000
vn 0.9013 -0.4333 -0.0000
vn 0.5236 -0.8520 -0.0000
vn 0.8975 -0.4410 -0.0000
vn 0.8837 -0.4681 -0.0000
vn 0.8808 -0.4735 -0.0000
vn 0.8660 -0.5000 -0.0000
vn 0.8630 -0.5053 -0.0000
vn 0.8472 -0.5312 -0.0000
vn 0.8440 -0.5364 -0.0000
vn 0.8258 -0.5639 -0.0000
vn 0.8273 -0.5618 -0.0000
vn 0.8307 -0.5567 -0.0000
vn 0.8504 -0.5261 -0.0000
vn 0.8690 -0.4947 -0.0000
vn 0.8865 -0.4627 -0.0000
vn -0.0273 -0.9996 -0.0000
vn 0.4316 -0.9021 -0.0000
vn -0.9970 0.0773 -0.0000
vn -0.9996 -0.0274 -0.0000
vn -0.9943 -0.1070 -0.0000
vn 0.9518 0.3067 -0.0001
vn 0.8794 0.4761 -0.0000
vn 0.9244 0.3815 -0.0000
vn -0.8273 -0.5618 -0.0000
vn -0.8258 -0.5639 -0.0000
vn -0.8307 -0.5567 -0.0000
vn -0.8472 -0.5312 -0.0000
vn -0.8504 -0.5261 -0.0000
vn -0.8660 -0.5000 -0.0000
vn -0.8690 -0.4947 -0.0000
vn -0.8837 -0.4681 -0.0000
vn -0.8865 -0.4627 -0.0000
vn -0.9013 -0.4332 -0.0000
vn -0.9002 -0.4356 -0.0000
vn -0.5898 -0.8076 -0.0000
vn -0.5236 -0.8520 -0.0000
vn -0.8975 -0.4410 -0.0000
vn -0.8808 -0.4735 -0.0000
vn -0.8630 -0.5052 -0.0000
vn -0.8440 -0.5364 -0.0000
vn 0.9995 -0.0318 -0.0000
vn 0.8673 -0.4979 -0.0000
vn 0.9996 -0.0292 -0.0000
vn 0.8248 -0.5654 -0.0000
vn 0.9993 -0.0379 -0.0000
vn 0.9977 -0.0682 -0.0000
vn 0.9972 -0.0743 -0.0000
vn 0.9945 -0.1045 -0.0000
vn 0.9939 -0.1106 -0.0000
vn 0.9900 -0.1407 -0.0000
vn 0.9892 -0.1467 -0.0000
vn 0.9838 -0.1792 -0.0000
vn 0.9843 -0.1767 -0.0000
vn 0.9853 -0.1707 -0.0000
vn 0.9909 -0.1347 -0.0000
vn 0.9951 -0.0985 -0.0000
vn 0.9981 -0.0621 -0.0000
vn -0.4316 -0.9021 -0.0000
vn 0.7612 -0.6486 -0.0000
vn -0.8794 0.4761 -0.0000
vn -0.9244 0.3815 -0.0000
vn -0.9518 0.3067 -0.0000
vn 0.7448 0.6673 -0.0000
vn 0.6097 0.7926 -0.0000
vn 0.6893 0.7245 -0.0000
vn -0.9843 -0.1767 -0.0000
vn -0.9838 -0.1792 -0.0000
vn -0.9853 -0.1707 -0.0000
vn -0.9900 -0.1407 -0.0000
vn -0.9909 -0.1347 -0.0000
vn -0.9945 -0.1045 -0.0000
vn -0.9951 -0.0985 -0.0000
vn -0.9977 -0.0682 -0.0000
vn -0.9981 -0.0621 -0.0000
vn -0.9996 -0.0292 -0.0000
vn -0.9995 -0.0318 -0.0000
vn -0.8673 -0.4979 -0.0000
vn -0.8248 -0.5654 -0.0000
vn -0.9993 -0.0379 -0.0000
vn -0.9972 -0.0743 -0.0000
vn -0.9939 -0.1106 -0.0000
vn -0.9892 -0.1467 -0.0000
vn 0.9260 0.3775 -0.0000
vn 0.9948 -0.1021 -0.0001
vn 0.9835 -0.1810 -0.0000
vn 0.9283 0.3719 -0.0000
vn 0.9392 0.3435 -0.0000
vn 0.9412 0.3378 -0.0000
vn 0.9511 0.3090 -0.0000
vn 0.9529 0.3032 -0.0000
vn 0.9617 0.2741 -0.0000
vn 0.9633 0.2683 -0.0000
vn 0.9717 0.2364 -0.0000
vn 0.9710 0.2389 -0.0000
vn 0.9696 0.2448 -0.0000
vn 0.9600 0.2800 -0.0000
vn 0.9492 0.3148 -0.0000
vn 0.9371 0.3491 -0.0000
vn -0.7612 -0.6486 -0.0000
vn 0.9592 -0.2829 -0.0000
vn -0.6097 0.7926 -0.0000
vn -0.6893 0.7245 -0.0000
vn -0.7448 0.6673 -0.0000
vn 0.4090 0.9125 -0.0001
vn 0.2346 0.9721 -0.0000
vn 0.3350 0.9422 -0.0000
vn -0.9710 0.2389 -0.0000
vn -0.9717 0.2364 -0.0000
vn -0.9696 0.2447 -0.0000
vn -0.9617 0.2741 -0.0000
vn -0.9600 0.2800 -0.0000
vn -0.9511 0.3090 -0.0000
vn -0.9492 0.3148 -0.0000
vn -0.9392 0.3435 -0.0000
vn -0.9371 0.3492 -0.0000
vn -0.9260 0.3775 -0.0000
vn -0.9948 -0.1021 -0.0001
vn -0.9835 -0.1810 -0.0000
vn -0.9283 0.3719 -0.0000
vn -0.9412 0.3378 -0.0000
vn -0.9529 0.3032 -0.0000
vn -0.9633 0.2683 -0.0000
vn 0.6924 0.7215 -0.0000
vn 0.9503 0.3114 -0.0000
vn 0.6905 0.7233 -0.0000
vn 0.9721 0.2347 -0.0000
vn 0.6967 0.7173 -0.0000
vn 0.7183 0.6958 -0.0000
vn 0.7225 0.6914 -0.0000
vn 0.7431 0.6691 -0.0000
vn 0.7472 0.6646 -0.0000
vn 0.7670 0.6416 -0.0000
vn 0.7709 0.6369 -0.0000
vn 0.7915 0.6111 -0.0000
vn 0.7899 0.6132 -0.0000
vn 0.7862 0.6180 -0.0000
vn 0.7631 0.6462 -0.0000
vn 0.7391 0.6736 -0.0000
vn 0.7141 0.7001 -0.0000
vn -0.9592 -0.2829 -0.0000
vn 0.9913 0.1317 -0.0000
vn -0.2346 0.9721 -0.0000
vn -0.3350 0.9422 -0.0000
vn -0.4090 0.9125 0.0001
vn 0.0025 1.0000 0.0001
vn -0.1811 0.9835 -0.0000
vn -0.0772 0.9970 -0.0000
vn -0.7899 0.6132 -0.0000
vn -0.7915 0.6111 -0.0000
vn -0.7862 0.6180 -0.0000
vn -0.7670 0.6416 -0.0000
vn -0.7631 0.6462 -0.0000
vn -0.7431 0.6691 -0.0000
vn -0.7391 0.6736 -0.0000
vn -0.7183 0.6958 -0.0000
vn -0.7140 0.7001 -0.0000
vn -0.6905 0.7233 -0.0000
vn -0.6924 0.7215 -0.0000
vn -0.9503 0.3114 -0.0001
vn -0.9721 0.2347 -0.0000
vn -0.6968 0.7173 -0.0000
vn -0.7225 0.6914 -0.0000
vn -0.7472 0.6646 -0.0000
vn -0.7709 0.6369 -0.0000
vn 0.3391 0.9408 -0.0000
vn 0.7415 0.6710 -0.0000
vn 0.3367 0.9416 -0.0000
vn 0.7926 0.6098 -0.0000
vn 0.3448 0.9387 -0.0000
vn 0.3732 0.9278 -0.0000
vn 0.3788 0.9255 -0.0000
vn 0.4067 0.9135 -0.0000
vn 0.4123 0.9111 -0.0000
vn 0.4398 0.8981 -0.0000
vn 0.4452 0.8954 -0.0000
vn 0.4745 0.8803 -0.0000
vn 0.4722 0.8815 -0.0000
vn 0.4669 0.8843 -0.0000
vn 0.4343 0.9008 -0.0000
vn 0.4012 0.9160 -0.0000
vn 0.3675 0.9300 -0.0000
vn -0.9913 0.1317 -0.0000
vn 0.8520 0.5235 -0.0000
vn 0.1811 0.9835 -0.0000
vn 0.0772 0.9970 -0.0000
vn -0.0025 1.0000 -0.0001
vn -0.4045 0.9145 -0.0000
vn -0.5654 0.8248 -0.0000
vn -0.4761 0.8794 -0.0000
vn -0.4722 0.8815 -0.0000
vn -0.4746 0.8802 -0.0000
vn -0.4669 0.8843 -0.0000
vn -0.4398 0.8981 -0.0000
vn -0.4343 0.9008 -0.0000
vn -0.4067 0.9135 -0.0000
vn -0.4012 0.9160 -0.0000
vn -0.3732 0.9278 -0.0000
vn -0.3675 0.9300 -0.0000
vn -0.3367 0.9416 -0.0000
vn -0.3391 0.9408 -0.0000
vn -0.7415 0.6710 -0.0001
vn -0.7926 0.6098 -0.0000
vn -0.3448 0.9387 -0.0000
vn -0.3788 0.9255 -0.0000
vn -0.4122 0.9111 -0.0000
vn -0.4452 0.8954 -0.0000
vn -0.0729 0.9973 -0.0000
vn 0.4045 0.9145 -0.0000
vn -0.0755 0.9971 -0.0000
vn 0.4761 0.8794 -0.0000
vn -0.0668 0.9978 -0.0000
vn -0.0365 0.9993 -0.0000
vn -0.0304 0.9995 -0.0000
vn -0.0000 1.0000 -0.0000
vn 0.0061 1.0000 -0.0000
vn 0.0365 0.9993 -0.0000
vn 0.0425 0.9991 -0.0000
vn 0.0755 0.9971 -0.0000
vn 0.0729 0.9973 -0.0000
vn 0.0668 0.9978 -0.0000
vn 0.0304 0.9995 -0.0000
vn -0.0061 1.0000 -0.0000
vn -0.0425 0.9991 -0.0000
vn 0.5654 0.8248 -0.0000
vn -0.8520 0.5235 -0.0000
s 0
g off
g Object_2_Scene_-_Root
f 1//1 2//1 3//1
f 3//2 2//2 4//2
f 4//1 2//1 5//1
f 4//1 5//1 6//1
f 6//1 5//1 7//1
f 6//1 7//1 8//1
f 8//1 7//1 9//1
f 8//1 9//1 10//1
f 10//1 9//1 11//1
f 10//1 11//1 12//1
f 12//1 11//1 13//1
f 12//1 13//1 14//1
f 14//1 13//1 15//1
f 14//1 15//1 16//1
f 16//1 15//1 17//1
f 16//1 17//1 18//1
f 18//1 17//1 19//1
f 18//1 19//1 20//1
f 20//1 19//1 21//1
f 20//1 21//1 22//1
f 22//1 21//1 23//1
f 22//1 23//1 24//1
f 24//1 23//1 25//1
f 24//1 25//1 26//1
f 26//1 25//1 27//1
f 26//1 27//1 28//1
f 28//1 27//1 29//1
f 28//1 29//1 30//1
f 30//1 29//1 31//1
f 30//1 31//1 32//1
f 32//1 31//1 33//1
f 32//1 33//1 34//1
f 34//1 33//1 35//1
f 34//1 35//1 36//1
f 36//1 35//1 37//1
f 36//1 37//1 38//1
f 38//1 37//1 39//1
f 38//1 39//1 40//1
f 40//1 39//1 41//1
f 40//1 41//1 42//1
f 42//1 41//1 43//1
f 42//1 43//1 44//1
s 43
f 45//3 46//4 47//5
f 47//5 46//4 48//6
f 47//5 48//6 49//7
f 49//7 48//6 50//8
f 49//7 50//8 51//9
f 51//9 50//8 52//10
f 51//9 52//10 53//11
f 53//11 52//10 54//12
f 53//11 54//12 55//13
f 55//13 54//12 56//14
f 55//13 56//14 57//15
f 57//15 56//14 58//16
f 57//15 58//16 59//17
f 59//17 58//16 60//18
f 59//17 60//18 61//19
f 61//19 60//18 62//20
f 61//19 62//20 63//21
f 63//21 62//20 64//22
f 63//21 64//22 65//23
f 65//23 64//22 66//24
f 65//23 66//24 67//25
f 67//25 66//24 68//26
f 67//25 68//26 69//27
f 69//27 68//26 70//28
f 69//27 70//28 71//29
f 71//29 70//28 72//30
f 71//29 72//30 73//31
f 73//31 72//30 74//32
f 73//31 74//32 75//33
f 75//33 74//32 76//34
f 75//33 76//34 77//35
f 77//35 76//34 78//36
f 77//35 78//36 79//37
f 79//37 78//36 80//38
f 79//37 80//38 81//39
f 81//39 80//38 82//40
f 81//39 82//40 83//41
f 83//41 82//40 84//42
f 83//41 84//42 85//43
f 85//43 84//42 86//44
f 85//43 86//44 87//45
f 87//45 86//44 88//46
f 87//45 88//46 89//47
f 89//47 88//46 90//48
f 89//47 90//48 91//49
f 91//49 90//48 92//50
f 91//49 92//50 93//51
f 93//51 92//50 94//52
f 93//51 94//52 95//53
f 95//53 94//52 96//54
f 95//53 96//54 97//55
f 97//55 96//54 98//56
f 97//55 98//56 99//57
f 99//57 98//56 100//58
f 99//57 100//58 101//59
f 101//59 100//58 102//60
f 101//59 102//60 103//61
f 103//61 102//60 104//62
f 103//61 104//62 105//63
f 105//63 104//62 106//64
f 105//63 106//64 107//65
f 107//65 106//64 108//66
f 107//65 108//66 109//67
f 109//67 108//66 110//68
f 109//67 110//68 111//69
f 111//69 110//68 112//70
f 111//69 112//70 113//71
f 113//71 112//70 114//72
f 113//71 114//72 115//73
f 115//73 114//72 116//74
f 115//73 116//74 117//75
f 117//75 116//74 118//76
f 117//75 118//76 119//77
f 119//77 118//76 120//78
f 119//77 120//78 121//79
f 121//79 120//78 122//80
f 121//79 122//80 123//81
f 123//81 122//80 124//82
f 123//81 124//82 125//83
f 125//83 124//82 126//84
f 125//83 126//84 127//85
f 127//85 126//84 128//86
f 127//85 128//86 129//87
f 129//87 128//86 130//88
f 129//87 130//88 131//89
f 131//89 130//88 132//90
f 131//89 132//90 133//91
f 133//91 132//90 134//92
f 133//91 134//92 135//93
f 135//93 134//92 136//94
f 135//93 136//94 137//95
f 137//95 136//94 138//96
f 137//95 138//96 139//97
f 139//97 138//96 140//98
f 139//97 140//98 141//99
f 141//99 140//98 142//100
f 141//99 142//100 143//101
f 143//101 142//100 144//102
f 143//101 144//102 145//103
f 145//103 144//102 146//104
f 145//103 146//104 147//105
f 147//105 146//104 148//106
f 147//105 148//106 149//107
f 149//107 148//106 150//108
f 149//107 150//108 151//109
f 151//109 150//108 152//110
f 151//109 152//110 153//111
f 153//111 152//110 154//112
f 153//111 154//112 155//113
f 155//113 154//112 156//114
f 155//113 156//114 45//3
f 45//3 156//114 46//4
f 4869//115 157//116 4697//117
f 4697//117 157//116 158//118
f 4697//117 158//118 159//119
f 159//119 158//118 160//120
f 159//119 160//120 161//121
f 161//121 160//120 48//6
f 161//121 48//6 46//4
f 157//116 4869//115 162//122
f 162//122 4869//115 4455//123
f 162//122 4455//123 163//124
f 163//124 4455//123 4452//125
f 163//124 4452//125 164//126
f 164//126 4452//125 4605//127
f 164//126 4605//127 165//128
f 165//128 4605//127 166//129
f 165//128 166//129 167//130
f 167//130 166//129 168//131
f 167//130 168//131 62//20
f 62//20 168//131 64//22
f 4605//127 4356//132 166//129
f 166//129 4356//132 169//133
f 166//129 169//133 168//131
f 168//131 169//133 170//134
f 168//131 170//134 64//22
f 64//22 170//134 66//24
f 4356//132 4483//135 169//133
f 169//133 4483//135 171//136
f 169//133 171//136 170//134
f 170//134 171//136 172//137
f 170//134 172//137 66//24
f 66//24 172//137 68//26
f 4483//135 4683//138 171//136
f 171//136 4683//138 173//139
f 171//136 173//139 172//137
f 172//137 173//139 174//140
f 172//137 174//140 68//26
f 68//26 174//140 70//28
f 173//139 4683//138 175//141
f 175//141 4683//138 4474//142
f 175//141 4474//142 176//143
f 176//143 4474//142 4190//144
f 176//143 4190//144 177//145
f 177//145 4190//144 4600//146
f 177//145 4600//146 178//147
f 178//147 4600//146 4423//148
f 178//147 4423//148 179//149
f 179//149 4423//148 180//150
f 179//149 180//150 181//151
f 181//151 180//150 182//152
f 181//151 182//152 80//38
f 80//38 182//152 82//40
f 4423//148 5229//153 180//150
f 180//150 5229//153 183//154
f 180//150 183//154 182//152
f 182//152 183//154 184//155
f 182//152 184//155 82//40
f 82//40 184//155 84//42
f 5229//153 4370//156 183//154
f 183//154 4370//156 185//157
f 183//154 185//157 184//155
f 184//155 185//157 186//158
f 184//155 186//158 84//42
f 84//42 186//158 86//44
f 4370//156 4523//159 185//157
f 185//157 4523//159 187//160
f 185//157 187//160 186//158
f 186//158 187//160 188//161
f 186//158 188//161 86//44
f 86//44 188//161 88//46
f 4523//159 4170//162 187//160
f 187//160 4170//162 189//163
f 187//160 189//163 188//161
f 188//161 189//163 190//164
f 188//161 190//164 88//46
f 88//46 190//164 90//48
f 189//163 4170//162 191//165
f 191//165 4170//162 4550//166
f 191//165 4550//166 192//167
f 192//167 4550//166 4417//168
f 192//167 4417//168 193//169
f 193//169 4417//168 4044//170
f 193//169 4044//170 194//171
f 194//171 4044//170 195//172
f 194//171 195//172 196//173
f 196//173 195//172 197//174
f 196//173 197//174 98//56
f 98//56 197//174 100//58
f 4044//170 4372//175 195//172
f 195//172 4372//175 198//176
f 195//172 198//176 197//174
f 197//174 198//176 199//177
f 197//174 199//177 100//58
f 100//58 199//177 102//60
f 4372//175 4365//178 198//176
f 198//176 4365//178 200//179
f 198//176 200//179 199//177
f 199//177 200//179 201//180
f 199//177 201//180 102//60
f 102//60 201//180 104//62
f 4365//178 4631//181 200//179
f 200//179 4631//181 202//182
f 200//179 202//182 201//180
f 201//180 202//182 203//183
f 201//180 203//183 104//62
f 104//62 203//183 106//64
f 4631//181 4494//184 202//182
f 202//182 4494//184 204//185
f 202//182 204//185 203//183
f 203//183 204//185 205//186
f 203//183 205//186 106//64
f 106//64 205//186 108//66
f 204//185 4494//184 206//187
f 206//187 4494//184 4630//188
f 206//187 4630//188 207//189
f 207//189 4630//188 4364//190
f 207//189 4364//190 208//191
f 208//191 4364//190 4371//192
f 208//191 4371//192 209//193
f 209//193 4371//192 4043//194
f 209//193 4043//194 210//195
f 210//195 4043//194 211//196
f 210//195 211//196 212//197
f 212//197 211//196 213//198
f 212//197 213//198 118//76
f 118//76 213//198 120//78
f 4043//194 4416//199 211//196
f 211//196 4416//199 214//200
f 211//196 214//200 213//198
f 213//198 214//200 215//201
f 213//198 215//201 120//78
f 120//78 215//201 122//80
f 4416//199 4549//202 214//200
f 214//200 4549//202 216//203
f 214//200 216//203 215//201
f 215//201 216//203 217//204
f 215//201 217//204 122//80
f 122//80 217//204 124//82
f 4549//202 4169//205 216//203
f 216//203 4169//205 218//206
f 216//203 218//206 217//204
f 217//204 218//206 219//207
f 217//204 219//207 124//82
f 124//82 219//207 126//84
f 218//206 4169//205 220//208
f 220//208 4169//205 4522//209
f 220//208 4522//209 221//210
f 221//210 4522//209 4369//211
f 221//210 4369//211 222//212
f 222//212 4369//211 5228//213
f 222//212 5228//213 223//214
f 223//214 5228//213 4424//215
f 223//214 4424//215 224//216
f 224//216 4424//215 225//217
f 224//216 225//217 226//218
f 226//218 225//217 227//219
f 226//218 227//219 136//94
f 136//94 227//219 138//96
f 4424//215 4601//220 225//217
f 225//217 4601//220 228//221
f 225//217 228//221 227//219
f 227//219 228//221 229//222
f 227//219 229//222 138//96
f 138//96 229//222 140//98
f 4601//220 4191//223 228//221
f 228//221 4191//223 230//224
f 228//221 230//224 229//222
f 229//222 230//224 231//225
f 229//222 231//225 140//98
f 140//98 231//225 142//100
f 4191//223 4475//226 230//224
f 230//224 4475//226 232//227
f 230//224 232//227 231//225
f 231//225 232//227 233//228
f 231//225 233//228 142//100
f 142//100 233//228 144//102
f 4475//226 4684//229 232//227
f 232//227 4684//229 234//230
f 232//227 234//230 233//228
f 233//228 234//230 235//231
f 233//228 235//231 144//102
f 144//102 235//231 146//104
f 234//230 4684//229 236//232
f 236//232 4684//229 4484//233
f 236//232 4484//233 237//234
f 237//234 4484//233 4355//235
f 237//234 4355//235 238//236
f 238//236 4355//235 4604//237
f 238//236 4604//237 239//238
f 239//238 4604//237 240//239
f 239//238 240//239 241//240
f 241//240 240//239 242//241
f 241//240 242//241 154//112
f 154//112 242//241 156//114
f 4604//237 4451//242 240//239
f 240//239 4451//242 243//243
f 240//239 243//243 242//241
f 242//241 243//243 244//244
f 242//241 244//244 156//114
f 156//114 244//244 46//4
f 4451//242 4456//245 243//243
f 243//243 4456//245 245//246
f 243//243 245//246 244//244
f 244//244 245//246 161//121
f 244//244 161//121 46//4
f 4456//245 4868//247 245//246
f 245//246 4868//247 159//119
f 245//246 159//119 161//121
f 4868//247 4697//117 159//119
f 205//186 204//185 206//187
f 50//8 48//6 160//120
f 160//120 158//118 246//248
f 246//248 158//118 157//116
f 246//248 157//116 247//249
f 247//249 157//116 162//122
f 247//249 162//122 248//250
f 248//250 162//122 163//124
f 248//250 163//124 249//251
f 249//251 163//124 164//126
f 249//251 164//126 250//252
f 250//252 164//126 165//128
f 250//252 165//128 167//130
f 241//240 154//112 152//110
f 241//240 152//110 251//253
f 251//253 152//110 150//108
f 251//253 150//108 252//254
f 252//254 150//108 148//106
f 252//254 148//106 253//255
f 253//255 148//106 146//104
f 253//255 146//104 235//231
f 238//236 239//238 251//253
f 251//253 239//238 241//240
f 238//236 251//253 252//254
f 237//234 238//236 252//254
f 237//234 252//254 253//255
f 236//232 237//234 253//255
f 236//232 253//255 235//231
f 234//230 236//232 235//231
f 226//218 136//94 134//92
f 226//218 134//92 254//256
f 254//256 134//92 132//90
f 254//256 132//90 255//257
f 255//257 132//90 130//88
f 255//257 130//88 256//258
f 256//258 130//88 128//86
f 256//258 128//86 257//259
f 257//259 128//86 126//84
f 257//259 126//84 219//207
f 223//214 224//216 254//256
f 254//256 224//216 226//218
f 223//214 254//256 255//257
f 222//212 223//214 255//257
f 222//212 255//257 256//258
f 221//210 222//212 256//258
f 221//210 256//258 257//259
f 220//208 221//210 257//259
f 220//208 257//259 219//207
f 218//206 220//208 219//207
f 212//197 118//76 116//74
f 212//197 116//74 258//260
f 258//260 116//74 114//72
f 258//260 114//72 259//261
f 259//261 114//72 112//70
f 259//261 112//70 260//262
f 260//262 112//70 110//68
f 260//262 110//68 261//263
f 261//263 110//68 108//66
f 261//263 108//66 205//186
f 209//193 210//195 258//260
f 258//260 210//195 212//197
f 209//193 258//260 259//261
f 208//191 209//193 259//261
f 208//191 259//261 260//262
f 207//189 208//191 260//262
f 207//189 260//262 261//263
f 206//187 207//189 261//263
f 206//187 261//263 205//186
f 196//173 98//56 96//54
f 196//173 96//54 262//264
f 262//264 96//54 94//52
f 262//264 94//52 263//265
f 263//265 94//52 92//50
f 263//265 92//50 264//266
f 264//266 92//50 90//48
f 264//266 90//48 190//164
f 193//169 194//171 262//264
f 262//264 194//171 196//173
f 193//169 262//264 263//265
f 192//167 193//169 263//265
f 192//167 263//265 264//266
f 191//165 192//167 264//266
f 191//165 264//266 190//164
f 189//163 191//165 190//164
f 181//151 80//38 78//36
f 181//151 78//36 265//267
f 265//267 78//36 76//34
f 265//267 76//34 266//268
f 266//268 76//34 74//32
f 266//268 74//32 267//269
f 267//269 74//32 72//30
f 267//269 72//30 268//270
f 268//270 72//30 70//28
f 268//270 70//28 174//140
f 178//147 179//149 265//267
f 265//267 179//149 181//151
f 178//147 265//267 266//268
f 177//145 178//147 266//268
f 177//145 266//268 267//269
f 176//143 177//145 267//269
f 176//143 267//269 268//270
f 175//141 176//143 268//270
f 175//141 268//270 174//140
f 173//139 175//141 174//140
f 167//130 62//20 60//18
f 250//252 167//130 60//18
f 250//252 60//18 58//16
f 249//251 250//252 58//16
f 249//251 58//16 56//14
f 248//250 249//251 56//14
f 248//250 56//14 54//12
f 247//249 248//250 54//12
f 247//249 54//12 52//10
f 246//248 247//249 52//10
f 246//248 52//10 50//8
f 160//120 246//248 50//8
s 0
f 269//1 270//1 271//1
f 271//1 270//1 272//1
f 271//1 272//1 273//1
f 270//1 269//1 274//1
f 274//1 269//1 275//1
f 274//1 275//1 276//1
f 276//1 275//1 277//1
f 276//1 277//1 278//1
f 278//1 277//1 279//1
f 278//1 279//1 280//1
f 280//1 279//1 281//1
f 280//1 281//1 282//1
f 282//1 281//1 283//1
f 282//1 283//1 284//1
f 284//1 283//1 285//1
f 284//1 285//1 286//1
f 286//1 287//1 284//1
f 284//1 287//1 288//1
f 284//1 288//1 289//1
f 289//1 288//1 290//1
f 289//1 290//1 291//1
f 291//1 290//1 292//1
f 291//1 292//1 293//1
f 293//1 292//1 294//1
f 293//1 294//1 295//1
f 295//1 294//1 296//1
f 295//1 296//1 297//1
f 297//1 296//1 298//1
f 297//1 298//1 299//1
f 299//1 298//1 300//1
f 299//1 300//1 301//1
f 301//1 300//1 302//1
f 301//1 302//1 303//1
f 303//1 302//1 304//1
f 303//1 304//1 305//1
f 305//1 306//1 303//1
f 303//1 306//1 307//1
f 303//1 307//1 308//1
f 308//1 307//1 309//1
f 308//1 309//1 310//1
f 310//1 309//1 311//1
f 310//1 311//1 312//1
f 312//1 311//1 313//1
f 312//1 313//1 314//1
f 314//1 313//1 315//1
f 314//1 315//1 316//1
f 316//1 315//1 317//1
f 316//1 317//1 318//1
f 318//1 317//1 319//1
f 318//1 319//1 320//1
f 320//1 319//1 321//1
f 320//1 321//1 322//1
f 322//1 321//1 323//1
f 322//1 323//1 324//1
f 324//1 325//1 322//1
f 322//1 325//1 326//1
f 322//1 326//1 327//1
f 327//1 326//1 328//1
f 327//1 328//1 329//1
f 329//1 328//1 330//1
f 329//1 330//1 331//1
f 331//1 330//1 332//1
f 331//1 332//1 333//1
f 333//1 332//1 334//1
f 333//1 334//1 335//1
f 335//1 334//1 336//1
f 335//1 336//1 337//1
f 337//1 336//1 338//1
f 337//1 338//1 339//1
f 339//1 338//1 340//1
f 339//1 340//1 341//1
f 341//1 340//1 342//1
f 341//1 342//1 343//1
f 343//1 344//1 341//1
f 341//1 344//1 345//1
f 341//1 345//1 346//1
f 346//1 345//1 347//1
f 346//1 347//1 348//1
f 348//1 347//1 349//1
f 348//1 349//1 350//1
f 350//1 349//1 351//1
f 350//1 351//1 352//1
f 352//1 351//1 353//1
f 352//1 353//1 354//1
f 354//1 353//1 355//1
f 354//1 355//1 356//1
f 356//1 355//1 357//1
f 356//1 357//1 358//1
f 358//1 357//1 359//1
f 358//1 359//1 360//1
f 360//1 359//1 361//1
f 360//1 361//1 362//1
f 362//1 363//1 360//1
f 360//1 363//1 364//1
f 360//1 364//1 365//1
f 365//1 364//1 366//1
f 365//1 366//1 367//1
f 367//1 366//1 368//1
f 367//1 368//1 369//1
f 369//1 368//1 370//1
f 369//1 370//1 371//1
f 371//1 370//1 372//1
f 371//1 372//1 373//1
f 373//1 372//1 374//1
f 373//1 374//1 375//1
f 375//1 374//1 376//1
f 375//1 376//1 377//1
f 377//1 376//1 378//1
f 377//1 378//1 379//1
f 379//1 378//1 380//1
f 379//1 380//1 381//1
f 381//1 382//1 379//1
f 379//1 382//1 383//1
f 379//1 383//1 384//1
f 384//1 383//1 385//1
f 384//1 385//1 386//1
f 386//1 385//1 387//1
f 386//1 387//1 388//1
f 388//1 387//1 389//1
f 388//1 389//1 390//1
f 390//1 389//1 391//1
f 390//1 391//1 392//1
f 392//1 391//1 393//1
f 392//1 393//1 394//1
f 394//1 393//1 395//1
f 394//1 395//1 396//1
f 396//1 395//1 397//1
f 396//1 397//1 398//1
f 398//1 397//1 399//1
f 398//1 399//1 400//1
f 400//1 401//1 398//1
f 398//1 401//1 402//1
f 398//1 402//1 403//1
f 403//1 402//1 404//1
f 403//1 404//1 405//1
f 405//1 404//1 406//1
f 405//1 406//1 407//1
f 407//1 406//1 408//1
f 407//1 408//1 409//1
f 409//1 408//1 410//1
f 409//1 410//1 411//1
f 411//1 410//1 412//1
f 411//1 412//1 413//1
f 413//1 412//1 414//1
f 413//1 414//1 415//1
f 415//1 414//1 416//1
f 416//1 414//1 417//1
f 416//1 417//1 418//1
f 418//1 419//1 416//1
f 416//1 419//1 420//1
f 416//1 420//1 421//1
f 416//1 421//1 422//1
f 422//1 421//1 423//1
f 422//1 423//1 424//1
f 424//1 423//1 425//1
f 424//1 425//1 426//1
f 426//1 425//1 427//1
f 426//1 427//1 428//1
f 428//1 427//1 429//1
f 428//1 429//1 430//1
f 430//1 429//1 431//1
f 430//1 431//1 432//1
f 432//1 431//1 433//1
f 432//1 433//1 434//1
f 434//1 433//1 435//1
f 435//1 433//1 436//1
f 435//1 436//1 437//1
f 437//1 438//1 435//1
f 435//1 438//1 439//1
f 435//1 439//1 440//1
f 435//1 440//1 441//1
f 441//1 440//1 442//1
f 441//1 442//1 443//1
f 443//1 442//1 444//1
f 443//1 444//1 445//1
f 445//1 444//1 446//1
f 445//1 446//1 447//1
f 447//1 446//1 448//1
f 447//1 448//1 449//1
f 449//1 448//1 450//1
f 449//1 450//1 451//1
f 451//1 450//1 452//1
f 451//1 452//1 453//1
f 453//1 452//1 454//1
f 454//1 452//1 455//1
f 454//1 455//1 456//1
f 456//1 457//1 454//1
f 454//1 457//1 458//1
f 454//1 458//1 459//1
f 454//1 459//1 460//1
f 460//1 459//1 461//1
f 460//1 461//1 462//1
f 462//1 461//1 463//1
f 462//1 463//1 464//1
f 464//1 463//1 465//1
f 464//1 465//1 466//1
f 466//1 465//1 467//1
f 466//1 467//1 468//1
f 468//1 467//1 469//1
f 469//1 467//1 470//1
f 469//1 470//1 471//1
f 471//1 470//1 472//1
f 471//1 472//1 473//1
s 247
f 473//1 472//1 474//1
s 0
f 473//1 474//1 475//1
f 475//1 476//1 473//1
f 473//1 476//1 477//1
f 473//1 477//1 478//1
f 473//1 478//1 479//1
f 479//1 478//1 480//1
f 479//1 480//1 481//1
f 481//1 480//1 482//1
f 481//1 482//1 483//1
f 483//1 482//1 484//1
f 483//1 484//1 485//1
f 485//1 484//1 486//1
f 486//1 484//1 487//1
f 486//1 487//1 488//1
f 488//1 487//1 489//1
f 488//1 489//1 490//1
f 490//1 489//1 491//1
f 490//1 491//1 492//1
f 492//1 491//1 493//1
f 492//1 493//1 494//1
f 494//1 495//1 492//1
f 492//1 495//1 496//1
f 492//1 496//1 497//1
f 492//1 497//1 498//1
f 498//1 497//1 499//1
f 498//1 499//1 500//1
f 500//1 499//1 501//1
f 500//1 501//1 502//1
f 502//1 501//1 503//1
f 503//1 501//1 504//1
f 503//1 504//1 505//1
f 505//1 504//1 506//1
f 505//1 506//1 507//1
f 507//1 506//1 508//1
f 507//1 508//1 509//1
f 509//1 508//1 510//1
f 509//1 510//1 511//1
f 511//1 510//1 512//1
f 511//1 512//1 513//1
f 513//1 514//1 511//1
f 511//1 514//1 515//1
f 511//1 515//1 516//1
f 517//1 518//1 516//1
f 516//1 518//1 519//1
f 516//1 519//1 511//1
f 518//1 517//1 520//1
f 520//1 517//1 521//1
f 520//1 521//1 522//1
f 522//1 521//1 523//1
f 522//1 523//1 524//1
f 524//1 523//1 525//1
f 524//1 525//1 526//1
f 526//1 525//1 527//1
f 526//1 527//1 528//1
f 528//1 527//1 529//1
f 528//1 529//1 530//1
f 530//1 529//1 531//1
f 530//1 531//1 532//1
f 532//1 533//1 530//1
f 530//1 533//1 534//1
f 530//1 534//1 535//1
f 536//1 537//1 535//1
f 535//1 537//1 538//1
f 535//1 538//1 530//1
f 537//1 536//1 539//1
f 539//1 536//1 540//1
f 539//1 540//1 541//1
f 541//1 540//1 542//1
f 541//1 542//1 543//1
f 543//1 542//1 544//1
f 543//1 544//1 545//1
f 545//1 544//1 546//1
f 545//1 546//1 547//1
f 547//1 546//1 548//1
f 547//1 548//1 273//1
f 273//1 548//1 549//1
f 273//1 549//1 550//1
f 550//1 551//1 273//1
f 273//1 551//1 552//1
f 273//1 552//1 271//1
s 328
f 553//271 554//272 555//273
f 555//273 554//272 556//274
f 555//273 556//274 557//275
f 557//275 556//274 558//276
f 557//275 558//276 559//277
f 559//277 558//276 560//278
f 560//278 558//276 561//279
f 560//278 561//279 562//280
f 562//280 561//279 563//281
f 563//281 561//279 564//282
f 563//281 564//282 565//283
f 565//283 564//282 566//284
f 565//283 566//284 567//285
f 567//285 566//284 568//286
f 568//286 566//284 569//287
f 569//287 566//284 570//288
f 569//287 570//288 571//289
f 571//289 570//288 572//290
f 572//290 570//288 573//291
f 572//290 573//291 574//292
f 574//292 573//291 575//293
f 575//293 573//291 576//294
f 575//293 576//294 577//295
f 577//295 576//294 578//296
f 578//296 576//294 579//297
f 578//296 579//297 580//298
f 580//298 579//297 581//299
f 581//299 579//297 582//300
f 582//300 579//297 583//301
f 582//300 583//301 584//302
f 584//302 583//301 585//303
f 585//303 583//301 586//304
f 585//303 586//304 587//305
f 587//305 586//304 588//306
f 588//306 586//304 589//307
f 588//306 589//307 590//308
f 590//308 589//307 591//309
f 590//308 591//309 592//310
f 592//310 591//309 593//311
f 592//310 593//311 594//312
f 554//272 595//313 556//274
f 556//274 595//313 596//314
f 556//274 596//314 558//276
f 558//276 596//314 597//315
f 558//276 597//315 561//279
f 561//279 597//315 598//316
f 561//279 598//316 564//282
f 564//282 598//316 599//317
f 564//282 599//317 566//284
f 566//284 599//317 600//318
f 566//284 600//318 570//288
f 570//288 600//318 601//319
f 570//288 601//319 573//291
f 573//291 601//319 602//320
f 573//291 602//320 576//294
f 576//294 602//320 603//321
f 576//294 603//321 579//297
f 579//297 603//321 604//322
f 579//297 604//322 583//301
f 583//301 604//322 605//323
f 583//301 605//323 586//304
f 586//304 605//323 606//324
f 586//304 606//324 589//307
f 589//307 606//324 607//325
f 589//307 607//325 591//309
f 591//309 607//325 608//326
f 591//309 608//326 609//327
f 609//327 608//326 610//328
f 610//328 608//326 611//329
f 610//328 611//329 612//330
f 612//330 611//329 613//331
f 612//330 613//331 614//332
f 614//332 613//331 615//333
f 614//332 615//333 616//334
f 616//334 615//333 617//335
f 616//334 617//335 618//336
f 618//336 617//335 619//337
f 618//336 619//337 616//334
f 595//313 620//338 596//314
f 596//314 620//338 621//339
f 596//314 621//339 597//315
f 597//315 621//339 622//340
f 597//315 622//340 598//316
f 598//316 622//340 623//341
f 598//316 623//341 599//317
f 599//317 623//341 624//342
f 599//317 624//342 600//318
f 600//318 624//342 625//343
f 600//318 625//343 601//319
f 601//319 625//343 626//344
f 601//319 626//344 602//320
f 602//320 626//344 627//345
f 602//320 627//345 603//321
f 603//321 627//345 628//346
f 603//321 628//346 604//322
f 604//322 628//346 629//347
f 604//322 629//347 605//323
f 605//323 629//347 630//348
f 605//323 630//348 606//324
f 606//324 630//348 631//349
f 606//324 631//349 607//325
f 607//325 631//349 632//350
f 607//325 632//350 608//326
f 608//326 632//350 611//329
f 620//338 633//351 621//339
f 621//339 633//351 634//352
f 621//339 634//352 635//353
f 635//353 634//352 636//354
f 635//353 636//354 637//355
f 637//355 636//354 638//356
f 637//355 638//356 639//357
f 639//357 638//356 640//358
f 639//357 640//358 641//359
f 641//359 640//358 642//360
f 641//359 642//360 643//361
f 643//361 642//360 644//362
f 643//361 644//362 645//363
f 645//363 644//362 646//364
f 645//363 646//364 647//365
f 647//365 646//364 648//366
f 647//365 648//366 649//367
f 649//367 648//366 650//368
f 649//367 650//368 651//369
f 651//369 650//368 652//370
f 651//369 652//370 653//371
f 653//371 652//370 654//372
f 653//371 654//372 655//373
f 655//373 654//372 656//374
f 655//373 656//374 657//375
f 657//375 656//374 658//376
f 657//375 658//376 659//377
f 659//377 658//376 660//378
f 659//377 660//378 661//379
f 661//379 660//378 662//380
f 661//379 662//380 663//381
f 663//381 662//380 664//382
f 663//381 664//382 665//383
f 665//383 664//382 666//384
f 665//383 666//384 667//385
f 667//385 666//384 668//386
f 668//386 666//384 664//382
f 668//386 664//382 669//387
f 669//387 664//382 670//388
f 669//387 670//388 671//389
f 671//389 670//388 672//390
f 671//389 672//390 673//391
f 673//391 672//390 674//392
f 673//391 674//392 675//393
f 675//393 674//392 676//394
f 675//393 676//394 677//395
f 677//395 676//394 678//396
f 677//395 678//396 679//397
f 679//397 678//396 680//398
f 679//397 680//398 681//399
f 681//399 680//398 682//400
f 681//399 682//400 683//401
f 683//401 682//400 684//402
f 683//401 684//402 685//403
f 685//403 684//402 686//404
f 685//403 686//404 687//405
f 687//405 686//404 688//406
f 687//405 688//406 689//407
f 642//360 690//408 644//362
f 644//362 690//408 691//409
f 644//362 691//409 646//364
f 646//364 691//409 692//410
f 646//364 692//410 648//366
f 648//366 692//410 693//411
f 648//366 693//411 650//368
f 650//368 693//411 694//412
f 650//368 694//412 652//370
f 652//370 694//412 695//413
f 652//370 695//413 654//372
f 654//372 695//413 696//414
f 654//372 696//414 656//374
f 656//374 696//414 697//415
f 656//374 697//415 658//376
f 658//376 697//415 698//416
f 658//376 698//416 660//378
f 660//378 698//416 699//417
f 660//378 699//417 662//380
f 662//380 699//417 670//388
f 662//380 670//388 664//382
f 690//408 700//418 691//409
f 691//409 700//418 701//419
f 691//409 701//419 692//410
f 692//410 701//419 702//420
f 692//410 702//420 693//411
f 693//411 702//420 703//421
f 693//411 703//421 694//412
f 694//412 703//421 704//422
f 694//412 704//422 695//413
f 695//413 704//422 705//423
f 695//413 705//423 696//414
f 696//414 705//423 706//424
f 696//414 706//424 697//415
f 697//415 706//424 707//425
f 697//415 707//425 698//416
f 698//416 707//425 708//426
f 698//416 708//426 699//417
f 699//417 708//426 672//390
f 699//417 672//390 670//388
f 700//418 709//427 701//419
f 701//419 709//427 710//428
f 701//419 710//428 702//420
f 702//420 710//428 711//429
f 702//420 711//429 703//421
f 703//421 711//429 712//430
f 703//421 712//430 704//422
f 704//422 712//430 713//431
f 704//422 713//431 705//423
f 705//423 713//431 714//432
f 705//423 714//432 706//424
f 706//424 714//432 715//433
f 706//424 715//433 707//425
f 707//425 715//433 716//434
f 707//425 716//434 708//426
f 708//426 716//434 674//392
f 708//426 674//392 672//390
f 709//427 717//435 710//428
f 710//428 717//435 718//436
f 710//428 718//436 711//429
f 711//429 718//436 719//437
f 711//429 719//437 712//430
f 712//430 719//437 720//438
f 712//430 720//438 713//431
f 713//431 720//438 721//439
f 713//431 721//439 714//432
f 714//432 721//439 722//440
f 714//432 722//440 715//433
f 715//433 722//440 723//441
f 715//433 723//441 716//434
f 716//434 723//441 676//394
f 716//434 676//394 674//392
f 717//435 724//442 718//436
f 718//436 724//442 725//443
f 718//436 725//443 719//437
f 719//437 725//443 726//444
f 719//437 726//444 720//438
f 720//438 726//444 727//445
f 720//438 727//445 721//439
f 721//439 727//445 728//446
f 721//439 728//446 722//440
f 722//440 728//446 729//447
f 722//440 729//447 723//441
f 723//441 729//447 678//396
f 723//441 678//396 676//394
f 724//442 730//448 725//443
f 725//443 730//448 726//444
f 731//449 732//450 730//448
f 730//448 732//450 733//451
f 730//448 733//451 726//444
f 726//444 733//451 727//445
f 734//452 735//453 731//449
f 731//449 735//453 733//451
f 731//449 733//451 732//450
f 735//453 734//452 736//454
f 736//454 734//452 737//455
f 736//454 737//455 686//404
f 686//404 737//455 688//406
f 687//405 689//407 738//456
f 738//456 689//407 739//457
f 738//456 739//457 740//458
f 740//458 739//457 741//459
f 740//458 741//459 742//460
f 742//460 741//459 743//461
f 742//460 743//461 744//462
f 744//462 743//461 745//463
f 744//462 745//463 746//464
f 746//464 745//463 747//465
f 746//464 747//465 748//466
f 739//457 749//467 741//459
f 741//459 749//467 743//461
f 743//461 747//465 745//463
f 748//466 750//468 746//464
f 746//464 750//468 751//469
f 746//464 751//469 752//470
f 752//470 751//469 753//471
f 752//470 753//471 754//472
f 754//472 753//471 755//473
f 754//472 755//473 756//474
f 756//474 755//473 757//475
f 756//474 757//475 758//476
f 758//476 757//475 759//477
f 759//477 757//475 760//478
f 759//477 760//478 761//479
f 761//479 760//478 762//480
f 761//479 762//480 763//481
f 763//481 762//480 764//482
f 763//481 764//482 765//483
f 765//483 764//482 766//484
f 765//483 766//484 767//485
f 751//469 750//468 768//486
f 768//486 750//468 769//487
f 768//486 769//487 770//488
f 770//488 769//487 771//489
f 770//488 771//489 764//482
f 764//482 771//489 766//484
f 765//483 767//485 772//490
f 772//490 767//485 773//491
f 772//490 773//491 774//492
f 774//492 773//491 775//493
f 774//492 775//493 776//494
f 776//494 775//493 777//495
f 776//494 777//495 778//496
f 778//496 777//495 779//497
f 778//496 779//497 780//498
f 780//498 779//497 781//499
f 780//498 781//499 782//500
f 782//500 781//499 783//501
f 782//500 783//501 784//502
f 784//502 783//501 785//503
f 784//502 785//503 786//504
f 786//504 785//503 787//505
f 786//504 787//505 788//506
f 788//506 787//505 789//507
f 788//506 789//507 790//508
f 790//508 789//507 791//509
f 790//508 791//509 792//510
f 792//510 791//509 793//511
f 792//510 793//511 794//512
f 794//512 793//511 795//513
f 794//512 795//513 796//514
f 796//514 795//513 797//515
f 796//514 797//515 798//516
f 798//516 797//515 799//517
f 798//516 799//517 800//518
f 800//518 799//517 801//519
f 800//518 801//519 802//520
f 802//520 801//519 803//521
f 802//520 803//521 804//522
f 804//522 803//521 805//523
f 804//522 805//523 806//524
f 806//524 805//523 807//525
f 806//524 807//525 808//526
f 808//526 807//525 809//527
f 808//526 809//527 810//528
f 810//528 809//527 811//529
f 810//528 811//529 812//530
f 812//530 811//529 813//531
f 812//530 813//531 814//532
f 814//532 813//531 815//533
f 814//532 815//533 816//534
f 816//534 815//533 817//535
f 816//534 817//535 818//536
f 818//536 817//535 819//537
f 818//536 819//537 820//538
f 820//538 819//537 821//539
f 820//538 821//539 822//540
f 822//540 821//539 823//541
f 822//540 823//541 824//542
f 824//542 823//541 825//543
f 824//542 825//543 826//544
f 826//544 825//543 827//545
f 826//544 827//545 828//546
f 795//513 829//547 797//515
f 797//515 829//547 830//548
f 797//515 830//548 799//517
f 799//517 830//548 831//549
f 799//517 831//549 801//519
f 801//519 831//549 832//550
f 801//519 832//550 803//521
f 803//521 832//550 833//551
f 803//521 833//551 805//523
f 805//523 833//551 834//552
f 805//523 834//552 807//525
f 807//525 834//552 835//553
f 807//525 835//553 809//527
f 809//527 835//553 836//554
f 809//527 836//554 811//529
f 811//529 836//554 813//531
f 829//547 837//555 830//548
f 830//548 837//555 838//556
f 830//548 838//556 831//549
f 831//549 838//556 839//557
f 831//549 839//557 832//550
f 832//550 839//557 840//558
f 832//550 840//558 833//551
f 833//551 840//558 841//559
f 833//551 841//559 834//552
f 834//552 841//559 842//560
f 834//552 842//560 835//553
f 835//553 842//560 836//554
f 837//555 843//561 838//556
f 838//556 843//561 844//562
f 838//556 844//562 839//557
f 839//557 844//562 845//563
f 839//557 845//563 840//558
f 840//558 845//563 846//564
f 840//558 846//564 841//559
f 841//559 846//564 847//565
f 841//559 847//565 842//560
f 842//560 847//565 848//566
f 842//560 848//566 836//554
f 836//554 848//566 813//531
f 843//561 849//567 844//562
f 844//562 849//567 850//568
f 844//562 850//568 845//563
f 845//563 850//568 851//569
f 845//563 851//569 846//564
f 846//564 851//569 852//570
f 846//564 852//570 847//565
f 847//565 852//570 853//571
f 847//565 853//571 848//566
f 848//566 853//571 815//533
f 848//566 815//533 813//531
f 849//567 854//572 850//568
f 850//568 854//572 855//573
f 850//568 855//573 851//569
f 851//569 855//573 856//574
f 851//569 856//574 852//570
f 852//570 856//574 857//575
f 852//570 857//575 853//571
f 853//571 857//575 817//535
f 853//571 817//535 815//533
f 854//572 858//576 855//573
f 855//573 858//576 859//577
f 855//573 859//577 856//574
f 856//574 859//577 860//578
f 856//574 860//578 857//575
f 857//575 860//578 819//537
f 857//575 819//537 817//535
f 858//576 861//579 859//577
f 859//577 861//579 862//580
f 859//577 862//580 863//581
f 863//581 862//580 861//579
f 859//577 863//581 864//582
f 864//582 863//581 865//583
f 864//582 865//583 866//584
f 864//582 866//584 867//585
f 867//585 866//584 868//586
f 867//585 868//586 825//543
f 825//543 868//586 827//545
f 826//544 828//546 869//587
f 869//587 828//546 870//588
f 869//587 870//588 871//589
f 871//589 870//588 872//590
f 871//589 872//590 873//591
f 873//591 872//590 874//592
f 873//591 874//592 875//593
f 875//593 874//592 876//594
f 875//593 876//594 877//595
f 877//595 876//594 878//596
f 877//595 878//596 879//597
f 879//597 878//596 880//598
f 879//597 880//598 881//599
f 881//599 880//598 882//600
f 881//599 882//600 883//601
f 883//601 882//600 884//602
f 883//601 884//602 885//603
f 885//603 884//602 886//604
f 885//603 886//604 887//605
f 887//605 886//604 888//606
f 887//605 888//606 889//607
f 889//607 888//606 890//608
f 889//607 890//608 891//609
f 891//609 890//608 892//610
f 891//609 892//610 893//611
f 893//611 892//610 894//612
f 893//611 894//612 895//613
f 895//613 894//612 896//614
f 895//613 896//614 897//615
f 897//615 896//614 898//616
f 897//615 898//616 899//617
f 899//617 898//616 900//618
f 899//617 900//618 901//619
f 901//619 900//618 902//620
f 901//619 902//620 903//621
f 903//621 902//620 904//622
f 903//621 904//622 905//623
f 905//623 904//622 906//624
f 905//623 906//624 907//625
f 907//625 906//624 908//626
f 907//625 908//626 909//627
f 909//627 908//626 910//628
f 909//627 910//628 578//296
f 578//296 910//628 577//295
f 577//295 910//628 575//293
f 575//293 910//628 911//629
f 575//293 911//629 574//292
f 574//292 911//629 572//290
f 572//290 911//629 912//630
f 572//290 912//630 571//289
f 571//289 912//630 569//287
f 569//287 912//630 913//631
f 569//287 913//631 568//286
f 568//286 913//631 567//285
f 567//285 913//631 565//283
f 565//283 913//631 914//632
f 565//283 914//632 563//281
f 563//281 914//632 562//280
f 562//280 914//632 915//633
f 562//280 915//633 560//278
f 560//278 915//633 916//634
f 560//278 916//634 559//277
f 559//277 916//634 557//275
f 557//275 916//634 917//635
f 557//275 917//635 555//273
f 555//273 917//635 553//271
f 553//271 917//635 918//636
f 918//636 917//635 919//637
f 918//636 919//637 920//638
f 920//638 919//637 921//639
f 920//638 921//639 922//640
f 922//640 921//639 923//641
f 922//640 923//641 924//642
f 924//642 923//641 925//643
f 924//642 925//643 926//644
f 926//644 925//643 927//645
f 927//645 925//643 928//646
f 927//645 928//646 929//647
f 929//647 928//646 872//590
f 929//647 872//590 870//588
f 578//296 580//298 909//627
f 909//627 580//298 581//299
f 909//627 581//299 582//300
f 909//627 582//300 930//648
f 930//648 582//300 584//302
f 930//648 584//302 585//303
f 930//648 585//303 931//649
f 931//649 585//303 587//305
f 931//649 587//305 932//650
f 932//650 587//305 588//306
f 932//650 588//306 590//308
f 932//650 590//308 933//651
f 933//651 590//308 592//310
f 933//651 592//310 594//312
f 594//312 934//652 933//651
f 933//651 934//652 935//653
f 933//651 935//653 932//650
f 932//650 935//653 936//654
f 932//650 936//654 931//649
f 931//649 936//654 937//655
f 931//649 937//655 930//648
f 930//648 937//655 907//625
f 930//648 907//625 909//627
f 934//652 938//656 935//653
f 935//653 938//656 939//657
f 935//653 939//657 936//654
f 936//654 939//657 940//658
f 936//654 940//658 937//655
f 937//655 940//658 905//623
f 937//655 905//623 907//625
f 938//656 941//659 939//657
f 939//657 941//659 942//660
f 939//657 942//660 940//658
f 940//658 942//660 903//621
f 940//658 903//621 905//623
f 941//659 901//619 942//660
f 942//660 901//619 903//621
f 895//613 943//661 893//611
f 893//611 943//661 944//662
f 893//611 944//662 891//609
f 891//609 944//662 945//663
f 891//609 945//663 889//607
f 889//607 945//663 946//664
f 889//607 946//664 887//605
f 887//605 946//664 947//665
f 887//605 947//665 885//603
f 885//603 947//665 948//666
f 885//603 948//666 883//601
f 883//601 948//666 949//667
f 883//601 949//667 881//599
f 881//599 949//667 950//668
f 881//599 950//668 879//597
f 879//597 950//668 951//669
f 879//597 951//669 877//595
f 877//595 951//669 952//670
f 877//595 952//670 875//593
f 875//593 952//670 953//671
f 875//593 953//671 873//591
f 873//591 953//671 954//672
f 873//591 954//672 871//589
f 871//589 954//672 869//587
f 944//662 943//661 955//673
f 955//673 943//661 956//674
f 955//673 956//674 957//675
f 957//675 956//674 958//676
f 957//675 958//676 959//677
f 959//677 958//676 960//678
f 959//677 960//678 961//679
f 961//679 960//678 962//680
f 961//679 962//680 963//681
f 963//681 962//680 964//682
f 963//681 964//682 965//683
f 965//683 964//682 966//684
f 965//683 966//684 967//685
f 967//685 966//684 968//686
f 967//685 968//686 969//687
f 969//687 968//686 970//688
f 969//687 970//688 971//689
f 971//689 970//688 972//690
f 971//689 972//690 973//691
f 973//691 972//690 974//692
f 973//691 974//692 975//693
f 975//693 974//692 824//542
f 975//693 824//542 826//544
f 956//674 976//694 958//676
f 958//676 976//694 977//695
f 958//676 977//695 960//678
f 960//678 977//695 978//696
f 960//678 978//696 962//680
f 962//680 978//696 979//697
f 962//680 979//697 964//682
f 964//682 979//697 980//698
f 964//682 980//698 966//684
f 966//684 980//698 981//699
f 966//684 981//699 968//686
f 968//686 981//699 982//700
f 968//686 982//700 970//688
f 970//688 982//700 983//701
f 970//688 983//701 972//690
f 972//690 983//701 984//702
f 972//690 984//702 974//692
f 974//692 984//702 822//540
f 974//692 822//540 824//542
f 976//694 985//703 977//695
f 977//695 985//703 986//704
f 977//695 986//704 978//696
f 978//696 986//704 987//705
f 978//696 987//705 979//697
f 979//697 987//705 988//706
f 979//697 988//706 980//698
f 980//698 988//706 989//707
f 980//698 989//707 981//699
f 981//699 989//707 990//708
f 981//699 990//708 982//700
f 982//700 990//708 991//709
f 982//700 991//709 983//701
f 983//701 991//709 992//710
f 983//701 992//710 984//702
f 984//702 992//710 820//538
f 984//702 820//538 822//540
f 985//703 993//711 986//704
f 986//704 993//711 987//705
f 987//705 993//711 994//712
f 994//712 993//711 995//713
f 994//712 995//713 996//714
f 996//714 995//713 997//715
f 996//714 997//715 998//716
f 998//716 997//715 999//717
f 998//716 999//717 1000//718
f 1000//718 999//717 1001//719
f 1000//718 1001//719 1002//720
f 1002//720 1001//719 816//534
f 1002//720 816//534 818//536
f 995//713 1003//721 997//715
f 997//715 1003//721 1004//722
f 997//715 1004//722 999//717
f 999//717 1004//722 1005//723
f 999//717 1005//723 1001//719
f 1001//719 1005//723 814//532
f 1001//719 814//532 816//534
f 1004//722 1003//721 1006//724
f 1006//724 1003//721 810//528
f 1006//724 810//528 812//530
f 808//526 1007//725 806//524
f 806//524 1007//725 1008//726
f 806//524 1008//726 804//522
f 804//522 1008//726 1009//727
f 804//522 1009//727 802//520
f 802//520 1009//727 1010//728
f 802//520 1010//728 800//518
f 800//518 1010//728 1011//729
f 800//518 1011//729 798//516
f 798//516 1011//729 1012//730
f 798//516 1012//730 796//514
f 796//514 1012//730 794//512
f 1007//725 1013//731 1008//726
f 1008//726 1013//731 1014//732
f 1008//726 1014//732 1009//727
f 1009//727 1014//732 1010//728
f 1014//732 1013//731 1015//733
f 1015//733 1013//731 1016//734
f 1015//733 1016//734 1017//735
f 1017//735 1016//734 1018//736
f 1017//735 1018//736 1019//737
f 1019//737 1018//736 1020//738
f 1019//737 1020//738 1021//739
f 1021//739 1020//738 1022//740
f 1021//739 1022//740 786//504
f 786//504 1022//740 784//502
f 1018//736 1023//741 1020//738
f 1020//738 1023//741 1024//742
f 1020//738 1024//742 1022//740
f 1022//740 1024//742 1025//743
f 1022//740 1025//743 784//502
f 784//502 1025//743 782//500
f 1023//741 1026//744 1024//742
f 1024//742 1026//744 1027//745
f 1024//742 1027//745 1025//743
f 1025//743 1027//745 1028//746
f 1025//743 1028//746 782//500
f 782//500 1028//746 780//498
f 1026//744 1029//747 1027//745
f 1027//745 1029//747 1030//748
f 1027//745 1030//748 1028//746
f 1028//746 1030//748 1031//749
f 1028//746 1031//749 780//498
f 780//498 1031//749 778//496
f 1029//747 1032//750 1030//748
f 1030//748 1032//750 1033//751
f 1030//748 1033//751 1031//749
f 1031//749 1033//751 1034//752
f 1031//749 1034//752 778//496
f 778//496 1034//752 776//494
f 1032//750 1035//753 1033//751
f 1033//751 1035//753 1034//752
f 1034//752 1035//753 1036//754
f 1036//754 1035//753 1037//755
f 1036//754 1037//755 1038//756
f 1038//756 1037//755 1039//757
f 1038//756 1039//757 1040//758
f 1040//758 1039//757 1041//759
f 1040//758 1041//759 1042//760
f 1042//760 1041//759 1043//761
f 1042//760 1043//761 1044//762
f 1044//762 1043//761 1045//763
f 1044//762 1045//763 761//479
f 761//479 1045//763 759//477
f 756//474 758//476 1046//764
f 1046//764 758//476 1047//765
f 1046//764 1047//765 1048//766
f 1048//766 1047//765 1049//767
f 1048//766 1049//767 1050//768
f 1050//768 1049//767 1051//769
f 1050//768 1051//769 1052//770
f 1052//770 1051//769 1053//771
f 1052//770 1053//771 1054//772
f 1054//772 1053//771 1055//773
f 1054//772 1055//773 1056//774
f 1056//774 1055//773 1057//775
f 1056//774 1057//775 1058//776
f 1058//776 1057//775 1059//777
f 1058//776 1059//777 1060//778
f 1060//778 1059//777 1061//779
f 1060//778 1061//779 1062//780
f 1062//780 1061//779 1063//781
f 1062//780 1063//781 1064//782
f 1064//782 1063//781 1065//783
f 1064//782 1065//783 675//393
f 675//393 1065//783 673//391
f 1047//765 1051//769 1049//767
f 1053//771 1066//784 1055//773
f 1055//773 1066//784 1057//775
f 1057//775 1066//784 1059//777
f 1059//777 1066//784 1067//785
f 1059//777 1067//785 1061//779
f 1061//779 1067//785 1068//786
f 1061//779 1068//786 1063//781
f 1063//781 1068//786 1069//787
f 1063//781 1069//787 1065//783
f 1065//783 1069//787 1070//788
f 1065//783 1070//788 673//391
f 673//391 1070//788 671//389
f 1067//785 1071//789 1068//786
f 1068//786 1071//789 1069//787
f 1072//790 1073//791 1071//789
f 1071//789 1073//791 1070//788
f 1071//789 1070//788 1069//787
f 1073//791 1072//790 1074//792
f 1074//792 1072//790 1075//793
f 1074//792 1075//793 669//387
f 669//387 1075//793 668//386
f 667//385 619//337 665//383
f 665//383 619//337 1076//794
f 665//383 1076//794 663//381
f 663//381 1076//794 1077//795
f 663//381 1077//795 661//379
f 661//379 1077//795 1078//796
f 661//379 1078//796 659//377
f 659//377 1078//796 1079//797
f 659//377 1079//797 657//375
f 657//375 1079//797 1080//798
f 657//375 1080//798 655//373
f 655//373 1080//798 1081//799
f 655//373 1081//799 653//371
f 653//371 1081//799 1082//800
f 653//371 1082//800 651//369
f 651//369 1082//800 1083//801
f 651//369 1083//801 649//367
f 649//367 1083//801 1084//802
f 649//367 1084//802 647//365
f 647//365 1084//802 1085//803
f 647//365 1085//803 645//363
f 645//363 1085//803 1086//804
f 645//363 1086//804 643//361
f 643//361 1086//804 641//359
f 609//327 593//311 591//309
f 639//357 641//359 1087//805
f 1087//805 641//359 1086//804
f 1087//805 1086//804 1088//806
f 1088//806 1086//804 1085//803
f 1088//806 1085//803 1089//807
f 1089//807 1085//803 1084//802
f 1089//807 1084//802 1090//808
f 1090//808 1084//802 1083//801
f 1090//808 1083//801 1091//809
f 1091//809 1083//801 1082//800
f 1091//809 1082//800 1092//810
f 1092//810 1082//800 1081//799
f 1092//810 1081//799 1093//811
f 1093//811 1081//799 1080//798
f 1093//811 1080//798 1094//812
f 1094//812 1080//798 1079//797
f 1094//812 1079//797 1095//813
f 1095//813 1079//797 1078//796
f 1095//813 1078//796 1096//814
f 1096//814 1078//796 1077//795
f 1096//814 1077//795 617//335
f 617//335 1077//795 1076//794
f 617//335 1076//794 619//337
f 637//355 639//357 1097//815
f 1097//815 639//357 1087//805
f 1097//815 1087//805 1098//816
f 1098//816 1087//805 1088//806
f 1098//816 1088//806 1099//817
f 1099//817 1088//806 1089//807
f 1099//817 1089//807 1100//818
f 1100//818 1089//807 1090//808
f 1100//818 1090//808 1101//819
f 1101//819 1090//808 1091//809
f 1101//819 1091//809 1102//820
f 1102//820 1091//809 1092//810
f 1102//820 1092//810 1103//821
f 1103//821 1092//810 1093//811
f 1103//821 1093//811 1104//822
f 1104//822 1093//811 1094//812
f 1104//822 1094//812 1105//823
f 1105//823 1094//812 1095//813
f 1105//823 1095//813 1106//824
f 1106//824 1095//813 1096//814
f 1106//824 1096//814 1107//825
f 1107//825 1096//814 617//335
f 1107//825 617//335 615//333
f 622//340 621//339 635//353
f 635//353 637//355 1108//826
f 1108//826 637//355 1097//815
f 1108//826 1097//815 1109//827
f 1109//827 1097//815 1098//816
f 1109//827 1098//816 1110//828
f 1110//828 1098//816 1099//817
f 1110//828 1099//817 1111//829
f 1111//829 1099//817 1100//818
f 1111//829 1100//818 1112//830
f 1112//830 1100//818 1101//819
f 1112//830 1101//819 1113//831
f 1113//831 1101//819 1102//820
f 1113//831 1102//820 1114//832
f 1114//832 1102//820 1103//821
f 1114//832 1103//821 1115//833
f 1115//833 1103//821 1104//822
f 1115//833 1104//822 1116//834
f 1116//834 1104//822 1105//823
f 1116//834 1105//823 1117//835
f 1117//835 1105//823 1106//824
f 1117//835 1106//824 1118//836
f 1118//836 1106//824 1107//825
f 1118//836 1107//825 613//331
f 613//331 1107//825 615//333
f 687//405 738//456 1119//837
f 1119//837 738//456 740//458
f 1119//837 740//458 1120//838
f 1120//838 740//458 1121//839
f 1120//838 1121//839 1122//840
f 1122//840 1121//839 1123//841
f 1122//840 1123//841 1124//842
f 1124//842 1123//841 1125//843
f 1124//842 1125//843 1126//844
f 1126//844 1125//843 1050//768
f 1126//844 1050//768 1054//772
f 1054//772 1050//768 1052//770
f 686//404 684//402 736//454
f 736//454 684//402 1127//845
f 736//454 1127//845 735//453
f 735//453 1127//845 1128//846
f 735//453 1128//846 733//451
f 733//451 1128//846 727//445
f 623//341 622//340 1108//826
f 1108//826 622//340 635//353
f 623//341 1108//826 1109//827
f 915//633 1129//847 916//634
f 916//634 1129//847 1130//848
f 916//634 1130//848 917//635
f 917//635 1130//848 919//637
f 1129//847 1131//849 1130//848
f 1130//848 1131//849 1132//850
f 1130//848 1132//850 919//637
f 919//637 1132//850 921//639
f 1129//847 915//633 1133//851
f 1133//851 915//633 914//632
f 1133//851 914//632 1134//852
f 1134//852 914//632 913//631
f 1134//852 913//631 1135//853
f 1135//853 913//631 912//630
f 1135//853 912//630 1136//854
f 1136//854 912//630 911//629
f 1136//854 911//629 1137//855
f 1137//855 911//629 910//628
f 1137//855 910//628 908//626
f 1131//849 1138//856 1132//850
f 1132//850 1138//856 1139//857
f 1132//850 1139//857 921//639
f 921//639 1139//857 923//641
f 1131//849 1129//847 1140//858
f 1140//858 1129//847 1133//851
f 1140//858 1133//851 1141//859
f 1141//859 1133//851 1134//852
f 1141//859 1134//852 1142//860
f 1142//860 1134//852 1135//853
f 1142//860 1135//853 1143//861
f 1143//861 1135//853 1136//854
f 1143//861 1136//854 1144//862
f 1144//862 1136//854 1137//855
f 1144//862 1137//855 1145//863
f 1145//863 1137//855 908//626
f 1145//863 908//626 906//624
f 1138//856 1146//864 1139//857
f 1139//857 1146//864 1147//865
f 1139//857 1147//865 923//641
f 923//641 1147//865 925//643
f 1138//856 1131//849 1148//866
f 1148//866 1131//849 1140//858
f 1148//866 1140//858 1149//867
f 1149//867 1140//858 1141//859
f 1149//867 1141//859 1150//868
f 1150//868 1141//859 1142//860
f 1150//868 1142//860 1151//869
f 1151//869 1142//860 1143//861
f 1151//869 1143//861 1152//870
f 1152//870 1143//861 1144//862
f 1152//870 1144//862 1153//871
f 1153//871 1144//862 1145//863
f 1153//871 1145//863 1154//872
f 1154//872 1145//863 906//624
f 1154//872 906//624 904//622
f 1146//864 1155//873 1147//865
f 1147//865 1155//873 1156//874
f 1147//865 1156//874 925//643
f 925//643 1156//874 928//646
f 1146//864 1138//856 1157//875
f 1157//875 1138//856 1148//866
f 1157//875 1148//866 1158//876
f 1158//876 1148//866 1149//867
f 1158//876 1149//867 1159//877
f 1159//877 1149//867 1150//868
f 1159//877 1150//868 1160//878
f 1160//878 1150//868 1151//869
f 1160//878 1151//869 1161//879
f 1161//879 1151//869 1152//870
f 1161//879 1152//870 1162//880
f 1162//880 1152//870 1153//871
f 1162//880 1153//871 1163//881
f 1163//881 1153//871 1154//872
f 1163//881 1154//872 1164//882
f 1164//882 1154//872 904//622
f 1164//882 904//622 902//620
f 1155//873 876//594 1156//874
f 1156//874 876//594 874//592
f 1156//874 874//592 928//646
f 928//646 874//592 872//590
f 1155//873 1146//864 1165//883
f 1165//883 1146//864 1157//875
f 1165//883 1157//875 1166//884
f 1166//884 1157//875 1158//876
f 1166//884 1158//876 1167//885
f 1167//885 1158//876 1159//877
f 1167//885 1159//877 1168//886
f 1168//886 1159//877 1160//878
f 1168//886 1160//878 1169//887
f 1169//887 1160//878 1161//879
f 1169//887 1161//879 1170//888
f 1170//888 1161//879 1162//880
f 1170//888 1162//880 1171//889
f 1171//889 1162//880 1163//881
f 1171//889 1163//881 1172//890
f 1172//890 1163//881 1164//882
f 1172//890 1164//882 1173//891
f 1173//891 1164//882 902//620
f 1173//891 902//620 898//616
f 898//616 902//620 900//618
f 876//594 1155//873 878//596
f 878//596 1155//873 1165//883
f 878//596 1165//883 880//598
f 880//598 1165//883 1166//884
f 880//598 1166//884 882//600
f 882//600 1166//884 1167//885
f 882//600 1167//885 884//602
f 884//602 1167//885 1168//886
f 884//602 1168//886 886//604
f 886//604 1168//886 1169//887
f 886//604 1169//887 888//606
f 888//606 1169//887 1170//888
f 888//606 1170//888 890//608
f 890//608 1170//888 1171//889
f 890//608 1171//889 892//610
f 892//610 1171//889 1172//890
f 892//610 1172//890 894//612
f 894//612 1172//890 1173//891
f 894//612 1173//891 896//614
f 896//614 1173//891 898//616
f 953//671 973//691 954//672
f 954//672 973//691 975//693
f 954//672 975//693 869//587
f 869//587 975//693 826//544
f 973//691 953//671 971//689
f 971//689 953//671 952//670
f 971//689 952//670 969//687
f 969//687 952//670 951//669
f 969//687 951//669 967//685
f 967//685 951//669 950//668
f 967//685 950//668 965//683
f 965//683 950//668 949//667
f 965//683 949//667 963//681
f 963//681 949//667 948//666
f 963//681 948//666 961//679
f 961//679 948//666 947//665
f 961//679 947//665 959//677
f 959//677 947//665 946//664
f 959//677 946//664 957//675
f 957//675 946//664 945//663
f 957//675 945//663 955//673
f 955//673 945//663 944//662
f 821//539 860//578 1174//892
f 1174//892 860//578 859//577
f 1174//892 859//577 864//582
f 860//578 821//539 819//537
f 792//510 794//512 1175//893
f 1175//893 794//512 1012//730
f 1175//893 1012//730 1176//894
f 1176//894 1012//730 1011//729
f 1176//894 1011//729 1177//895
f 1177//895 1011//729 1010//728
f 1177//895 1010//728 1014//732
f 792//510 1175//893 790//508
f 790//508 1175//893 1178//896
f 790//508 1178//896 1179//897
f 1179//897 1178//896 1180//898
f 1179//897 1180//898 1019//737
f 1019//737 1180//898 1017//735
f 1178//896 1175//893 1176//894
f 1021//739 786//504 788//506
f 1021//739 788//506 1179//897
f 1179//897 788//506 790//508
f 1034//752 1036//754 776//494
f 776//494 1036//754 774//492
f 772//490 774//492 1181//899
f 1181//899 774//492 1036//754
f 1181//899 1036//754 1040//758
f 1040//758 1036//754 1038//756
f 765//483 772//490 1182//900
f 1182//900 772//490 1181//899
f 1182//900 1181//899 1042//760
f 1042//760 1181//899 1040//758
f 764//482 762//480 770//488
f 770//488 762//480 1183//901
f 770//488 1183//901 768//486
f 768//486 1183//901 753//471
f 768//486 753//471 751//469
f 744//462 746//464 1184//902
f 1184//902 746//464 752//470
f 1184//902 752//470 1185//903
f 1185//903 752//470 754//472
f 1185//903 754//472 1046//764
f 1046//764 754//472 756//474
f 1121//839 740//458 742//460
f 742//460 744//462 1186//904
f 1186//904 744//462 1184//902
f 1186//904 1184//902 1187//905
f 1187//905 1184//902 1185//903
f 1187//905 1185//903 1048//766
f 1048//766 1185//903 1046//764
f 687//405 1119//837 685//403
f 685//403 1119//837 1188//906
f 685//403 1188//906 683//401
f 683//401 1188//906 1189//907
f 683//401 1189//907 681//399
f 681//399 1189//907 1190//908
f 681//399 1190//908 679//397
f 679//397 1190//908 1191//909
f 679//397 1191//909 677//395
f 677//395 1191//909 1064//782
f 677//395 1064//782 675//393
f 1188//906 1119//837 1120//838
f 684//402 682//400 1127//845
f 1127//845 682//400 1192//910
f 1127//845 1192//910 1128//846
f 1128//846 1192//910 728//446
f 1128//846 728//446 727//445
f 624//342 623//341 1109//827
f 624//342 1109//827 1110//828
f 821//539 1174//892 823//541
f 823//541 1174//892 867//585
f 823//541 867//585 825//543
f 867//585 1174//892 864//582
f 1002//720 818//536 992//710
f 992//710 818//536 820//538
f 1002//720 992//710 991//709
f 1178//896 1176//894 1193//911
f 1193//911 1176//894 1177//895
f 1193//911 1177//895 1015//733
f 1015//733 1177//895 1014//732
f 1017//735 1180//898 1193//911
f 1193//911 1180//898 1178//896
f 1017//735 1193//911 1015//733
f 1021//739 1179//897 1019//737
f 1042//760 1044//762 1182//900
f 1182//900 1044//762 763//481
f 1182//900 763//481 765//483
f 1044//762 761//479 763//481
f 1183//901 762//480 760//478
f 753//471 1183//901 755//473
f 755//473 1183//901 760//478
f 755//473 760//478 757//475
f 1187//905 1123//841 1186//904
f 1186//904 1123//841 1121//839
f 1186//904 1121//839 742//460
f 1123//841 1187//905 1125//843
f 1125//843 1187//905 1048//766
f 1125//843 1048//766 1050//768
f 1188//906 1120//838 1194//912
f 1194//912 1120//838 1122//840
f 1194//912 1122//840 1195//913
f 1195//913 1122//840 1124//842
f 1195//913 1124//842 1196//914
f 1196//914 1124//842 1126//844
f 1196//914 1126//844 1056//774
f 1056//774 1126//844 1054//772
f 1188//906 1194//912 1189//907
f 1189//907 1194//912 1197//915
f 1189//907 1197//915 1190//908
f 1190//908 1197//915 1198//916
f 1190//908 1198//916 1191//909
f 1191//909 1198//916 1062//780
f 1191//909 1062//780 1064//782
f 1197//915 1194//912 1195//913
f 1192//910 682//400 680//398
f 728//446 1192//910 729//447
f 729//447 1192//910 680//398
f 729//447 680//398 678//396
f 624//342 1110//828 625//343
f 625//343 1110//828 1111//829
f 625//343 1111//829 626//344
f 626//344 1111//829 1112//830
f 626//344 1112//830 627//345
f 627//345 1112//830 1113//831
f 627//345 1113//831 628//346
f 628//346 1113//831 1114//832
f 628//346 1114//832 629//347
f 629//347 1114//832 1115//833
f 629//347 1115//833 630//348
f 630//348 1115//833 1116//834
f 630//348 1116//834 631//349
f 631//349 1116//834 1117//835
f 631//349 1117//835 632//350
f 632//350 1117//835 1118//836
f 632//350 1118//836 611//329
f 611//329 1118//836 613//331
f 1000//718 1002//720 991//709
f 1000//718 991//709 990//708
f 1197//915 1195//913 1199//917
f 1199//917 1195//913 1196//914
f 1199//917 1196//914 1058//776
f 1058//776 1196//914 1056//774
f 998//716 1000//718 990//708
f 998//716 990//708 989//707
f 812//530 814//532 1005//723
f 996//714 998//716 989//707
f 996//714 989//707 988//706
f 1006//724 812//530 1005//723
f 1006//724 1005//723 1004//722
f 994//712 996//714 988//706
f 994//712 988//706 987//705
f 1197//915 1199//917 1198//916
f 1198//916 1199//917 1060//778
f 1198//916 1060//778 1062//780
f 1060//778 1199//917 1058//776
f 1073//791 1074//792 1070//788
f 1070//788 1074//792 671//389
f 1074//792 669//387 671//389
s 329
f 1200//918 1201//919 1202//920
f 1202//920 1201//919 1203//921
f 1202//920 1203//921 1204//922
f 1204//922 1203//921 1205//923
f 1204//922 1205//923 1206//924
f 1206//924 1205//923 1207//925
f 1206//924 1207//925 1208//926
f 1208//926 1207//925 1209//927
f 1208//926 1209//927 1210//928
f 1210//928 1209//927 1211//929
f 1210//928 1211//929 1212//930
f 1212//930 1211//929 1213//931
f 1212//930 1213//931 1214//932
f 1214//932 1213//931 1215//933
f 1214//932 1215//933 1216//934
f 1216//934 1215//933 1217//935
f 1216//934 1217//935 1218//936
f 1218//936 1217//935 1219//937
f 1218//936 1219//937 1220//938
f 1220//938 1219//937 1221//939
f 1220//938 1221//939 1222//940
f 1222//940 1221//939 1223//941
f 1222//940 1223//941 1224//942
f 1224//942 1223//941 1225//943
f 1224//942 1225//943 1226//944
f 1226//944 1225//943 1227//945
f 1226//944 1227//945 1228//946
f 1228//946 1227//945 1229//947
f 1228//946 1229//947 1230//948
f 1230//948 1229//947 1231//949
f 1230//948 1231//949 1232//950
f 1232//950 1231//949 1233//951
f 1232//950 1233//951 1234//952
f 1234//952 1233//951 1235//953
f 1234//952 1235//953 1236//954
f 1236//954 1235//953 1237//955
f 1236//954 1237//955 1238//956
f 1238//956 1237//955 1239//957
f 1238//956 1239//957 1240//958
f 1240//958 1239//957 1241//959
f 1240//958 1241//959 1242//960
f 1242//960 1241//959 1243//961
f 1242//960 1243//961 1244//962
f 1244//962 1243//961 1245//963
f 1244//962 1245//963 1246//964
f 1246//964 1245//963 1247//965
f 1246//964 1247//965 1248//966
f 1248//966 1247//965 1249//967
f 1248//966 1249//967 1250//968
f 1250//968 1249//967 1251//969
f 1250//968 1251//969 1252//970
f 1252//970 1251//969 1253//971
f 1252//970 1253//971 1254//972
f 1254//972 1253//971 1255//973
f 1254//972 1255//973 1256//974
f 1256//974 1255//973 1257//975
f 1256//974 1257//975 1258//976
f 1258//976 1257//975 1259//977
f 1258//976 1259//977 1260//978
f 1260//978 1259//977 1261//979
f 1260//978 1261//979 1262//980
f 1262//980 1261//979 1263//981
f 1262//980 1263//981 1264//982
f 1264//982 1263//981 1265//983
f 1264//982 1265//983 1266//984
f 1266//984 1265//983 1267//985
f 1266//984 1267//985 1268//986
f 1268//986 1267//985 1269//987
f 1268//986 1269//987 1270//988
f 1270//988 1269//987 1271//989
f 1270//988 1271//989 1272//990
f 1272//990 1271//989 1273//991
f 1272//990 1273//991 1274//992
f 1274//992 1273//991 1275//993
f 1274//992 1275//993 1276//994
f 1276//994 1275//993 1277//995
f 1276//994 1277//995 1278//996
f 1278//996 1277//995 1279//997
f 1278//996 1279//997 1280//998
f 1280//998 1279//997 1281//999
f 1280//998 1281//999 1282//1000
f 1282//1000 1281//999 1283//1001
f 1282//1000 1283//1001 1284//1002
f 1284//1002 1283//1001 1285//1003
f 1284//1002 1285//1003 1200//918
f 1200//918 1285//1003 1201//919
s 0
f 4408//1 1286//1 4445//1
f 4445//1 1286//1 1287//1
f 4445//1 1287//1 4407//1
f 4407//1 1287//1 4142//1
f 4142//1 1287//1 1288//1
f 4142//1 1288//1 4289//1
f 4289//1 1288//1 4460//1
f 4460//1 1288//1 4447//1
f 4447//1 1288//1 4464//1
f 4464//1 1288//1 1289//1
f 4464//1 1289//1 4486//1
f 4486//1 1289//1 4397//1
f 4397//1 1289//1 1290//1
s 343
f 4397//1 1290//1 1291//1
s 0
f 4408//1 4143//1 1286//1
f 1286//1 4143//1 4290//1
f 1286//1 4290//1 1292//1
f 1292//1 4290//1 4461//1
f 1292//1 4461//1 4448//1
f 4448//1 4465//1 1292//1
f 1292//1 4465//1 4487//1
f 1292//1 4487//1 1293//1
f 1293//1 4487//1 4398//1
f 1293//1 4398//1 4493//1
f 4493//1 4375//1 1293//1
f 1293//1 4375//1 4444//1
f 1293//1 4444//1 4234//1
f 4234//1 4469//1 1293//1
f 1293//1 4469//1 1294//1
f 1294//1 4469//1 4386//1
f 1294//1 4386//1 1295//1
f 1295//1 4386//1 1296//1
f 1296//1 4386//1 1297//1
f 1297//1 4386//1 1298//1
f 1298//1 4386//1 1299//1
f 1299//1 4386//1 1300//1
f 1300//1 4386//1 1301//1
f 1301//1 4386//1 1302//1
f 1302//1 4386//1 1303//1
f 1303//1 4386//1 1304//1
f 1304//1 4386//1 1305//1
f 1305//1 4386//1 1306//1
f 1306//1 4386//1 1307//1
f 1307//1 4386//1 1308//1
f 1308//1 4386//1 1309//1
f 1309//1 4386//1 1310//1
f 1310//1 4386//1 1311//1
f 1311//1 4386//1 1312//1
f 1312//1 4386//1 1313//1
f 1313//1 4386//1 1314//1
f 1314//1 4386//1 1315//1
f 1315//1 4386//1 1316//1
f 1316//1 4386//1 1317//1
f 1317//1 4386//1 1318//1
f 1318//1 4386//1 1319//1
f 1319//1 4386//1 1320//1
f 1320//1 4386//1 1321//1
f 1321//1 4386//1 1322//1
f 1322//1 4386//1 1323//1
f 1323//1 4386//1 1324//1
f 1324//1 4386//1 1325//1
f 1325//1 4386//1 1326//1
s 392
f 1326//1 4386//1 1327//1
s 0
f 1327//1 4386//1 1328//1
f 1328//1 4386//1 1329//1
f 1329//1 4386//1 1330//1
f 1330//1 4386//1 1331//1
f 1331//1 4386//1 1332//1
f 1332//1 4386//1 4939//1
f 1332//1 4939//1 1333//1
s 400
f 1333//1 4939//1 1334//1
s 0
f 1334//1 4939//1 1335//1
f 1335//1 4939//1 4691//1
f 1335//1 4691//1 1336//1
s 404
f 1336//1 4691//1 1337//1
f 1337//1 4691//1 1338//1
s 0
f 1338//1 4691//1 4311//1
f 1338//1 4311//1 1339//1
f 1339//1 4311//1 1340//1
s 408
f 1340//1 4311//1 1341//1
s 0
f 1341//1 4311//1 4609//1
f 1341//1 4609//1 1342//1
f 1342//1 4609//1 1343//1
f 1343//1 4609//1 1344//1
f 1344//1 4609//1 4477//1
f 1344//1 4477//1 1345//1
f 1345//1 4477//1 1346//1
f 1346//1 4477//1 1347//1
f 1347//1 4477//1 4518//1
f 1347//1 4518//1 1348//1
s 419
f 1348//1 4518//1 1349//1
s 0
f 1349//1 4518//1 1350//1
f 1350//1 4518//1 4041//1
f 1350//1 4041//1 1351//1
f 1351//1 4041//1 1352//1
f 1352//1 4041//1 1353//1
f 1353//1 4041//1 4105//1
f 1353//1 4105//1 1354//1
f 1354//1 4105//1 1355//1
f 1355//1 4105//1 1356//1
f 1356//1 4105//1 4726//1
f 1356//1 4726//1 1357//1
f 1357//1 4726//1 1358//1
f 1358//1 4726//1 1359//1
f 1359//1 4726//1 4435//1
f 1359//1 4435//1 1360//1
f 1360//1 4435//1 1361//1
f 1361//1 4435//1 1362//1
f 1362//1 4435//1 4489//1
f 1362//1 4489//1 1363//1
f 1363//1 4489//1 1364//1
f 1364//1 4489//1 1365//1
f 1365//1 4489//1 4491//1
f 1365//1 4491//1 1366//1
f 1366//1 4491//1 1367//1
f 1367//1 4491//1 1368//1
f 1368//1 4491//1 4349//1
f 1368//1 4349//1 1369//1
s 447
f 1369//1 4349//1 1370//1
s 0
f 1370//1 4349//1 1371//1
f 1371//1 4349//1 4346//1
f 1371//1 4346//1 1372//1
f 1372//1 4346//1 1373//1
f 1373//1 4346//1 4348//1
f 1373//1 4348//1 1374//1
f 1374//1 4348//1 1375//1
f 1375//1 4348//1 1376//1
f 1376//1 4348//1 4490//1
f 1376//1 4490//1 4488//1
f 4488//1 4434//1 1376//1
f 1376//1 4434//1 4725//1
f 1376//1 4725//1 4104//1
f 4104//1 4040//1 1376//1
f 1376//1 4040//1 4517//1
f 1376//1 4517//1 4476//1
f 4476//1 4608//1 1376//1
f 1376//1 4608//1 4310//1
f 1376//1 4310//1 4690//1
f 4690//1 4938//1 1376//1
f 1376//1 4938//1 4385//1
f 1376//1 4385//1 1377//1
f 1377//1 4385//1 1378//1
f 1378//1 4385//1 1379//1
f 1379//1 4385//1 1380//1
f 1380//1 4385//1 1381//1
f 1381//1 4385//1 1382//1
f 1382//1 4385//1 1383//1
f 1383//1 4385//1 1384//1
f 1384//1 4385//1 1385//1
f 1385//1 4385//1 1386//1
f 1386//1 4385//1 1387//1
f 1387//1 4385//1 1388//1
f 1388//1 4385//1 1389//1
f 1389//1 4385//1 1390//1
f 1390//1 4385//1 1391//1
f 1391//1 4385//1 1392//1
f 1392//1 4385//1 1393//1
f 1393//1 4385//1 1394//1
f 1394//1 4385//1 1395//1
f 1395//1 4385//1 1396//1
f 1396//1 4385//1 1397//1
f 1397//1 4385//1 1398//1
f 1398//1 4385//1 1399//1
f 1399//1 4385//1 1400//1
f 1400//1 4385//1 1401//1
f 1401//1 4385//1 1402//1
f 1402//1 4385//1 1403//1
f 1403//1 4385//1 4964//1
f 1403//1 4964//1 1404//1
f 1404//1 4964//1 4962//1
f 1404//1 4962//1 1405//1
f 1405//1 4962//1 1406//1
f 1406//1 4962//1 1407//1
f 1407//1 4962//1 4957//1
f 1407//1 4957//1 1408//1
f 1408//1 4957//1 4743//1
f 1408//1 4743//1 1409//1
f 1409//1 4743//1 1410//1
f 1410//1 4743//1 4344//1
f 1410//1 4344//1 1411//1
f 1411//1 4344//1 4173//1
f 1411//1 4173//1 1412//1
f 1412//1 4173//1 4949//1
f 1412//1 4949//1 4172//1
f 4468//1 4971//1 4385//1
f 4385//1 4971//1 4340//1
f 4385//1 4340//1 4966//1
f 4971//1 4468//1 4973//1
f 4973//1 4468//1 4233//1
f 4973//1 4233//1 4977//1
f 4977//1 4233//1 4443//1
f 4977//1 4443//1 4374//1
f 4374//1 4492//1 4977//1
f 4977//1 4492//1 4397//1
f 4977//1 4397//1 1413//1
f 1413//1 4397//1 1414//1
f 1414//1 4397//1 1415//1
f 1415//1 4397//1 1416//1
f 1416//1 4397//1 1417//1
f 1417//1 4397//1 1418//1
f 1418//1 4397//1 1419//1
f 1419//1 4397//1 1420//1
s 531
f 1420//1 4397//1 1421//1
s 0
f 1421//1 4397//1 1422//1
f 1422//1 4397//1 1423//1
f 1423//1 4397//1 1424//1
f 1424//1 4397//1 1425//1
f 1425//1 4397//1 1426//1
f 1426//1 4397//1 1427//1
f 1427//1 4397//1 1428//1
f 1428//1 4397//1 1429//1
f 1429//1 4397//1 1430//1
f 1430//1 4397//1 1431//1
f 1431//1 4397//1 1432//1
f 1432//1 4397//1 1291//1
f 1412//1 4172//1 1433//1
f 1433//1 4172//1 4345//1
f 1433//1 4345//1 4744//1
f 1433//1 4744//1 1434//1
f 1434//1 4744//1 4958//1
f 1434//1 4958//1 4963//1
f 1434//1 4963//1 1435//1
f 1435//1 4963//1 4965//1
f 1435//1 4965//1 4967//1
f 4967//1 4341//1 1435//1
f 1435//1 4341//1 1436//1
f 1436//1 4341//1 4972//1
f 1436//1 4972//1 4974//1
s 557
f 4974//1 4978//1 1436//1
s 0
f 1436//1 4978//1 1437//1
f 1437//1 4978//1 1438//1
f 1438//1 4978//1 1439//1
f 1439//1 4978//1 4201//1
f 1439//1 4201//1 4982//1
f 4982//1 4858//1 1439//1
f 1439//1 4858//1 4657//1
f 1439//1 4657//1 4284//1
f 4284//1 4927//1 1439//1
f 1439//1 4927//1 4714//1
f 1439//1 4714//1 4995//1
f 4995//1 5003//1 1439//1
f 1439//1 5003//1 1440//1
f 1440//1 5003//1 4092//1
f 1440//1 4092//1 4091//1
f 1440//1 4091//1 1441//1
f 1441//1 4091//1 5002//1
f 1441//1 5002//1 1442//1
f 1442//1 5002//1 4994//1
f 1442//1 4994//1 4713//1
f 1442//1 4713//1 1443//1
f 1443//1 4713//1 4926//1
f 1443//1 4926//1 1444//1
f 1444//1 4926//1 4283//1
f 1444//1 4283//1 1445//1
f 1445//1 4283//1 1446//1
f 1446//1 4283//1 4656//1
f 1446//1 4656//1 1447//1
f 1447//1 4656//1 1448//1
f 1448//1 4656//1 4857//1
f 1448//1 4857//1 1449//1
f 1449//1 4857//1 4981//1
f 1449//1 4981//1 4200//1
f 4200//1 4977//1 1449//1
f 1449//1 4977//1 1413//1
f 4966//1 4964//1 4385//1
s 594
f 5120//1004 1450//1005 5355//1006
f 5355//1006 1450//1005 1451//1007
f 5355//1006 1451//1007 5119//1008
f 5119//1008 1451//1007 1452//1009
f 5119//1008 1452//1009 4230//1010
f 4230//1010 1452//1009 1453//1011
f 4230//1010 1453//1011 5113//1012
f 5113//1012 1453//1011 1454//1013
f 5113//1012 1454//1013 4865//1014
f 4865//1014 1454//1013 1455//1015
f 4865//1014 1455//1015 4270//1016
f 4270//1016 1455//1015 1456//1017
f 4270//1016 1456//1017 5111//1018
f 5111//1018 1456//1017 1457//1019
f 5111//1018 1457//1019 4219//1020
f 4219//1020 1457//1019 1458//1021
f 4219//1020 1458//1021 4338//1022
f 4338//1022 1458//1021 1459//1023
f 4338//1022 1459//1023 5109//1024
f 5109//1024 1459//1023 1460//1025
f 5109//1024 1460//1025 4801//1026
f 4801//1026 1460//1025 1461//1027
f 4801//1026 1461//1027 4853//1028
f 4853//1028 1461//1027 1462//1029
f 4853//1028 1462//1029 5107//1030
f 5107//1030 1462//1029 1463//1031
f 5107//1030 1463//1031 5105//1032
f 5105//1032 1463//1031 1464//1033
f 5105//1032 1464//1033 5102//1034
f 5102//1034 1464//1033 1465//1035
f 5102//1034 1465//1035 4153//1036
f 4153//1036 1465//1035 1466//1037
f 4153//1036 1466//1037 5100//1038
f 5100//1038 1466//1037 1467//1039
f 5100//1038 1467//1039 5096//1040
f 5096//1040 1467//1039 1468//1041
f 5096//1040 1468//1041 5089//1042
f 5089//1042 1468//1041 1469//1043
f 5089//1042 1469//1043 5086//1044
f 5086//1044 1469//1043 1470//1045
f 5086//1044 1470//1045 5082//1046
f 5082//1046 1470//1045 1471//1047
f 5082//1046 1471//1047 5080//1048
f 5080//1048 1471//1047 1472//1049
f 5080//1048 1472//1049 4063//1050
f 4063//1050 1472//1049 1473//1051
f 4063//1050 1473//1051 5078//1052
f 5078//1052 1473//1051 1474//1053
f 5078//1052 1474//1053 5076//1054
f 5076//1054 1474//1053 1475//1055
f 5076//1054 1475//1055 4752//1056
f 4752//1056 1475//1055 1476//1057
f 4752//1056 1476//1057 5074//1058
f 5074//1058 1476//1057 1477//1059
f 5074//1058 1477//1059 5072//1060
f 5072//1060 1477//1059 1478//1061
f 5072//1060 1478//1061 5069//1062
f 5069//1062 1478//1061 1479//1063
f 5069//1062 1479//1063 5067//1064
f 5067//1064 1479//1063 1480//1065
f 5067//1064 1480//1065 5065//1066
f 5065//1066 1480//1065 1481//1067
f 5065//1066 1481//1067 4815//1068
f 4815//1068 1481//1067 1482//1069
f 4815//1068 1482//1069 5063//1070
f 5063//1070 1482//1069 1483//1071
f 5063//1070 1483//1071 4734//1072
f 4734//1072 1483//1071 1484//1073
f 4734//1072 1484//1073 4529//1074
f 4529//1074 1484//1073 1485//1075
f 4529//1074 1485//1075 5061//1076
f 5061//1076 1485//1075 1486//1077
f 5061//1076 1486//1077 4806//1078
f 4806//1078 1486//1077 1487//1079
f 4806//1078 1487//1079 4848//1080
f 4848//1080 1487//1079 1488//1081
f 4848//1080 1488//1081 4242//1082
f 4242//1082 1488//1081 1489//1083
f 4242//1082 1489//1083 4859//1084
f 4859//1084 1489//1083 1490//1085
f 4859//1084 1490//1085 4102//1086
f 4102//1086 1490//1085 1491//1087
f 4102//1086 1491//1087 4387//1088
f 4387//1088 1491//1087 1492//1089
f 4387//1088 1492//1089 4663//1090
f 4663//1090 1492//1089 1493//1091
f 4663//1090 1493//1091 4711//1092
f 4711//1092 1493//1091 1494//1093
f 4711//1092 1494//1093 5057//1094
f 5057//1094 1494//1093 1495//1095
f 5057//1094 1495//1095 4674//1096
f 4674//1096 1495//1095 1496//1097
f 4674//1096 1496//1097 5053//1098
f 5053//1098 1496//1097 1497//1099
f 5053//1098 1497//1099 4637//1100
f 4637//1100 1497//1099 1498//1101
f 4637//1100 1498//1101 5232//1102
f 5232//1102 1498//1101 1499//1103
f 5232//1102 1499//1103 4115//1104
f 4115//1104 1499//1103 1500//1105
f 4115//1104 1500//1105 5051//1106
f 5051//1106 1500//1105 1501//1107
f 5051//1106 1501//1107 4843//1108
f 4843//1108 1501//1107 1502//1109
f 4843//1108 1502//1109 4097//1110
f 4097//1110 1502//1109 1503//1111
f 4097//1110 1503//1111 4160//1112
f 4160//1112 1503//1111 1504//1113
f 4160//1112 1504//1113 5049//1114
f 5049//1114 1504//1113 1505//1115
f 5049//1114 1505//1115 5047//1116
f 5047//1116 1505//1115 1506//1117
f 5047//1116 1506//1117 5045//1118
f 5045//1118 1506//1117 1507//1119
f 5045//1118 1507//1119 4262//1120
f 4262//1120 1507//1119 1508//1121
f 4262//1120 1508//1121 4940//1122
f 4940//1122 1508//1121 1509//1123
f 4940//1122 1509//1123 5117//1124
f 5117//1124 1509//1123 1510//1125
f 5117//1124 1510//1125 5039//1126
f 5039//1126 1510//1125 1511//1127
f 5039//1126 1511//1127 5037//1128
f 5037//1128 1511//1127 1512//1129
f 5037//1128 1512//1129 4334//1130
f 4334//1130 1512//1129 1513//1131
f 4334//1130 1513//1131 4425//1132
f 4425//1132 1513//1131 1514//1133
f 4425//1132 1514//1133 5034//1134
f 5034//1134 1514//1133 1515//1135
f 5034//1134 1515//1135 4524//1136
f 4524//1136 1515//1135 1516//1137
f 4524//1136 1516//1137 5032//1138
f 5032//1138 1516//1137 1517//1139
f 5032//1138 1517//1139 5267//1140
f 5267//1140 1517//1139 1518//1141
f 5267//1140 1518//1141 4258//1142
f 4258//1142 1518//1141 1519//1143
f 4258//1142 1519//1143 5030//1144
f 5030//1144 1519//1143 1520//1145
f 5030//1144 1520//1145 5028//1146
f 5028//1146 1520//1145 1521//1147
f 5028//1146 1521//1147 5026//1148
f 5026//1148 1521//1147 1522//1149
f 5026//1148 1522//1149 5024//1150
f 5024//1150 1522//1149 1523//1151
f 5024//1150 1523//1151 4583//1152
f 4583//1152 1523//1151 1524//1153
f 4583//1152 1524//1153 4998//1154
f 4998//1154 1524//1153 1525//1155
f 4998//1154 1525//1155 4908//1156
f 4908//1156 1525//1155 1526//1157
f 4908//1156 1526//1157 5021//1158
f 5021//1158 1526//1157 1527//1159
f 5021//1158 1527//1159 5017//1160
f 5017//1160 1527//1159 1528//1161
f 5017//1160 1528//1161 5012//1162
f 5012//1162 1528//1161 1529//1163
f 5012//1162 1529//1163 5008//1164
f 5008//1164 1529//1163 1530//1165
f 5008//1164 1530//1165 4077//1166
f 4077//1166 1530//1165 1531//1167
f 4077//1166 1531//1167 4879//1168
f 4879//1168 1531//1167 1532//1169
f 4879//1168 1532//1169 5006//1170
f 5006//1170 1532//1169 1533//1171
f 5006//1170 1533//1171 4880//1172
f 4880//1172 1533//1171 1534//1173
f 4880//1172 1534//1173 4076//1174
f 4076//1174 1534//1173 1535//1175
f 4076//1174 1535//1175 5007//1176
f 5007//1176 1535//1175 1536//1177
f 5007//1176 1536//1177 5011//1178
f 5011//1178 1536//1177 1537//1179
f 5011//1178 1537//1179 5018//1180
f 5018//1180 1537//1179 1538//1181
f 5018//1180 1538//1181 5022//1182
f 5022//1182 1538//1181 1539//1183
f 5022//1182 1539//1183 4909//1184
f 4909//1184 1539//1183 1540//1185
f 4909//1184 1540//1185 4999//1186
f 4999//1186 1540//1185 1541//1187
f 4999//1186 1541//1187 4584//1188
f 4584//1188 1541//1187 1542//1189
f 4584//1188 1542//1189 5025//1190
f 5025//1190 1542//1189 1543//1191
f 5025//1190 1543//1191 5027//1192
f 5027//1192 1543//1191 1544//1193
f 5027//1192 1544//1193 5029//1194
f 5029//1194 1544//1193 1545//1195
f 5029//1194 1545//1195 5031//1196
f 5031//1196 1545//1195 1546//1197
f 5031//1196 1546//1197 4259//1198
f 4259//1198 1546//1197 1547//1199
f 4259//1198 1547//1199 5268//1200
f 5268//1200 1547//1199 1548//1201
f 5268//1200 1548//1201 5033//1202
f 5033//1202 1548//1201 1549//1203
f 5033//1202 1549//1203 4525//1204
f 4525//1204 1549//1203 1550//1205
f 4525//1204 1550//1205 5035//1206
f 5035//1206 1550//1205 1551//1207
f 5035//1206 1551//1207 4426//1208
f 4426//1208 1551//1207 1552//1209
f 4426//1208 1552//1209 4335//1210
f 4335//1210 1552//1209 1553//1211
f 4335//1210 1553//1211 5038//1212
f 5038//1212 1553//1211 1554//1213
f 5038//1212 1554//1213 5040//1214
f 5040//1214 1554//1213 1555//1215
f 5040//1214 1555//1215 5118//1216
f 5118//1216 1555//1215 1556//1217
f 5118//1216 1556//1217 4941//1218
f 4941//1218 1556//1217 1557//1219
f 4941//1218 1557//1219 4263//1220
f 4263//1220 1557//1219 1558//1221
f 4263//1220 1558//1221 5046//1222
f 5046//1222 1558//1221 1559//1223
f 5046//1222 1559//1223 5048//1224
f 5048//1224 1559//1223 1560//1225
f 5048//1224 1560//1225 5050//1226
f 5050//1226 1560//1225 1561//1227
f 5050//1226 1561//1227 4161//1228
f 4161//1228 1561//1227 1562//1229
f 4161//1228 1562//1229 4098//1230
f 4098//1230 1562//1229 1563//1231
f 4098//1230 1563//1231 4844//1232
f 4844//1232 1563//1231 1564//1233
f 4844//1232 1564//1233 5052//1234
f 5052//1234 1564//1233 1565//1235
f 5052//1234 1565//1235 4116//1236
f 4116//1236 1565//1235 1566//1237
f 4116//1236 1566//1237 5233//1238
f 5233//1238 1566//1237 1567//1239
f 5233//1238 1567//1239 4638//1240
f 4638//1240 1567//1239 1568//1241
f 4638//1240 1568//1241 5054//1242
f 5054//1242 1568//1241 1569//1243
f 5054//1242 1569//1243 4675//1244
f 4675//1244 1569//1243 1570//1245
f 4675//1244 1570//1245 5058//1246
f 5058//1246 1570//1245 1571//1247
f 5058//1246 1571//1247 4712//1248
f 4712//1248 1571//1247 1572//1249
f 4712//1248 1572//1249 4664//1250
f 4664//1250 1572//1249 1573//1251
f 4664//1250 1573//1251 4388//1252
f 4388//1252 1573//1251 1574//1253
f 4388//1252 1574//1253 4103//1254
f 4103//1254 1574//1253 1575//1255
f 4103//1254 1575//1255 4860//1256
f 4860//1256 1575//1255 1576//1257
f 4860//1256 1576//1257 4243//1258
f 4243//1258 1576//1257 1577//1259
f 4243//1258 1577//1259 4849//1260
f 4849//1260 1577//1259 1578//1261
f 4849//1260 1578//1261 4807//1262
f 4807//1262 1578//1261 1579//1263
f 4807//1262 1579//1263 5062//1264
f 5062//1264 1579//1263 1580//1265
f 5062//1264 1580//1265 4530//1266
f 4530//1266 1580//1265 1581//1267
f 4530//1266 1581//1267 4735//1268
f 4735//1268 1581//1267 1582//1269
f 4735//1268 1582//1269 5064//1270
f 5064//1270 1582//1269 1583//1271
f 5064//1270 1583//1271 4816//1272
f 4816//1272 1583//1271 1584//1273
f 4816//1272 1584//1273 5066//1274
f 5066//1274 1584//1273 1585//1275
f 5066//1274 1585//1275 5068//1276
f 5068//1276 1585//1275 1586//1277
f 5068//1276 1586//1277 5070//1278
f 5070//1278 1586//1277 1587//1279
f 5070//1278 1587//1279 5073//1280
f 5073//1280 1587//1279 1588//1281
f 5073//1280 1588//1281 5075//1282
f 5075//1282 1588//1281 1589//1283
f 5075//1282 1589//1283 4753//1284
f 4753//1284 1589//1283 1590//1285
f 4753//1284 1590//1285 5077//1286
f 5077//1286 1590//1285 1591//1287
f 5077//1286 1591//1287 5079//1288
f 5079//1288 1591//1287 1592//1289
f 5079//1288 1592//1289 4064//1290
f 4064//1290 1592//1289 1593//1291
f 4064//1290 1593//1291 5081//1292
f 5081//1292 1593//1291 1594//1293
f 5081//1292 1594//1293 5083//1294
f 5083//1294 1594//1293 1595//1295
f 5083//1294 1595//1295 5087//1296
f 5087//1296 1595//1295 1596//1297
f 5087//1296 1596//1297 5090//1298
f 5090//1298 1596//1297 1597//1299
f 5090//1298 1597//1299 5097//1300
f 5097//1300 1597//1299 1598//1301
f 5097//1300 1598//1301 5101//1302
f 5101//1302 1598//1301 1599//1303
f 5101//1302 1599//1303 4154//1304
f 4154//1304 1599//1303 1600//1305
f 4154//1304 1600//1305 5103//1306
f 5103//1306 1600//1305 1601//1307
f 5103//1306 1601//1307 5106//1308
f 5106//1308 1601//1307 1602//1309
f 5106//1308 1602//1309 5108//1310
f 5108//1310 1602//1309 1603//1311
f 5108//1310 1603//1311 4854//1312
f 4854//1312 1603//1311 1604//1313
f 4854//1312 1604//1313 4802//1314
f 4802//1314 1604//1313 1605//1315
f 4802//1314 1605//1315 5110//1316
f 5110//1316 1605//1315 1606//1317
f 5110//1316 1606//1317 4339//1318
f 4339//1318 1606//1317 1607//1319
f 4339//1318 1607//1319 4220//1320
f 4220//1320 1607//1319 1608//1321
f 4220//1320 1608//1321 5112//1322
f 5112//1322 1608//1321 1609//1323
f 5112//1322 1609//1323 4271//1324
f 4271//1324 1609//1323 1610//1325
f 4271//1324 1610//1325 4866//1326
f 4866//1326 1610//1325 1611//1327
f 4866//1326 1611//1327 5114//1328
f 5114//1328 1611//1327 1612//1329
f 5114//1328 1612//1329 4231//1330
f 4231//1330 1612//1329 1613//1331
f 4231//1330 1613//1331 5120//1004
f 5120//1004 1613//1331 1450//1005
s 0
f 4944//1332 4946//1332 1614//1332
f 1614//1332 4946//1332 4945//1332
f 1614//1332 4945//1332 4935//1332
f 4935//1332 4950//1332 1614//1332
f 1614//1332 4950//1332 1615//1332
f 1615//1332 4950//1332 4954//1332
f 1615//1332 4954//1332 4959//1332
f 4959//1332 4052//1332 1615//1332
f 1615//1332 4052//1332 4576//1332
f 1615//1332 4576//1332 4968//1332
f 1615//1332 4968//1332 1616//1332
f 1616//1332 4968//1332 4670//1332
f 1616//1332 4670//1332 4045//1332
f 1616//1332 4045//1332 1617//1332
f 1617//1332 4045//1332 4975//1332
f 1617//1332 4975//1332 4979//1332
f 4979//1332 4778//1332 1617//1332
f 1617//1332 4778//1332 1618//1332
f 1618//1332 4778//1332 4983//1332
f 1618//1332 4983//1332 4986//1332
f 4986//1332 4988//1332 1618//1332
s 616
f 1618//1332 4988//1332 1619//1332
s 0
f 1619//1332 4988//1332 4845//1332
f 1619//1332 4845//1332 4992//1332
f 1619//1332 4992//1332 1620//1332
f 1620//1332 4992//1332 4508//1332
f 1620//1332 4508//1332 4996//1332
f 5004//1332 4748//1332 4996//1332
f 4996//1332 4748//1332 1621//1332
f 4996//1332 1621//1332 1620//1332
f 4748//1332 5004//1332 5189//1332
f 5189//1332 5004//1332 5005//1332
f 5189//1332 5005//1332 4997//1332
f 5189//1332 4997//1332 5187//1332
f 5187//1332 4997//1332 4509//1332
f 5187//1332 4509//1332 4993//1332
f 4993//1332 4846//1332 5187//1332
f 5187//1332 4846//1332 5319//1332
f 5319//1332 4846//1332 4989//1332
s 634
f 5319//1332 4989//1332 4987//1332
s 0
f 4987//1332 4984//1332 5319//1332
f 5319//1332 4984//1332 5185//1332
f 5185//1332 4984//1332 4779//1332
f 5185//1332 4779//1332 4980//1332
s 639
f 4980//1332 4976//1332 5185//1332
s 0
f 5185//1332 4976//1332 5180//1332
s 641
f 5180//1332 4976//1332 4046//1332
s 0
f 5180//1332 4046//1332 4671//1332
f 4671//1332 4969//1332 5180//1332
f 5180//1332 4969//1332 4991//1332
f 4991//1332 4969//1332 4577//1332
f 4991//1332 4577//1332 4053//1332
f 4053//1332 4960//1332 4991//1332
f 4991//1332 4960//1332 4611//1332
f 4611//1332 4960//1332 4955//1332
f 4611//1332 4955//1332 4951//1332
f 4611//1332 4951//1332 1614//1332
f 1614//1332 4951//1332 4936//1332
f 1614//1332 4936//1332 4944//1332
f 4411//1332 1622//1332 5121//1332
f 5121//1332 1622//1332 1623//1332
f 5121//1332 1623//1332 1624//1332
f 1622//1332 4411//1332 1625//1332
f 1625//1332 4411//1332 4049//1332
f 1625//1332 4049//1332 1626//1332
f 1626//1332 4049//1332 5123//1332
f 1626//1332 5123//1332 1627//1332
f 1627//1332 5123//1332 5126//1332
f 1627//1332 5126//1332 1628//1332
f 1628//1332 5126//1332 5128//1332
f 1628//1332 5128//1332 1629//1332
f 1629//1332 5128//1332 5130//1332
f 1629//1332 5130//1332 1630//1332
f 1630//1332 5130//1332 5060//1332
f 1630//1332 5060//1332 5095//1332
f 5095//1332 5132//1332 1630//1332
f 1630//1332 5132//1332 5134//1332
f 1630//1332 5134//1332 1631//1332
f 1631//1332 5134//1332 4196//1332
f 1631//1332 4196//1332 1632//1332
f 1632//1332 4196//1332 5136//1332
f 1632//1332 5136//1332 1633//1332
f 1633//1332 5136//1332 4641//1332
f 1633//1332 4641//1332 1634//1332
f 1634//1332 4641//1332 4118//1332
f 1634//1332 4118//1332 1635//1332
f 1635//1332 4118//1332 5138//1332
f 1635//1332 5138//1332 1636//1332
f 1636//1332 5138//1332 4473//1332
f 1636//1332 4473//1332 1637//1332
f 1637//1332 4473//1332 5140//1332
f 1637//1332 5140//1332 1638//1332
f 1638//1332 5140//1332 5142//1332
f 1638//1332 5142//1332 5020//1332
f 5020//1332 5148//1332 1638//1332
f 1638//1332 5148//1332 5150//1332
f 1638//1332 5150//1332 1639//1332
f 1639//1332 5150//1332 5152//1332
f 1639//1332 5152//1332 1640//1332
f 1640//1332 5152//1332 5154//1332
f 1640//1332 5154//1332 1641//1332
f 1641//1332 5154//1332 4294//1332
f 1641//1332 4294//1332 1642//1332
f 1642//1332 4294//1332 5156//1332
f 1642//1332 5156//1332 1643//1332
f 1643//1332 5156//1332 4943//1332
f 1643//1332 4943//1332 1644//1332
f 1644//1332 4943//1332 5044//1332
f 1644//1332 5044//1332 1645//1332
f 1645//1332 5044//1332 4203//1332
f 1645//1332 4203//1332 1646//1332
f 1646//1332 4203//1332 5158//1332
f 1646//1332 5158//1332 4758//1332
f 4758//1332 4741//1332 1646//1332
f 1646//1332 4741//1332 5160//1332
f 1646//1332 5160//1332 1647//1332
f 1647//1332 5160//1332 4265//1332
f 1647//1332 4265//1332 1648//1332
f 1648//1332 4265//1332 5164//1332
f 1648//1332 5164//1332 1649//1332
f 1649//1332 5164//1332 5166//1332
f 1649//1332 5166//1332 1650//1332
f 1650//1332 5166//1332 5350//1332
f 1650//1332 5350//1332 1651//1332
f 1651//1332 5350//1332 4083//1332
f 1651//1332 4083//1332 1652//1332
f 1652//1332 4083//1332 4280//1332
f 1652//1332 4280//1332 1653//1332
f 1653//1332 4280//1332 5168//1332
f 1653//1332 5168//1332 1614//1332
f 1614//1332 5168//1332 5170//1332
f 1614//1332 5170//1332 5174//1332
f 5174//1332 4611//1332 1614//1332
f 4748//1332 5192//1332 1621//1332
f 1621//1332 5192//1332 1654//1332
f 1654//1332 5192//1332 5085//1332
f 1654//1332 5085//1332 4769//1332
f 4769//1332 4876//1332 1654//1332
f 1654//1332 4876//1332 5195//1332
f 1654//1332 5195//1332 1655//1332
f 1655//1332 5195//1332 5198//1332
f 1655//1332 5198//1332 1656//1332
f 1656//1332 5198//1332 5200//1332
f 1656//1332 5200//1332 1657//1332
f 1657//1332 5200//1332 4113//1332
f 1657//1332 4113//1332 1658//1332
f 1658//1332 4113//1332 4932//1332
f 1658//1332 4932//1332 1659//1332
f 1659//1332 4932//1332 4414//1332
f 1659//1332 4414//1332 1660//1332
f 1660//1332 4414//1332 5202//1332
f 1660//1332 5202//1332 1661//1332
f 1661//1332 5202//1332 5205//1332
f 1661//1332 5205//1332 1662//1332
f 1662//1332 5205//1332 5209//1332
s 750
f 1662//1332 5209//1332 4818//1332
s 0
f 4818//1332 4067//1332 1662//1332
f 1662//1332 4067//1332 5211//1332
f 1662//1332 5211//1332 1663//1332
f 1663//1332 5211//1332 4934//1332
f 1663//1332 4934//1332 1664//1332
f 1664//1332 4934//1332 5213//1332
f 1664//1332 5213//1332 1665//1332
f 1665//1332 5213//1332 4111//1332
f 1665//1332 4111//1332 1666//1332
f 1666//1332 4111//1332 5219//1332
f 1666//1332 5219//1332 1667//1332
f 1667//1332 5219//1332 5227//1332
f 1667//1332 5227//1332 1668//1332
f 1668//1332 5227//1332 4496//1332
f 1668//1332 4496//1332 1669//1332
f 1669//1332 4496//1332 4597//1332
f 1669//1332 4597//1332 1670//1332
f 1670//1332 4597//1332 5231//1332
f 1670//1332 5231//1332 4396//1332
f 4396//1332 4813//1332 1670//1332
f 1670//1332 4813//1332 5235//1332
f 1670//1332 5235//1332 1671//1332
f 1671//1332 5235//1332 4164//1332
f 1671//1332 4164//1332 1672//1332
f 1672//1332 4164//1332 5237//1332
f 1672//1332 5237//1332 1673//1332
f 1673//1332 5237//1332 5239//1332
f 1673//1332 5239//1332 1674//1332
f 1674//1332 5239//1332 4863//1332
f 1674//1332 4863//1332 1675//1332
f 1675//1332 4863//1332 5243//1332
f 1675//1332 5243//1332 1676//1332
f 1676//1332 5243//1332 5246//1332
f 1676//1332 5246//1332 1677//1332
f 1677//1332 5246//1332 1678//1332
f 1678//1332 5246//1332 5242//1332
f 1678//1332 5242//1332 4862//1332
f 4862//1332 5238//1332 1678//1332
f 1678//1332 5238//1332 5236//1332
f 1678//1332 5236//1332 4163//1332
f 1678//1332 4163//1332 1679//1332
f 1679//1332 4163//1332 5234//1332
f 1679//1332 5234//1332 1680//1332
f 1680//1332 5234//1332 4812//1332
f 1680//1332 4812//1332 1681//1332
f 1681//1332 4812//1332 4395//1332
f 1681//1332 4395//1332 1682//1332
f 1682//1332 4395//1332 5230//1332
f 1682//1332 5230//1332 1683//1332
f 1683//1332 5230//1332 4596//1332
f 1683//1332 4596//1332 1684//1332
f 1684//1332 4596//1332 4495//1332
f 1684//1332 4495//1332 1685//1332
f 1685//1332 4495//1332 1686//1332
f 1686//1332 4495//1332 5226//1332
f 1686//1332 5226//1332 5218//1332
f 5218//1332 4110//1332 1686//1332
f 1686//1332 4110//1332 5212//1332
f 1686//1332 5212//1332 4933//1332
f 1686//1332 4933//1332 1687//1332
f 1687//1332 4933//1332 5210//1332
f 1687//1332 5210//1332 1688//1332
f 1688//1332 5210//1332 4066//1332
f 1688//1332 4066//1332 1689//1332
f 1689//1332 4066//1332 4817//1332
f 1689//1332 4817//1332 1690//1332
f 1690//1332 4817//1332 5208//1332
f 1690//1332 5208//1332 1691//1332
f 1691//1332 5208//1332 5204//1332
f 1691//1332 5204//1332 1692//1332
f 1692//1332 5204//1332 5201//1332
f 1692//1332 5201//1332 1693//1332
f 1693//1332 5201//1332 1694//1332
f 1694//1332 5201//1332 4413//1332
f 1694//1332 4413//1332 4931//1332
f 4931//1332 4112//1332 1694//1332
f 1694//1332 4112//1332 5199//1332
f 1694//1332 5199//1332 5197//1332
s 829
f 1694//1332 5197//1332 1695//1332
s 0
f 1695//1332 5197//1332 5194//1332
f 1695//1332 5194//1332 1696//1332
f 1696//1332 5194//1332 4875//1332
f 1696//1332 4875//1332 1697//1332
f 1697//1332 4875//1332 4768//1332
f 1697//1332 4768//1332 1698//1332
f 1698//1332 4768//1332 5084//1332
f 1698//1332 5084//1332 1699//1332
f 1699//1332 5084//1332 1700//1332
f 1700//1332 5084//1332 5191//1332
f 1700//1332 5191//1332 1701//1332
f 1701//1332 5191//1332 4747//1332
f 1701//1332 4747//1332 1702//1332
f 1702//1332 4747//1332 5188//1332
f 1702//1332 5188//1332 5186//1332
f 5186//1332 5318//1332 1702//1332
f 1702//1332 5318//1332 5184//1332
f 1702//1332 5184//1332 5179//1332
f 1702//1332 5179//1332 1703//1332
f 1703//1332 5179//1332 4990//1332
f 1703//1332 4990//1332 1704//1332
f 1704//1332 4990//1332 4610//1332
f 1704//1332 4610//1332 1705//1332
f 1705//1332 4610//1332 5173//1332
f 1705//1332 5173//1332 1706//1332
f 1706//1332 5173//1332 1707//1332
f 1707//1332 5173//1332 5169//1332
f 1707//1332 5169//1332 1708//1332
f 1708//1332 5169//1332 5167//1332
f 1708//1332 5167//1332 1709//1332
f 1709//1332 5167//1332 4279//1332
f 1709//1332 4279//1332 1710//1332
f 1710//1332 4279//1332 4082//1332
f 1710//1332 4082//1332 5349//1332
f 5349//1332 5165//1332 1710//1332
f 1710//1332 5165//1332 5163//1332
s 866
f 1710//1332 5163//1332 4264//1332
s 0
f 1710//1332 4264//1332 1711//1332
f 1711//1332 4264//1332 5159//1332
f 1711//1332 5159//1332 1712//1332
f 1712//1332 5159//1332 4740//1332
f 1712//1332 4740//1332 1713//1332
f 1713//1332 4740//1332 1714//1332
f 1714//1332 4740//1332 4757//1332
f 1714//1332 4757//1332 1715//1332
f 1715//1332 4757//1332 5157//1332
f 1715//1332 5157//1332 1716//1332
f 1716//1332 5157//1332 4202//1332
f 1716//1332 4202//1332 1717//1332
f 1717//1332 4202//1332 5043//1332
f 1717//1332 5043//1332 1718//1332
f 1718//1332 5043//1332 4942//1332
f 1718//1332 4942//1332 5155//1332
f 5155//1332 4293//1332 1718//1332
f 1718//1332 4293//1332 5153//1332
f 1718//1332 5153//1332 5151//1332
f 5149//1332 1719//1332 5151//1332
f 5151//1332 1719//1332 1720//1332
f 5151//1332 1720//1332 1718//1332
f 1719//1332 5149//1332 1721//1332
f 1721//1332 5149//1332 5147//1332
f 1721//1332 5147//1332 1722//1332
f 1722//1332 5147//1332 5019//1332
f 1722//1332 5019//1332 1723//1332
f 1723//1332 5019//1332 5141//1332
f 1723//1332 5141//1332 1724//1332
f 1724//1332 5141//1332 5139//1332
f 1724//1332 5139//1332 1725//1332
f 1725//1332 5139//1332 4472//1332
f 1725//1332 4472//1332 1726//1332
f 1726//1332 4472//1332 5137//1332
f 1726//1332 5137//1332 4117//1332
f 4117//1332 4640//1332 1726//1332
f 1726//1332 4640//1332 5135//1332
f 1726//1332 5135//1332 4195//1332
f 5133//1332 1727//1332 4195//1332
f 4195//1332 1727//1332 1728//1332
f 4195//1332 1728//1332 1726//1332
f 1727//1332 5133//1332 1729//1332
f 1729//1332 5133//1332 5131//1332
f 1729//1332 5131//1332 1730//1332
f 1730//1332 5131//1332 5094//1332
f 1730//1332 5094//1332 1731//1332
f 1731//1332 5094//1332 5059//1332
f 1731//1332 5059//1332 1732//1332
f 1732//1332 5059//1332 5129//1332
f 1732//1332 5129//1332 1733//1332
f 1733//1332 5129//1332 5127//1332
f 1733//1332 5127//1332 1624//1332
f 1624//1332 5127//1332 5125//1332
f 1624//1332 5125//1332 5122//1332
f 5122//1332 4048//1332 1624//1332
f 1624//1332 4048//1332 4412//1332
f 1624//1332 4412//1332 5121//1332
s 924
f 4180//1333 4321//1334 1734//1335
f 1734//1335 4321//1334 4415//1336
f 1734//1335 4415//1336 4171//1337
f 1734//1335 4171//1337 1735//1338
f 1735//1338 4171//1337 4165//1339
f 1735//1338 4165//1339 1736//1340
f 1736//1340 4165//1339 4870//1341
f 1736//1340 4870//1341 1737//1342
f 1737//1342 4870//1341 5277//1343
f 1737//1342 5277//1343 1738//1344
f 1738//1344 5277//1343 5278//1345
f 1738//1344 5278//1345 5245//1346
f 5245//1346 4555//1347 1738//1344
f 1738//1344 4555//1347 4305//1348
f 1738//1344 4305//1348 1737//1342
f 1737//1342 4305//1348 4565//1349
f 1737//1342 4565//1349 1736//1340
f 1736//1340 4565//1349 4454//1350
f 1736//1340 4454//1350 1735//1338
f 1735//1338 4454//1350 4685//1351
f 1735//1338 4685//1351 1734//1335
f 1734//1335 4685//1351 4180//1333
f 5245//1346 5175//1352 4555//1347
f 4555//1347 5175//1352 4651//1352
f 5214//1353 4415//1336 5145//1353
f 5145//1353 4415//1336 4321//1334
s 925
f 5176//1354 5247//1355 4652//1354
f 4652//1354 5247//1355 4316//1356
s 926
f 5161//1357 5215//1358 4314//1359
f 4314//1359 5215//1358 5146//1358
s 925
f 4177//1360 4316//1356 1739//1361
f 1739//1361 4316//1356 5247//1355
f 1739//1361 5247//1355 5252//1362
f 1739//1361 5252//1362 1740//1363
f 1740//1363 5252//1362 5253//1364
f 1740//1363 5253//1364 1741//1365
f 1741//1365 5253//1364 5254//1366
f 1741//1365 5254//1366 1742//1367
f 1742//1367 5254//1366 4905//1368
f 1742//1367 4905//1368 1743//1369
f 1743//1369 4905//1368 5255//1370
f 1743//1369 5255//1370 4551//1371
f 4551//1371 4662//1372 1743//1369
f 1743//1369 4662//1372 4809//1373
f 1743//1369 4809//1373 1742//1367
f 1742//1367 4809//1373 4531//1374
f 1742//1367 4531//1374 1741//1365
f 1741//1365 4531//1374 4668//1375
f 1741//1365 4668//1375 1740//1363
f 1740//1363 4668//1375 4669//1376
f 1740//1363 4669//1376 1739//1361
f 1739//1361 4669//1376 4177//1360
s 926
f 4350//1377 4449//1378 1744//1379
f 1744//1379 4449//1378 4507//1380
f 1744//1379 4507//1380 4787//1381
f 1744//1379 4787//1381 1745//1382
f 1745//1382 4787//1381 5276//1383
f 1745//1382 5276//1383 1746//1384
f 1746//1384 5276//1383 4851//1385
f 1746//1384 4851//1385 1747//1386
f 1747//1386 4851//1385 4545//1387
f 1747//1386 4545//1387 1748//1388
f 1748//1388 4545//1387 4132//1389
f 1748//1388 4132//1389 5161//1357
f 5161//1357 4314//1359 1748//1388
f 1748//1388 4314//1359 4573//1390
f 1748//1388 4573//1390 1747//1386
f 1747//1386 4573//1390 4702//1391
f 1747//1386 4702//1391 1746//1384
f 1746//1384 4702//1391 4661//1392
f 1746//1384 4661//1392 1745//1382
f 1745//1382 4661//1392 4581//1393
f 1745//1382 4581//1393 1744//1379
f 1744//1379 4581//1393 4350//1377
s 925
f 4564//1394 4919//1394 4551//1371
f 4551//1371 4919//1394 4790//1394
f 4551//1371 4790//1394 4662//1372
f 4662//1372 4790//1394 4794//1395
f 4662//1372 4794//1395 4224//1396
f 4224//1396 4796//1394 4662//1372
f 4662//1372 4796//1394 4797//1397
f 4662//1372 4797//1397 4221//1394
f 4221//1394 4438//1394 4662//1372
f 4662//1372 4438//1394 4628//1394
f 4662//1372 4628//1394 5296//1394
f 5296//1394 4736//1394 4662//1372
f 4662//1372 4736//1394 4766//1394
f 4662//1372 4766//1394 4762//1394
f 4662//1372 4762//1394 5222//1394
s 0
f 5222//1394 4762//1394 4761//1394
f 5222//1394 4761//1394 4760//1394
f 4760//1394 4759//1394 5222//1394
s 930
f 5222//1396 4759//1396 4179//1396
s 0
f 5222//1394 4179//1394 4810//1394
s 932
f 4810//1394 4750//1394 5222//1394
f 5222//1394 4750//1394 4930//1394
f 5222//1394 4930//1394 4742//1394
s 0
f 4742//1394 4739//1394 5222//1394
f 5222//1394 4739//1394 4050//1394
f 5222//1396 4050//1396 4055//1396
f 4055//1394 5162//1394 5222//1394
f 5222//1394 5162//1394 4520//1394
f 5222//1394 4520//1394 4500//1394
s 939
f 4500//1394 4178//1398 5222//1394
f 5222//1394 4178//1398 4062//1394
f 5222//1394 4062//1394 4159//1397
s 0
f 4159//1396 4542//1396 5222//1396
f 5222//1399 4542//1399 4917//1399
s 942
f 5222//1394 4917//1400 4100//1394
f 5222//1394 4100//1394 4644//1394
s 0
f 4644//1399 4100//1399 4903//1399
s 944
f 4644//1397 4903//1394 4075//1394
s 0
f 4075//1394 4478//1394 4644//1394
f 4644//1394 4478//1394 5013//1394
s 947
f 4644//1394 5013//1394 5240//1394
s 0
f 5240//1401 4194//1401 4644//1401
f 4644//1396 4194//1396 4253//1396
f 4644//1394 4253//1394 4923//1394
f 4923//1394 4087//1394 4644//1394
s 952
f 4644//1394 4087//1394 4347//1394
s 0
f 4644//1394 4347//1394 4089//1394
s 954
f 4089//1394 4124//1394 4644//1394
s 0
f 4644//1394 4124//1394 4151//1394
s 956
f 4644//1394 4151//1394 4783//1394
s 0
f 4783//1394 4093//1394 4644//1394
f 4644//1394 4093//1394 4094//1394
f 4644//1394 4094//1394 4446//1394
f 4446//1394 4108//1394 4644//1394
f 4644//1394 4108//1394 4114//1394
s 925
f 4644//1394 4114//1394 4551//1371
f 4551//1371 4114//1394 4427//1394
f 4551//1371 4427//1394 4121//1394
f 4121//1394 4213//1394 4551//1371
f 4551//1371 4213//1394 4351//1394
f 4551//1371 4351//1394 4207//1394
f 4207//1394 4181//1394 4551//1371
f 4551//1371 4181//1394 4038//1394
f 4551//1371 4038//1394 4146//1394
f 4146//1394 4485//1394 4551//1371
f 4551//1371 4485//1394 4548//1394
f 4551//1371 4548//1394 4217//1394
f 4217//1394 4564//1394 4551//1371
s 926
f 5273//1402 4507//1380 5334//1402
f 5334//1402 4507//1380 4449//1378
s 962
f 4135//1403 4109//1404 5193//1405
f 5193//1405 4109//1404 4168//1406
f 5193//1405 4168//1406 4162//1407
f 4162//1407 4042//1408 5193//1405
f 5193//1405 4042//1408 4694//1407
f 5193//1405 4694//1407 4855//1403
f 4855//1403 4158//1403 5193//1405
f 5193//1405 4158//1403 4155//1407
f 5193//1405 4155//1407 4131//1403
f 4131//1403 4130//1403 5193//1405
f 5193//1405 4130//1403 4292//1409
f 5193//1405 4292//1409 4537//1409
f 4537//1409 4894//1403 5193//1405
f 5193//1405 4894//1403 4891//1409
f 5193//1405 4891//1409 4890//1409
f 5193//1405 4890//1409 4645//1403
s 0
f 4645//1403 4890//1403 4883//1403
s 964
f 4645//1403 4883//1403 4882//1403
s 0
f 4882//1403 4197//1403 4645//1403
f 4645//1407 4197//1407 4120//1407
f 4645//1403 4120//1403 4079//1403
f 4079//1409 5088//1409 4645//1409
f 4645//1410 5088//1410 4811//1410
f 4645//1407 4811//1407 4881//1411
s 971
f 4881//1412 4359//1413 4645//1410
f 4645//1410 4359//1413 4629//1410
f 4645//1410 4629//1410 4874//1407
s 0
f 4645//1409 4874//1409 5223//1409
s 973
f 5223//1410 4874//1414 4871//1407
f 5223//1410 4871//1407 4867//1415
s 0
f 4867//1410 5055//1415 5223//1410
s 975
f 5223//1414 5055//1416 4861//1412
f 5223//1414 4861//1412 4856//1409
f 4856//1409 4269//1410 5223//1414
s 0
f 5223//1409 4269//1409 4852//1409
s 977
f 5223//1403 4852//1403 4985//1403
s 0
f 4985//1407 4039//1407 5223//1407
f 5223//1403 4039//1403 5023//1403
f 5223//1407 5023//1407 5369//1407
s 962
f 5223//1403 5369//1414 4368//1417
f 4368//1417 5369//1414 4841//1403
f 4368//1417 4841//1403 4784//1409
f 4784//1409 4837//1409 4368//1417
f 4368//1417 4837//1409 4754//1403
f 4368//1417 4754//1403 4820//1403
f 4820//1403 4770//1403 4368//1417
f 4368//1417 4770//1403 5372//1409
f 4368//1417 5372//1409 4777//1407
f 4777//1407 4216//1409 4368//1417
f 4368//1417 4216//1409 4782//1410
f 4368//1417 4782//1410 5190//1408
f 5190//1408 4800//1418 4368//1417
f 4368//1417 4800//1418 4135//1403
f 4368//1417 4135//1403 5193//1405
s 981
f 5271//1419 5274//1420 4715//1421
f 4715//1421 5274//1420 5335//1420
s 962
f 4648//1422 4368//1417 1749//1423
f 1749//1423 4368//1417 5193//1405
f 1749//1423 5193//1405 5279//1424
f 1749//1423 5279//1424 1750//1425
f 1750//1425 5279//1424 4521//1426
f 1750//1425 4521//1426 1751//1427
f 1751//1427 4521//1426 4749//1428
f 1751//1427 4749//1428 1752//1429
f 1752//1429 4749//1428 5280//1430
f 1752//1429 5280//1430 1753//1431
f 1753//1431 5280//1430 5285//1432
f 1753//1431 5285//1432 5286//1433
f 5286//1433 4620//1434 1753//1431
f 1753//1431 4620//1434 4895//1435
f 1753//1431 4895//1435 1752//1429
f 1752//1429 4895//1435 5366//1436
f 1752//1429 5366//1436 1751//1427
f 1751//1427 5366//1436 4632//1437
f 1751//1427 4632//1437 1750//1425
f 1750//1425 4632//1437 4639//1438
f 1750//1425 4639//1438 1749//1423
f 1749//1423 4639//1438 4648//1422
s 981
f 4718//1439 4382//1440 1754//1441
f 1754//1441 4382//1440 5181//1442
f 1754//1441 5181//1442 5264//1443
f 1754//1441 5264//1443 1755//1444
f 1755//1444 5264//1443 5265//1445
f 1755//1444 5265//1445 1756//1446
f 1756//1446 5265//1445 5244//1447
f 1756//1446 5244//1447 1757//1448
f 1757//1448 5244//1447 5266//1449
f 1757//1448 5266//1449 1758//1450
f 1758//1450 5266//1449 5269//1451
f 1758//1450 5269//1451 5271//1419
f 5271//1419 4715//1421 1758//1450
f 1758//1450 4715//1421 4613//1452
f 1758//1450 4613//1452 1757//1448
f 1757//1448 4613//1452 4107//1453
f 1757//1448 4107//1453 1756//1446
f 1756//1446 4107//1453 4556//1454
f 1756//1446 4556//1454 1755//1444
f 1755//1444 4556//1454 4323//1455
f 1755//1444 4323//1455 1754//1441
f 1754//1441 4323//1455 4718//1439
s 962
f 5286//1433 4654//1456 4620//1434
f 4620//1434 4654//1456 5370//1456
s 981
f 4281//1457 5181//1442 4405//1457
f 4405//1457 5181//1442 4382//1440
s 982
f 4655//1458 5116//1459 5371//1458
f 5371//1458 5116//1459 4619//1460
s 983
f 5263//1461 4282//1462 4106//1463
f 4106//1463 4282//1462 4406//1462
s 982
f 4615//1464 4619//1460 1759//1465
f 1759//1465 4619//1460 5116//1459
f 1759//1465 5116//1459 5289//1466
f 1759//1465 5289//1466 1760//1467
f 1760//1467 5289//1466 4839//1468
f 1760//1467 4839//1468 1761//1469
f 1761//1469 4839//1468 5249//1470
f 1761//1469 5249//1470 1762//1471
f 1762//1471 5249//1470 5290//1472
f 1762//1471 5290//1472 1763//1473
f 1763//1473 5290//1472 5292//1474
f 1763//1473 5292//1474 4285//1475
f 4285//1475 4403//1476 1763//1473
f 1763//1473 4403//1476 4829//1477
f 1763//1473 4829//1477 1762//1471
f 1762//1471 4829//1477 4592//1478
f 1762//1471 4592//1478 1761//1469
f 1761//1469 4592//1478 4315//1479
f 1761//1469 4315//1479 1760//1467
f 1760//1467 4315//1479 4614//1480
f 1760//1467 4614//1480 1759//1465
f 1759//1465 4614//1480 4615//1464
s 983
f 4302//1481 4300//1482 1764//1483
f 1764//1483 4300//1482 5257//1484
f 1764//1483 5257//1484 5256//1485
f 1764//1483 5256//1485 1765//1486
f 1765//1486 5256//1485 4918//1487
f 1765//1486 4918//1487 1766//1488
f 1766//1488 4918//1487 5260//1489
f 1766//1488 5260//1489 1767//1490
f 1767//1490 5260//1489 5261//1491
f 1767//1490 5261//1491 1768//1492
f 1768//1492 5261//1491 5262//1493
f 1768//1492 5262//1493 5263//1461
f 5263//1461 4106//1463 1768//1492
f 1768//1492 4106//1463 4430//1494
f 1768//1492 4430//1494 1767//1490
f 1767//1490 4430//1494 4582//1495
f 1767//1490 4582//1495 1766//1488
f 1766//1488 4582//1495 4090//1496
f 1766//1488 4090//1496 1765//1486
f 1765//1486 4090//1496 4886//1497
f 1765//1486 4886//1497 1764//1483
f 1764//1483 4886//1497 4302//1481
s 982
f 4285//1475 5182//1498 4403//1476
f 4403//1476 5182//1498 4378//1498
s 983
f 5258//1499 5257//1484 4297//1499
f 4297//1499 5257//1484 4300//1482
s 984
f 5183//1500 5294//1501 4379//1500
f 4379//1500 5294//1501 4693//1502
s 985
f 5368//1503 5259//1504 4791//1505
f 4791//1505 5259//1504 4298//1504
s 984
f 4578//1506 4693//1502 1769//1507
f 1769//1507 4693//1502 5294//1501
f 1769//1507 5294//1501 4751//1508
f 1769//1507 4751//1508 1770//1509
f 1770//1509 4751//1508 5295//1510
f 1770//1509 5295//1510 1771//1511
f 1771//1511 5295//1510 5297//1512
f 1771//1511 5297//1512 1772//1513
f 1772//1513 5297//1512 5298//1514
f 1772//1513 5298//1514 1773//1515
f 1773//1515 5298//1514 5299//1516
f 1773//1515 5299//1516 4970//1517
f 4970//1517 4559//1518 1773//1515
f 1773//1515 4559//1518 4453//1519
f 1773//1515 4453//1519 1772//1513
f 1772//1513 4453//1519 4051//1520
f 1772//1513 4051//1520 1771//1511
f 1771//1511 4051//1520 4467//1521
f 1771//1511 4467//1521 1770//1509
f 1770//1509 4467//1521 5016//1522
f 1770//1509 5016//1522 1769//1507
f 1769//1507 5016//1522 4578//1506
s 985
f 4291//1523 5196//1524 1774//969
f 1774//969 5196//1524 5363//1525
f 1774//969 5363//1525 5361//1526
f 1774//969 5361//1526 1775//1527
f 1775//1527 5361//1526 5364//1528
f 1775//1527 5364//1528 1776//1529
f 1776//1529 5364//1528 5365//1530
f 1776//1529 5365//1530 1777//1531
f 1777//1531 5365//1530 4296//1532
f 1777//1531 4296//1532 1778//1533
f 1778//1533 4296//1532 5367//1534
f 1778//1533 5367//1534 5368//1503
f 5368//1503 4791//1505 1778//1533
f 1778//1533 4791//1505 5093//1535
f 1778//1533 5093//1535 1777//1531
f 1777//1531 5093//1535 4295//1536
f 1777//1531 4295//1536 1776//1529
f 1776//1529 4295//1536 5313//1537
f 1776//1529 5313//1537 1775//1527
f 1775//1527 5313//1537 4352//1538
f 1775//1527 4352//1538 1774//969
f 1774//969 4352//1538 4291//1523
s 984
f 4970//1517 5300//1539 4559//1518
f 4559//1518 5300//1539 4897//1539
s 985
f 5359//1540 5363//1525 4731//1540
f 4731//1540 5363//1525 5196//1524
s 986
f 5301//1541 5302//1542 4898//1541
f 4898//1541 5302//1542 4150//1543
s 987
f 5356//1544 5360//1545 4692//1546
f 4692//1546 5360//1545 4732//1545
s 986
f 5275//1547 4150//1543 1779//1548
f 1779//1548 4150//1543 5302//1542
f 1779//1548 5302//1542 4587//1549
f 1779//1548 4587//1549 1780//1550
f 1780//1550 4587//1549 5303//1551
f 1780//1550 5303//1551 1781//1552
f 1781//1552 5303//1551 4733//1553
f 1781//1552 4733//1553 1782//1554
f 1782//1554 4733//1553 5306//1555
f 1782//1554 5306//1555 1783//1556
f 1783//1556 5306//1555 5309//1557
f 1783//1556 5309//1557 5312//1558
f 5312//1558 4210//1559 1783//1556
f 1783//1556 4210//1559 4211//1560
f 1783//1556 4211//1560 1782//1554
f 1782//1554 4211//1560 4206//1561
f 1782//1554 4206//1561 1781//1552
f 1781//1552 4206//1561 4887//1562
f 1781//1552 4887//1562 1780//1550
f 1780//1550 4887//1562 4101//1563
f 1780//1550 4101//1563 1779//1548
f 1779//1548 4101//1563 5275//1547
s 987
f 4274//1564 4273//1565 1784//1566
f 1784//1566 4273//1565 5056//1567
f 1784//1566 5056//1567 4904//1568
f 1784//1566 4904//1568 1785//1569
f 1785//1569 4904//1568 4123//1570
f 1785//1569 4123//1570 1786//1571
f 1786//1571 4123//1570 4896//1572
f 1786//1571 4896//1572 1787//1573
f 1787//1573 4896//1572 5351//1574
f 1787//1573 5351//1574 1788//1575
f 1788//1575 5351//1574 5354//1576
f 1788//1575 5354//1576 5356//1544
f 5356//1544 4692//1546 1788//1575
f 1788//1575 4692//1546 4286//1577
f 1788//1575 4286//1577 1787//1573
f 1787//1573 4286//1577 4506//1578
f 1787//1573 4506//1578 1786//1571
f 1786//1571 4506//1578 4276//1579
f 1786//1571 4276//1579 1785//1569
f 1785//1569 4276//1579 4275//1580
f 1785//1569 4275//1580 1784//1566
f 1784//1566 4275//1580 4274//1564
s 986
f 5312//1558 5314//1581 4210//1559
f 4210//1559 5314//1581 4479//1581
s 987
f 4788//1582 5056//1567 5352//1582
f 5352//1582 5056//1567 4273//1565
s 988
f 5315//1583 5316//1584 4480//1583
f 4480//1583 5316//1584 4667//1585
s 989
f 4139//1586 4789//1587 4318//1588
f 4318//1588 4789//1587 5353//1587
s 988
f 4497//1589 4667//1585 1789//1590
f 1789//1590 4667//1585 5316//1584
f 1789//1590 5316//1584 5317//1591
f 1789//1590 5317//1591 1790//1592
f 1790//1592 5317//1591 5320//1593
f 1790//1592 5320//1593 1791//1594
f 1791//1594 5320//1593 5321//1595
f 1791//1594 5321//1595 1792//1596
f 1792//1596 5321//1595 5322//1597
f 1792//1596 5322//1597 1793//1598
f 1793//1598 5322//1597 5323//1599
f 1793//1598 5323//1599 5326//1600
f 5326//1600 4218//1601 1793//1598
f 1793//1598 4218//1601 4222//1602
f 1793//1598 4222//1602 1792//1596
f 1792//1596 4222//1602 4819//1603
f 1792//1596 4819//1603 1791//1594
f 1791//1594 4819//1603 4212//1604
f 1791//1594 4212//1604 1790//1592
f 1790//1592 4212//1604 4431//1605
f 1790//1592 4431//1605 1789//1590
f 1789//1590 4431//1605 4497//1589
s 989
f 4256//1606 4129//1607 1794//1608
f 1794//1608 4129//1607 5339//1609
f 1794//1608 5339//1609 4803//1610
f 1794//1608 4803//1610 1795//1611
f 1795//1611 4803//1610 5340//1612
f 1795//1611 5340//1612 1796//1613
f 1796//1613 5340//1612 5346//1614
f 1796//1613 5346//1614 1797//1615
f 1797//1615 5346//1614 5347//1616
f 1797//1615 5347//1616 1798//1617
f 1798//1617 5347//1616 5348//1618
f 1798//1617 5348//1618 4139//1586
f 4139//1586 4318//1588 1798//1617
f 1798//1617 4318//1588 4174//1619
f 1798//1617 4174//1619 1797//1615
f 1797//1615 4174//1619 4272//1620
f 1797//1615 4272//1620 1796//1613
f 1796//1613 4272//1620 4840//1621
f 1796//1613 4840//1621 1795//1611
f 1795//1611 4840//1621 4166//1622
f 1795//1611 4166//1622 1794//1608
f 1794//1608 4166//1622 4256//1606
s 988
f 5326//1600 4498//1623 4218//1601
f 4218//1601 4498//1623 4457//1623
s 989
f 5014//1624 5339//1609 4254//1624
f 4254//1624 5339//1609 4129//1607
s 990
f 4499//1625 5327//1626 4458//1625
f 4458//1625 5327//1626 4223//1627
s 991
f 4612//1628 5015//1629 4248//1630
f 4248//1630 5015//1629 4255//1629
s 990
f 4225//1631 4223//1627 1799//1632
f 1799//1632 4223//1627 5327//1626
f 1799//1632 5327//1626 4080//1633
f 1799//1632 4080//1633 1800//1634
f 1800//1634 4080//1633 5328//1635
f 1800//1634 5328//1635 1801//1636
f 1801//1636 5328//1635 5241//1637
f 1801//1636 5241//1637 1802//1638
f 1802//1638 5241//1637 5329//1639
f 1802//1638 5329//1639 1803//1640
f 1803//1640 5329//1639 4186//1641
f 1803//1640 4186//1641 4084//1642
f 4084//1642 4236//1643 1803//1640
f 1803//1640 4236//1643 4235//1644
f 1803//1640 4235//1644 1802//1638
f 1802//1638 4235//1644 4232//1645
f 1802//1638 4232//1645 1801//1636
f 1801//1636 4232//1645 4226//1646
f 1801//1636 4226//1646 1800//1634
f 1800//1634 4226//1646 4071//1647
f 1800//1634 4071//1647 1799//1632
f 1799//1632 4071//1647 4225//1631
s 991
f 4501//1648 4418//1649 1804//1650
f 1804//1650 4418//1649 5171//1651
f 1804//1650 5171//1651 4122//1652
f 1804//1650 4122//1652 1805//1653
f 1805//1653 4122//1652 5336//1654
f 1805//1653 5336//1654 1806//1655
f 1806//1655 5336//1654 5177//1656
f 1806//1655 5177//1656 1807//1657
f 1807//1657 5177//1656 5337//1658
f 1807//1657 5337//1658 1808//1659
f 1808//1659 5337//1658 5338//1660
f 1808//1659 5338//1660 4612//1628
f 4612//1628 4248//1630 1808//1659
f 1808//1659 4248//1630 4247//1661
f 1808//1659 4247//1661 1807//1657
f 1807//1657 4247//1661 4245//1662
f 1807//1657 4245//1662 1806//1655
f 1806//1655 4245//1662 4649//1663
f 1806//1655 4649//1663 1805//1653
f 1805//1653 4649//1663 4244//1664
f 1805//1653 4244//1664 1804//1650
f 1804//1650 4244//1664 4501//1648
f 5330//1665 5171//1651 4240//1665
f 4240//1665 5171//1651 4418//1649
s 990
f 4084//1642 5331//1666 4236//1643
f 4236//1643 5331//1666 4241//1666
s 0
f 1809//1332 1810//1332 1811//1332
f 1811//1332 1810//1332 1812//1332
f 1811//1332 1812//1332 1813//1332
f 1809//1332 1814//1332 1810//1332
f 1810//1332 1814//1332 1815//1332
f 1810//1332 1815//1332 1816//1332
f 1816//1332 1817//1332 1810//1332
f 1810//1332 1817//1332 1818//1332
f 1818//1332 1817//1332 1819//1332
f 1818//1332 1819//1332 1820//1332
f 1820//1332 1819//1332 1821//1332
f 1820//1332 1821//1332 1822//1332
f 1822//1332 1821//1332 1823//1332
f 1822//1332 1823//1332 1824//1332
f 1824//1332 1823//1332 1825//1332
f 1824//1332 1825//1332 1826//1332
f 1826//1332 1825//1332 1827//1332
f 1826//1332 1827//1332 1828//1332
f 1828//1332 1827//1332 1829//1332
f 1828//1332 1829//1332 1830//1332
f 1830//1332 1829//1332 1831//1332
f 1831//1332 1829//1332 1832//1332
f 1831//1332 1832//1332 1833//1332
f 1833//1332 1834//1332 1831//1332
f 1831//1332 1834//1332 1835//1332
f 1831//1332 1835//1332 1836//1332
f 1831//1332 1836//1332 1837//1332
f 1837//1332 1836//1332 1838//1332
f 1837//1332 1838//1332 1839//1332
f 1839//1332 1838//1332 1840//1332
f 1839//1332 1840//1332 1841//1332
f 1841//1332 1840//1332 1842//1332
f 1841//1332 1842//1332 1843//1332
f 1843//1332 1842//1332 1844//1332
f 1843//1332 1844//1332 1845//1332
f 1845//1332 1844//1332 1846//1332
f 1845//1332 1846//1332 1847//1332
f 1847//1332 1846//1332 1848//1332
f 1847//1332 1848//1332 1849//1332
f 1849//1332 1848//1332 1850//1332
f 1850//1332 1848//1332 1851//1332
f 1850//1332 1851//1332 1852//1332
f 1852//1332 1853//1332 1850//1332
f 1850//1332 1853//1332 1854//1332
f 1850//1332 1854//1332 1855//1332
f 1850//1332 1855//1332 1856//1332
f 1856//1332 1855//1332 1857//1332
f 1856//1332 1857//1332 1858//1332
f 1858//1332 1857//1332 1859//1332
f 1858//1332 1859//1332 1860//1332
f 1860//1332 1859//1332 1861//1332
f 1860//1332 1861//1332 1862//1332
f 1862//1332 1861//1332 1863//1332
f 1862//1332 1863//1332 1864//1332
f 1864//1332 1863//1332 1865//1332
f 1865//1332 1863//1332 1866//1332
f 1865//1332 1866//1332 1867//1332
f 1867//1332 1866//1332 1868//1332
f 1867//1332 1868//1332 1869//1332
f 1869//1332 1868//1332 1870//1332
f 1869//1332 1870//1332 1871//1332
f 1871//1332 1872//1332 1869//1332
f 1869//1332 1872//1332 1873//1332
f 1869//1332 1873//1332 1874//1332
f 1869//1332 1874//1332 1875//1332
f 1875//1332 1874//1332 1876//1332
f 1875//1332 1876//1332 1877//1332
f 1877//1332 1876//1332 1878//1332
f 1877//1332 1878//1332 1879//1332
f 1879//1332 1878//1332 1880//1332
f 1879//1332 1880//1332 1881//1332
f 1881//1332 1880//1332 1882//1332
f 1882//1332 1880//1332 1883//1332
f 1882//1332 1883//1332 1884//1332
f 1884//1332 1883//1332 1885//1332
f 1884//1332 1885//1332 1886//1332
f 1886//1332 1885//1332 1887//1332
s 1069
f 1886//1332 1887//1332 1888//1332
s 0
f 1888//1332 1887//1332 1889//1332
f 1888//1332 1889//1332 1890//1332
f 1890//1332 1891//1332 1888//1332
f 1888//1332 1891//1332 1892//1332
s 1074
f 1888//1332 1892//1332 1893//1332
s 0
f 1888//1332 1893//1332 1894//1332
f 1894//1332 1893//1332 1895//1332
f 1894//1332 1895//1332 1896//1332
f 1896//1332 1895//1332 1897//1332
f 1896//1332 1897//1332 1898//1332
f 1898//1332 1897//1332 1899//1332
f 1899//1332 1897//1332 1900//1332
f 1899//1332 1900//1332 1901//1332
f 1901//1332 1900//1332 1902//1332
f 1901//1332 1902//1332 1903//1332
f 1903//1332 1902//1332 1904//1332
f 1903//1332 1904//1332 1905//1332
f 1905//1332 1904//1332 1906//1332
s 1088
f 1905//1332 1906//1332 1907//1332
s 0
f 1907//1332 1906//1332 1908//1332
f 1907//1332 1908//1332 1909//1332
s 1091
f 1909//1332 1910//1332 1907//1332
f 1907//1332 1910//1332 1911//1332
s 0
f 1907//1332 1911//1332 1912//1332
f 1913//1332 1914//1332 1912//1332
f 1912//1332 1914//1332 1915//1332
f 1912//1332 1915//1332 1907//1332
s 1096
f 1914//1332 1913//1332 1916//1332
s 0
f 1916//1332 1913//1332 1917//1332
f 1916//1332 1917//1332 1918//1332
f 1918//1332 1917//1332 1919//1332
f 1918//1332 1919//1332 1920//1332
f 1920//1332 1919//1332 1921//1332
f 1920//1332 1921//1332 1922//1332
f 1922//1332 1921//1332 1923//1332
f 1922//1332 1923//1332 1924//1332
f 1924//1332 1923//1332 1925//1332
f 1924//1332 1925//1332 1926//1332
f 1926//1332 1925//1332 1927//1332
f 1926//1332 1927//1332 1928//1332
f 1928//1332 1929//1332 1926//1332
f 1926//1332 1929//1332 1930//1332
f 1926//1332 1930//1332 1931//1332
f 1932//1332 1933//1332 1931//1332
f 1931//1332 1933//1332 1934//1332
f 1931//1332 1934//1332 1926//1332
f 1933//1332 1932//1332 1935//1332
f 1935//1332 1932//1332 1936//1332
f 1935//1332 1936//1332 1937//1332
f 1937//1332 1936//1332 1938//1332
f 1937//1332 1938//1332 1939//1332
f 1939//1332 1938//1332 1940//1332
f 1939//1332 1940//1332 1941//1332
f 1941//1332 1940//1332 1942//1332
f 1941//1332 1942//1332 1943//1332
f 1943//1332 1942//1332 1944//1332
f 1943//1332 1944//1332 1945//1332
f 1945//1332 1944//1332 1946//1332
f 1945//1332 1946//1332 1947//1332
f 1947//1332 1948//1332 1945//1332
f 1945//1332 1948//1332 1949//1332
f 1945//1332 1949//1332 1950//1332
f 1951//1332 1952//1332 1950//1332
f 1950//1332 1952//1332 1953//1332
f 1950//1332 1953//1332 1945//1332
f 1952//1332 1951//1332 1954//1332
f 1954//1332 1951//1332 1955//1332
f 1954//1332 1955//1332 1956//1332
f 1956//1332 1955//1332 1957//1332
f 1956//1332 1957//1332 1958//1332
f 1958//1332 1957//1332 1959//1332
f 1958//1332 1959//1332 1960//1332
f 1960//1332 1959//1332 1961//1332
f 1960//1332 1961//1332 1962//1332
f 1962//1332 1961//1332 1963//1332
f 1962//1332 1963//1332 1964//1332
f 1964//1332 1963//1332 1965//1332
f 1964//1332 1965//1332 1966//1332
f 1966//1332 1967//1332 1964//1332
f 1964//1332 1967//1332 1968//1332
f 1964//1332 1968//1332 1969//1332
f 1969//1332 1968//1332 1970//1332
f 1969//1332 1970//1332 1971//1332
f 1971//1332 1970//1332 1972//1332
f 1971//1332 1972//1332 1973//1332
f 1973//1332 1972//1332 1974//1332
f 1973//1332 1974//1332 1975//1332
f 1975//1332 1974//1332 1976//1332
f 1975//1332 1976//1332 1977//1332
f 1977//1332 1976//1332 1978//1332
f 1977//1332 1978//1332 1979//1332
f 1979//1332 1978//1332 1980//1332
f 1979//1332 1980//1332 1981//1332
f 1981//1332 1980//1332 1982//1332
f 1981//1332 1982//1332 1983//1332
f 1983//1332 1982//1332 1984//1332
f 1983//1332 1984//1332 1985//1332
f 1985//1332 1986//1332 1983//1332
f 1983//1332 1986//1332 1987//1332
f 1983//1332 1987//1332 1988//1332
f 1988//1332 1987//1332 1989//1332
f 1988//1332 1989//1332 1990//1332
s 1171
f 1990//1332 1989//1332 1991//1332
s 0
f 1990//1332 1991//1332 1992//1332
f 1992//1332 1991//1332 1993//1332
f 1992//1332 1993//1332 1994//1332
f 1994//1332 1993//1332 1995//1332
f 1994//1332 1995//1332 1996//1332
f 1996//1332 1995//1332 1997//1332
f 1996//1332 1997//1332 1998//1332
f 1998//1332 1997//1332 1999//1332
f 1998//1332 1999//1332 2000//1332
f 2000//1332 1999//1332 2001//1332
f 2000//1332 2001//1332 2002//1332
f 2002//1332 2001//1332 2003//1332
f 2002//1332 2003//1332 2004//1332
f 2004//1332 2005//1332 2002//1332
f 2002//1332 2005//1332 2006//1332
f 2002//1332 2006//1332 2007//1332
f 2007//1332 2006//1332 2008//1332
f 2007//1332 2008//1332 2009//1332
f 2009//1332 2008//1332 2010//1332
f 2009//1332 2010//1332 2011//1332
f 2011//1332 2010//1332 2012//1332
f 2011//1332 2012//1332 2013//1332
f 2013//1332 2012//1332 2014//1332
f 2013//1332 2014//1332 2015//1332
f 2015//1332 2014//1332 2016//1332
f 2015//1332 2016//1332 2017//1332
f 2017//1332 2016//1332 2018//1332
f 2017//1332 2018//1332 2019//1332
f 2019//1332 2018//1332 2020//1332
f 2019//1332 2020//1332 2021//1332
f 2021//1332 2020//1332 2022//1332
f 2021//1332 2022//1332 2023//1332
f 2023//1332 2024//1332 2021//1332
f 2021//1332 2024//1332 2025//1332
f 2021//1332 2025//1332 2026//1332
f 2026//1332 2025//1332 2027//1332
f 2026//1332 2027//1332 2028//1332
f 2028//1332 2027//1332 2029//1332
f 2028//1332 2029//1332 2030//1332
f 2030//1332 2029//1332 2031//1332
f 2030//1332 2031//1332 2032//1332
f 2032//1332 2031//1332 2033//1332
f 2032//1332 2033//1332 2034//1332
f 2034//1332 2033//1332 2035//1332
f 2034//1332 2035//1332 2036//1332
f 2036//1332 2035//1332 2037//1332
f 2036//1332 2037//1332 2038//1332
f 2038//1332 2037//1332 2039//1332
f 2038//1332 2039//1332 2040//1332
f 2040//1332 2039//1332 2041//1332
f 2040//1332 2041//1332 2042//1332
f 2042//1332 2043//1332 2040//1332
s 1224
f 2040//1332 2043//1332 2044//1332
s 0
f 2040//1332 2044//1332 2045//1332
f 2045//1332 2044//1332 2046//1332
f 2045//1332 2046//1332 2047//1332
f 2047//1332 2046//1332 2048//1332
f 2047//1332 2048//1332 2049//1332
f 2049//1332 2048//1332 2050//1332
f 2049//1332 2050//1332 2051//1332
f 2051//1332 2050//1332 2052//1332
f 2051//1332 2052//1332 2053//1332
f 2053//1332 2052//1332 2054//1332
f 2053//1332 2054//1332 2055//1332
f 2055//1332 2054//1332 2056//1332
f 2055//1332 2056//1332 2057//1332
f 2057//1332 2056//1332 2058//1332
f 2057//1332 2058//1332 2059//1332
f 2059//1332 2058//1332 2060//1332
f 2059//1332 2060//1332 2061//1332
s 1242
f 2061//1332 2062//1332 2059//1332
f 2059//1332 2062//1332 2063//1332
s 0
f 2059//1332 2063//1332 2064//1332
f 2064//1332 2063//1332 2065//1332
f 2064//1332 2065//1332 2066//1332
f 2066//1332 2065//1332 2067//1332
f 2066//1332 2067//1332 2068//1332
s 1248
f 2068//1332 2067//1332 2069//1332
s 0
f 2068//1332 2069//1332 2070//1332
f 2070//1332 2069//1332 2071//1332
f 2070//1332 2071//1332 2072//1332
f 2072//1332 2071//1332 2073//1332
f 2072//1332 2073//1332 2074//1332
f 2074//1332 2073//1332 2075//1332
f 2074//1332 2075//1332 2076//1332
f 2076//1332 2075//1332 2077//1332
f 2076//1332 2077//1332 2078//1332
f 2078//1332 2077//1332 2079//1332
f 2078//1332 2079//1332 2080//1332
f 2080//1332 2081//1332 2078//1332
f 2078//1332 2081//1332 2082//1332
f 2078//1332 2082//1332 2083//1332
f 2083//1332 2082//1332 2084//1332
f 2083//1332 2084//1332 2085//1332
f 2085//1332 2084//1332 2086//1332
f 2085//1332 2086//1332 2087//1332
f 2087//1332 2086//1332 2088//1332
f 2087//1332 2088//1332 2089//1332
f 2089//1332 2088//1332 2090//1332
f 2089//1332 2090//1332 2091//1332
s 1271
f 2091//1332 2090//1332 2092//1332
s 0
f 2091//1332 2092//1332 1813//1332
f 1813//1332 2092//1332 1811//1332
s 1274
f 4552//1168 4353//1169 4215//1170
f 4215//1170 4353//1169 3857//1171
f 4215//1170 3857//1171 4553//1172
f 4553//1172 3857//1171 4354//1173
f 4553//1172 4354//1173 4568//1174
f 4568//1174 4354//1173 3859//1175
f 4568//1174 3859//1175 4229//1176
f 4229//1176 3859//1175 3861//1177
f 4229//1176 3861//1177 4575//1178
f 4575//1178 3861//1177 3863//1179
f 4575//1178 3863//1179 4535//1180
f 4535//1180 3863//1179 3869//1181
f 4535//1180 3869//1181 4776//1182
f 4776//1182 3869//1181 3872//1183
f 4776//1182 3872//1183 5284//1184
f 5284//1184 3872//1183 4027//1185
f 5284//1184 4027//1185 4634//1186
f 4634//1186 4027//1185 3875//1187
f 4634//1186 3875//1187 4074//1188
f 4074//1188 3875//1187 3877//1189
f 4074//1188 3877//1189 4309//1190
f 4309//1190 3877//1189 3882//1191
f 4309//1190 3882//1191 4329//1192
f 4329//1192 3882//1191 3884//1193
f 4329//1192 3884//1193 4591//1194
f 4591//1194 3884//1193 3886//1195
f 4591//1194 3886//1195 5144//1196
f 5144//1196 3886//1195 4514//1197
f 5144//1196 4514//1197 4599//1198
f 4599//1198 4514//1197 3888//1199
f 4599//1198 3888//1199 4402//1200
f 4402//1200 3888//1199 5042//1201
f 4402//1200 5042//1201 4572//1202
f 4572//1202 5042//1201 3890//1203
f 4572//1202 3890//1203 4268//1204
f 4268//1204 3890//1203 3893//1205
f 4268//1204 3893//1205 4900//1206
f 4900//1206 3893//1205 4377//1207
f 4900//1206 4377//1207 4127//1208
f 4127//1208 4377//1207 3897//1209
f 4127//1208 3897//1209 4643//1210
f 4643//1210 3897//1209 4503//1211
f 4643//1210 4503//1211 4209//1212
f 4209//1212 4503//1211 4805//1213
f 4209//1212 4805//1213 4624//1214
f 4624//1214 4805//1213 3902//1215
f 4624//1214 3902//1215 4333//1216
f 4333//1216 3902//1215 4024//1217
f 4333//1216 4024//1217 4627//1218
f 4627//1218 4024//1217 3904//1219
f 4627//1218 3904//1219 4603//1667
f 4603//1667 3904//1219 3906//1221
f 4603//1667 3906//1221 4647//1222
f 4647//1222 3906//1221 4948//1223
f 4647//1222 4948//1223 4527//1224
f 4527//1224 4948//1223 3910//1225
f 4527//1224 3910//1225 4086//1226
f 4086//1226 3910//1225 3912//1227
f 4086//1226 3912//1227 4832//1228
f 4832//1228 3912//1227 4916//1229
f 4832//1228 4916//1229 4659//1230
f 4659//1230 4916//1229 4622//1231
f 4659//1230 4622//1231 4343//1232
f 4343//1232 4622//1231 3919//1233
f 4343//1232 3919//1233 4367//1234
f 4367//1234 3919//1233 3922//1235
f 4367//1234 3922//1235 4666//1236
f 4666//1236 3922//1235 4033//1237
f 4666//1236 4033//1237 4765//1238
f 4765//1238 4033//1237 3925//1239
f 4765//1238 3925//1239 4384//1240
f 4384//1240 3925//1239 3927//1241
f 4384//1240 3927//1241 4433//1242
f 4433//1242 3927//1241 3930//1243
f 4433//1242 3930//1243 4392//1244
f 4392//1244 3930//1243 3932//1245
f 4392//1244 3932//1245 4381//1246
f 4381//1246 3932//1245 5221//1247
f 4381//1246 5221//1247 4680//1248
f 4680//1248 5221//1247 3937//1249
f 4680//1248 3937//1249 4250//1250
f 4250//1250 3937//1249 3939//1251
f 4250//1250 3939//1251 4653//1252
f 4653//1252 3939//1251 3946//1253
f 4653//1252 3946//1253 4061//1254
f 4061//1254 3946//1253 3948//1255
f 4061//1254 3948//1255 4561//1256
f 4561//1256 3948//1255 5092//1257
f 4561//1256 5092//1257 4516//1258
f 4516//1258 5092//1257 3952//1259
f 4516//1258 3952//1259 4238//1260
f 4238//1260 3952//1259 4420//1261
f 4238//1260 4420//1261 4505//1262
f 4505//1262 4420//1261 3989//1263
f 4505//1262 3989//1263 4096//1264
f 4096//1264 3989//1263 4907//1265
f 4096//1264 4907//1265 4687//1266
f 4687//1266 4907//1265 3954//1267
f 4687//1266 3954//1267 4327//1268
f 4327//1268 3954//1267 3956//1269
f 4327//1268 3956//1269 4313//1270
f 4313//1270 3956//1269 3959//1271
f 4313//1270 3959//1271 4873//1272
f 4873//1272 3959//1271 3962//1273
f 4873//1272 3962//1273 4636//1274
f 4636//1274 3962//1273 3964//1275
f 4636//1274 3964//1275 4696//1276
f 4696//1276 3964//1275 3967//1277
f 4696//1276 3967//1277 4589//1278
f 4589//1278 3967//1277 4746//1279
f 4589//1278 4746//1279 5311//1280
f 5311//1280 4746//1279 3971//1281
f 5311//1280 3971//1281 4701//1282
f 4701//1282 3971//1281 3973//1283
f 4701//1282 3973//1283 4422//1284
f 4422//1284 3973//1283 3975//1285
f 4422//1284 3975//1285 4057//1286
f 4057//1286 3975//1285 3977//1287
f 4057//1286 3977//1287 4704//1288
f 4704//1288 3977//1287 3979//1289
f 4704//1288 3979//1289 4799//1290
f 4799//1290 3979//1289 3982//1291
f 4799//1290 3982//1291 4706//1292
f 4706//1292 3982//1291 4793//1293
f 4706//1292 4793//1293 4708//1294
f 4708//1294 4793//1293 3985//1295
f 4708//1294 3985//1295 4677//1296
f 4677//1296 3985//1295 4558//1297
f 4677//1296 4558//1297 4482//1298
f 4482//1298 4558//1297 3992//1299
f 4482//1298 3992//1299 4710//1300
f 4710//1300 3992//1299 4717//1301
f 4710//1300 4717//1301 4429//1302
f 4429//1302 4717//1301 3996//1303
f 4429//1302 3996//1303 4673//1304
f 4673//1304 3996//1303 3999//1305
f 4673//1304 3999//1305 4618//1306
f 4618//1306 3999//1305 4001//1307
f 4618//1306 4001//1307 5225//1668
f 5225//1668 4001//1307 4005//1309
f 5225//1668 4005//1309 5217//1310
f 5217//1310 4005//1309 4278//1311
f 5217//1310 4278//1311 4720//1312
f 4720//1312 4278//1311 4586//1313
f 4720//1312 4586//1313 4390//1314
f 4390//1314 4586//1313 4008//1315
f 4390//1314 4008//1315 4594//1316
f 4594//1316 4008//1315 4010//1317
f 4594//1316 4010//1317 4570//1318
f 4570//1318 4010//1317 4013//1319
f 4570//1318 4013//1319 4394//1320
f 4394//1320 4013//1319 4541//1321
f 4394//1320 4541//1321 4728//1322
f 4728//1322 4541//1321 4016//1323
f 4728//1322 4016//1323 4157//1324
f 4157//1324 4016//1323 4035//1325
f 4157//1324 4035//1325 5288//1326
f 5288//1326 4035//1325 4307//1327
f 5288//1326 4307//1327 4730//1328
f 4730//1328 4307//1327 5358//1329
f 4730//1328 5358//1329 4304//1330
f 4304//1330 5358//1329 4774//1331
f 4304//1330 4774//1331 4331//1004
f 4331//1004 4774//1331 4025//1005
f 4331//1004 4025//1005 4301//1006
f 4301//1006 4025//1005 4019//1007
f 4301//1006 4019//1007 4330//1008
f 4330//1008 4019//1007 4022//1009
f 4330//1008 4022//1009 4303//1010
f 4303//1010 4022//1009 4773//1011
f 4303//1010 4773//1011 4729//1012
f 4729//1012 4773//1011 5357//1013
f 4729//1012 5357//1013 5287//1014
f 5287//1014 5357//1013 4306//1015
f 5287//1014 4306//1015 4156//1016
f 4156//1016 4306//1015 4034//1017
f 4156//1016 4034//1017 4727//1018
f 4727//1018 4034//1017 4015//1019
f 4727//1018 4015//1019 4393//1669
f 4393//1669 4015//1019 4540//1021
f 4393//1669 4540//1021 4569//1022
f 4569//1022 4540//1021 4012//1023
f 4569//1022 4012//1023 4593//1024
f 4593//1024 4012//1023 4009//1025
f 4593//1024 4009//1025 4389//1026
f 4389//1026 4009//1025 4007//1027
f 4389//1026 4007//1027 4719//1028
f 4719//1028 4007//1027 4585//1029
f 4719//1028 4585//1029 5216//1030
f 5216//1030 4585//1029 4277//1031
f 5216//1030 4277//1031 5224//1670
f 5224//1670 4277//1031 4002//1671
f 5224//1670 4002//1671 4617//1034
f 4617//1034 4002//1671 4000//1035
f 4617//1034 4000//1035 4672//1036
f 4672//1036 4000//1035 3998//1037
f 4672//1036 3998//1037 4428//1038
f 4428//1038 3998//1037 3995//1039
f 4428//1038 3995//1039 4709//1040
f 4709//1040 3995//1039 4716//1041
f 4709//1040 4716//1041 4481//1042
f 4481//1042 4716//1041 3991//1043
f 4481//1042 3991//1043 4676//1044
f 4676//1044 3991//1043 4557//1045
f 4676//1044 4557//1045 4707//1046
f 4707//1046 4557//1045 3984//1047
f 4707//1046 3984//1047 4705//1048
f 4705//1048 3984//1047 4792//1049
f 4705//1048 4792//1049 4798//1050
f 4798//1050 4792//1049 3981//1051
f 4798//1050 3981//1051 4703//1052
f 4703//1052 3981//1051 3978//1053
f 4703//1052 3978//1053 4056//1054
f 4056//1054 3978//1053 3976//1055
f 4056//1054 3976//1055 4421//1056
f 4421//1056 3976//1055 3974//1057
f 4421//1056 3974//1057 4700//1058
f 4700//1058 3974//1057 3972//1059
f 4700//1058 3972//1059 5310//1060
f 5310//1060 3972//1059 3970//1061
f 5310//1060 3970//1061 4588//1062
f 4588//1062 3970//1061 4745//1063
f 4588//1062 4745//1063 4695//1064
f 4695//1064 4745//1063 3966//1065
f 4695//1064 3966//1065 4635//1066
f 4635//1066 3966//1065 3963//1067
f 4635//1066 3963//1067 4872//1068
f 4872//1068 3963//1067 3961//1069
f 4872//1068 3961//1069 4312//1070
f 4312//1070 3961//1069 3958//1071
f 4312//1070 3958//1071 4326//1072
f 4326//1072 3958//1071 3955//1073
f 4326//1072 3955//1073 4686//1074
f 4686//1074 3955//1073 3953//1075
f 4686//1074 3953//1075 4095//1076
f 4095//1076 3953//1075 4906//1077
f 4095//1076 4906//1077 4504//1078
f 4504//1078 4906//1077 3988//1079
f 4504//1078 3988//1079 4237//1080
f 4237//1080 3988//1079 4419//1081
f 4237//1080 4419//1081 4515//1082
f 4515//1082 4419//1081 3951//1083
f 4515//1082 3951//1083 4560//1084
f 4560//1084 3951//1083 5091//1085
f 4560//1084 5091//1085 4060//1086
f 4060//1086 5091//1085 3947//1087
f 4060//1086 3947//1087 4650//1088
f 4650//1088 3947//1087 3942//1089
f 4650//1088 3942//1089 4249//1090
f 4249//1090 3942//1089 3938//1091
f 4249//1090 3938//1091 4679//1092
f 4679//1092 3938//1091 3936//1093
f 4679//1092 3936//1093 4380//1094
f 4380//1094 3936//1093 5220//1095
f 4380//1094 5220//1095 4391//1096
f 4391//1096 5220//1095 3931//1097
f 4391//1096 3931//1097 4432//1098
f 4432//1098 3931//1097 3928//1099
f 4432//1098 3928//1099 4383//1100
f 4383//1100 3928//1099 3926//1101
f 4383//1100 3926//1101 4764//1102
f 4764//1102 3926//1101 3924//1103
f 4764//1102 3924//1103 4665//1104
f 4665//1104 3924//1103 4032//1105
f 4665//1104 4032//1105 4366//1106
f 4366//1106 4032//1105 3921//1107
f 4366//1106 3921//1107 4342//1108
f 4342//1108 3921//1107 3918//1109
f 4342//1108 3918//1109 4658//1110
f 4658//1110 3918//1109 4621//1111
f 4658//1110 4621//1111 4831//1112
f 4831//1112 4621//1111 4915//1113
f 4831//1112 4915//1113 4085//1114
f 4085//1114 4915//1113 3911//1115
f 4085//1114 3911//1115 4526//1116
f 4526//1116 3911//1115 3909//1117
f 4526//1116 3909//1117 4646//1118
f 4646//1118 3909//1117 4947//1119
f 4646//1118 4947//1119 4602//1120
f 4602//1120 4947//1119 3905//1121
f 4602//1120 3905//1121 4626//1672
f 4626//1672 3905//1121 3903//1123
f 4626//1672 3903//1123 4332//1124
f 4332//1124 3903//1123 4023//1125
f 4332//1124 4023//1125 4623//1673
f 4623//1673 4023//1125 3901//1127
f 4623//1673 3901//1127 4208//1128
f 4208//1128 3901//1127 4804//1129
f 4208//1128 4804//1129 4642//1130
f 4642//1130 4804//1129 4502//1131
f 4642//1130 4502//1131 4126//1132
f 4126//1132 4502//1131 3896//1133
f 4126//1132 3896//1133 4899//1134
f 4899//1134 3896//1133 4376//1135
f 4899//1134 4376//1135 4267//1136
f 4267//1136 4376//1135 3892//1137
f 4267//1136 3892//1137 4571//1138
f 4571//1138 3892//1137 3889//1139
f 4571//1138 3889//1139 4401//1140
f 4401//1140 3889//1139 5041//1141
f 4401//1140 5041//1141 4598//1142
f 4598//1142 5041//1141 3887//1143
f 4598//1142 3887//1143 5143//1144
f 5143//1144 3887//1143 4513//1145
f 5143//1144 4513//1145 4590//1146
f 4590//1146 4513//1145 3885//1147
f 4590//1146 3885//1147 4328//1148
f 4328//1148 3885//1147 3883//1149
f 4328//1148 3883//1149 4308//1150
f 4308//1150 3883//1149 3881//1151
f 4308//1150 3881//1151 4073//1152
f 4073//1152 3881//1151 3876//1153
f 4073//1152 3876//1153 4633//1154
f 4633//1154 3876//1153 3874//1155
f 4633//1154 3874//1155 5283//1156
f 5283//1156 3874//1155 4026//1157
f 5283//1156 4026//1157 4775//1158
f 4775//1158 4026//1157 3871//1159
f 4775//1158 3871//1159 4534//1160
f 4534//1160 3871//1159 3868//1161
f 4534//1160 3868//1161 4574//1162
f 4574//1162 3868//1161 3862//1163
f 4574//1162 3862//1163 4228//1164
f 4228//1164 3862//1163 3860//1165
f 4228//1164 3860//1165 4567//1166
f 4567//1166 3860//1165 3858//1167
f 4567//1166 3858//1167 4552//1168
f 4552//1168 3858//1167 4353//1169
s 1275
f 2093//1674 2094//1675 2095//1676
f 2095//1676 2094//1675 2096//1677
f 2095//1676 2096//1677 2097//1678
f 2097//1678 2096//1677 2098//1679
f 2097//1678 2098//1679 2099//1680
f 2099//1680 2098//1679 2100//1681
f 2099//1680 2100//1681 2101//1682
f 2101//1682 2100//1681 2102//1683
f 2101//1682 2102//1683 2103//1684
f 2103//1684 2102//1683 2104//1685
f 2103//1684 2104//1685 2105//1686
f 2103//1684 2105//1686 2106//1687
f 2106//1687 2105//1686 2107//1688
f 2106//1687 2107//1688 2108//1689
f 2108//1689 2107//1688 2109//1690
f 2108//1689 2109//1690 2110//1691
f 2110//1691 2109//1690 2111//1692
f 2110//1691 2111//1692 2112//1693
f 2112//1693 2111//1692 2113//1694
f 2112//1693 2113//1694 2114//1695
f 2114//1695 2113//1694 2115//1696
f 2114//1695 2115//1696 2116//1697
f 2116//1697 2115//1696 2117//1698
f 2116//1697 2117//1698 2118//1699
f 2118//1699 2117//1698 2119//1700
f 2118//1699 2119//1700 2120//1701
f 2120//1701 2119//1700 2121//1702
f 2120//1701 2121//1702 2122//1703
f 2122//1703 2121//1702 2123//1704
f 2122//1703 2123//1704 2124//1705
f 2124//1705 2123//1704 2125//1706
f 2124//1705 2125//1706 2126//1707
f 2126//1707 2125//1706 2127//1708
f 2126//1707 2127//1708 2128//1709
f 2128//1709 2127//1708 2129//1710
f 2128//1709 2129//1710 2130//1711
f 2130//1711 2129//1710 2131//1712
f 2130//1711 2131//1712 2132//1713
f 2132//1713 2131//1712 2133//1714
f 2132//1713 2133//1714 2134//1715
f 2134//1715 2133//1714 2135//1716
f 2135//1716 2133//1714 2136//1717
f 2135//1716 2136//1717 2137//1718
f 2137//1718 2136//1717 2138//1719
f 2137//1718 2138//1719 2139//1720
f 2139//1720 2138//1719 2140//1721
f 2139//1720 2140//1721 2141//1722
f 2141//1722 2140//1721 2142//1723
f 2141//1722 2142//1723 2143//1724
f 2143//1724 2142//1723 2144//1725
f 2143//1724 2144//1725 2145//1726
f 2145//1726 2144//1725 2146//1727
f 2145//1726 2146//1727 2147//1728
f 2147//1728 2146//1727 2148//1729
f 2147//1728 2148//1729 2149//1730
f 2149//1730 2148//1729 2150//1731
f 2149//1730 2150//1731 2151//1732
f 2151//1732 2150//1731 2152//1733
f 2151//1732 2152//1733 2153//1734
f 2153//1734 2152//1733 2154//1735
f 2153//1734 2154//1735 2155//1736
f 2155//1736 2154//1735 2156//1737
f 2155//1736 2156//1737 2157//1738
f 2157//1738 2156//1737 2158//1739
f 2157//1738 2158//1739 2159//1740
f 2159//1740 2158//1739 2160//1741
f 2159//1740 2160//1741 2161//1742
f 2161//1742 2160//1741 2162//1743
f 2161//1742 2162//1743 2163//1744
f 2163//1744 2162//1743 2164//1745
f 2163//1744 2164//1745 2165//1746
f 2165//1746 2164//1745 2166//1747
f 2165//1746 2166//1747 2167//1748
f 2167//1748 2166//1747 2168//1749
f 2167//1748 2168//1749 2169//1750
f 2169//1750 2168//1749 2170//1751
f 2169//1750 2170//1751 2171//1752
f 2171//1752 2170//1751 2172//1753
f 2171//1752 2172//1753 2173//1754
f 2173//1754 2172//1753 2174//1755
f 2173//1754 2174//1755 2175//1756
f 2175//1756 2174//1755 2176//1757
f 2175//1756 2176//1757 2177//1758
f 2177//1758 2176//1757 2178//1759
f 2177//1758 2178//1759 2179//1760
f 2179//1760 2178//1759 2180//1761
f 2179//1760 2180//1761 2181//1762
f 2181//1762 2180//1761 2182//1763
f 2181//1762 2182//1763 2183//1764
f 2183//1764 2182//1763 2184//1765
f 2183//1764 2184//1765 2185//1766
f 2185//1766 2184//1765 2186//1767
f 2185//1766 2186//1767 2187//1768
f 2187//1768 2186//1767 2188//1769
f 2187//1768 2188//1769 2189//1770
f 2189//1770 2188//1769 2190//1771
f 2189//1770 2190//1771 2191//1772
f 2191//1772 2190//1771 2192//1773
f 2191//1772 2192//1773 2193//1774
f 2193//1774 2192//1773 2194//1775
f 2193//1774 2194//1775 2195//1776
f 2195//1776 2194//1775 2192//1773
f 2111//1692 2196//1777 2113//1694
f 2113//1694 2196//1777 2197//1778
f 2113//1694 2197//1778 2115//1696
f 2115//1696 2197//1778 2198//1779
f 2115//1696 2198//1779 2117//1698
f 2117//1698 2198//1779 2199//1780
f 2117//1698 2199//1780 2119//1700
f 2119//1700 2199//1780 2200//1781
f 2119//1700 2200//1781 2121//1702
f 2121//1702 2200//1781 2201//1782
f 2121//1702 2201//1782 2123//1704
f 2123//1704 2201//1782 2202//1783
f 2123//1704 2202//1783 2125//1706
f 2125//1706 2202//1783 2203//1784
f 2125//1706 2203//1784 2127//1708
f 2127//1708 2203//1784 2204//1785
f 2127//1708 2204//1785 2129//1710
f 2129//1710 2204//1785 2205//1786
f 2129//1710 2205//1786 2131//1712
f 2131//1712 2205//1786 2206//1787
f 2131//1712 2206//1787 2133//1714
f 2133//1714 2206//1787 2136//1717
f 2196//1777 2207//1788 2197//1778
f 2197//1778 2207//1788 2208//1789
f 2197//1778 2208//1789 2198//1779
f 2198//1779 2208//1789 2209//1790
f 2198//1779 2209//1790 2199//1780
f 2199//1780 2209//1790 2210//1791
f 2199//1780 2210//1791 2200//1781
f 2200//1781 2210//1791 2211//1792
f 2200//1781 2211//1792 2201//1782
f 2201//1782 2211//1792 2212//1793
f 2201//1782 2212//1793 2202//1783
f 2202//1783 2212//1793 2213//1794
f 2202//1783 2213//1794 2203//1784
f 2203//1784 2213//1794 2214//1795
f 2203//1784 2214//1795 2204//1785
f 2204//1785 2214//1795 2215//1796
f 2204//1785 2215//1796 2205//1786
f 2205//1786 2215//1796 2216//1797
f 2205//1786 2216//1797 2206//1787
f 2206//1787 2216//1797 2217//1798
f 2206//1787 2217//1798 2136//1717
f 2136//1717 2217//1798 2138//1719
f 2207//1788 2218//1799 2208//1789
f 2208//1789 2218//1799 2219//1800
f 2208//1789 2219//1800 2209//1790
f 2209//1790 2219//1800 2220//1801
f 2209//1790 2220//1801 2210//1791
f 2210//1791 2220//1801 2221//1802
f 2210//1791 2221//1802 2211//1792
f 2211//1792 2221//1802 2222//1803
f 2211//1792 2222//1803 2212//1793
f 2212//1793 2222//1803 2223//1804
f 2212//1793 2223//1804 2213//1794
f 2213//1794 2223//1804 2224//1805
f 2213//1794 2224//1805 2214//1795
f 2214//1795 2224//1805 2225//1806
f 2214//1795 2225//1806 2215//1796
f 2215//1796 2225//1806 2226//1807
f 2215//1796 2226//1807 2216//1797
f 2216//1797 2226//1807 2227//1808
f 2216//1797 2227//1808 2217//1798
f 2217//1798 2227//1808 2140//1721
f 2217//1798 2140//1721 2138//1719
f 2218//1799 2228//1809 2219//1800
f 2219//1800 2228//1809 2229//1810
f 2219//1800 2229//1810 2220//1801
f 2220//1801 2229//1810 2230//1811
f 2220//1801 2230//1811 2221//1802
f 2221//1802 2230//1811 2231//1812
f 2221//1802 2231//1812 2222//1803
f 2222//1803 2231//1812 2232//1813
f 2222//1803 2232//1813 2223//1804
f 2223//1804 2232//1813 2233//1814
f 2223//1804 2233//1814 2224//1805
f 2224//1805 2233//1814 2234//1815
f 2224//1805 2234//1815 2225//1806
f 2225//1806 2234//1815 2235//1816
f 2225//1806 2235//1816 2226//1807
f 2226//1807 2235//1816 2236//1817
f 2226//1807 2236//1817 2227//1808
f 2227//1808 2236//1817 2142//1723
f 2227//1808 2142//1723 2140//1721
f 2230//1811 2229//1810 2237//1818
f 2237//1818 2229//1810 2238//1819
f 2237//1818 2238//1819 2230//1811
f 2230//1811 2238//1819 2239//1820
f 2230//1811 2239//1820 2240//1821
f 2240//1821 2239//1820 2241//1822
f 2240//1821 2241//1822 2242//1823
f 2242//1823 2241//1822 2243//1824
f 2242//1823 2243//1824 2244//1825
f 2244//1825 2243//1824 2245//1826
f 2244//1825 2245//1826 2246//1827
f 2246//1827 2245//1826 2247//1828
f 2246//1827 2247//1828 2248//1829
f 2248//1829 2247//1828 2249//1830
f 2248//1829 2249//1830 2250//1831
f 2250//1831 2249//1830 2251//1832
f 2250//1831 2251//1832 2252//1833
f 2252//1833 2251//1832 2253//1834
f 2252//1833 2253//1834 2254//1835
f 2254//1835 2253//1834 2255//1836
f 2254//1835 2255//1836 2256//1837
f 2256//1837 2255//1836 2160//1741
f 2256//1837 2160//1741 2158//1739
f 2253//1834 2257//1838 2255//1836
f 2255//1836 2257//1838 2160//1741
f 2257//1838 2162//1743 2160//1741
f 2258//1839 2259//1840 2195//1776
f 2195//1776 2259//1840 2260//1841
f 2195//1776 2260//1841 2193//1774
f 2193//1774 2260//1841 2261//1842
f 2193//1774 2261//1842 2262//1843
f 2262//1843 2261//1842 2263//1844
f 2262//1843 2263//1844 2264//1845
f 2264//1845 2263//1844 2265//1846
f 2264//1845 2265//1846 2266//1847
f 2266//1847 2265//1846 2267//1848
f 2266//1847 2267//1848 2268//1849
f 2268//1849 2267//1848 2269//1850
f 2268//1849 2269//1850 2270//1851
f 2270//1851 2269//1850 2271//1852
f 2270//1851 2271//1852 2272//1853
f 2272//1853 2271//1852 2273//1854
f 2272//1853 2273//1854 2274//1855
f 2274//1855 2273//1854 2275//1856
f 2274//1855 2275//1856 2276//1857
f 2276//1857 2275//1856 2277//1858
f 2276//1857 2277//1858 2278//1859
f 2278//1859 2277//1858 2279//1860
f 2278//1859 2279//1860 2280//1861
f 2280//1861 2279//1860 2281//1862
f 2280//1861 2281//1862 2282//1863
f 2282//1863 2281//1862 2283//1864
f 2282//1863 2283//1864 2284//1865
f 2258//1839 2285//1866 2259//1840
f 2259//1840 2285//1866 2260//1841
f 2260//1841 2285//1866 2286//1867
f 2286//1867 2285//1866 2287//1868
f 2286//1867 2287//1868 2288//1869
f 2288//1869 2287//1868 2289//1870
f 2288//1869 2289//1870 2290//1871
f 2290//1871 2289//1870 2291//1872
f 2290//1871 2291//1872 2292//1873
f 2292//1873 2291//1872 2293//1874
f 2292//1873 2293//1874 2294//1875
f 2294//1875 2293//1874 2295//1876
f 2294//1875 2295//1876 2296//1877
f 2296//1877 2295//1876 2297//1878
f 2296//1877 2297//1878 2298//1879
f 2298//1879 2297//1878 2295//1876
f 2299//1880 2300//1881 2298//1879
f 2298//1879 2300//1881 2301//1882
f 2298//1879 2301//1882 2296//1877
f 2296//1877 2301//1882 2302//1883
f 2296//1877 2302//1883 2303//1884
f 2303//1884 2302//1883 2304//1885
f 2303//1884 2304//1885 2305//1886
f 2305//1886 2304//1885 2306//1887
f 2305//1886 2306//1887 2307//1888
f 2307//1888 2306//1887 2308//1889
f 2307//1888 2308//1889 2309//1890
f 2309//1890 2308//1889 2310//1891
f 2309//1890 2310//1891 2311//1892
f 2311//1892 2310//1891 2312//1893
f 2311//1892 2312//1893 2313//1894
f 2313//1894 2312//1893 2314//1895
f 2314//1895 2312//1893 2315//1896
f 2314//1895 2315//1896 2316//1897
f 2316//1897 2315//1896 2317//1898
f 2316//1897 2317//1898 2318//1899
f 2318//1899 2317//1898 2319//1900
f 2318//1899 2319//1900 2320//1901
f 2320//1901 2319//1900 2321//1902
f 2320//1901 2321//1902 2322//1903
f 2322//1903 2321//1902 2323//1904
f 2322//1903 2323//1904 2324//1905
f 2324//1905 2323//1904 2325//1906
f 2324//1905 2325//1906 2326//1907
f 2326//1907 2325//1906 2327//1908
f 2326//1907 2327//1908 2328//1909
f 2328//1909 2327//1908 2329//1910
f 2328//1909 2329//1910 2330//1911
f 2330//1911 2329//1910 2331//1912
f 2330//1911 2331//1912 2332//1913
f 2332//1913 2331//1912 2333//1914
f 2332//1913 2333//1914 2334//1915
f 2300//1881 2299//1880 2335//1916
f 2335//1916 2299//1880 2336//1917
f 2335//1916 2336//1917 2337//1918
f 2337//1918 2336//1917 2338//1919
f 2337//1918 2338//1919 2331//1912
f 2331//1912 2338//1919 2333//1914
f 2332//1913 2334//1915 2339//1920
f 2339//1920 2334//1915 2340//1921
f 2339//1920 2340//1921 2341//1922
f 2341//1922 2340//1921 2342//1923
f 2341//1922 2342//1923 2343//1924
f 2343//1924 2342//1923 2344//1925
f 2343//1924 2344//1925 2345//1926
f 2345//1926 2344//1925 2346//1927
f 2345//1926 2346//1927 2347//1928
f 2347//1928 2346//1927 2348//1929
f 2347//1928 2348//1929 2349//1930
f 2349//1930 2348//1929 2350//1931
f 2349//1930 2350//1931 2351//1932
f 2351//1932 2350//1931 2352//1933
f 2351//1932 2352//1933 2353//1934
f 2353//1934 2352//1933 2354//1935
f 2353//1934 2354//1935 2355//1936
f 2355//1936 2354//1935 2356//1937
f 2355//1936 2356//1937 2357//1938
f 2357//1938 2356//1937 2358//1939
f 2357//1938 2358//1939 2359//1940
f 2359//1940 2358//1939 2360//1941
f 2359//1940 2360//1941 2361//1942
f 2361//1942 2360//1941 2362//1943
f 2361//1942 2362//1943 2363//1944
f 2363//1944 2362//1943 2364//1945
f 2363//1944 2364//1945 2365//1946
f 2365//1946 2364//1945 2366//1947
f 2365//1946 2366//1947 2367//1948
f 2367//1948 2366//1947 2368//1949
f 2367//1948 2368//1949 2369//1950
f 2369//1950 2368//1949 2370//1951
f 2370//1951 2368//1949 2371//1952
f 2370//1951 2371//1952 2372//1953
f 2372//1953 2371//1952 2373//1954
f 2372//1953 2373//1954 2374//1955
f 2374//1955 2373//1954 2375//1956
f 2374//1955 2375//1956 2376//1957
f 2376//1957 2375//1956 2377//1958
f 2376//1957 2377//1958 2378//1959
f 2342//1923 2379//1960 2344//1925
f 2344//1925 2379//1960 2380//1961
f 2344//1925 2380//1961 2346//1927
f 2346//1927 2380//1961 2381//1962
f 2346//1927 2381//1962 2348//1929
f 2348//1929 2381//1962 2382//1963
f 2348//1929 2382//1963 2350//1931
f 2350//1931 2382//1963 2383//1964
f 2350//1931 2383//1964 2352//1933
f 2352//1933 2383//1964 2384//1965
f 2352//1933 2384//1965 2354//1935
f 2354//1935 2384//1965 2385//1966
f 2354//1935 2385//1966 2356//1937
f 2356//1937 2385//1966 2386//1967
f 2356//1937 2386//1967 2358//1939
f 2358//1939 2386//1967 2387//1968
f 2358//1939 2387//1968 2360//1941
f 2360//1941 2387//1968 2388//1969
f 2360//1941 2388//1969 2362//1943
f 2362//1943 2388//1969 2389//1970
f 2362//1943 2389//1970 2364//1945
f 2364//1945 2389//1970 2390//1971
f 2364//1945 2390//1971 2366//1947
f 2366//1947 2390//1971 2391//1972
f 2366//1947 2391//1972 2368//1949
f 2368//1949 2391//1972 2371//1952
f 2379//1960 2392//1973 2380//1961
f 2380//1961 2392//1973 2393//1974
f 2380//1961 2393//1974 2381//1962
f 2381//1962 2393//1974 2394//1975
f 2381//1962 2394//1975 2382//1963
f 2382//1963 2394//1975 2395//1976
f 2382//1963 2395//1976 2383//1964
f 2383//1964 2395//1976 2396//1977
f 2383//1964 2396//1977 2384//1965
f 2384//1965 2396//1977 2397//1978
f 2384//1965 2397//1978 2385//1966
f 2385//1966 2397//1978 2398//1979
f 2385//1966 2398//1979 2386//1967
f 2386//1967 2398//1979 2399//1980
f 2386//1967 2399//1980 2387//1968
f 2387//1968 2399//1980 2400//1981
f 2387//1968 2400//1981 2388//1969
f 2388//1969 2400//1981 2401//1982
f 2388//1969 2401//1982 2389//1970
f 2389//1970 2401//1982 2402//1983
f 2389//1970 2402//1983 2390//1971
f 2390//1971 2402//1983 2403//1984
f 2390//1971 2403//1984 2391//1972
f 2391//1972 2403//1984 2404//1985
f 2391//1972 2404//1985 2371//1952
f 2371//1952 2404//1985 2373//1954
f 2392//1973 2405//1986 2393//1974
f 2393//1974 2405//1986 2406//1987
f 2393//1974 2406//1987 2394//1975
f 2394//1975 2406//1987 2407//1988
f 2394//1975 2407//1988 2395//1976
f 2395//1976 2407//1988 2408//1989
f 2395//1976 2408//1989 2396//1977
f 2396//1977 2408//1989 2409//1990
f 2396//1977 2409//1990 2397//1978
f 2397//1978 2409//1990 2410//1991
f 2397//1978 2410//1991 2398//1979
f 2398//1979 2410//1991 2411//1992
f 2398//1979 2411//1992 2399//1980
f 2399//1980 2411//1992 2412//1993
f 2399//1980 2412//1993 2400//1981
f 2400//1981 2412//1993 2413//1994
f 2400//1981 2413//1994 2401//1982
f 2401//1982 2413//1994 2414//1995
f 2401//1982 2414//1995 2402//1983
f 2402//1983 2414//1995 2415//1996
f 2402//1983 2415//1996 2403//1984
f 2403//1984 2415//1996 2416//1997
f 2403//1984 2416//1997 2404//1985
f 2404//1985 2416//1997 2417//1998
f 2404//1985 2417//1998 2373//1954
f 2373//1954 2417//1998 2375//1956
f 2405//1986 2418//1999 2406//1987
f 2406//1987 2418//1999 2419//2000
f 2406//1987 2419//2000 2420//2001
f 2420//2001 2419//2000 2421//2002
f 2420//2001 2421//2002 2422//2003
f 2422//2003 2421//2002 2423//2004
f 2422//2003 2423//2004 2093//1674
f 2093//1674 2423//2004 2094//1675
f 2424//2005 2425//2006 2426//2007
f 2426//2007 2425//2006 2422//2003
f 2426//2007 2422//2003 2093//1674
f 2427//2008 2428//2009 2429//2010
f 2429//2010 2428//2009 2425//2006
f 2429//2010 2425//2006 2424//2005
f 2430//2011 2431//2012 2432//2013
f 2432//2013 2431//2012 2433//2014
f 2432//2013 2433//2014 2434//2015
f 2434//2015 2433//2014 2427//2008
f 2427//2008 2433//2014 2428//2009
f 2430//2011 2435//2016 2431//2012
f 2431//2012 2435//2016 2436//2017
f 2431//2012 2436//2017 2437//2018
f 2437//2018 2436//2017 2438//2019
f 2437//2018 2438//2019 2439//2020
f 2437//2018 2439//2020 2440//2021
f 2440//2021 2439//2020 2441//2022
f 2440//2021 2441//2022 2442//2023
f 2440//2021 2442//2023 2443//2024
f 2443//2024 2442//2023 2444//2025
f 2443//2024 2444//2025 2445//2026
f 2443//2024 2445//2026 2446//2027
f 2446//2027 2445//2026 2447//2028
f 2446//2027 2447//2028 2448//2029
f 2449//2030 2450//2031 2451//2032
f 2451//2032 2450//2031 2446//2027
f 2451//2032 2446//2027 2448//2029
f 2452//2033 2453//2034 2454//2035
f 2454//2035 2453//2034 2450//2031
f 2454//2035 2450//2031 2449//2030
f 2377//1958 2375//1956 2455//2036
f 2455//2036 2375//1956 2456//2037
f 2455//2036 2456//2037 2457//2038
f 2457//2038 2456//2037 2453//2034
f 2457//2038 2453//2034 2452//2033
f 2369//1950 2458//2039 2367//1948
f 2367//1948 2458//2039 2365//1946
f 2365//1946 2458//2039 2459//2040
f 2459//2040 2458//2039 2460//2041
f 2459//2040 2460//2041 2365//1946
f 2365//1946 2460//2041 2461//2042
f 2365//1946 2461//2042 2363//1944
f 2363//1944 2461//2042 2462//2043
f 2363//1944 2462//2043 2361//1942
f 2361//1942 2462//2043 2463//2044
f 2361//1942 2463//2044 2359//1940
f 2359//1940 2463//2044 2464//2045
f 2359//1940 2464//2045 2357//1938
f 2357//1938 2464//2045 2465//2046
f 2357//1938 2465//2046 2355//1936
f 2355//1936 2465//2046 2466//2047
f 2355//1936 2466//2047 2353//1934
f 2353//1934 2466//2047 2467//2048
f 2353//1934 2467//2048 2351//1932
f 2351//1932 2467//2048 2468//2049
f 2351//1932 2468//2049 2349//1930
f 2349//1930 2468//2049 2469//2050
f 2349//1930 2469//2050 2347//1928
f 2347//1928 2469//2050 2470//2051
f 2347//1928 2470//2051 2345//1926
f 2345//1926 2470//2051 2471//2052
f 2345//1926 2471//2052 2343//1924
f 2343//1924 2471//2052 2341//1922
f 2461//2042 2460//2041 2472//2053
f 2472//2053 2460//2041 2473//2054
f 2472//2053 2473//2054 2474//2055
f 2474//2055 2473//2054 2475//2056
f 2474//2055 2475//2056 2476//2057
f 2476//2057 2475//2056 2477//2058
f 2476//2057 2477//2058 2478//2059
f 2478//2059 2477//2058 2479//2060
f 2478//2059 2479//2060 2480//2061
f 2480//2061 2479//2060 2481//2062
f 2480//2061 2481//2062 2482//2063
f 2482//2063 2481//2062 2483//2064
f 2482//2063 2483//2064 2484//2065
f 2484//2065 2483//2064 2485//2066
f 2484//2065 2485//2066 2486//2067
f 2486//2067 2485//2066 2487//2068
f 2486//2067 2487//2068 2488//2069
f 2488//2069 2487//2068 2489//2070
f 2488//2069 2489//2070 2490//2071
f 2490//2071 2489//2070 2491//2072
f 2490//2071 2491//2072 2492//2073
f 2492//2073 2491//2072 2493//2074
f 2492//2073 2493//2074 2494//2075
f 2494//2075 2493//2074 2495//2076
f 2494//2075 2495//2076 2339//1920
f 2339//1920 2495//2076 2332//1913
f 2475//2056 2496//2077 2477//2058
f 2477//2058 2496//2077 2497//2078
f 2477//2058 2497//2078 2479//2060
f 2479//2060 2497//2078 2498//2079
f 2479//2060 2498//2079 2481//2062
f 2481//2062 2498//2079 2499//2080
f 2481//2062 2499//2080 2483//2064
f 2483//2064 2499//2080 2500//2081
f 2483//2064 2500//2081 2485//2066
f 2485//2066 2500//2081 2501//2082
f 2485//2066 2501//2082 2487//2068
f 2487//2068 2501//2082 2502//2083
f 2487//2068 2502//2083 2489//2070
f 2489//2070 2502//2083 2503//2084
f 2489//2070 2503//2084 2491//2072
f 2491//2072 2503//2084 2504//2085
f 2491//2072 2504//2085 2493//2074
f 2493//2074 2504//2085 2505//2086
f 2493//2074 2505//2086 2495//2076
f 2495//2076 2505//2086 2330//1911
f 2495//2076 2330//1911 2332//1913
f 2496//2077 2506//2087 2497//2078
f 2497//2078 2506//2087 2507//2088
f 2497//2078 2507//2088 2498//2079
f 2498//2079 2507//2088 2508//2089
f 2498//2079 2508//2089 2499//2080
f 2499//2080 2508//2089 2509//2090
f 2499//2080 2509//2090 2500//2081
f 2500//2081 2509//2090 2510//2091
f 2500//2081 2510//2091 2501//2082
f 2501//2082 2510//2091 2511//2092
f 2501//2082 2511//2092 2502//2083
f 2502//2083 2511//2092 2512//2093
f 2502//2083 2512//2093 2503//2084
f 2503//2084 2512//2093 2513//2094
f 2503//2084 2513//2094 2504//2085
f 2504//2085 2513//2094 2514//2095
f 2504//2085 2514//2095 2505//2086
f 2505//2086 2514//2095 2328//1909
f 2505//2086 2328//1909 2330//1911
f 2506//2087 2515//2096 2507//2088
f 2507//2088 2515//2096 2508//2089
f 2516//2097 2517//2098 2515//2096
f 2515//2096 2517//2098 2518//2099
f 2515//2096 2518//2099 2508//2089
f 2508//2089 2518//2099 2509//2090
f 2519//2100 2520//2101 2516//2097
f 2516//2097 2520//2101 2521//2102
f 2516//2097 2521//2102 2517//2098
f 2517//2098 2521//2102 2522//2103
f 2517//2098 2522//2103 2523//2104
f 2523//2104 2522//2103 2524//2105
f 2523//2104 2524//2105 2510//2091
f 2510//2091 2524//2105 2511//2092
f 2314//1895 2316//1897 2519//2100
f 2519//2100 2316//1897 2525//2106
f 2519//2100 2525//2106 2520//2101
f 2520//2101 2525//2106 2526//2107
f 2520//2101 2526//2107 2527//2108
f 2527//2108 2526//2107 2528//2109
f 2527//2108 2528//2109 2529//2110
f 2529//2110 2528//2109 2530//2111
f 2529//2110 2530//2111 2531//2112
f 2531//2112 2530//2111 2532//2113
f 2531//2112 2532//2113 2513//2094
f 2513//2094 2532//2113 2514//2095
f 2311//1892 2313//1894 2533//2114
f 2533//2114 2313//1894 2534//2115
f 2533//2114 2534//2115 2535//2116
f 2535//2116 2534//2115 2536//2117
f 2535//2116 2536//2117 2537//2118
f 2537//2118 2536//2117 2538//2119
f 2537//2118 2538//2119 2539//2120
f 2539//2120 2538//2119 2261//1842
f 2539//2120 2261//1842 2260//1841
f 2534//2115 2540//2121 2536//2117
f 2536//2117 2540//2121 2541//2122
f 2536//2117 2541//2122 2538//2119
f 2538//2119 2541//2122 2263//1844
f 2538//2119 2263//1844 2261//1842
f 2541//2122 2540//2121 2265//1846
f 2265//1846 2540//2121 2267//1848
f 2279//1860 2283//1864 2281//1862
f 2282//1863 2284//1865 2542//2123
f 2542//2123 2284//1865 2543//2124
f 2542//2123 2543//2124 2544//2125
f 2544//2125 2543//2124 2545//2126
f 2544//2125 2545//2126 2546//2127
f 2546//2127 2545//2126 2547//2128
f 2546//2127 2547//2128 2548//2129
f 2548//2129 2547//2128 2549//2130
f 2548//2129 2549//2130 2550//2131
f 2550//2131 2549//2130 2551//2132
f 2550//2131 2551//2132 2552//2133
f 2552//2133 2551//2132 2553//2134
f 2552//2133 2553//2134 2554//2135
f 2554//2135 2553//2134 2555//2136
f 2554//2135 2555//2136 2163//1744
f 2163//1744 2555//2136 2161//1742
f 2549//2130 2556//2137 2551//2132
f 2551//2132 2556//2137 2557//2138
f 2551//2132 2557//2138 2553//2134
f 2553//2134 2557//2138 2558//2139
f 2553//2134 2558//2139 2555//2136
f 2555//2136 2558//2139 2159//1740
f 2555//2136 2159//1740 2161//1742
f 2557//2138 2556//2137 2559//2140
f 2559//2140 2556//2137 2560//2141
f 2559//2140 2560//2141 2561//2142
f 2561//2142 2560//2141 2562//2143
f 2561//2142 2562//2143 2153//1734
f 2153//1734 2562//2143 2151//1732
f 2562//2143 2149//1730 2151//1732
f 2149//1730 2145//1726 2147//1728
f 2143//1724 2139//1720 2141//1722
f 2132//1713 2134//1715 2563//2144
f 2563//2144 2134//1715 2564//2145
f 2563//2144 2564//2145 2565//2146
f 2565//2146 2564//2145 2566//2147
f 2565//2146 2566//2147 2567//2148
f 2567//2148 2566//2147 2568//2149
f 2567//2148 2568//2149 2569//2150
f 2569//2150 2568//2149 2570//2151
f 2569//2150 2570//2151 2571//2152
f 2571//2152 2570//2151 2572//2153
f 2571//2152 2572//2153 2573//2154
f 2573//2154 2572//2153 2574//2155
f 2573//2154 2574//2155 2575//2156
f 2575//2156 2574//2155 2576//2157
f 2575//2156 2576//2157 2577//2158
f 2577//2158 2576//2157 2578//2159
f 2577//2158 2578//2159 2579//2160
f 2579//2160 2578//2159 2580//2161
f 2579//2160 2580//2161 2581//2162
f 2581//2162 2580//2161 2582//2163
f 2581//2162 2582//2163 2583//2164
f 2583//2164 2582//2163 2584//2165
f 2583//2164 2584//2165 2585//2166
f 2585//2166 2584//2165 2586//2167
f 2585//2166 2586//2167 2108//1689
f 2108//1689 2586//2167 2106//1687
f 2564//2145 2587//2168 2566//2147
f 2566//2147 2587//2168 2588//2169
f 2566//2147 2588//2169 2568//2149
f 2568//2149 2588//2169 2589//2170
f 2568//2149 2589//2170 2570//2151
f 2570//2151 2589//2170 2590//2171
f 2570//2151 2590//2171 2572//2153
f 2572//2153 2590//2171 2591//2172
f 2572//2153 2591//2172 2574//2155
f 2574//2155 2591//2172 2592//2173
f 2574//2155 2592//2173 2576//2157
f 2576//2157 2592//2173 2593//2174
f 2576//2157 2593//2174 2578//2159
f 2578//2159 2593//2174 2594//2175
f 2578//2159 2594//2175 2580//2161
f 2580//2161 2594//2175 2595//2176
f 2580//2161 2595//2176 2582//2163
f 2582//2163 2595//2176 2596//2177
f 2582//2163 2596//2177 2584//2165
f 2584//2165 2596//2177 2597//2178
f 2584//2165 2597//2178 2586//2167
f 2586//2167 2597//2178 2598//2179
f 2586//2167 2598//2179 2106//1687
f 2106//1687 2598//2179 2103//1684
f 2588//2169 2587//2168 2599//2180
f 2599//2180 2587//2168 2600//2181
f 2599//2180 2600//2181 2601//2182
f 2601//2182 2600//2181 2602//2183
f 2601//2182 2602//2183 2603//2184
f 2603//2184 2602//2183 2604//2185
f 2603//2184 2604//2185 2605//2186
f 2605//2186 2604//2185 2606//2187
f 2605//2186 2606//2187 2607//2188
f 2607//2188 2606//2187 2608//2189
f 2607//2188 2608//2189 2609//2190
f 2609//2190 2608//2189 2610//2191
f 2609//2190 2610//2191 2611//2192
f 2611//2192 2610//2191 2612//2193
f 2611//2192 2612//2193 2613//2194
f 2613//2194 2612//2193 2614//2195
f 2613//2194 2614//2195 2615//2196
f 2615//2196 2614//2195 2616//2197
f 2615//2196 2616//2197 2617//2198
f 2617//2198 2616//2197 2618//2199
f 2617//2198 2618//2199 2619//2200
f 2619//2200 2618//2199 2620//2201
f 2619//2200 2620//2201 2621//2202
f 2621//2202 2620//2201 2622//2203
f 2621//2202 2622//2203 2623//2204
f 2623//2204 2622//2203 2624//2205
f 2623//2204 2624//2205 2625//2206
f 2625//2206 2624//2205 2626//2207
f 2625//2206 2626//2207 2099//1680
f 2099//1680 2626//2207 2097//1678
f 2606//2187 2604//2185 2627//2208
f 2627//2208 2604//2185 2628//2209
f 2627//2208 2628//2209 2629//2210
f 2629//2210 2628//2209 2630//2211
f 2629//2210 2630//2211 2631//2212
f 2631//2212 2630//2211 2632//2213
f 2631//2212 2632//2213 2633//2214
f 2633//2214 2632//2213 2378//1959
f 2633//2214 2378//1959 2377//1958
f 2457//2038 2634//2215 2455//2036
f 2455//2036 2634//2215 2633//2214
f 2455//2036 2633//2214 2377//1958
f 2449//2030 2635//2216 2454//2035
f 2454//2035 2635//2216 2636//2217
f 2454//2035 2636//2217 2452//2033
f 2452//2033 2636//2217 2634//2215
f 2452//2033 2634//2215 2457//2038
f 2448//2029 2637//2218 2451//2032
f 2451//2032 2637//2218 2635//2216
f 2451//2032 2635//2216 2449//2030
f 2448//2029 2447//2028 2637//2218
f 2637//2218 2447//2028 2445//2026
f 2637//2218 2445//2026 2638//2219
f 2638//2219 2445//2026 2444//2025
f 2638//2219 2444//2025 2442//2023
f 2638//2219 2442//2023 2639//2220
f 2639//2220 2442//2023 2441//2022
f 2639//2220 2441//2022 2439//2020
f 2639//2220 2439//2020 2640//2221
f 2640//2221 2439//2020 2438//2019
f 2640//2221 2438//2019 2436//2017
f 2640//2221 2436//2017 2641//2222
f 2641//2222 2436//2017 2435//2016
f 2641//2222 2435//2016 2430//2011
f 2434//2015 2642//2223 2432//2013
f 2432//2013 2642//2223 2641//2222
f 2432//2013 2641//2222 2430//2011
f 2424//2005 2643//2224 2429//2010
f 2429//2010 2643//2224 2644//2225
f 2429//2010 2644//2225 2427//2008
f 2427//2008 2644//2225 2434//2015
f 2434//2015 2644//2225 2642//2223
f 2093//1674 2095//1676 2426//2007
f 2426//2007 2095//1676 2643//2224
f 2426//2007 2643//2224 2424//2005
f 2585//2166 2108//1689 2110//1691
f 2110//1691 2112//1693 2645//2226
f 2645//2226 2112//1693 2114//1695
f 2645//2226 2114//1695 2646//2227
f 2646//2227 2114//1695 2116//1697
f 2646//2227 2116//1697 2647//2228
f 2647//2228 2116//1697 2118//1699
f 2647//2228 2118//1699 2648//2229
f 2648//2229 2118//1699 2120//1701
f 2648//2229 2120//1701 2649//2230
f 2649//2230 2120//1701 2122//1703
f 2649//2230 2122//1703 2650//2231
f 2650//2231 2122//1703 2124//1705
f 2650//2231 2124//1705 2651//2232
f 2651//2232 2124//1705 2126//1707
f 2651//2232 2126//1707 2652//2233
f 2652//2233 2126//1707 2128//1709
f 2652//2233 2128//1709 2653//2234
f 2653//2234 2128//1709 2130//1711
f 2653//2234 2130//1711 2654//2235
f 2654//2235 2130//1711 2132//1713
f 2654//2235 2132//1713 2563//2144
f 2625//2206 2099//1680 2101//1682
f 2101//1682 2103//1684 2655//2236
f 2655//2236 2103//1684 2598//2179
f 2655//2236 2598//2179 2656//2237
f 2656//2237 2598//2179 2597//2178
f 2656//2237 2597//2178 2657//2238
f 2657//2238 2597//2178 2596//2177
f 2657//2238 2596//2177 2658//2239
f 2658//2239 2596//2177 2595//2176
f 2658//2239 2595//2176 2659//2240
f 2659//2240 2595//2176 2594//2175
f 2659//2240 2594//2175 2660//2241
f 2660//2241 2594//2175 2593//2174
f 2660//2241 2593//2174 2661//2242
f 2661//2242 2593//2174 2592//2173
f 2661//2242 2592//2173 2662//2243
f 2662//2243 2592//2173 2591//2172
f 2662//2243 2591//2172 2663//2244
f 2663//2244 2591//2172 2590//2171
f 2663//2244 2590//2171 2664//2245
f 2664//2245 2590//2171 2589//2170
f 2664//2245 2589//2170 2665//2246
f 2665//2246 2589//2170 2588//2169
f 2665//2246 2588//2169 2601//2182
f 2601//2182 2588//2169 2599//2180
f 2643//2224 2095//1676 2097//1678
f 2643//2224 2097//1678 2626//2207
f 2252//1833 2254//1835 2666//2247
f 2666//2247 2254//1835 2256//1837
f 2666//2247 2256//1837 2667//2248
f 2667//2248 2256//1837 2158//1739
f 2667//2248 2158//1739 2156//1737
f 2250//1831 2252//1833 2668//2249
f 2668//2249 2252//1833 2666//2247
f 2668//2249 2666//2247 2669//2250
f 2669//2250 2666//2247 2667//2248
f 2669//2250 2667//2248 2670//2251
f 2670//2251 2667//2248 2156//1737
f 2670//2251 2156//1737 2154//1735
f 2248//1829 2250//1831 2671//2252
f 2671//2252 2250//1831 2668//2249
f 2671//2252 2668//2249 2672//2253
f 2672//2253 2668//2249 2669//2250
f 2672//2253 2669//2250 2673//2254
f 2673//2254 2669//2250 2670//2251
f 2673//2254 2670//2251 2674//2255
f 2674//2255 2670//2251 2154//1735
f 2674//2255 2154//1735 2152//1733
f 2246//1827 2248//1829 2675//2256
f 2675//2256 2248//1829 2671//2252
f 2675//2256 2671//2252 2676//2257
f 2676//2257 2671//2252 2672//2253
f 2676//2257 2672//2253 2677//2258
f 2677//2258 2672//2253 2673//2254
f 2677//2258 2673//2254 2678//2259
f 2678//2259 2673//2254 2674//2255
f 2678//2259 2674//2255 2679//2260
f 2679//2260 2674//2255 2152//1733
f 2679//2260 2152//1733 2150//1731
f 2244//1825 2246//1827 2680//2261
f 2680//2261 2246//1827 2675//2256
f 2680//2261 2675//2256 2681//2262
f 2681//2262 2675//2256 2676//2257
f 2681//2262 2676//2257 2682//2263
f 2682//2263 2676//2257 2677//2258
f 2682//2263 2677//2258 2683//2264
f 2683//2264 2677//2258 2678//2259
f 2683//2264 2678//2259 2684//2265
f 2684//2265 2678//2259 2679//2260
f 2684//2265 2679//2260 2148//1729
f 2148//1729 2679//2260 2150//1731
f 2242//1823 2244//1825 2685//2266
f 2685//2266 2244//1825 2680//2261
f 2685//2266 2680//2261 2686//2267
f 2686//2267 2680//2261 2681//2262
f 2686//2267 2681//2262 2687//2268
f 2687//2268 2681//2262 2682//2263
f 2687//2268 2682//2263 2688//2269
f 2688//2269 2682//2263 2683//2264
f 2688//2269 2683//2264 2689//2270
f 2689//2270 2683//2264 2684//2265
f 2689//2270 2684//2265 2690//2271
f 2690//2271 2684//2265 2148//1729
f 2690//2271 2148//1729 2146//1727
f 2231//1812 2230//1811 2240//1821
f 2240//1821 2242//1823 2691//2272
f 2691//2272 2242//1823 2685//2266
f 2691//2272 2685//2266 2692//2273
f 2692//2273 2685//2266 2686//2267
f 2692//2273 2686//2267 2693//2274
f 2693//2274 2686//2267 2687//2268
f 2693//2274 2687//2268 2694//2275
f 2694//2275 2687//2268 2688//2269
f 2694//2275 2688//2269 2695//2276
f 2695//2276 2688//2269 2689//2270
f 2695//2276 2689//2270 2696//2277
f 2696//2277 2689//2270 2690//2271
f 2696//2277 2690//2271 2144//1725
f 2144//1725 2690//2271 2146//1727
f 2583//2164 2585//2166 2645//2226
f 2645//2226 2585//2166 2110//1691
f 2583//2164 2645//2226 2646//2227
f 2623//2204 2625//2206 2655//2236
f 2655//2236 2625//2206 2101//1682
f 2623//2204 2655//2236 2656//2237
f 2644//2225 2643//2224 2626//2207
f 2644//2225 2626//2207 2624//2205
f 2428//2009 2697//2278 2425//2006
f 2425//2006 2697//2278 2698//2279
f 2425//2006 2698//2279 2422//2003
f 2422//2003 2698//2279 2420//2001
f 2697//2278 2408//1989 2698//2279
f 2698//2279 2408//1989 2407//1988
f 2698//2279 2407//1988 2420//2001
f 2420//2001 2407//1988 2406//1987
f 2697//2278 2428//2009 2699//2280
f 2699//2280 2428//2009 2433//2014
f 2699//2280 2433//2014 2700//2281
f 2700//2281 2433//2014 2431//2012
f 2700//2281 2431//2012 2701//2282
f 2701//2282 2431//2012 2437//2018
f 2701//2282 2437//2018 2702//2283
f 2702//2283 2437//2018 2440//2021
f 2702//2283 2440//2021 2703//2284
f 2703//2284 2440//2021 2443//2024
f 2703//2284 2443//2024 2704//2285
f 2704//2285 2443//2024 2446//2027
f 2704//2285 2446//2027 2705//2286
f 2705//2286 2446//2027 2450//2031
f 2705//2286 2450//2031 2706//2287
f 2706//2287 2450//2031 2453//2034
f 2706//2287 2453//2034 2456//2037
f 2408//1989 2697//2278 2409//1990
f 2409//1990 2697//2278 2699//2280
f 2409//1990 2699//2280 2410//1991
f 2410//1991 2699//2280 2700//2281
f 2410//1991 2700//2281 2411//1992
f 2411//1992 2700//2281 2701//2282
f 2411//1992 2701//2282 2412//1993
f 2412//1993 2701//2282 2702//2283
f 2412//1993 2702//2283 2413//1994
f 2413//1994 2702//2283 2703//2284
f 2413//1994 2703//2284 2414//1995
f 2414//1995 2703//2284 2704//2285
f 2414//1995 2704//2285 2415//1996
f 2415//1996 2704//2285 2705//2286
f 2415//1996 2705//2286 2416//1997
f 2416//1997 2705//2286 2706//2287
f 2416//1997 2706//2287 2417//1998
f 2417//1998 2706//2287 2456//2037
f 2417//1998 2456//2037 2375//1956
f 2470//2051 2492//2073 2471//2052
f 2471//2052 2492//2073 2494//2075
f 2471//2052 2494//2075 2341//1922
f 2341//1922 2494//2075 2339//1920
f 2492//2073 2470//2051 2490//2071
f 2490//2071 2470//2051 2469//2050
f 2490//2071 2469//2050 2488//2069
f 2488//2069 2469//2050 2468//2049
f 2488//2069 2468//2049 2486//2067
f 2486//2067 2468//2049 2467//2048
f 2486//2067 2467//2048 2484//2065
f 2484//2065 2467//2048 2466//2047
f 2484//2065 2466//2047 2482//2063
f 2482//2063 2466//2047 2465//2046
f 2482//2063 2465//2046 2480//2061
f 2480//2061 2465//2046 2464//2045
f 2480//2061 2464//2045 2478//2059
f 2478//2059 2464//2045 2463//2044
f 2478//2059 2463//2044 2476//2057
f 2476//2057 2463//2044 2462//2043
f 2476//2057 2462//2043 2472//2053
f 2472//2053 2462//2043 2461//2042
f 2326//1907 2328//1909 2514//2095
f 2327//1908 2707//2288 2708//2289
f 2708//2289 2707//2288 2301//1882
f 2708//2289 2301//1882 2335//1916
f 2335//1916 2301//1882 2300//1881
f 2301//1882 2707//2288 2302//1883
f 2302//1883 2707//2288 2709//2290
f 2302//1883 2709//2290 2304//1885
f 2304//1885 2709//2290 2710//2291
f 2304//1885 2710//2291 2306//1887
f 2306//1887 2710//2291 2711//2292
f 2306//1887 2711//2292 2308//1889
f 2308//1889 2711//2292 2712//2293
f 2308//1889 2712//2293 2310//1891
f 2310//1891 2712//2293 2315//1896
f 2310//1891 2315//1896 2312//1893
f 2709//2290 2707//2288 2325//1906
f 2325//1906 2707//2288 2327//1908
f 2294//1875 2296//1877 2303//1884
f 2292//1873 2294//1875 2713//2294
f 2713//2294 2294//1875 2303//1884
f 2713//2294 2303//1884 2305//1886
f 2290//1871 2292//1873 2714//2295
f 2714//2295 2292//1873 2713//2294
f 2714//2295 2713//2294 2715//2296
f 2715//2296 2713//2294 2305//1886
f 2715//2296 2305//1886 2307//1888
f 2288//1869 2290//1871 2716//2297
f 2716//2297 2290//1871 2714//2295
f 2716//2297 2714//2295 2717//2298
f 2717//2298 2714//2295 2715//2296
f 2717//2298 2715//2296 2718//2299
f 2718//2299 2715//2296 2307//1888
f 2718//2299 2307//1888 2309//1890
f 2286//1867 2288//1869 2719//2300
f 2719//2300 2288//1869 2716//2297
f 2719//2300 2716//2297 2720//2301
f 2720//2301 2716//2297 2717//2298
f 2720//2301 2717//2298 2721//2302
f 2721//2302 2717//2298 2718//2299
f 2721//2302 2718//2299 2722//2303
f 2722//2303 2718//2299 2309//1890
f 2722//2303 2309//1890 2311//1892
f 2539//2120 2260//1841 2719//2300
f 2719//2300 2260//1841 2286//1867
f 2539//2120 2719//2300 2720//2301
f 2193//1774 2262//1843 2191//1772
f 2191//1772 2262//1843 2723//2304
f 2191//1772 2723//2304 2189//1770
f 2189//1770 2723//2304 2724//2305
f 2189//1770 2724//2305 2187//1768
f 2187//1768 2724//2305 2725//2306
f 2187//1768 2725//2306 2185//1766
f 2185//1766 2725//2306 2726//2307
f 2185//1766 2726//2307 2183//1764
f 2183//1764 2726//2307 2727//2308
f 2183//1764 2727//2308 2181//1762
f 2181//1762 2727//2308 2728//2309
f 2181//1762 2728//2309 2179//1760
f 2179//1760 2728//2309 2278//1859
f 2179//1760 2278//1859 2177//1758
f 2177//1758 2278//1859 2280//1861
f 2177//1758 2280//1861 2175//1756
f 2175//1756 2280//1861 2729//2310
f 2175//1756 2729//2310 2173//1754
f 2173//1754 2729//2310 2730//2311
f 2173//1754 2730//2311 2171//1752
f 2171//1752 2730//2311 2731//2312
f 2171//1752 2731//2312 2169//1750
f 2169//1750 2731//2312 2732//2313
f 2169//1750 2732//2313 2167//1748
f 2167//1748 2732//2313 2733//2314
f 2167//1748 2733//2314 2165//1746
f 2165//1746 2733//2314 2554//2135
f 2165//1746 2554//2135 2163//1744
f 2232//1813 2231//1812 2691//2272
f 2691//2272 2231//1812 2240//1821
f 2232//1813 2691//2272 2692//2273
f 2581//2162 2583//2164 2646//2227
f 2581//2162 2646//2227 2647//2228
f 2621//2202 2623//2204 2656//2237
f 2621//2202 2656//2237 2657//2238
f 2642//2223 2644//2225 2624//2205
f 2642//2223 2624//2205 2622//2203
f 2327//1908 2708//2289 2329//1910
f 2329//1910 2708//2289 2337//1918
f 2329//1910 2337//1918 2331//1912
f 2337//1918 2708//2289 2335//1916
f 2326//1907 2514//2095 2532//2113
f 2531//2112 2513//2094 2512//2093
f 2326//1907 2532//2113 2324//1905
f 2324//1905 2532//2113 2530//2111
f 2324//1905 2530//2111 2322//1903
f 2322//1903 2530//2111 2528//2109
f 2322//1903 2528//2109 2320//1901
f 2320//1901 2528//2109 2526//2107
f 2320//1901 2526//2107 2318//1899
f 2318//1899 2526//2107 2525//2106
f 2318//1899 2525//2106 2316//1897
f 2709//2290 2325//1906 2323//1904
f 2709//2290 2323//1904 2710//2291
f 2710//2291 2323//1904 2321//1902
f 2710//2291 2321//1902 2711//2292
f 2711//2292 2321//1902 2319//1900
f 2711//2292 2319//1900 2712//2293
f 2712//2293 2319//1900 2317//1898
f 2712//2293 2317//1898 2315//1896
f 2539//2120 2720//2301 2537//2118
f 2537//2118 2720//2301 2721//2302
f 2537//2118 2721//2302 2535//2116
f 2535//2116 2721//2302 2722//2303
f 2535//2116 2722//2303 2533//2114
f 2533//2114 2722//2303 2311//1892
f 2723//2304 2262//1843 2264//1845
f 2265//1846 2263//1844 2541//2122
f 2724//2305 2723//2304 2266//1847
f 2266//1847 2723//2304 2264//1845
f 2725//2306 2724//2305 2268//1849
f 2268//1849 2724//2305 2266//1847
f 2726//2307 2725//2306 2270//1851
f 2270//1851 2725//2306 2268//1849
f 2727//2308 2726//2307 2272//1853
f 2272//1853 2726//2307 2270//1851
f 2728//2309 2727//2308 2274//1855
f 2274//1855 2727//2308 2272//1853
f 2278//1859 2728//2309 2276//1857
f 2276//1857 2728//2309 2274//1855
f 2729//2310 2280//1861 2282//1863
f 2730//2311 2729//2310 2542//2123
f 2542//2123 2729//2310 2282//1863
f 2731//2312 2730//2311 2544//2125
f 2544//2125 2730//2311 2542//2123
f 2732//2313 2731//2312 2546//2127
f 2546//2127 2731//2312 2544//2125
f 2733//2314 2732//2313 2548//2129
f 2548//2129 2732//2313 2546//2127
f 2554//2135 2733//2314 2552//2133
f 2552//2133 2733//2314 2548//2129
f 2552//2133 2548//2129 2550//2131
f 2159//1740 2558//2139 2157//1738
f 2157//1738 2558//2139 2734//2315
f 2157//1738 2734//2315 2155//1736
f 2155//1736 2734//2315 2561//2142
f 2155//1736 2561//2142 2153//1734
f 2734//2315 2558//2139 2557//2138
f 2232//1813 2692//2273 2233//1814
f 2233//1814 2692//2273 2693//2274
f 2233//1814 2693//2274 2234//1815
f 2234//1815 2693//2274 2694//2275
f 2234//1815 2694//2275 2235//1816
f 2235//1816 2694//2275 2695//2276
f 2235//1816 2695//2276 2236//1817
f 2236//1817 2695//2276 2696//2277
f 2236//1817 2696//2277 2142//1723
f 2142//1723 2696//2277 2144//1725
f 2581//2162 2647//2228 2579//2160
f 2579//2160 2647//2228 2648//2229
f 2579//2160 2648//2229 2577//2158
f 2577//2158 2648//2229 2649//2230
f 2577//2158 2649//2230 2575//2156
f 2575//2156 2649//2230 2650//2231
f 2575//2156 2650//2231 2573//2154
f 2573//2154 2650//2231 2651//2232
f 2573//2154 2651//2232 2571//2152
f 2571//2152 2651//2232 2652//2233
f 2571//2152 2652//2233 2569//2150
f 2569//2150 2652//2233 2653//2234
f 2569//2150 2653//2234 2567//2148
f 2567//2148 2653//2234 2654//2235
f 2567//2148 2654//2235 2565//2146
f 2565//2146 2654//2235 2563//2144
f 2621//2202 2657//2238 2619//2200
f 2619//2200 2657//2238 2658//2239
f 2619//2200 2658//2239 2617//2198
f 2617//2198 2658//2239 2659//2240
f 2617//2198 2659//2240 2615//2196
f 2615//2196 2659//2240 2660//2241
f 2615//2196 2660//2241 2613//2194
f 2613//2194 2660//2241 2661//2242
f 2613//2194 2661//2242 2611//2192
f 2611//2192 2661//2242 2662//2243
f 2611//2192 2662//2243 2609//2190
f 2609//2190 2662//2243 2663//2244
f 2609//2190 2663//2244 2607//2188
f 2607//2188 2663//2244 2664//2245
f 2607//2188 2664//2245 2605//2186
f 2605//2186 2664//2245 2665//2246
f 2605//2186 2665//2246 2603//2184
f 2603//2184 2665//2246 2601//2182
f 2642//2223 2622//2203 2641//2222
f 2641//2222 2622//2203 2620//2201
f 2641//2222 2620//2201 2640//2221
f 2640//2221 2620//2201 2618//2199
f 2640//2221 2618//2199 2639//2220
f 2639//2220 2618//2199 2616//2197
f 2639//2220 2616//2197 2638//2219
f 2638//2219 2616//2197 2614//2195
f 2638//2219 2614//2195 2637//2218
f 2637//2218 2614//2195 2612//2193
f 2637//2218 2612//2193 2635//2216
f 2635//2216 2612//2193 2610//2191
f 2635//2216 2610//2191 2735//2316
f 2735//2316 2610//2191 2608//2189
f 2735//2316 2608//2189 2736//2317
f 2736//2317 2608//2189 2606//2187
f 2736//2317 2606//2187 2629//2210
f 2629//2210 2606//2187 2627//2208
f 2531//2112 2512//2093 2737//2318
f 2737//2318 2512//2093 2511//2092
f 2737//2318 2511//2092 2524//2105
f 2561//2142 2734//2315 2559//2140
f 2559//2140 2734//2315 2557//2138
f 2531//2112 2737//2318 2529//2110
f 2529//2110 2737//2318 2738//2319
f 2529//2110 2738//2319 2527//2108
f 2527//2108 2738//2319 2521//2102
f 2527//2108 2521//2102 2520//2101
f 2738//2319 2737//2318 2524//2105
f 2523//2104 2510//2091 2509//2090
f 2521//2102 2738//2319 2522//2103
f 2522//2103 2738//2319 2524//2105
f 2517//2098 2523//2104 2518//2099
f 2518//2099 2523//2104 2509//2090
f 2474//2055 2476//2057 2472//2053
f 2636//2217 2635//2216 2735//2316
f 2636//2217 2735//2316 2739//2320
f 2739//2320 2735//2316 2736//2317
f 2739//2320 2736//2317 2631//2212
f 2631//2212 2736//2317 2629//2210
f 2633//2214 2634//2215 2739//2320
f 2739//2320 2634//2215 2636//2217
f 2633//2214 2739//2320 2631//2212
s 1276
f 2740//2321 2741//2322 2742//2323
f 2742//2323 2741//2322 2743//2324
f 2742//2323 2743//2324 2744//2325
f 2744//2325 2743//2324 2745//2326
f 2744//2325 2745//2326 2746//2327
f 2746//2327 2745//2326 2747//2328
f 2746//2327 2747//2328 2748//2329
f 2748//2329 2747//2328 2749//2330
f 2748//2329 2749//2330 2750//2331
f 2750//2331 2749//2330 2751//2332
f 2750//2331 2751//2332 2752//2333
f 2752//2333 2751//2332 2753//2334
f 2752//2333 2753//2334 2754//2335
f 2754//2335 2753//2334 2755//2336
f 2754//2335 2755//2336 2756//2337
f 2756//2337 2755//2336 2757//2338
f 2756//2337 2757//2338 2758//2339
f 2758//2339 2757//2338 2759//2340
f 2758//2339 2759//2340 2760//2341
f 2760//2341 2759//2340 2761//2342
f 2760//2341 2761//2342 2762//2343
f 2762//2343 2761//2342 2763//2344
f 2762//2343 2763//2344 2764//2345
f 2764//2345 2763//2344 2765//2346
f 2764//2345 2765//2346 2766//2347
f 2766//2347 2765//2346 2767//2348
f 2766//2347 2767//2348 2768//2349
f 2768//2349 2767//2348 2769//2350
f 2768//2349 2769//2350 2770//2351
f 2770//2351 2769//2350 2771//2352
f 2770//2351 2771//2352 2772//2353
f 2772//2353 2771//2352 2773//2354
f 2772//2353 2773//2354 2774//2355
f 2774//2355 2773//2354 2775//2356
f 2774//2355 2775//2356 2776//2357
f 2776//2357 2775//2356 2777//2358
f 2776//2357 2777//2358 2778//2359
f 2778//2359 2777//2358 2779//2360
f 2778//2359 2779//2360 2780//2361
f 2780//2361 2779//2360 2781//2362
f 2780//2361 2781//2362 2782//2363
f 2782//2363 2781//2362 2783//2364
f 2782//2363 2783//2364 2784//2365
f 2784//2365 2783//2364 2785//2366
f 2784//2365 2785//2366 2786//2367
f 2786//2367 2785//2366 2787//2368
f 2786//2367 2787//2368 2788//2369
f 2788//2369 2787//2368 2789//2370
f 2788//2369 2789//2370 2790//2371
f 2790//2371 2789//2370 2791//1556
f 2790//2371 2791//1556 2792//2372
f 2792//2372 2791//1556 2793//2373
f 2792//2372 2793//2373 2794//2374
f 2794//2374 2793//2373 2795//2375
f 2794//2374 2795//2375 2796//2376
f 2796//2376 2795//2375 2797//2377
f 2796//2376 2797//2377 2798//2378
f 2798//2378 2797//2377 2799//2379
f 2798//2378 2799//2379 2800//2380
f 2800//2380 2799//2379 2801//2381
f 2800//2380 2801//2381 2802//2382
f 2802//2382 2801//2381 2803//2383
f 2802//2382 2803//2383 2804//2384
f 2804//2384 2803//2383 2805//2385
f 2804//2384 2805//2385 2806//2386
f 2806//2386 2805//2385 2807//2387
f 2806//2386 2807//2387 2808//2388
f 2808//2388 2807//2387 2809//2389
f 2808//2388 2809//2389 2810//2390
f 2810//2390 2809//2389 2811//2391
f 2810//2390 2811//2391 2812//2392
f 2812//2392 2811//2391 2813//2393
f 2812//2392 2813//2393 2814//2394
f 2814//2394 2813//2393 2815//2395
f 2814//2394 2815//2395 2816//2396
f 2816//2396 2815//2395 2817//2397
f 2816//2396 2817//2397 2818//2398
f 2818//2398 2817//2397 2819//2399
f 2818//2398 2819//2399 2820//2400
f 2820//2400 2819//2399 2821//2401
f 2820//2400 2821//2401 2822//2402
f 2822//2402 2821//2401 2823//2403
f 2822//2402 2823//2403 2824//2404
f 2824//2404 2823//2403 2825//2405
f 2824//2404 2825//2405 2740//2321
f 2740//2321 2825//2405 2741//2322
s 0
f 3663//1332 3661//1332 2826//1332
f 2826//1332 3661//1332 3664//1332
f 2826//1332 3664//1332 2827//1332
f 2827//1332 3664//1332 3659//1332
f 2827//1332 3659//1332 2828//1332
f 2828//1332 3659//1332 3655//1332
f 2828//1332 3655//1332 2829//1332
f 2829//1332 3655//1332 2830//1332
f 2830//1332 3655//1332 4470//1332
f 2830//1332 4470//1332 2831//1332
f 2831//1332 4470//1332 3669//1332
f 2831//1332 3669//1332 2832//1332
f 2832//1332 3669//1332 2833//1332
f 2833//1332 3669//1332 2834//1332
f 2834//1332 3669//1332 3649//1332
f 2834//1332 3649//1332 2835//1332
f 2835//1332 3649//1332 2836//1332
f 2836//1332 3649//1332 2837//1332
f 2837//1332 3649//1332 2838//1332
f 2838//1332 3649//1332 4140//1332
f 2838//1332 4140//1332 2839//1332
f 2839//1332 4140//1332 2840//1332
f 2840//1332 4140//1332 2841//1332
f 2841//1332 4140//1332 2842//1332
f 2842//1332 4140//1332 2843//1332
f 2843//1332 4140//1332 2844//1332
f 2844//1332 4140//1332 4921//1332
f 2844//1332 4921//1332 2845//1332
f 2845//1332 4921//1332 2846//1332
f 2846//1332 4921//1332 2847//1332
f 2847//1332 4921//1332 2848//1332
f 2848//1332 4921//1332 2849//1332
f 2849//1332 4921//1332 2850//1332
f 2850//1332 4921//1332 2851//1332
f 2851//1332 4921//1332 2852//1332
f 2852//1332 4921//1332 2853//1332
f 2853//1332 4921//1332 2854//1332
f 2854//1332 4921//1332 2855//1332
f 2855//1332 4921//1332 2856//1332
f 2856//1332 4921//1332 2857//1332
f 2857//1332 4921//1332 2858//1332
f 2858//1332 4921//1332 3645//1332
f 2858//1332 3645//1332 2859//1332
s 1320
f 2859//1332 3645//1332 2860//1332
s 0
f 2860//1332 3645//1332 2861//1332
f 2861//1332 3645//1332 2862//1332
f 2862//1332 3645//1332 2863//1332
f 2863//1332 3645//1332 2864//1332
f 2864//1332 3645//1332 2865//1332
f 2865//1332 3645//1332 2866//1332
f 2866//1332 3645//1332 2867//1332
f 2867//1332 3645//1332 2868//1332
f 2868//1332 3645//1332 2869//1332
f 2869//1332 3645//1332 2870//1332
f 2870//1332 3645//1332 2871//1332
f 2871//1332 3645//1332 2872//1332
f 2872//1332 3645//1332 2873//1332
f 2873//1332 3645//1332 2874//1332
f 2874//1332 3645//1332 2875//1332
f 2875//1332 3645//1332 2876//1332
f 2876//1332 3645//1332 2877//1332
f 2877//1332 3645//1332 2878//1332
f 2878//1332 3645//1332 2879//1332
f 2879//1332 3645//1332 2880//1332
f 2880//1332 3645//1332 2881//1332
f 2881//1332 3645//1332 2882//1332
f 2882//1332 3645//1332 2883//1332
f 2883//1332 3645//1332 2884//1332
f 2884//1332 3645//1332 2885//1332
f 2885//1332 3645//1332 2886//1332
f 2886//1332 3645//1332 2887//1332
f 2887//1332 3645//1332 2888//1332
f 2888//1332 3645//1332 2889//1332
f 2889//1332 3645//1332 2890//1332
f 2890//1332 3645//1332 2891//1332
f 2891//1332 3645//1332 4833//1332
f 2891//1332 4833//1332 2892//1332
f 2892//1332 4833//1332 2893//1332
f 2893//1332 4833//1332 2894//1332
f 2894//1332 4833//1332 2895//1332
f 2895//1332 4833//1332 2896//1332
f 2896//1332 4833//1332 2897//1332
s 1359
f 2897//1332 4833//1332 2898//1332
s 0
f 2898//1332 4833//1332 2899//1332
f 2899//1332 4833//1332 2900//1332
s 1362
f 2900//1332 4833//1332 2901//1332
f 2901//1332 4833//1332 2902//1332
f 2902//1332 4833//1332 2903//1332
s 0
f 2903//1332 4833//1332 2904//1332
s 1364
f 2904//1332 4833//1332 2905//1332
s 0
f 2905//1332 4833//1332 2906//1332
s 1366
f 2906//1332 4833//1332 2907//1332
f 2907//1332 4833//1332 2908//1332
f 2908//1332 4833//1332 2909//1332
s 0
f 2909//1332 4833//1332 2910//1332
s 1368
f 2910//1332 4833//1332 2911//1332
s 0
f 2911//1332 4833//1332 2912//1332
f 2912//1332 4833//1332 2913//1332
f 2913//1332 4833//1332 2914//1332
f 2914//1332 4833//1332 2915//1332
f 2915//1332 4833//1332 2916//1332
f 2916//1332 4833//1332 2917//1332
f 2917//1332 4833//1332 2918//1332
f 2918//1332 4833//1332 2919//1332
f 2919//1332 4833//1332 2920//1332
s 1378
f 2920//1332 4833//1332 2921//1332
f 2921//1332 4833//1332 2922//1332
s 0
f 2922//1332 4833//1332 2923//1332
s 1380
f 2923//1332 4833//1332 2924//1332
s 0
f 2924//1332 4833//1332 2925//1332
f 2925//1332 4833//1332 2926//1332
f 2926//1332 4833//1332 2927//1332
f 2927//1332 4833//1332 2928//1332
f 2928//1332 4833//1332 2929//1332
f 2929//1332 4833//1332 2930//1332
f 2930//1332 4833//1332 2931//1332
f 2931//1332 4833//1332 2932//1332
f 2932//1332 4833//1332 2933//1332
f 2933//1332 4833//1332 2934//1332
f 2934//1332 4833//1332 3639//1332
f 2934//1332 3639//1332 2935//1332
f 2935//1332 3639//1332 2936//1332
f 2936//1332 3639//1332 2937//1332
f 2937//1332 3639//1332 2938//1332
f 2938//1332 3639//1332 2939//1332
f 2939//1332 3639//1332 2940//1332
f 2940//1332 3639//1332 2941//1332
f 2941//1332 3639//1332 2942//1332
f 2942//1332 3639//1332 2943//1332
f 2943//1332 3639//1332 2944//1332
f 2944//1332 3639//1332 2945//1332
f 2945//1332 3639//1332 2946//1332
f 2946//1332 3639//1332 2947//1332
f 2947//1332 3639//1332 2948//1332
f 2948//1332 3639//1332 2949//1332
f 2949//1332 3639//1332 2950//1332
f 2950//1332 3639//1332 2951//1332
f 2951//1332 3639//1332 2952//1332
f 2952//1332 3639//1332 2953//1332
f 2953//1332 3639//1332 2954//1332
f 2954//1332 3639//1332 2955//1332
f 2955//1332 3639//1332 2956//1332
f 2956//1332 3639//1332 3633//1332
f 2956//1332 3633//1332 2957//1332
f 2957//1332 3633//1332 2958//1332
f 2958//1332 3633//1332 2959//1332
f 2959//1332 3633//1332 2960//1332
f 2960//1332 3633//1332 2961//1332
f 2961//1332 3633//1332 2962//1332
f 2962//1332 3633//1332 2963//1332
f 2963//1332 3633//1332 2964//1332
f 2964//1332 3633//1332 2965//1332
f 2965//1332 3633//1332 2966//1332
f 2966//1332 3633//1332 3631//1332
f 2966//1332 3631//1332 2967//1332
f 2967//1332 3631//1332 2968//1332
f 2968//1332 3631//1332 2969//1332
s 1429
f 2969//1332 3631//1332 2970//1332
s 0
f 2970//1332 3631//1332 2971//1332
f 2971//1332 3631//1332 3626//1332
f 2971//1332 3626//1332 2972//1332
f 2972//1332 3626//1332 2973//1332
f 2973//1332 3626//1332 2974//1332
f 2974//1332 3626//1332 3624//1332
f 2974//1332 3624//1332 2975//1332
f 2975//1332 3624//1332 2976//1332
f 2976//1332 3624//1332 3622//1332
f 2976//1332 3622//1332 2977//1332
f 2977//1332 3622//1332 2978//1332
f 2978//1332 3622//1332 3620//1332
f 2978//1332 3620//1332 2979//1332
f 2979//1332 3620//1332 3616//1332
f 2979//1332 3616//1332 2980//1332
f 2980//1332 3616//1332 3614//1332
f 2980//1332 3614//1332 3610//1332
f 2980//1332 3610//1332 2981//1332
f 2981//1332 3610//1332 5281//1332
f 2981//1332 5281//1332 2982//1332
f 2982//1332 5281//1332 5282//1332
f 2982//1332 5282//1332 3611//1332
f 2982//1332 3611//1332 2983//1332
f 2983//1332 3611//1332 3615//1332
f 2983//1332 3615//1332 3617//1332
f 3617//1332 3621//1332 2983//1332
s 1456
f 2983//1332 3621//1332 2984//1332
s 0
f 2984//1332 3621//1332 3623//1332
f 2984//1332 3623//1332 3625//1332
f 3625//1332 3627//1332 2984//1332
f 2984//1332 3627//1332 2985//1332
f 2985//1332 3627//1332 3632//1332
f 2985//1332 3632//1332 3634//1332
f 3634//1332 3640//1332 2985//1332
f 2985//1332 3640//1332 2986//1332
s 1465
f 2986//1332 3640//1332 4834//1332
s 0
f 2986//1332 4834//1332 3646//1332
f 3646//1332 4922//1332 2986//1332
f 2986//1332 4922//1332 2987//1332
f 2987//1332 4922//1332 4141//1332
f 2987//1332 4141//1332 3650//1332
f 3650//1332 3670//1332 2987//1332
f 2987//1332 3670//1332 2988//1332
f 2988//1332 3670//1332 4471//1332
f 2988//1332 4471//1332 3656//1332
f 2988//1332 3656//1332 2989//1332
f 2989//1332 3656//1332 3660//1332
f 2989//1332 3660//1332 3663//1332
f 2989//1332 3663//1332 2826//1332
s 1479
f 3560//1173 2990//1172 3559//1171
f 3559//1171 2990//1172 2991//1170
f 3559//1171 2991//1170 3561//1169
f 3561//1169 2991//1170 2992//1168
f 3561//1169 2992//1168 3638//1167
f 3638//1167 2992//1168 2993//1166
f 3638//1167 2993//1166 3563//1165
f 3563//1165 2993//1166 2994//1164
f 3563//1165 2994//1164 3565//1163
f 3565//1163 2994//1164 2995//1162
f 3565//1163 2995//1162 3658//1161
f 3658//1161 2995//1162 2996//1160
f 3658//1161 2996//1160 3867//1159
f 3867//1159 2996//1160 2997//1158
f 3867//1159 2997//1158 4069//1157
f 4069//1157 2997//1158 2998//1156
f 4069//1157 2998//1156 3567//1155
f 3567//1155 2998//1156 2999//1154
f 3567//1155 2999//1154 3569//1153
f 3569//1153 2999//1154 3000//1152
f 3569//1153 3000//1152 4823//1151
f 4823//1151 3000//1152 3001//1150
f 4823//1151 3001//1150 4929//1149
f 4929//1149 3001//1150 3002//1148
f 4929//1149 3002//1148 3571//1147
f 3571//1147 3002//1148 3003//1146
f 3571//1147 3003//1146 3701//1145
f 3701//1145 3003//1146 3004//1144
f 3701//1145 3004//1144 3690//1143
f 3690//1143 3004//1144 3005//1142
f 3690//1143 3005//1142 3573//1141
f 3573//1141 3005//1142 3006//1140
f 3573//1141 3006//1140 4953//1139
f 4953//1139 3006//1140 3007//1138
f 4953//1139 3007//1138 4781//1137
f 4781//1137 3007//1138 3008//1136
f 4781//1137 3008//1136 3575//1135
f 3575//1135 3008//1136 3009//1134
f 3575//1135 3009//1134 3577//1133
f 3577//1133 3009//1134 3010//1132
f 3577//1133 3010//1132 3579//1131
f 3579//1131 3010//1132 3011//1130
f 3579//1131 3011//1130 4030//1129
f 4030//1129 3011//1130 3012//1128
f 4030//1129 3012//1128 3581//1127
f 3581//1127 3012//1128 3013//1673
f 3581//1127 3013//1673 3585//1125
f 3585//1125 3013//1673 3014//1124
f 3585//1125 3014//1124 3587//1123
f 3587//1123 3014//1124 3015//1122
f 3587//1123 3015//1122 3589//1121
f 3589//1121 3015//1122 3016//1120
f 3589//1121 3016//1120 3591//1119
f 3591//1119 3016//1120 3017//1118
f 3591//1119 3017//1118 3593//1117
f 3593//1117 3017//1118 3018//1116
f 3593//1117 3018//1116 3668//1115
f 3668//1115 3018//1116 3019//1114
f 3668//1115 3019//1114 4902//1113
f 4902//1113 3019//1114 3020//1112
f 4902//1113 3020//1112 3595//1111
f 3595//1111 3020//1112 3021//1110
f 3595//1111 3021//1110 3597//1109
f 3597//1109 3021//1110 3022//1108
f 3597//1109 3022//1108 3599//1107
f 3599//1107 3022//1108 3023//1106
f 3599//1107 3023//1106 4885//1105
f 4885//1105 3023//1106 3024//1104
f 4885//1105 3024//1104 3601//1103
f 3601//1103 3024//1104 3025//1102
f 3601//1103 3025//1102 3728//1101
f 3728//1101 3025//1102 3026//1100
f 3728//1101 3026//1100 3605//1099
f 3605//1099 3026//1100 3027//1098
f 3605//1099 3027//1098 3607//1097
f 3607//1097 3027//1098 3028//1096
f 3607//1097 3028//1096 4828//1095
f 4828//1095 3028//1096 3029//1094
f 4828//1095 3029//1094 3609//1093
f 3609//1093 3029//1094 3030//1092
f 3609//1093 3030//1092 4176//1091
f 4176//1091 3030//1092 3031//1090
f 4176//1091 3031//1090 3751//1089
f 3751//1089 3031//1090 3032//1088
f 3751//1089 3032//1088 3557//1087
f 3557//1087 3032//1088 3033//1086
f 3557//1087 3033//1086 3555//1085
f 3555//1085 3033//1086 3034//1084
f 3555//1085 3034//1084 3553//1083
f 3553//1083 3034//1084 3035//1082
f 3553//1083 3035//1082 3718//1081
f 3718//1081 3035//1082 3036//1080
f 3718//1081 3036//1080 3676//1079
f 3676//1079 3036//1080 3037//1078
f 3676//1079 3037//1078 3551//1077
f 3551//1077 3037//1078 3038//1076
f 3551//1077 3038//1076 3549//1075
f 3549//1075 3038//1076 3039//1074
f 3549//1075 3039//1074 3547//1073
f 3547//1073 3039//1074 3040//1072
f 3547//1073 3040//1072 3545//1071
f 3545//1071 3040//1072 3041//1070
f 3545//1071 3041//1070 3543//1069
f 3543//1069 3041//1070 3042//2406
f 3543//1069 3042//2406 3723//1067
f 3723//1067 3042//2406 3043//1066
f 3723//1067 3043//1066 5098//1065
f 5098//1065 3043//1066 3044//1064
f 5098//1065 3044//1064 3541//1063
f 3541//1063 3044//1064 3045//1062
f 3541//1063 3045//1062 4260//1061
f 4260//1061 3045//1062 3046//1060
f 4260//1061 3046//1060 3539//1059
f 3539//1059 3046//1060 3047//1058
f 3539//1059 3047//1058 4562//1057
f 4562//1057 3047//1058 3048//1056
f 4562//1057 3048//1056 3537//1055
f 3537//1055 3048//1056 3049//1054
f 3537//1055 3049//1054 3535//1053
f 3535//1053 3049//1054 3050//1052
f 3535//1053 3050//1052 3686//1051
f 3686//1051 3050//1052 3051//1050
f 3686//1051 3051//1050 3781//1049
f 3781//1049 3051//1050 3052//1048
f 3781//1049 3052//1048 3533//1047
f 3533//1047 3052//1048 3053//1046
f 3533//1047 3053//1046 4144//1045
f 4144//1045 3053//1046 3054//1044
f 4144//1045 3054//1044 5324//1043
f 5324//1043 3054//1044 3055//1042
f 5324//1043 3055//1042 3531//1041
f 3531//1041 3055//1042 3056//1040
f 3531//1041 3056//1040 3529//1039
f 3529//1039 3056//1040 3057//1038
f 3529//1039 3057//1038 3527//1037
f 3527//1037 3057//1038 3058//1036
f 3527//1037 3058//1036 3755//1035
f 3755//1035 3058//1036 3059//1034
f 3755//1035 3059//1034 3736//1033
f 3736//1033 3059//1034 3060//1032
f 3736//1033 3060//1032 3525//1031
f 3525//1031 3060//1032 3061//1030
f 3525//1031 3061//1030 5304//1029
f 5304//1029 3061//1030 3062//1028
f 5304//1029 3062//1028 3523//1027
f 3523//1027 3062//1028 3063//1026
f 3523//1027 3063//1026 4688//1025
f 4688//1025 3063//1026 3064//1024
f 4688//1025 3064//1024 4287//1023
f 4287//1023 3064//1024 3065//1022
f 4287//1023 3065//1022 3521//1021
f 3521//1021 3065//1022 3066//1669
f 3521//1021 3066//1669 4698//1019
f 4698//1019 3066//1669 3067//1018
f 4698//1019 3067//1018 3519//1017
f 3519//1017 3067//1018 3068//1016
f 3519//1017 3068//1016 3517//1015
f 3517//1015 3068//1016 3069//1014
f 3517//1015 3069//1014 3515//1013
f 3515//1013 3069//1014 3070//1012
f 3515//1013 3070//1012 4532//1011
f 4532//1011 3070//1012 3071//1010
f 4532//1011 3071//1010 3582//1009
f 3582//1009 3071//1010 3072//1008
f 3582//1009 3072//1008 3514//1007
f 3514//1007 3072//1008 3073//1006
f 3514//1007 3073//1006 3583//1005
f 3583//1005 3073//1006 3074//1004
f 3583//1005 3074//1004 4533//1331
f 4533//1331 3074//1004 3075//1330
f 4533//1331 3075//1330 3516//1329
f 3516//1329 3075//1330 3076//1328
f 3516//1329 3076//1328 3518//1327
f 3518//1327 3076//1328 3077//1326
f 3518//1327 3077//1326 3520//1325
f 3520//1325 3077//1326 3078//1324
f 3520//1325 3078//1324 4699//1323
f 4699//1323 3078//1324 3079//1322
f 4699//1323 3079//1322 3522//1321
f 3522//1321 3079//1322 3080//1320
f 3522//1321 3080//1320 4288//1319
f 4288//1319 3080//1320 3081//1318
f 4288//1319 3081//1318 4689//1317
f 4689//1317 3081//1318 3082//1316
f 4689//1317 3082//1316 3524//1315
f 3524//1315 3082//1316 3083//1314
f 3524//1315 3083//1314 5305//1313
f 5305//1313 3083//1314 3084//1312
f 5305//1313 3084//1312 3526//1311
f 3526//1311 3084//1312 3085//2407
f 3526//1311 3085//2407 3737//1309
f 3737//1309 3085//2407 3086//1308
f 3737//1309 3086//1308 3756//1307
f 3756//1307 3086//1308 3087//1306
f 3756//1307 3087//1306 3528//1305
f 3528//1305 3087//1306 3088//1304
f 3528//1305 3088//1304 3530//1303
f 3530//1303 3088//1304 3089//1302
f 3530//1303 3089//1302 3532//1301
f 3532//1301 3089//1302 3090//1300
f 3532//1301 3090//1300 5325//1299
f 5325//1299 3090//1300 3091//1298
f 5325//1299 3091//1298 4145//1297
f 4145//1297 3091//1298 3092//1296
f 4145//1297 3092//1296 3534//1295
f 3534//1295 3092//1296 3093//1294
f 3534//1295 3093//1294 3782//1293
f 3782//1293 3093//1294 3094//1292
f 3782//1293 3094//1292 3687//1291
f 3687//1291 3094//1292 3095//1290
f 3687//1291 3095//1290 3536//1289
f 3536//1289 3095//1290 3096//1288
f 3536//1289 3096//1288 3538//1287
f 3538//1287 3096//1288 3097//1286
f 3538//1287 3097//1286 4563//1285
f 4563//1285 3097//1286 3098//1284
f 4563//1285 3098//1284 3540//1283
f 3540//1283 3098//1284 3099//1282
f 3540//1283 3099//1282 4261//1281
f 4261//1281 3099//1282 3100//1280
f 4261//1281 3100//1280 3542//2408
f 3542//2408 3100//1280 3101//1278
f 3542//2408 3101//1278 5099//1277
f 5099//1277 3101//1278 3102//1276
f 5099//1277 3102//1276 3724//1275
f 3724//1275 3102//1276 3103//1274
f 3724//1275 3103//1274 3544//1273
f 3544//1273 3103//1274 3104//1272
f 3544//1273 3104//1272 3546//1271
f 3546//1271 3104//1272 3105//1270
f 3546//1271 3105//1270 3548//1269
f 3548//1269 3105//1270 3106//1268
f 3548//1269 3106//1268 3550//1267
f 3550//1267 3106//1268 3107//1266
f 3550//1267 3107//1266 3552//1265
f 3552//1265 3107//1266 3108//1264
f 3552//1265 3108//1264 3677//1263
f 3677//1263 3108//1264 3109//1262
f 3677//1263 3109//1262 3719//1261
f 3719//1261 3109//1262 3110//1260
f 3719//1261 3110//1260 3554//1259
f 3554//1259 3110//1260 3111//1258
f 3554//1259 3111//1258 3556//1257
f 3556//1257 3111//1258 3112//1256
f 3556//1257 3112//1256 3558//1255
f 3558//1255 3112//1256 3113//1254
f 3558//1255 3113//1254 3752//1253
f 3752//1253 3113//1254 3114//1252
f 3752//1253 3114//1252 4175//1251
f 4175//1251 3114//1252 3115//1250
f 4175//1251 3115//1250 3608//1249
f 3608//1249 3115//1250 3116//1248
f 3608//1249 3116//1248 4827//1247
f 4827//1247 3116//1248 3117//1246
f 4827//1247 3117//1246 3606//1245
f 3606//1245 3117//1246 3118//1244
f 3606//1245 3118//1244 3604//1243
f 3604//1243 3118//1244 3119//1242
f 3604//1243 3119//1242 3727//1241
f 3727//1241 3119//1242 3120//1240
f 3727//1241 3120//1240 3600//1239
f 3600//1239 3120//1240 3121//1238
f 3600//1239 3121//1238 4884//1237
f 4884//1237 3121//1238 3122//1236
f 4884//1237 3122//1236 3598//1235
f 3598//1235 3122//1236 3123//1234
f 3598//1235 3123//1234 3596//1233
f 3596//1233 3123//1234 3124//1232
f 3596//1233 3124//1232 3594//1231
f 3594//1231 3124//1232 3125//1230
f 3594//1231 3125//1230 4901//1229
f 4901//1229 3125//1230 3126//1228
f 4901//1229 3126//1228 3667//1227
f 3667//1227 3126//1228 3127//1226
f 3667//1227 3127//1226 3592//1225
f 3592//1225 3127//1226 3128//1224
f 3592//1225 3128//1224 3590//1223
f 3590//1223 3128//1224 3129//1222
f 3590//1223 3129//1222 3588//1221
f 3588//1221 3129//1222 3130//1667
f 3588//1221 3130//1667 3586//1219
f 3586//1219 3130//1667 3131//1218
f 3586//1219 3131//1218 3584//1217
f 3584//1217 3131//1218 3132//1216
f 3584//1217 3132//1216 3580//1215
f 3580//1215 3132//1216 3133//1214
f 3580//1215 3133//1214 4029//1213
f 4029//1213 3133//1214 3134//1212
f 4029//1213 3134//1212 3578//1211
f 3578//1211 3134//1212 3135//1210
f 3578//1211 3135//1210 3576//1209
f 3576//1209 3135//1210 3136//1208
f 3576//1209 3136//1208 3574//1207
f 3574//1207 3136//1208 3137//1206
f 3574//1207 3137//1206 4780//1205
f 4780//1205 3137//1206 3138//1204
f 4780//1205 3138//1204 4952//1203
f 4952//1203 3138//1204 3139//1202
f 4952//1203 3139//1202 3572//1201
f 3572//1201 3139//1202 3140//1200
f 3572//1201 3140//1200 3689//1199
f 3689//1199 3140//1200 3141//1198
f 3689//1199 3141//1198 3700//1197
f 3700//1197 3141//1198 3142//1196
f 3700//1197 3142//1196 3570//1195
f 3570//1195 3142//1196 3143//1194
f 3570//1195 3143//1194 4928//1193
f 4928//1193 3143//1194 3144//1192
f 4928//1193 3144//1192 4822//1191
f 4822//1191 3144//1192 3145//1190
f 4822//1191 3145//1190 3568//1189
f 3568//1189 3145//1190 3146//1188
f 3568//1189 3146//1188 3566//1187
f 3566//1187 3146//1188 3147//1186
f 3566//1187 3147//1186 4068//1185
f 4068//1185 3147//1186 3148//1184
f 4068//1185 3148//1184 3866//1183
f 3866//1183 3148//1184 3149//1182
f 3866//1183 3149//1182 3657//1181
f 3657//1181 3149//1182 3150//1180
f 3657//1181 3150//1180 3564//1179
f 3564//1179 3150//1180 3151//1178
f 3564//1179 3151//1178 3562//1177
f 3562//1177 3151//1178 3152//1176
f 3562//1177 3152//1176 3637//1175
f 3637//1175 3152//1176 3153//1174
f 3637//1175 3153//1174 3560//1173
f 3560//1173 3153//1174 2990//1172
s 0
f 3666//1 3662//1 3154//1
f 3154//1 3662//1 3665//1
f 3154//1 3665//1 4363//1
f 4363//1 3697//1 3154//1
f 3154//1 3697//1 3735//1
f 3154//1 3735//1 5345//1
f 3697//1 3654//1 3735//1
f 3735//1 3654//1 3745//1
f 3735//1 3745//1 3712//1
f 3712//1 3745//1 3652//1
f 3712//1 3652//1 3648//1
f 3648//1 4337//1 3712//1
f 3712//1 4337//1 3603//1
f 3603//1 4337//1 3708//1
f 3603//1 3708//1 5010//1
s 1495
f 5010//1 3644//1 3603//1
s 0
f 3603//1 3644//1 3459//1
f 3459//1 3644//1 3636//1
f 3459//1 3636//1 5308//1
f 5308//1 3629//1 3459//1
f 3459//1 3629//1 4826//1
f 4826//1 3629//1 4772//1
f 4826//1 4772//1 4912//1
f 4912//1 4893//1 4826//1
f 4826//1 4893//1 3457//1
f 3457//1 4893//1 3619//1
f 3457//1 3619//1 3845//1
f 3845//1 3613//1 3457//1
f 3457//1 3613//1 3721//1
f 3721//1 3613//1 4193//1
f 3721//1 4193//1 4192//1
f 3721//1 4192//1 3455//1
f 3455//1 4192//1 3612//1
f 3455//1 3612//1 3155//1
f 3155//1 3612//1 3156//1
f 3156//1 3612//1 3844//1
f 3156//1 3844//1 3618//1
f 3156//1 3618//1 3157//1
s 1518
f 3157//1 3618//1 4892//1
f 3157//1 4892//1 4911//1
s 0
f 3157//1 4911//1 3158//1
f 3158//1 4911//1 4771//1
f 3158//1 4771//1 3628//1
f 3628//1 5307//1 3158//1
f 3158//1 5307//1 3159//1
f 3159//1 5307//1 3635//1
f 3159//1 3635//1 3643//1
f 3643//1 5009//1 3159//1
f 3159//1 5009//1 3160//1
f 3160//1 5009//1 3707//1
f 3160//1 3707//1 4336//1
f 3160//1 4336//1 3161//1
f 3161//1 4336//1 3647//1
f 3161//1 3647//1 3651//1
f 3651//1 3744//1 3161//1
f 3161//1 3744//1 3653//1
f 3161//1 3653//1 3696//1
f 3161//1 3696//1 3154//1
f 3154//1 3696//1 4362//1
f 3154//1 4362//1 3666//1
f 3513//1 3162//1 3511//1
f 3511//1 3162//1 3163//1
f 3511//1 3163//1 3164//1
f 3513//1 3641//1 3162//1
f 3162//1 3641//1 3509//1
f 3162//1 3509//1 3507//1
f 3507//1 4360//1 3162//1
f 3162//1 4360//1 3165//1
s 1547
f 3165//1 4360//1 3505//1
s 0
f 3165//1 3505//1 3166//1
f 3166//1 3505//1 3503//1
f 3166//1 3503//1 3167//1
f 3167//1 3503//1 3714//1
f 3167//1 3714//1 3168//1
f 3168//1 3714//1 3501//1
f 3168//1 3501//1 3169//1
f 3169//1 3501//1 3698//1
f 3169//1 3698//1 3170//1
f 3170//1 3698//1 4538//1
f 3170//1 4538//1 3171//1
f 3171//1 4538//1 3172//1
f 3172//1 4538//1 3499//1
f 3172//1 3499//1 3497//1
f 3497//1 4913//1 3172//1
f 3172//1 4913//1 3766//1
f 3172//1 3766//1 4579//1
f 3172//1 4579//1 3173//1
f 3173//1 4579//1 4058//1
f 3173//1 4058//1 3174//1
f 3174//1 4058//1 3493//1
f 3174//1 3493//1 3175//1
f 3175//1 3493//1 3491//1
f 3175//1 3491//1 3176//1
f 3176//1 3491//1 3716//1
f 3176//1 3716//1 3177//1
f 3177//1 3716//1 3489//1
f 3177//1 3489//1 3178//1
f 3178//1 3489//1 3761//1
f 3178//1 3761//1 3179//1
f 3179//1 3761//1 3180//1
f 3180//1 3761//1 3485//1
f 3180//1 3485//1 4399//1
f 4399//1 3483//1 3180//1
f 3180//1 3483//1 3481//1
f 3180//1 3481//1 3479//1
f 3180//1 3479//1 3181//1
f 3181//1 3479//1 3477//1
f 3181//1 3477//1 3182//1
f 3182//1 3477//1 3784//1
f 3182//1 3784//1 3183//1
f 3183//1 3784//1 5206//1
f 3183//1 5206//1 3184//1
f 3184//1 5206//1 3475//1
f 3184//1 3475//1 3185//1
f 3185//1 3475//1 3186//1
f 3186//1 3475//1 3473//1
f 3186//1 3473//1 3187//1
f 3187//1 3473//1 4835//1
s 1597
f 3187//1 4835//1 3188//1
f 3188//1 4835//1 3471//1
s 0
f 3188//1 3471//1 3469//1
f 3469//1 3467//1 3188//1
f 3188//1 3467//1 3464//1
f 3188//1 3464//1 3462//1
f 3188//1 3462//1 3189//1
f 3189//1 3462//1 5000//1
f 3189//1 5000//1 3190//1
f 3190//1 5000//1 3460//1
f 3190//1 3460//1 3191//1
f 3191//1 3460//1 5344//1
f 3191//1 5344//1 3192//1
f 3192//1 5344//1 3193//1
f 3193//1 5344//1 3734//1
f 3193//1 3734//1 3194//1
f 3194//1 3734//1 3711//1
f 3194//1 3711//1 3195//1
f 3195//1 3711//1 3602//1
f 3195//1 3602//1 3196//1
f 3196//1 3602//1 3458//1
f 3196//1 3458//1 4825//1
f 4825//1 3456//1 3196//1
f 3196//1 3456//1 3720//1
f 3196//1 3720//1 3454//1
f 3196//1 3454//1 3197//1
f 3197//1 3454//1 3452//1
f 3197//1 3452//1 3198//1
f 3198//1 3452//1 3450//1
f 3198//1 3450//1 3199//1
f 3199//1 3450//1 3200//1
f 3200//1 3450//1 4888//1
f 3200//1 4888//1 3201//1
f 3201//1 4888//1 3448//1
f 3201//1 3448//1 3202//1
f 3202//1 3448//1 3446//1
f 3202//1 3446//1 3203//1
f 3203//1 3446//1 4148//1
f 3203//1 4148//1 3204//1
f 3204//1 4148//1 3444//1
f 3204//1 3444//1 3442//1
f 3442//1 4036//1 3204//1
f 3204//1 4036//1 3440//1
f 3204//1 3440//1 4183//1
f 4436//1 3205//1 4183//1
f 4183//1 3205//1 3206//1
f 4183//1 3206//1 3204//1
f 3205//1 4436//1 3207//1
f 3207//1 4436//1 4755//1
f 3207//1 4755//1 3208//1
f 3208//1 4755//1 3747//1
f 3208//1 3747//1 3209//1
f 3209//1 3747//1 3851//1
f 3209//1 3851//1 3210//1
f 3210//1 3851//1 3438//1
f 3210//1 3438//1 3211//1
f 3211//1 3438//1 3436//1
s 1653
f 3211//1 3436//1 3212//1
s 0
f 3212//1 3436//1 4324//1
f 3212//1 4324//1 4439//1
f 4439//1 3434//1 3212//1
f 3212//1 3434//1 3430//1
f 3212//1 3430//1 3683//1
f 4441//1 3213//1 3683//1
f 3683//1 3213//1 3214//1
f 3683//1 3214//1 3212//1
f 3213//1 4441//1 3215//1
f 3215//1 4441//1 3428//1
f 3215//1 3428//1 3216//1
f 3216//1 3428//1 4543//1
f 3216//1 4543//1 3217//1
f 3217//1 4543//1 3426//1
f 3217//1 3426//1 3218//1
f 3218//1 3426//1 4723//1
f 3218//1 4723//1 3219//1
f 3219//1 4723//1 3424//1
f 3219//1 3424//1 3220//1
f 3220//1 3424//1 3422//1
f 3220//1 3422//1 4319//1
f 4319//1 3420//1 3220//1
f 3220//1 3420//1 3486//1
f 3220//1 3486//1 3419//1
f 3487//1 3221//1 3419//1
f 3419//1 3221//1 3222//1
f 3419//1 3222//1 3220//1
f 3221//1 3487//1 3223//1
f 3223//1 3487//1 3421//1
f 3223//1 3421//1 3224//1
f 3224//1 3421//1 4320//1
f 3224//1 4320//1 3225//1
f 3225//1 4320//1 3423//1
f 3225//1 3423//1 3226//1
f 3226//1 3423//1 3425//1
f 3226//1 3425//1 3227//1
f 3227//1 3425//1 4724//1
f 3227//1 4724//1 3228//1
f 3228//1 4724//1 3427//1
f 3228//1 3427//1 4544//1
s 1694
f 4544//1 3429//1 3228//1
s 0
f 3228//1 3429//1 4442//1
f 3228//1 4442//1 3229//1
f 3229//1 4442//1 3684//1
f 3229//1 3684//1 3230//1
f 3230//1 3684//1 3431//1
f 3230//1 3431//1 3231//1
f 3231//1 3431//1 3435//1
f 3231//1 3435//1 3232//1
f 3232//1 3435//1 4440//1
f 3232//1 4440//1 3233//1
s 1705
f 3233//1 4440//1 4325//1
s 0
f 3233//1 4325//1 3234//1
f 3234//1 4325//1 3437//1
f 3234//1 3437//1 3235//1
f 3235//1 3437//1 3439//1
f 3235//1 3439//1 3236//1
s 1711
f 3236//1 3439//1 3852//1
f 3236//1 3852//1 3748//1
s 0
f 3748//1 4756//1 3236//1
f 3236//1 4756//1 4437//1
f 3236//1 4437//1 3237//1
f 3237//1 4437//1 4184//1
f 3237//1 4184//1 3238//1
f 3238//1 4184//1 3441//1
f 3238//1 3441//1 3239//1
f 3239//1 3441//1 4037//1
f 3239//1 4037//1 3240//1
f 3240//1 4037//1 3443//1
f 3240//1 3443//1 3241//1
f 3241//1 3443//1 3445//1
f 3241//1 3445//1 3242//1
f 3242//1 3445//1 4149//1
f 3242//1 4149//1 3243//1
f 3243//1 4149//1 3447//1
f 3243//1 3447//1 3244//1
f 3244//1 3447//1 3449//1
f 3244//1 3449//1 4889//1
f 4889//1 3451//1 3244//1
f 3244//1 3451//1 3453//1
f 3244//1 3453//1 3155//1
f 3155//1 3453//1 3455//1
f 5345//1 3461//1 3154//1
f 3154//1 3461//1 5001//1
f 3154//1 5001//1 3245//1
f 3245//1 5001//1 3463//1
f 3245//1 3463//1 3246//1
f 3246//1 3463//1 3465//1
f 3246//1 3465//1 3247//1
f 3247//1 3465//1 3468//1
f 3247//1 3468//1 3248//1
f 3248//1 3468//1 3470//1
f 3248//1 3470//1 3249//1
f 3249//1 3470//1 3472//1
f 3249//1 3472//1 3250//1
f 3250//1 3472//1 4836//1
f 3250//1 4836//1 3251//1
f 3251//1 4836//1 3474//1
f 3251//1 3474//1 3252//1
f 3252//1 3474//1 3476//1
f 3252//1 3476//1 5207//1
f 5207//1 3785//1 3252//1
s 1755
f 3252//1 3785//1 3478//1
s 0
f 3252//1 3478//1 3253//1
f 3253//1 3478//1 3480//1
f 3253//1 3480//1 3254//1
f 3254//1 3480//1 3482//1
f 3254//1 3482//1 3255//1
f 3255//1 3482//1 3484//1
f 3255//1 3484//1 3256//1
f 3256//1 3484//1 4400//1
f 3256//1 4400//1 3257//1
f 3257//1 4400//1 3488//1
f 3257//1 3488//1 3258//1
s 1767
f 3258//1 3488//1 3762//1
s 0
f 3258//1 3762//1 3259//1
f 3259//1 3762//1 3490//1
f 3259//1 3490//1 3260//1
f 3260//1 3490//1 3717//1
f 3260//1 3717//1 3492//1
f 3492//1 3494//1 3260//1
f 3260//1 3494//1 4059//1
f 3260//1 4059//1 3261//1
f 3261//1 4059//1 4580//1
f 3261//1 4580//1 3262//1
f 3262//1 4580//1 3767//1
f 3262//1 3767//1 3263//1
f 3263//1 3767//1 4914//1
f 3263//1 4914//1 3264//1
f 3264//1 4914//1 3498//1
f 3264//1 3498//1 3265//1
f 3265//1 3498//1 3500//1
f 3265//1 3500//1 3266//1
f 3266//1 3500//1 4539//1
f 3266//1 4539//1 3267//1
f 3267//1 4539//1 3699//1
f 3267//1 3699//1 3268//1
f 3268//1 3699//1 3502//1
f 3268//1 3502//1 3715//1
f 3715//1 3504//1 3268//1
f 3268//1 3504//1 3506//1
f 3268//1 3506//1 3269//1
f 3269//1 3506//1 4361//1
f 3269//1 4361//1 3270//1
f 3270//1 4361//1 3508//1
f 3270//1 3508//1 3271//1
f 3271//1 3508//1 3510//1
f 3271//1 3510//1 3272//1
f 3272//1 3510//1 3642//1
f 3272//1 3642//1 3273//1
s 1803
f 3273//1 3642//1 3512//1
s 0
f 3273//1 3512//1 3164//1
f 3164//1 3512//1 3511//1
s 1806
f 3704//2409 4785//2410 3274//2411
f 3274//2411 4785//2410 3831//2412
f 3274//2411 3831//2412 3830//2413
f 3274//2411 3830//2413 3275//2414
f 3275//2414 3830//2413 3829//2415
f 3275//2414 3829//2415 3276//2416
f 3276//2416 3829//2415 4536//2417
f 3276//2416 4536//2417 3277//2418
f 3277//2418 4536//2417 3828//2419
f 3277//2418 3828//2419 3278//2420
f 3278//2420 3828//2419 4152//2421
f 3278//2420 4152//2421 4047//2422
f 4047//2422 3364//2423 3278//2420
f 3278//2420 3364//2423 4072//2424
f 3278//2420 4072//2424 3277//2418
f 3277//2418 4072//2424 3363//2425
f 3277//2418 3363//2425 3276//2416
f 3276//2416 3363//2425 3362//2426
f 3276//2416 3362//2426 3275//2414
f 3275//2414 3362//2426 3361//2427
f 3275//2414 3361//2427 3274//2411
f 3274//2411 3361//2427 3704//2409
f 4047//2422 3943//2428 3364//2423
f 3364//2423 3943//2428 5342//2428
f 4003//2429 3831//2412 3432//2429
f 3432//2429 3831//2412 4785//2410
s 1807
f 3944//2430 3827//2431 5343//2430
f 5343//2430 3827//2431 3694//2432
s 1808
f 4838//2433 4004//2434 3360//2435
f 3360//2435 4004//2434 3433//2434
s 1807
f 3678//2436 3694//2432 3279//2389
f 3279//2389 3694//2432 3827//2431
f 3279//2389 3827//2431 5115//2437
f 3279//2389 5115//2437 3280//2438
f 3280//2438 5115//2437 3826//2439
f 3280//2438 3826//2439 3281//2440
f 3281//2440 3826//2439 3825//2441
f 3281//2440 3825//2441 3282//2442
f 3282//2442 3825//2441 4937//2443
f 3282//2442 4937//2443 3283//2444
f 3283//2444 4937//2443 3824//2445
f 3283//2444 3824//2445 3823//2446
f 3823//2446 3418//2447 3283//2444
f 3283//2444 3418//2447 3417//2448
f 3283//2444 3417//2448 3282//2442
f 3282//2442 3417//2448 3681//2449
f 3282//2442 3681//2449 3281//2440
f 3281//2440 3681//2449 4924//2450
f 3281//2440 4924//2450 3280//2438
f 3280//2438 4924//2450 3630//2451
f 3280//2438 3630//2451 3279//2389
f 3279//2389 3630//2451 3678//2436
s 1808
f 3356//2452 3355//2453 3284//2454
f 3284//2454 3355//2453 3837//2455
f 3284//2454 3837//2455 3836//2456
f 3284//2454 3836//2456 3285//2457
f 3285//2457 3836//2456 3835//2458
f 3285//2457 3835//2458 3286//2459
f 3286//2459 3835//2458 3834//2460
f 3286//2459 3834//2460 3287//2461
f 3287//2461 3834//2460 3833//2462
f 3287//2461 3833//2462 3288//2463
f 3288//2463 3833//2462 3832//2464
f 3288//2463 3832//2464 4838//2433
f 4838//2433 3360//2435 3288//2463
f 3288//2463 3360//2435 3359//2465
f 3288//2463 3359//2465 3287//2461
f 3287//2461 3359//2465 3358//2466
f 3287//2461 3358//2466 3286//2459
f 3286//2459 3358//2466 3357//2467
f 3286//2459 3357//2467 3285//2457
f 3285//2457 3357//2467 4463//2468
f 3285//2457 4463//2468 3284//2454
f 3284//2454 4463//2468 3356//2452
s 1807
f 3809//2469 4054//2470 3418//2447
f 3418//2447 4054//2470 3722//2470
f 3418//2447 3722//2470 4554//2471
f 4554//2471 4357//2469 3418//2447
f 3418//2447 4357//2469 4182//2469
f 3418//2447 4182//2469 3725//2469
f 3725//2469 3729//2469 3418//2447
f 3418//2447 3729//2469 5250//2469
f 3418//2447 5250//2469 4134//2469
f 4134//2469 4088//2469 3418//2447
f 3418//2447 4088//2469 3742//2469
f 3418//2447 3742//2469 3743//2469
f 3743//2469 3740//2469 3418//2447
f 3418//2447 3740//2469 3741//2469
f 3418//2447 3741//2469 3495//2469
s 0
f 3495//2469 3741//2469 3749//2469
f 3495//2469 3749//2469 3750//2469
s 1811
f 3750//2469 4808//2469 3495//2469
f 3495//2469 4808//2469 3786//2469
s 0
f 3495//2469 3786//2469 3795//2469
s 1813
f 3795//2469 3753//2469 3495//2469
s 0
f 3495//2469 3753//2469 4910//2469
f 3495//2469 4910//2469 4510//2469
f 4510//2469 3765//2469 3495//2469
f 3495//2470 3765//2470 4850//2470
f 3495//2469 4850//2469 3788//2469
s 1819
f 3788//2469 4185//2472 3495//2469
f 3495//2469 4185//2472 3789//2471
s 0
f 3495//2469 3789//2469 3790//2469
s 1821
f 3790//2469 3791//2469 3495//2469
s 0
f 3495//2473 3791//2473 3793//2473
s 1823
f 3495//2470 3793//2474 3794//2471
f 3794//2471 4246//2469 3495//2470
s 0
f 3495//2469 4246//2469 3796//2469
f 3495//2469 3796//2469 4511//2469
s 1826
f 4511//2475 3796//2475 4128//2476
s 0
f 4511//2473 4128//2473 3798//2473
f 3798//2470 3799//2470 4511//2470
s 1829
f 4511//2477 3799//2477 4189//2478
s 0
f 4511//2469 4189//2469 4956//2469
f 4956//2469 4466//2469 4511//2469
f 4511//2469 4466//2469 3800//2469
f 4511//2469 3800//2469 3768//2469
f 3768//2469 3769//2469 4511//2469
f 4511//2469 3769//2469 3771//2469
f 4511//2469 3771//2469 3772//2469
f 3772//2469 3773//2469 4511//2469
f 4511//2469 3773//2469 3774//2469
f 4511//2469 3774//2469 3775//2469
f 3775//2469 5203//2469 4511//2469
f 4511//2469 5203//2469 4031//2469
f 4511//2469 4031//2469 3777//2469
s 1843
f 3777//2469 3778//2469 4511//2469
f 4511//2469 3778//2469 3779//2469
s 0
f 4511//2469 3779//2469 4920//2469
s 1807
f 4511//2469 4920//2469 3823//2446
f 3823//2446 4920//2469 3783//2469
f 3823//2446 3783//2469 3787//2469
f 3787//2469 4078//2469 3823//2446
f 3823//2446 4078//2469 3806//2469
f 3823//2446 3806//2469 4070//2469
f 4070//2469 4660//2469 3823//2446
f 3823//2446 4660//2469 3820//2469
f 3823//2446 3820//2469 3807//2470
f 3807//2470 4795//2469 3823//2446
f 3823//2446 4795//2469 3808//2470
f 3823//2446 3808//2470 3809//2469
f 3823//2446 3809//2469 3418//2447
s 1808
f 4137//2479 3837//2455 5332//2479
f 5332//2479 3837//2455 3355//2453
s 1845
f 3730//2480 4081//2481 3365//2482
f 3365//2482 4081//2481 3674//2483
f 3365//2482 3674//2483 3822//2484
f 3822//2484 3674//2483 3675//2481
f 3822//2484 3675//2481 5270//2480
f 5270//2480 4147//2483 3822//2484
f 3822//2484 4147//2483 3679//2485
f 3822//2484 3679//2485 3680//2480
f 3680//2480 3688//2483 3822//2484
f 3822//2484 3688//2483 3692//2483
f 3822//2484 3692//2483 3803//2483
f 3803//2483 4317//2483 3822//2484
f 3822//2484 4317//2483 5124//2483
f 3822//2484 5124//2483 3802//2483
f 3802//2483 3801//2485 3822//2484
f 3822//2484 3801//2485 5362//2483
f 3822//2484 5362//2483 4512//2483
f 4512//2483 5362//2483 4358//2485
f 4512//2483 4358//2485 4814//2483
f 4814//2483 3854//2485 4512//2483
f 4512//2483 3854//2485 3695//2483
f 4512//2483 3695//2483 4198//2485
f 4198//2485 3986//2480 4512//2483
f 4512//2483 3986//2480 3797//2486
f 4512//2483 3797//2486 3693//2480
f 3693//2480 3754//2487 4512//2483
f 4512//2483 3754//2487 3757//2488
f 4512//2483 3757//2488 3758//2485
f 4512//2483 3758//2485 3496//2485
f 3496//2485 3758//2485 5036//2489
s 0
f 3496//2490 5036//2490 3759//2491
f 3759//2483 4786//2483 3496//2492
s 1848
f 3496//2481 4786//2480 3760//2481
s 0
f 3496//2480 3760//2487 3763//2480
f 3763//2485 3804//2490 3496//2490
f 3496//2483 3804//2483 4404//2483
f 3496//2483 4404//2483 4459//2483
f 4459//2483 4462//2483 3496//2483
f 3496//2483 4462//2483 3746//2483
s 1845
f 3496//2483 3746//2483 3702//2483
f 3496//2483 3702//2483 3365//2482
f 3365//2482 3702//2483 4546//2485
f 3365//2482 4546//2485 3703//2483
f 3703//2483 3805//2485 3365//2482
f 3365//2482 3805//2485 3706//2485
f 3365//2482 3706//2485 3710//2483
f 3710//2483 4616//2485 3365//2482
f 3365//2482 4616//2485 4017//2483
f 3365//2482 4017//2483 3713//2486
f 3713//2486 3733//2480 3365//2482
f 3365//2482 3733//2480 4830//2486
f 3365//2482 4830//2486 3732//2485
f 3732//2485 3731//2480 3365//2482
f 3365//2482 3731//2480 3730//2480
s 1855
f 3838//2493 4138//2494 3354//2495
f 3354//2495 4138//2494 5333//2494
s 1845
f 3366//2496 3365//2482 3289//2497
f 3289//2497 3365//2482 3822//2484
f 3289//2497 3822//2484 4595//2498
f 3289//2497 4595//2498 3290//2499
f 3290//2499 4595//2498 3821//2500
f 3290//2499 3821//2500 3291//2501
f 3291//2501 3821//2500 4227//2502
f 3291//2501 4227//2502 3292//2503
f 3292//2503 4227//2502 3819//2504
f 3292//2503 3819//2504 3293//2505
f 3293//2505 3819//2504 4566//2506
f 3293//2505 4566//2506 3818//2507
f 3818//2507 4821//2508 3293//2505
f 3293//2505 4821//2508 3369//2509
f 3293//2505 3369//2509 3292//2503
f 3292//2503 3369//2509 3368//2510
f 3292//2503 3368//2510 3291//2501
f 3291//2501 3368//2510 3367//2511
f 3291//2501 3367//2511 3290//2499
f 3290//2499 3367//2511 5178//2512
f 3290//2499 5178//2512 3289//2497
f 3289//2497 5178//2512 3366//2496
s 1855
f 3351//2513 3780//2514 3294//2515
f 3294//2515 3780//2514 3843//2516
f 3294//2515 3843//2516 4266//2517
f 3294//2515 4266//2517 3295//2518
f 3295//2518 4266//2517 3842//2519
f 3295//2518 3842//2519 3296//2520
f 3296//2520 3842//2519 3841//2521
f 3296//2520 3841//2521 3297//2522
f 3297//2522 3841//2521 3840//2523
f 3297//2522 3840//2523 3298//2524
f 3298//2524 3840//2523 3839//2525
f 3298//2524 3839//2525 3838//2493
f 3838//2493 3354//2495 3298//2524
f 3298//2524 3354//2495 3353//2526
f 3298//2524 3353//2526 3297//2522
f 3297//2522 3353//2526 4199//2527
f 3297//2522 4199//2527 3296//2520
f 3296//2520 4199//2527 3352//2528
f 3296//2520 3352//2528 3295//2518
f 3295//2518 3352//2528 4299//2529
f 3295//2518 4299//2529 3294//2515
f 3294//2515 4299//2529 3351//2513
s 1845
f 3818//2507 3816//2530 4821//2508
f 4821//2508 3816//2530 4737//2530
s 1855
f 3846//2531 3843//2516 3738//2531
f 3738//2531 3843//2516 3780//2514
s 1856
f 3817//2532 5251//2533 4738//2532
f 4738//2532 5251//2533 3370//2534
s 1857
f 4257//2535 3847//2536 3350//2537
f 3350//2537 3847//2536 3739//2536
s 1856
f 3371//2538 3370//2534 3299//2539
f 3299//2539 3370//2534 5251//2533
f 3299//2539 5251//2533 5071//2540
f 3299//2539 5071//2540 3300//2541
f 3300//2541 5071//2540 3815//2542
f 3300//2541 3815//2542 3301//2543
f 3301//2543 3815//2542 5291//2544
f 3301//2543 5291//2544 3302//2545
f 3302//2545 5291//2544 3814//2546
f 3302//2545 3814//2546 3303//2547
f 3303//2547 3814//2546 5248//2548
f 3303//2547 5248//2548 4528//2549
f 4528//2549 3776//2550 3303//2547
f 3303//2547 3776//2550 3374//2551
f 3303//2547 3374//2551 3302//2545
f 3302//2545 3374//2551 3373//2552
f 3302//2545 3373//2552 3301//2543
f 3301//2543 3373//2552 3672//2553
f 3301//2543 3672//2553 3300//2541
f 3300//2541 3672//2553 3372//2554
f 3300//2541 3372//2554 3299//2539
f 3299//2539 3372//2554 3371//2538
s 1857
f 4373//2555 4322//2556 3304//2557
f 3304//2557 4322//2556 3855//2558
f 3304//2557 3855//2558 3856//2559
f 3304//2557 3856//2559 3305//2560
f 3305//2560 3856//2559 3853//2561
f 3305//2560 3853//2561 3306//2562
f 3306//2562 3853//2561 3850//2563
f 3306//2562 3850//2563 3307//2564
f 3307//2564 3850//2563 3849//2565
f 3307//2564 3849//2565 3308//2566
f 3308//2566 3849//2565 3848//2567
f 3308//2566 3848//2567 4257//2535
f 4257//2535 3350//2537 3308//2566
f 3308//2566 3350//2537 3349//2568
f 3308//2566 3349//2568 3307//2564
f 3307//2564 3349//2568 4188//2569
f 3307//2564 4188//2569 3306//2562
f 3306//2562 4188//2569 3997//2570
f 3306//2562 3997//2570 3305//2560
f 3305//2560 3997//2570 4450//2571
f 3305//2560 4450//2571 3304//2557
f 3304//2557 4450//2571 4373//2555
s 1856
f 4528//2549 4606//2572 3776//2550
f 3776//2550 4606//2572 3375//2572
s 1857
f 3864//2573 3855//2558 3415//2573
f 3415//2573 3855//2558 4322//2556
s 1858
f 4607//2574 3813//2575 3376//2574
f 3376//2574 3813//2575 3764//2576
s 1859
f 3870//2577 3865//2578 3709//2579
f 3709//2579 3865//2578 3416//2578
s 1858
f 3377//2580 3764//2576 3309//2581
f 3309//2581 3764//2576 3813//2575
f 3309//2581 3813//2575 4878//2582
f 3309//2581 4878//2582 3310//2583
f 3310//2583 4878//2582 3812//2584
f 3310//2583 3812//2584 3311//2585
f 3311//2585 3812//2584 3811//2586
f 3311//2585 3811//2586 3312//2587
f 3312//2587 3811//2586 3810//2588
f 3312//2587 3810//2588 3313//2589
f 3313//2589 3810//2588 4018//2590
f 3313//2589 4018//2590 4125//2591
f 4125//2591 3379//2592 3313//2589
f 3313//2589 3379//2592 3673//2593
f 3313//2589 3673//2593 3312//2587
f 3312//2587 3673//2593 3378//2594
f 3312//2587 3378//2594 3311//2585
f 3311//2585 3378//2594 3671//2595
f 3311//2585 3671//2595 3310//2583
f 3310//2583 3671//2595 3770//2596
f 3310//2583 3770//2596 3309//2581
f 3309//2581 3770//2596 3377//2580
s 1859
f 3413//2597 4767//2598 3314//2361
f 3314//2361 4767//2598 3879//2599
f 3314//2361 3879//2599 3880//2600
f 3314//2361 3880//2600 3315//2601
f 3315//2601 3880//2600 3878//2602
f 3315//2601 3878//2602 3316//2603
f 3316//2603 3878//2602 4065//2604
f 3316//2603 4065//2604 3317//2605
f 3317//2605 4065//2604 3873//2606
f 3317//2605 3873//2606 3318//2607
f 3318//2607 3873//2606 4678//2608
f 3318//2607 4678//2608 3870//2577
f 3870//2577 3709//2579 3318//2607
f 3318//2607 3709//2579 3414//2609
f 3318//2607 3414//2609 3317//2605
f 3317//2605 3414//2609 5104//2610
f 3317//2605 5104//2610 3316//2603
f 3316//2603 5104//2610 4133//2611
f 3316//2603 4133//2611 3315//2601
f 3315//2601 4133//2611 4214//2612
f 3315//2601 4214//2612 3314//2361
f 3314//2361 4214//2612 3413//2597
s 1858
f 4125//2591 4020//2613 3379//2592
f 3379//2592 4020//2613 3380//2613
s 1859
f 4681//2614 3879//2599 3411//2614
f 3411//2614 3879//2599 4767//2598
s 1860
f 4021//2615 4763//2616 3381//2615
f 3381//2615 4763//2616 3382//2617
s 1861
f 3891//2618 4682//2619 3410//2620
f 3410//2620 4682//2619 3412//2619
s 1860
f 3383//2621 3382//2617 3319//2622
f 3319//2622 3382//2617 4763//2616
f 3319//2622 4763//2616 4014//2623
f 3319//2622 4014//2623 3320//2624
f 3320//2624 4014//2623 4187//2625
f 3320//2624 4187//2625 3321//2626
f 3321//2626 4187//2625 4011//2627
f 3321//2626 4011//2627 3322//2628
f 3322//2628 4011//2627 4239//2629
f 3322//2628 4239//2629 3323//958
f 3323//958 4239//2629 4006//2630
f 3323//958 4006//2630 4864//2631
f 4864//2631 3387//2632 3323//958
f 3323//958 3387//2632 3388//2633
f 3323//958 3388//2633 3322//2628
f 3322//2628 3388//2633 3386//2634
f 3322//2628 3386//2634 3321//2626
f 3321//2626 3386//2634 3385//2635
f 3321//2626 3385//2635 3320//2624
f 3320//2624 3385//2635 3384//2636
f 3320//2624 3384//2636 3319//2622
f 3319//2622 3384//2636 3383//2621
s 1861
f 3705//2637 3408//2638 3324//2639
f 3324//2639 3408//2638 3899//2640
f 3324//2639 3899//2640 3900//2641
f 3324//2639 3900//2641 3325//2642
f 3325//2642 3900//2641 4167//2643
f 3325//2642 4167//2643 3326//2644
f 3326//2644 4167//2643 3898//2645
f 3326//2644 3898//2645 3327//2646
f 3327//2646 3898//2645 3929//2647
f 3327//2646 3929//2647 3328//2648
f 3328//2648 3929//2647 3895//2649
f 3328//2648 3895//2649 3891//2618
f 3891//2618 3410//2620 3328//2648
f 3328//2648 3410//2620 3409//2650
f 3328//2648 3409//2650 3327//2646
f 3327//2646 3409//2650 3466//2651
f 3327//2646 3466//2651 3326//2644
f 3326//2644 3466//2651 4842//2652
f 3326//2644 4842//2652 3325//2642
f 3325//2642 4842//2652 3685//2653
f 3325//2642 3685//2653 3324//2639
f 3324//2639 3685//2653 3705//2637
s 1860
f 4864//2631 4251//2654 3387//2632
f 3387//2632 4251//2654 3389//2654
s 1861
f 3907//2655 3899//2640 3406//2655
f 3406//2655 3899//2640 3408//2638
s 1862
f 4252//2656 3994//2657 3390//2656
f 3390//2656 3994//2657 3792//2658
s 1863
f 5272//2659 3908//2660 3405//2661
f 3405//2661 3908//2660 3407//2660
s 1862
f 3914//2662 3792//2658 3329//2663
f 3329//2663 3792//2658 3994//2657
f 3329//2663 3994//2657 3993//2664
f 3329//2663 3993//2664 3330//2665
f 3330//2665 3993//2664 3990//2666
f 3330//2665 3990//2666 3331//2667
f 3331//2667 3990//2666 3987//2668
f 3331//2667 3987//2668 3332//2669
f 3332//2669 3987//2668 4519//2670
f 3332//2669 4519//2670 3333//2671
f 3333//2671 4519//2670 3983//2672
f 3333//2671 3983//2672 3980//2673
f 3980//2673 3392//2674 3333//2671
f 3333//2671 3392//2674 3691//2675
f 3333//2671 3691//2675 3332//2669
f 3332//2669 3691//2675 3391//2676
f 3332//2669 3391//2676 3331//2667
f 3331//2667 3391//2676 4136//2677
f 3331//2667 4136//2677 3330//2665
f 3330//2665 4136//2677 4824//2678
f 3330//2665 4824//2678 3329//2663
f 3329//2663 4824//2678 3914//2662
s 1863
f 4547//2679 3402//2680 3334//2681
f 3334//2681 3402//2680 3923//2682
f 3334//2681 3923//2682 3920//2683
f 3334//2681 3920//2683 3335//2684
f 3335//2684 3920//2683 3917//2685
f 3335//2684 3917//2685 3336//2686
f 3336//2686 3917//2685 3916//2687
f 3336//2686 3916//2687 3337//2688
f 3337//2688 3916//2687 3915//2689
f 3337//2688 3915//2689 3338//2690
f 3338//2690 3915//2689 3913//2691
f 3338//2690 3913//2691 5272//2659
f 5272//2659 3405//2661 3338//2690
f 3338//2690 3405//2661 4877//2692
f 3338//2690 4877//2692 3337//2688
f 3337//2688 4877//2692 3404//2693
f 3337//2688 3404//2693 3336//2686
f 3336//2686 3404//2693 5172//2694
f 3336//2686 5172//2694 3335//2684
f 3335//2684 5172//2694 3403//2695
f 3335//2684 3403//2695 3334//2681
f 3334//2681 3403//2695 4547//2679
s 1862
f 3980//2673 4721//2696 3392//2674
f 3392//2674 4721//2696 3393//2696
s 1863
f 3933//2697 3923//2682 3400//2697
f 3400//2697 3923//2682 3402//2680
s 1864
f 4722//2698 3969//2699 3394//2698
f 3394//2698 3969//2699 3940//2700
s 1865
f 3935//2701 3934//2702 4028//2703
f 4028//2703 3934//2702 3401//2702
s 1864
f 3682//2704 3940//2700 3339//2705
f 3339//2705 3940//2700 3969//2699
f 3339//2705 3969//2699 3968//2706
f 3339//2705 3968//2706 3340//2707
f 3340//2707 3968//2706 3965//2708
f 3340//2707 3965//2708 3341//2709
f 3341//2709 3965//2708 4961//2710
f 3341//2709 4961//2710 3342//2711
f 3342//2711 4961//2710 4099//2712
f 3342//2711 4099//2712 3343//2713
f 3343//2713 4099//2712 3960//2714
f 3343//2713 3960//2714 3957//2715
f 3957//2715 3395//2716 3343//2713
f 3343//2713 3395//2716 5293//2717
f 3343//2713 5293//2717 3342//2711
f 3342//2711 5293//2717 4119//2718
f 3342//2711 4119//2718 3341//2709
f 3341//2709 4119//2718 4925//2719
f 3341//2709 4925//2719 3340//2707
f 3340//2707 4925//2719 3894//2720
f 3340//2707 3894//2720 3339//2705
f 3339//2705 3894//2720 3682//2704
s 1865
f 3397//2721 3396//2722 3344//2723
f 3344//2723 3396//2722 3950//2724
f 3344//2723 3950//2724 3949//2725
f 3344//2723 3949//2725 3345//2726
f 3345//2726 3949//2725 4625//2727
f 3345//2726 4625//2727 3346//2728
f 3346//2728 4625//2727 3945//2729
f 3346//2728 3945//2729 3347//2730
f 3347//2730 3945//2729 3941//2731
f 3347//2730 3941//2731 3348//2732
f 3348//2732 3941//2731 4847//2733
f 3348//2732 4847//2733 3935//2701
f 3935//2701 4028//2703 3348//2732
f 3348//2732 4028//2703 3399//2734
f 3348//2732 3399//2734 3347//2730
f 3347//2730 3399//2734 3398//2735
f 3347//2730 3398//2735 3346//2728
f 3346//2728 3398//2735 5341//2736
f 3346//2728 5341//2736 3345//2726
f 3345//2726 5341//2736 3726//2737
f 3345//2726 3726//2737 3344//2723
f 3344//2723 3726//2737 3397//2721
f 4204//2738 3950//2724 4409//2738
f 4409//2738 3950//2724 3396//2722
s 1864
f 3957//2715 4205//2739 3395//2716
f 3395//2716 4205//2739 4410//2739
