# Blender 5.0.1
# www.blender.org
g axleTOP_Mesh
v 1.750299 35.452557 14.133202
v 1.750294 35.452557 -16.111454
v 1.756975 35.384769 14.133202
v 1.756970 35.384769 -16.111454
v 1.776748 35.319592 14.133202
v 1.776743 35.319592 -16.111454
v 1.808857 35.259518 14.133202
v 1.808852 35.259518 -16.111454
v 1.852068 35.206863 14.133202
v 1.852063 35.206863 -16.111454
v 1.904720 35.163654 14.133202
v 1.904716 35.163654 -16.111454
v 1.964791 35.131546 14.133202
v 1.964787 35.131546 -16.111454
v 2.029972 35.111774 14.133202
v 2.029967 35.111774 -16.111454
v 2.097758 35.105099 14.133202
v 2.097754 35.105099 -16.111454
v 2.165545 35.111774 14.133202
v 2.165540 35.111774 -16.111454
v 2.230724 35.131546 14.133202
v 2.230720 35.131546 -16.111454
v 2.290796 35.163654 14.133202
v 2.290792 35.163654 -16.111454
v 2.343449 35.206863 14.133202
v 2.343444 35.206863 -16.111454
v 2.386660 35.259518 14.133202
v 2.386655 35.259518 -16.111454
v 2.418768 35.319592 14.133202
v 2.418763 35.319592 -16.111454
v 2.438540 35.384773 14.133202
v 2.438536 35.384773 -16.111454
v 2.445217 35.452557 14.133202
v 2.445212 35.452557 -16.111454
v 2.438540 35.520344 14.133202
v 2.438536 35.520344 -16.111454
v 2.418768 35.585526 14.133202
v 2.418763 35.585526 -16.111454
v 2.386660 35.645596 14.133202
v 2.386655 35.645596 -16.111454
v 2.343449 35.698250 14.133202
v 2.343444 35.698250 -16.111454
v 2.290796 35.741459 14.133202
v 2.290792 35.741459 -16.111454
v 2.230724 35.773567 14.133202
v 2.230720 35.773567 -16.111454
v 2.165544 35.793339 14.133202
v 2.165539 35.793339 -16.111454
v 2.097758 35.800014 14.133202
v 2.097754 35.800014 -16.111454
v 2.029972 35.793339 14.133202
v 2.029967 35.793339 -16.111454
v 1.964790 35.773567 14.133202
v 1.964786 35.773567 -16.111454
v 1.904720 35.741459 14.133202
v 1.904716 35.741459 -16.111454
v 1.852067 35.698246 14.133202
v 1.852062 35.698246 -16.111454
v 1.808856 35.645592 14.133202
v 1.808851 35.645592 -16.111454
v 1.776748 35.585526 14.133202
v 1.776743 35.585526 -16.111454
v 1.756975 35.520340 14.133202
v 1.756970 35.520340 -16.111454
vn -0.9952 -0.0980 -0.0000
vn -0.9569 -0.2903 -0.0000
vn -0.8819 -0.4714 -0.0000
vn -0.7730 -0.6344 -0.0000
vn -0.6344 -0.7730 -0.0000
vn -0.4714 -0.8819 -0.0000
vn -0.2903 -0.9569 -0.0000
vn -0.0980 -0.9952 -0.0000
vn 0.0980 -0.9952 -0.0000
vn 0.2903 -0.9569 -0.0000
vn 0.4714 -0.8819 -0.0000
vn 0.6344 -0.7730 -0.0000
vn 0.7730 -0.6344 -0.0000
vn 0.8819 -0.4714 -0.0000
vn 0.9569 -0.2903 -0.0000
vn 0.9952 -0.0980 -0.0000
vn 0.9952 0.0980 -0.0000
vn 0.9569 0.2903 -0.0000
vn 0.8819 0.4714 -0.0000
vn 0.7730 0.6344 -0.0000
vn 0.6344 0.7730 -0.0000
vn 0.4714 0.8819 -0.0000
vn 0.2903 0.9569 -0.0000
vn 0.0980 0.9952 -0.0000
vn -0.0980 0.9952 -0.0000
vn -0.2903 0.9569 -0.0000
vn -0.4714 0.8819 -0.0000
vn -0.6344 0.7730 -0.0000
vn -0.7730 0.6344 -0.0000
vn -0.8819 0.4714 -0.0000
vn -0.0000 -0.0000 -1.0000
vn -0.9569 0.2903 -0.0000
vn -0.9952 0.0980 -0.0000
vn -0.0000 -0.0000 1.0000
vn -0.0000 -0.0002 -1.0000
vn -0.0000 0.0002 -1.0000
vn -0.0000 0.0003 -1.0000
vn -0.0000 0.0001 -1.0000
vn -0.0000 0.0002 1.0000
vn -0.0000 -0.0002 1.0000
vn -0.0000 -0.0001 1.0000
vn -0.0000 0.0001 1.0000
vt 1.000000 1.000000
vt 0.968750 0.500000
vt 1.000000 0.500000
vt 0.968750 1.000000
vt 0.937500 0.500000
vt 0.937500 1.000000
vt 0.906250 0.500000
vt 0.906250 1.000000
vt 0.875000 0.500000
vt 0.875000 1.000000
vt 0.843750 0.500000
vt 0.843750 1.000000
vt 0.812500 0.500000
vt 0.812500 1.000000
vt 0.781250 0.500000
vt 0.781250 1.000000
vt 0.750000 0.500000
vt 0.750000 1.000000
vt 0.718750 0.500000
vt 0.718750 1.000000
vt 0.687500 0.500000
vt 0.687500 1.000000
vt 0.656250 0.500000
vt 0.656250 1.000000
vt 0.625000 0.500000
vt 0.625000 1.000000
vt 0.593750 0.500000
vt 0.593750 1.000000
vt 0.562500 0.500000
vt 0.562500 1.000000
vt 0.531250 0.500000
vt 0.531250 1.000000
vt 0.500000 0.500000
vt 0.500000 1.000000
vt 0.468750 0.500000
vt 0.468750 1.000000
vt 0.437500 0.500000
vt 0.437500 1.000000
vt 0.406250 0.500000
vt 0.406250 1.000000
vt 0.375000 0.500000
vt 0.375000 1.000000
vt 0.343750 0.500000
vt 0.343750 1.000000
vt 0.312500 0.500000
vt 0.312500 1.000000
vt 0.281250 0.500000
vt 0.281250 1.000000
vt 0.250000 0.500000
vt 0.250000 1.000000
vt 0.218750 0.500000
vt 0.218750 1.000000
vt 0.187500 0.500000
vt 0.187500 1.000000
vt 0.156250 0.500000
vt 0.156250 1.000000
vt 0.125000 0.500000
vt 0.125000 1.000000
vt 0.093750 0.500000
vt 0.093750 1.000000
vt 0.062500 0.500000
vt 0.158156 0.028269
vt 0.471731 0.158156
vt 0.341844 0.471731
vt 0.062500 1.000000
vt 0.031250 0.500000
vt 0.031250 1.000000
vt 0.000000 0.500000
vt 0.796822 0.014612
vt 0.514611 0.203179
vt 0.703179 0.485389
vt 0.296822 0.485388
vt 0.250000 0.490000
vt 0.203179 0.485389
vt 0.158156 0.471731
vt 0.116663 0.449553
vt 0.080295 0.419706
vt 0.050447 0.383337
vt 0.028269 0.341844
vt 0.014612 0.296822
vt 0.010000 0.250000
vt 0.014611 0.203179
vt 0.028269 0.158156
vt 0.050447 0.116663
vt 0.080294 0.080294
vt 0.116663 0.050447
vt 0.203178 0.014612
vt 0.250000 0.010000
vt 0.296822 0.014612
vt 0.341844 0.028269
vt 0.383337 0.050447
vt 0.419706 0.080294
vt 0.449553 0.116663
vt 0.485388 0.203178
vt 0.490000 0.250000
vt 0.485388 0.296822
vt 0.471731 0.341844
vt 0.449553 0.383337
vt 0.419706 0.419706
vt 0.383337 0.449553
vt 0.000000 1.000000
vt 0.750000 0.490000
vt 0.796822 0.485388
vt 0.841844 0.471731
vt 0.883337 0.449553
vt 0.919706 0.419706
vt 0.949553 0.383337
vt 0.971731 0.341844
vt 0.985388 0.296822
vt 0.990000 0.250000
vt 0.985388 0.203178
vt 0.971731 0.158156
vt 0.949553 0.116663
vt 0.919706 0.080294
vt 0.883337 0.050447
vt 0.841844 0.028269
vt 0.750000 0.010000
vt 0.703178 0.014612
vt 0.658156 0.028269
vt 0.616663 0.050447
vt 0.580294 0.080294
vt 0.550447 0.116663
vt 0.528269 0.158156
vt 0.510000 0.250000
vt 0.514612 0.296822
vt 0.528269 0.341844
vt 0.550447 0.383337
vt 0.580295 0.419706
vt 0.616663 0.449553
vt 0.658156 0.471731
s 1
g off
g axleTOP_silver
f 2/1/1 3/2/1 1/3/1
s 2
f 4/4/2 5/5/2 3/2/2
s 1
f 6/6/3 7/7/3 5/5/3
s 2
f 8/8/4 9/9/4 7/7/4
s 1
f 10/10/5 11/11/5 9/9/5
s 2
f 12/12/6 13/13/6 11/11/6
s 1
f 14/14/7 15/15/7 13/13/7
s 2
f 16/16/8 17/17/8 15/15/8
s 1
f 18/18/9 19/19/9 17/17/9
s 2
f 20/20/10 21/21/10 19/19/10
s 1
f 22/22/11 23/23/11 21/21/11
s 2
f 24/24/12 25/25/12 23/23/12
s 1
f 26/26/13 27/27/13 25/25/13
s 2
f 28/28/14 29/29/14 27/27/14
s 1
f 30/30/15 31/31/15 29/29/15
s 2
f 32/32/16 33/33/16 31/31/16
s 1
f 34/34/17 35/35/17 33/33/17
s 2
f 36/36/18 37/37/18 35/35/18
s 1
f 38/38/19 39/39/19 37/37/19
s 2
f 40/40/20 41/41/20 39/39/20
s 1
f 42/42/21 43/43/21 41/41/21
s 2
f 44/44/22 45/45/22 43/43/22
s 1
f 46/46/23 47/47/23 45/45/23
s 2
f 48/48/24 49/49/24 47/47/24
s 1
f 50/50/25 51/51/25 49/49/25
s 2
f 52/52/26 53/53/26 51/51/26
s 1
f 54/54/27 55/55/27 53/53/27
s 2
f 56/56/28 57/57/28 55/55/28
s 1
f 58/58/29 59/59/29 57/57/29
s 2
f 60/60/30 61/61/30 59/59/30
s 4
f 38/62/31 22/63/31 6/64/31
s 1
f 62/65/32 63/66/32 61/61/32
s 2
f 64/67/33 1/68/33 63/66/33
s 4
f 31/69/34 47/70/34 63/71/34
s 1
f 2/1/1 4/4/1 3/2/1
s 2
f 4/4/2 6/6/2 5/5/2
s 1
f 6/6/3 8/8/3 7/7/3
s 2
f 8/8/4 10/10/4 9/9/4
s 1
f 10/10/5 12/12/5 11/11/5
s 2
f 12/12/6 14/14/6 13/13/6
s 1
f 14/14/7 16/16/7 15/15/7
s 2
f 16/16/8 18/18/8 17/17/8
s 1
f 18/18/9 20/20/9 19/19/9
s 2
f 20/20/10 22/22/10 21/21/10
s 1
f 22/22/11 24/24/11 23/23/11
s 2
f 24/24/12 26/26/12 25/25/12
s 1
f 26/26/13 28/28/13 27/27/13
s 2
f 28/28/14 30/30/14 29/29/14
s 1
f 30/30/15 32/32/15 31/31/15
s 2
f 32/32/16 34/34/16 33/33/16
s 1
f 34/34/17 36/36/17 35/35/17
s 2
f 36/36/18 38/38/18 37/37/18
s 1
f 38/38/19 40/40/19 39/39/19
s 2
f 40/40/20 42/42/20 41/41/20
s 1
f 42/42/21 44/44/21 43/43/21
s 2
f 44/44/22 46/46/22 45/45/22
s 1
f 46/46/23 48/48/23 47/47/23
s 2
f 48/48/24 50/50/24 49/49/24
s 1
f 50/50/25 52/52/25 51/51/25
s 2
f 52/52/26 54/54/26 53/53/26
s 1
f 54/54/27 56/56/27 55/55/27
s 2
f 56/56/28 58/58/28 57/57/28
s 1
f 58/58/29 60/60/29 59/59/29
s 2
f 60/60/30 62/65/30 61/61/30
s 4
f 6/64/31 4/72/31 2/73/31
f 2/73/31 64/74/31 62/75/31
f 62/75/31 60/76/31 58/77/31
f 58/77/31 56/78/35 54/79/31
f 54/79/31 52/80/31 50/81/31
f 50/81/31 48/82/36 46/83/31
f 46/83/31 44/84/31 42/85/31
f 42/85/31 40/86/31 38/62/31
f 38/62/31 36/87/31 34/88/31
f 34/88/31 32/89/31 30/90/31
f 30/90/31 28/91/31 26/92/31
f 26/92/31 24/93/31 22/63/31
f 22/63/31 20/94/31 18/95/31
f 18/95/31 16/96/35 14/97/31
f 14/97/31 12/98/37 10/99/31
f 10/99/31 8/100/38 6/64/31
f 6/64/31 2/73/31 62/75/31
f 62/75/31 58/77/31 54/79/31
f 54/79/31 50/81/31 46/83/31
f 46/83/31 42/85/31 38/62/31
f 38/62/31 34/88/31 30/90/31
f 30/90/31 26/92/31 22/63/31
f 22/63/31 18/95/31 14/97/31
f 14/97/31 10/99/31 6/64/31
f 6/64/31 62/75/31 54/79/31
f 54/79/31 46/83/31 38/62/31
f 38/62/31 30/90/31 22/63/31
f 22/63/31 14/97/31 6/64/31
f 6/64/31 54/79/31 38/62/31
s 1
f 62/65/32 64/67/32 63/66/32
s 2
f 64/67/33 2/101/33 1/68/33
s 4
f 63/71/34 1/102/34 3/103/34
f 3/103/34 5/104/34 7/105/34
f 7/105/34 9/106/34 11/107/34
f 11/107/34 13/108/34 15/109/34
f 15/109/34 17/110/39 19/111/34
f 19/111/34 21/112/34 23/113/34
f 23/113/34 25/114/40 27/115/34
f 27/115/34 29/116/41 31/69/34
f 31/69/34 33/117/34 35/118/34
f 35/118/34 37/119/42 39/120/34
f 39/120/34 41/121/39 43/122/34
f 43/122/34 45/123/34 47/70/34
f 47/70/34 49/124/40 51/125/34
f 51/125/34 53/126/40 55/127/34
f 55/127/34 57/128/39 59/129/34
f 59/129/34 61/130/42 63/71/34
f 63/71/34 3/103/34 7/105/34
f 7/105/34 11/107/34 15/109/34
f 15/109/34 19/111/34 23/113/34
f 23/113/34 27/115/34 31/69/34
f 31/69/34 35/118/34 39/120/34
f 39/120/34 43/122/34 47/70/34
f 47/70/34 51/125/34 55/127/34
f 55/127/34 59/129/34 63/71/34
f 63/71/34 7/105/34 15/109/34
f 15/109/34 23/113/34 31/69/34
f 31/69/34 39/120/34 47/70/34
f 47/70/34 55/127/34 63/71/34
f 63/71/34 15/109/34 31/69/34
g pillar_Mesh
v 0.359450 1.232005 15.998938
v 0.359450 4.236732 15.998938
v 0.359450 1.232004 12.233112
v 0.359450 4.236731 12.233112
v 4.125277 1.232005 15.998938
v 4.125277 4.236732 15.998938
v 4.125277 1.232004 12.233112
v 4.125277 4.236731 12.233112
v 0.359450 4.236732 15.998938
v 0.359450 4.236731 12.233112
v 4.125277 4.236732 15.998938
v 4.125277 4.236731 12.233112
v 0.749512 4.159456 15.608873
v 0.749512 40.437084 15.608868
v 0.749512 4.159455 12.623170
v 0.749512 40.437084 12.623164
v 3.735215 4.159456 15.608873
v 3.735215 40.437084 15.608868
v 3.735215 4.159455 12.623170
v 3.735215 40.437084 12.623164
v 0.749512 40.437084 15.608868
v 0.749512 40.437084 12.623164
v 3.735215 40.437084 15.608868
v 3.735215 40.437084 12.623164
v 0.749512 24.465801 15.608870
v 0.749512 24.465801 12.623166
v 3.735215 24.465801 12.623166
v 3.735215 24.465801 15.608870
v 0.749512 21.271545 12.623167
v 3.735215 21.271545 12.623167
v 3.735215 21.271545 15.608871
v 0.749512 21.271545 15.608871
v 0.749512 38.269550 15.608868
v 0.749512 38.269550 12.623164
v 3.735215 38.269550 12.623164
v 3.735215 38.269550 15.608868
v 0.359450 1.231999 -14.094187
v 0.359450 4.236727 -14.094187
v 0.359450 1.231999 -17.860012
v 0.359450 4.236726 -17.860012
v 4.125277 1.231999 -14.094187
v 4.125277 4.236727 -14.094187
v 4.125277 1.231999 -17.860012
v 4.125277 4.236726 -17.860012
v 0.359450 4.236727 -14.094187
v 0.359450 4.236726 -17.860012
v 4.125277 4.236727 -14.094187
v 4.125277 4.236726 -17.860012
v 0.749512 4.159451 -14.484251
v 0.749512 40.437080 -14.484257
v 0.749512 4.159451 -17.469954
v 0.749512 40.437080 -17.469959
v 3.735215 4.159451 -14.484251
v 3.735215 40.437080 -14.484257
v 3.735215 4.159451 -17.469954
v 3.735215 40.437080 -17.469959
v 0.749512 40.437080 -14.484257
v 0.749512 40.437080 -17.469959
v 3.735215 40.437080 -14.484257
v 3.735215 40.437080 -17.469959
v 0.749512 24.465797 -14.484255
v 0.749512 24.465797 -17.469957
v 3.735215 24.465797 -17.469957
v 3.735215 24.465797 -14.484255
v 0.749512 21.271542 -17.469955
v 3.735215 21.271542 -17.469955
v 3.735215 21.271542 -14.484253
v 0.749512 21.271542 -14.484253
v 0.749512 38.269547 -14.484257
v 0.749512 38.269547 -17.469959
v 3.735215 38.269547 -17.469959
v 3.735215 38.269547 -14.484257
vn -1.0000 -0.0000 -0.0000
vn -0.0000 -0.0000 -1.0000
vn 1.0000 -0.0000 -0.0000
vn -0.0000 -0.0000 1.0000
vn -0.0000 -1.0000 -0.0000
vn -0.0000 1.0000 -0.0000
vt 0.625000 0.000000
vt 0.375000 0.250000
vt 0.375000 0.000000
vt 0.625000 0.250000
vt 0.375000 0.500000
vt 0.625000 0.500000
vt 0.375000 0.750000
vt 0.625000 0.750000
vt 0.375000 1.000000
vt 0.125000 0.750000
vt 0.125000 0.500000
vt 0.875000 0.500000
vt 0.625000 1.000000
vt 0.610063 0.250000
vt 0.610063 0.000000
vt 0.610063 0.500000
vt 0.610063 0.750000
vt 0.610063 1.000000
vt 0.514937 0.750000
vt 0.492925 1.000000
vt 0.492925 0.750000
vt 0.514937 0.500000
vt 0.492925 0.500000
vt 0.514937 0.250000
vt 0.492925 0.250000
vt 0.514937 0.000000
vt 0.492925 0.000000
vt 0.514937 1.000000
vt 0.875000 0.750000
s 1
g off
g pillar_wooden
f 66/131/43 67/132/43 65/133/43
s 2
f 68/134/44 71/135/44 67/132/44
s 1
f 72/136/45 69/137/45 71/135/45
s 2
f 70/138/46 65/139/46 69/137/46
s 4
f 71/135/47 65/140/47 67/141/47
f 68/134/48 73/131/48 74/134/48
f 74/142/48 75/138/48 76/136/48
f 66/143/48 75/138/48 73/143/48
f 72/136/48 74/134/48 76/136/48
f 70/138/48 76/136/48 75/138/48
s 1
g pillar_silver
f 78/131/43 98/144/43 97/145/43
s 2
f 80/134/44 99/146/44 98/144/44
s 1
f 84/136/45 100/147/45 99/146/45
s 2
f 82/138/46 97/148/46 100/147/46
s 4
g pillar_wooden
f 83/135/47 77/140/47 79/141/47
f 80/134/48 85/131/48 86/134/48
g pillar_silver
f 86/142/48 87/138/48 88/136/48
g pillar_wooden
f 78/143/48 87/138/48 85/143/48
f 84/136/48 86/134/48 88/136/48
f 82/138/48 88/136/48 87/138/48
s 2
g pillar_silver
f 92/149/46 96/150/46 95/151/46
s 1
f 91/152/45 95/151/45 94/153/45
s 2
f 90/154/44 94/153/44 93/155/44
s 1
f 89/156/43 93/155/43 96/157/43
g pillar_wooden
f 96/157/43 79/132/43 77/133/43
s 2
f 93/155/44 83/135/44 79/132/44
s 1
f 94/153/45 81/137/45 83/135/45
s 2
f 95/151/46 77/139/46 81/137/46
f 100/147/46 89/158/46 92/149/46
s 1
f 99/146/45 92/149/45 91/152/45
s 2
f 98/144/44 91/152/44 90/154/44
s 1
f 97/145/43 90/154/43 89/156/43
f 102/131/43 103/132/43 101/133/43
s 2
f 104/134/44 107/135/44 103/132/44
s 1
f 108/136/45 105/137/45 107/135/45
s 2
f 106/138/46 101/139/46 105/137/46
s 4
f 107/135/47 101/140/47 103/141/47
f 104/134/48 109/131/48 110/134/48
f 110/142/48 111/138/48 112/136/48
f 102/143/48 111/138/48 109/143/48
f 108/136/48 110/134/48 112/136/48
f 106/138/48 112/136/48 111/138/48
s 1
g pillar_silver
f 114/131/43 134/144/43 133/145/43
s 2
f 116/134/44 135/146/44 134/144/44
s 1
f 120/136/45 136/147/45 135/146/45
s 2
f 118/138/46 133/148/46 136/147/46
s 4
g pillar_wooden
f 119/135/47 113/140/47 115/141/47
f 116/134/48 121/131/48 122/134/48
g pillar_silver
f 122/142/48 123/138/48 124/136/48
g pillar_wooden
f 114/143/48 123/138/48 121/143/48
f 120/136/48 122/134/48 124/136/48
f 118/138/48 124/136/48 123/138/48
s 2
g pillar_silver
f 128/149/46 132/150/46 131/151/46
s 1
f 127/152/45 131/151/45 130/153/45
s 2
f 126/154/44 130/153/44 129/155/44
s 1
f 125/156/43 129/155/43 132/157/43
g pillar_wooden
f 132/157/43 115/132/43 113/133/43
s 2
f 129/155/44 119/135/44 115/132/44
s 1
f 130/153/45 117/137/45 119/135/45
s 2
f 131/151/46 113/139/46 117/137/46
f 136/147/46 125/158/46 128/149/46
s 1
f 135/146/45 128/149/45 127/152/45
s 2
f 134/144/44 127/152/44 126/154/44
s 1
f 133/145/43 126/154/43 125/156/43
f 66/131/43 68/134/43 67/132/43
s 2
f 68/134/44 72/136/44 71/135/44
s 1
f 72/136/45 70/138/45 69/137/45
s 2
f 70/138/46 66/143/46 65/139/46
s 4
f 71/135/47 69/137/47 65/140/47
f 68/134/48 66/131/48 73/131/48
f 74/142/48 73/159/48 75/138/48
f 66/143/48 70/138/48 75/138/48
f 72/136/48 68/134/48 74/134/48
f 70/138/48 72/136/48 76/136/48
s 1
g pillar_silver
f 78/131/43 80/134/43 98/144/43
s 2
f 80/134/44 84/136/44 99/146/44
s 1
f 84/136/45 82/138/45 100/147/45
s 2
f 82/138/46 78/143/46 97/148/46
s 4
g pillar_wooden
f 83/135/47 81/137/47 77/140/47
f 80/134/48 78/131/48 85/131/48
g pillar_silver
f 86/142/48 85/159/48 87/138/48
g pillar_wooden
f 78/143/48 82/138/48 87/138/48
f 84/136/48 80/134/48 86/134/48
f 82/138/48 84/136/48 88/136/48
s 2
g pillar_silver
f 92/149/46 89/158/46 96/150/46
s 1
f 91/152/45 92/149/45 95/151/45
s 2
f 90/154/44 91/152/44 94/153/44
s 1
f 89/156/43 90/154/43 93/155/43
g pillar_wooden
f 96/157/43 93/155/43 79/132/43
s 2
f 93/155/44 94/153/44 83/135/44
s 1
f 94/153/45 95/151/45 81/137/45
s 2
f 95/151/46 96/150/46 77/139/46
f 100/147/46 97/148/46 89/158/46
s 1
f 99/146/45 100/147/45 92/149/45
s 2
f 98/144/44 99/146/44 91/152/44
s 1
f 97/145/43 98/144/43 90/154/43
f 102/131/43 104/134/43 103/132/43
s 2
f 104/134/44 108/136/44 107/135/44
s 1
f 108/136/45 106/138/45 105/137/45
s 2
f 106/138/46 102/143/46 101/139/46
s 4
f 107/135/47 105/137/47 101/140/47
f 104/134/48 102/131/48 109/131/48
f 110/142/48 109/159/48 111/138/48
f 102/143/48 106/138/48 111/138/48
f 108/136/48 104/134/48 110/134/48
f 106/138/48 108/136/48 112/136/48
s 1
g pillar_silver
f 114/131/43 116/134/43 134/144/43
s 2
f 116/134/44 120/136/44 135/146/44
s 1
f 120/136/45 118/138/45 136/147/45
s 2
f 118/138/46 114/143/46 133/148/46
s 4
g pillar_wooden
f 119/135/47 117/137/47 113/140/47
f 116/134/48 114/131/48 121/131/48
g pillar_silver
f 122/142/48 121/159/48 123/138/48
g pillar_wooden
f 114/143/48 118/138/48 123/138/48
f 120/136/48 116/134/48 122/134/48
f 118/138/48 120/136/48 124/136/48
s 2
g pillar_silver
f 128/149/46 125/158/46 132/150/46
s 1
f 127/152/45 128/149/45 131/151/45
s 2
f 126/154/44 127/152/44 130/153/44
s 1
f 125/156/43 126/154/43 129/155/43
g pillar_wooden
f 132/157/43 129/155/43 115/132/43
s 2
f 129/155/44 130/153/44 119/135/44
s 1
f 130/153/45 131/151/45 117/137/45
s 2
f 131/151/46 132/150/46 113/139/46
f 136/147/46 133/148/46 125/158/46
s 1
f 135/146/45 136/147/45 128/149/45
s 2
f 134/144/44 135/146/44 127/152/44
s 1
f 133/145/43 134/144/43 126/154/43
g Cube_Mesh
v 11.155931 -0.960919 13.806055
v 11.155931 0.960926 13.806055
v 11.155931 -0.960924 -15.810013
v 11.155931 0.960921 -15.810014
v 13.077778 -0.960919 13.806055
v 13.077778 0.960926 13.806055
v 13.077778 -0.960924 -15.810013
v 13.077778 0.960921 -15.810014
vn -1.0000 -0.0000 -0.0000
vn -0.0000 -0.0000 -1.0000
vn 1.0000 -0.0000 -0.0000
vn -0.0000 -0.0000 1.0000
vn -0.0000 -1.0000 -0.0000
vn -0.0000 1.0000 -0.0000
vt 0.625000 0.000000
vt 0.375000 0.250000
vt 0.375000 0.000000
vt 0.625000 0.250000
vt 0.375000 0.500000
vt 0.625000 0.500000
vt 0.375000 0.750000
vt 0.625000 0.750000
vt 0.375000 1.000000
vt 0.125000 0.750000
vt 0.125000 0.500000
vt 0.875000 0.500000
vt 0.625000 1.000000
vt 0.875000 0.750000
s 1
g off
g Cube_wooden
f 138/160/49 139/161/49 137/162/49
s 2
f 140/163/50 143/164/50 139/161/50
s 1
f 144/165/51 141/166/51 143/164/51
s 2
f 142/167/52 137/168/52 141/166/52
s 4
f 143/164/53 137/169/53 139/170/53
f 140/171/54 142/167/54 144/165/54
s 1
f 138/160/49 140/163/49 139/161/49
s 2
f 140/163/50 144/165/50 143/164/50
s 1
f 144/165/51 142/167/51 141/166/51
s 2
f 142/167/52 138/172/52 137/168/52
s 4
f 143/164/53 141/166/53 137/169/53
f 140/171/54 138/173/54 142/167/54
g wheel_Mesh
v -21.917141 3.634203 18.153854
v -22.636507 3.563351 18.153854
v -23.328228 3.353519 18.153854
v -23.965725 3.012772 18.153854
v -24.524494 2.554202 18.153854
v -24.983063 1.995433 18.153854
v -25.323811 1.357938 18.153854
v -25.533642 0.666215 18.153854
v -25.604494 -0.053151 18.153854
v -25.533642 -0.772519 18.153854
v -25.323811 -1.464242 18.153854
v -24.983063 -2.101737 18.153854
v -24.524494 -2.660506 18.153854
v -23.965725 -3.119075 18.153854
v -23.328228 -3.459824 18.153854
v -22.636505 -3.669655 18.153854
v -21.917137 -3.740507 18.153854
v -21.197771 -3.669654 18.153854
v -20.506050 -3.459822 18.153854
v -19.868553 -3.119074 18.153854
v -19.309784 -2.660504 18.153854
v -18.851215 -2.101735 18.153854
v -18.510468 -1.464239 18.153854
v -18.300636 -0.772516 18.153854
v -18.229786 -0.053148 18.153854
v -18.300638 0.666219 18.153854
v -18.510469 1.357941 18.153854
v -18.851219 1.995436 18.153854
v -19.309790 2.554205 18.153854
v -19.868561 3.012774 18.153854
v -20.506056 3.353521 18.153854
v -21.197777 3.563352 18.153854
v -21.917141 3.634203 17.134357
v -22.636507 3.563351 17.134357
v -23.328228 3.353519 17.134357
v -23.965725 3.012772 17.134357
v -24.524494 2.554202 17.134357
v -24.983063 1.995433 17.134357
v -25.323811 1.357938 17.134357
v -25.533642 0.666215 17.134357
v -25.604494 -0.053151 17.134357
v -25.533642 -0.772519 17.134357
v -25.323811 -1.464242 17.134357
v -24.983063 -2.101737 17.134357
v -24.524494 -2.660506 17.134357
v -23.965725 -3.119076 17.134357
v -23.328228 -3.459824 17.134357
v -22.636505 -3.669655 17.134357
v -21.917137 -3.740507 17.134357
v -21.197771 -3.669654 17.134357
v -20.506050 -3.459823 17.134357
v -19.868553 -3.119075 17.134357
v -19.309784 -2.660504 17.134357
v -18.851215 -2.101736 17.134357
v -18.510468 -1.464240 17.134357
v -18.300636 -0.772516 17.134357
v -18.229786 -0.053148 17.134357
v -18.300638 0.666219 17.134357
v -18.510469 1.357941 17.134357
v -18.851219 1.995436 17.134357
v -19.309790 2.554205 17.134357
v -19.868561 3.012774 17.134357
v -20.506056 3.353521 17.134357
v -21.197777 3.563352 17.134357
v -21.917141 3.341619 18.113409
v -22.579426 3.276390 18.113409
v -23.216263 3.083208 18.113409
v -23.803175 2.769498 18.113409
v -24.317606 2.347314 18.113409
v -24.739790 1.832882 18.113409
v -25.053501 1.245971 18.113409
v -25.246683 0.609135 18.113409
v -25.311913 -0.053151 18.113409
v -25.246683 -0.715440 18.113409
v -25.053501 -1.352274 18.113409
v -24.739790 -1.939186 18.113409
v -24.317606 -2.453619 18.113409
v -23.803175 -2.875802 18.113409
v -23.216263 -3.189513 18.113409
v -22.579426 -3.382695 18.113409
v -21.917139 -3.447925 18.113409
v -21.254852 -3.382694 18.113409
v -20.618015 -3.189512 18.113409
v -20.031105 -2.875801 18.113409
v -19.516670 -2.453617 18.113409
v -19.094488 -1.939185 18.113409
v -18.780777 -1.352273 18.113409
v -18.587597 -0.715436 18.113409
v -18.522367 -0.053149 18.113409
v -18.587597 0.609138 18.113409
v -18.780781 1.245975 18.113409
v -19.094490 1.832886 18.113409
v -19.516676 2.347318 18.113409
v -20.031109 2.769501 18.113409
v -20.618023 3.083210 18.113409
v -21.254858 3.276391 18.113409
v -21.917141 3.341619 17.174807
v -22.579426 3.276390 17.174807
v -23.216263 3.083208 17.174807
v -23.803175 2.769498 17.174807
v -24.317606 2.347314 17.174807
v -24.739790 1.832882 17.174807
v -25.053501 1.245971 17.174807
v -25.246683 0.609135 17.174807
v -25.311913 -0.053151 17.174807
v -25.246683 -0.715440 17.174807
v -25.053501 -1.352275 17.174809
v -24.739790 -1.939187 17.174809
v -24.317606 -2.453619 17.174809
v -23.803175 -2.875802 17.174809
v -23.216263 -3.189514 17.174809
v -22.579426 -3.382696 17.174809
v -21.917139 -3.447925 17.174809
v -21.254852 -3.382694 17.174809
v -20.618015 -3.189513 17.174809
v -20.031105 -2.875801 17.174809
v -19.516670 -2.453618 17.174809
v -19.094488 -1.939186 17.174809
v -18.780777 -1.352273 17.174809
v -18.587597 -0.715436 17.174807
v -18.522367 -0.053149 17.174807
v -18.587597 0.609138 17.174807
v -18.780781 1.245975 17.174807
v -19.094490 1.832886 17.174807
v -19.516676 2.347318 17.174807
v -20.031109 2.769501 17.174807
v -20.618023 3.083210 17.174807
v -21.254858 3.276391 17.174807
v -21.917141 2.964389 18.113411
v -22.505833 2.906407 18.113411
v -23.071903 2.734692 18.113411
v -23.593596 2.455841 18.113411
v -24.050863 2.080571 18.113411
v -24.426134 1.623303 18.113411
v -24.704985 1.101611 18.113411
v -24.876701 0.535541 18.113411
v -24.934681 -0.053151 18.113411
v -24.876701 -0.641846 18.113411
v -24.704985 -1.207914 18.113411
v -24.426134 -1.729608 18.113411
v -24.050863 -2.186875 18.113411
v -23.593596 -2.562145 18.113411
v -23.071903 -2.840997 18.113411
v -22.505833 -3.012712 18.113411
v -21.917139 -3.070693 18.113411
v -21.328445 -3.012711 18.113411
v -20.762375 -2.840995 18.113411
v -20.240683 -2.562144 18.113411
v -19.783417 -2.186874 18.113411
v -19.408146 -1.729607 18.113411
v -19.129295 -1.207913 18.113411
v -18.957581 -0.641842 18.113411
v -18.899599 -0.053149 18.113411
v -18.957581 0.535544 18.113411
v -19.129297 1.101614 18.113411
v -19.408148 1.623306 18.113411
v -19.783421 2.080574 18.113411
v -20.240688 2.455844 18.113411
v -20.762383 2.734694 18.113411
v -21.328453 2.906408 18.113411
v -18.300636 -0.772516 17.498579
v -18.229786 -0.053148 17.498579
v -25.323811 -1.464242 17.498579
v -24.983063 -2.101737 17.498579
v -18.300638 0.666219 17.498579
v -24.524494 -2.660506 17.498579
v -18.510469 1.357941 17.498579
v -23.965725 -3.119076 17.498579
v -18.851219 1.995436 17.498579
v -23.328228 -3.459824 17.498579
v -21.917141 3.634203 17.498579
v -22.636507 3.563351 17.498579
v -19.309790 2.554205 17.498579
v -22.636505 -3.669655 17.498579
v -23.328228 3.353519 17.498579
v -19.868561 3.012774 17.498579
v -21.917137 -3.740507 17.498579
v -23.965725 3.012772 17.498579
v -20.506056 3.353521 17.498579
v -21.197771 -3.669654 17.498579
v -24.524494 2.554202 17.498579
v -21.197777 3.563352 17.498579
v -20.506050 -3.459823 17.498579
v -24.983063 1.995433 17.498579
v -19.868553 -3.119075 17.498579
v -25.323811 1.357938 17.498579
v -19.309784 -2.660504 17.498579
v -25.533642 0.666215 17.498579
v -18.851215 -2.101736 17.498579
v -25.604494 -0.053151 17.498579
v -18.510468 -1.464240 17.498579
v -25.533642 -0.772519 17.498579
v -18.229786 -0.053148 17.846378
v -24.983063 -2.101737 17.846378
v -18.300638 0.666219 17.846378
v -24.524494 -2.660506 17.846378
v -18.510469 1.357941 17.846378
v -23.965725 -3.119075 17.846378
v -18.851219 1.995436 17.846378
v -23.328228 -3.459824 17.846378
v -22.636507 3.563351 17.846378
v -19.309790 2.554205 17.846378
v -22.636505 -3.669655 17.846378
v -23.328228 3.353519 17.846378
v -19.868561 3.012774 17.846378
v -21.917137 -3.740507 17.846378
v -23.965725 3.012772 17.846378
v -20.506056 3.353521 17.846378
v -21.197771 -3.669654 17.846378
v -24.524494 2.554202 17.846378
v -21.197777 3.563352 17.846378
v -20.506050 -3.459822 17.846378
v -24.983063 1.995433 17.846378
v -19.868553 -3.119074 17.846378
v -25.323811 1.357938 17.846378
v -19.309784 -2.660504 17.846378
v -25.533642 0.666215 17.846378
v -18.851215 -2.101735 17.846378
v -25.604494 -0.053151 17.846378
v -18.510468 -1.464239 17.846378
v -25.533642 -0.772519 17.846378
v -18.300636 -0.772516 17.846378
v -25.323811 -1.464242 17.846378
v -21.917141 3.634203 17.846378
v 26.625549 3.634203 18.153858
v 25.906185 3.563351 18.153858
v 25.214458 3.353519 18.153858
v 24.576965 3.012773 18.153858
v 24.018196 2.554202 18.153858
v 23.559624 1.995433 18.153858
v 23.218876 1.357938 18.153858
v 23.009045 0.666215 18.153858
v 22.938190 -0.053151 18.153858
v 23.009045 -0.772519 18.153858
v 23.218876 -1.464242 18.153858
v 23.559624 -2.101737 18.153858
v 24.018196 -2.660506 18.153858
v 24.576965 -3.119075 18.153858
v 25.214458 -3.459825 18.153858
v 25.906185 -3.669656 18.153858
v 26.625549 -3.740507 18.153858
v 27.344917 -3.669655 18.153858
v 28.036640 -3.459824 18.153858
v 28.674137 -3.119074 18.153858
v 29.232906 -2.660504 18.153858
v 29.691475 -2.101735 18.153858
v 30.032223 -1.464239 18.153858
v 30.242046 -0.772516 18.153858
v 30.312893 -0.053148 18.153858
v 30.242043 0.666219 18.153858
v 30.032219 1.357941 18.153858
v 29.691471 1.995437 18.153858
v 29.232903 2.554205 18.153858
v 28.674129 3.012774 18.153858
v 28.036633 3.353521 18.153858
v 27.344913 3.563352 18.153858
v 26.625549 3.634203 17.134361
v 25.906185 3.563351 17.134361
v 25.214458 3.353519 17.134361
v 24.576965 3.012773 17.134361
v 24.018196 2.554202 17.134361
v 23.559624 1.995433 17.134361
v 23.218876 1.357938 17.134361
v 23.009045 0.666215 17.134361
v 22.938190 -0.053151 17.134361
v 23.009045 -0.772519 17.134361
v 23.218876 -1.464242 17.134363
v 23.559624 -2.101737 17.134363
v 24.018196 -2.660506 17.134363
v 24.576965 -3.119076 17.134363
v 25.214458 -3.459825 17.134363
v 25.906185 -3.669657 17.134363
v 26.625549 -3.740507 17.134363
v 27.344917 -3.669655 17.134363
v 28.036640 -3.459824 17.134363
v 28.674137 -3.119075 17.134363
v 29.232906 -2.660504 17.134363
v 29.691475 -2.101736 17.134363
v 30.032223 -1.464240 17.134363
v 30.242046 -0.772516 17.134361
v 30.312893 -0.053148 17.134361
v 30.242043 0.666219 17.134361
v 30.032219 1.357941 17.134361
v 29.691471 1.995437 17.134361
v 29.232903 2.554205 17.134361
v 28.674129 3.012774 17.134361
v 28.036633 3.353521 17.134361
v 27.344913 3.563352 17.134361
v 26.625549 3.341620 18.113413
v 25.963261 3.276391 18.113413
v 25.326424 3.083209 18.113413
v 24.739513 2.769499 18.113413
v 24.225082 2.347314 18.113413
v 23.802898 1.832882 18.113413
v 23.489189 1.245972 18.113413
v 23.296005 0.609135 18.113413
v 23.230778 -0.053151 18.113413
v 23.296005 -0.715440 18.113413
v 23.489189 -1.352274 18.113415
v 23.802898 -1.939187 18.113415
v 24.225082 -2.453619 18.113415
v 24.739513 -2.875802 18.113415
v 25.326427 -3.189514 18.113415
v 25.963264 -3.382695 18.113415
v 26.625549 -3.447925 18.113415
v 27.287842 -3.382694 18.113415
v 27.924675 -3.189512 18.113415
v 28.511589 -2.875801 18.113415
v 29.026020 -2.453618 18.113415
v 29.448204 -1.939185 18.113415
v 29.761913 -1.352273 18.113415
v 29.955093 -0.715436 18.113413
v 30.020325 -0.053149 18.113413
v 29.955093 0.609138 18.113413
v 29.761913 1.245975 18.113413
v 29.448200 1.832886 18.113413
v 29.026016 2.347318 18.113413
v 28.511581 2.769501 18.113413
v 27.924667 3.083211 18.113413
v 27.287834 3.276392 18.113413
v 26.625549 3.341620 17.174810
v 25.963261 3.276391 17.174810
v 25.326424 3.083209 17.174810
v 24.739513 2.769499 17.174810
v 24.225082 2.347314 17.174810
v 23.802898 1.832882 17.174810
v 23.489189 1.245972 17.174810
v 23.296005 0.609135 17.174810
v 23.230778 -0.053151 17.174810
v 23.296005 -0.715440 17.174810
v 23.489189 -1.352275 17.174812
v 23.802898 -1.939188 17.174812
v 24.225082 -2.453620 17.174812
v 24.739513 -2.875803 17.174812
v 25.326427 -3.189514 17.174812
v 25.963264 -3.382696 17.174812
v 26.625549 -3.447925 17.174812
v 27.287842 -3.382694 17.174812
v 27.924675 -3.189513 17.174812
v 28.511589 -2.875802 17.174812
v 29.026020 -2.453618 17.174812
v 29.448204 -1.939186 17.174812
v 29.761913 -1.352273 17.174812
v 29.955093 -0.715436 17.174810
v 30.020325 -0.053149 17.174810
v 29.955093 0.609138 17.174810
v 29.761913 1.245975 17.174810
v 29.448200 1.832886 17.174810
v 29.026016 2.347318 17.174810
v 28.511581 2.769501 17.174810
v 27.924667 3.083211 17.174810
v 27.287834 3.276392 17.174810
v 26.625549 2.964389 18.113415
v 26.036858 2.906407 18.113415
v 25.470787 2.734693 18.113415
v 24.949093 2.455842 18.113415
v 24.491825 2.080571 18.113415
v 24.116558 1.623303 18.113415
v 23.837704 1.101611 18.113415
v 23.665993 0.535541 18.113415
v 23.608009 -0.053151 18.113415
v 23.665993 -0.641846 18.113415
v 23.837704 -1.207914 18.113415
v 24.116558 -1.729608 18.113415
v 24.491825 -2.186876 18.113415
v 24.949093 -2.562145 18.113415
v 25.470787 -2.840997 18.113415
v 26.036858 -3.012712 18.113415
v 26.625549 -3.070693 18.113415
v 27.214245 -3.012711 18.113415
v 27.780315 -2.840995 18.113415
v 28.302006 -2.562144 18.113415
v 28.759274 -2.186874 18.113415
v 29.134544 -1.729607 18.113415
v 29.413399 -1.207913 18.113415
v 29.585110 -0.641842 18.113415
v 29.643093 -0.053149 18.113415
v 29.585110 0.535544 18.113415
v 29.413391 1.101614 18.113415
v 29.134541 1.623307 18.113415
v 28.759270 2.080574 18.113415
v 28.302002 2.455844 18.113415
v 27.780308 2.734694 18.113415
v 27.214237 2.906408 18.113415
v 30.242046 -0.772516 17.498583
v 30.312893 -0.053148 17.498583
v 23.218876 -1.464242 17.498583
v 23.559624 -2.101737 17.498583
v 30.242043 0.666219 17.498583
v 24.018196 -2.660506 17.498583
v 30.032219 1.357941 17.498583
v 24.576965 -3.119076 17.498583
v 29.691471 1.995437 17.498583
v 25.214458 -3.459825 17.498583
v 26.625549 3.634203 17.498583
v 25.906185 3.563351 17.498583
v 29.232903 2.554205 17.498583
v 25.906185 -3.669657 17.498583
v 25.214458 3.353519 17.498583
v 28.674129 3.012774 17.498583
v 26.625549 -3.740507 17.498583
v 24.576965 3.012773 17.498583
v 28.036633 3.353521 17.498583
v 27.344917 -3.669655 17.498583
v 24.018196 2.554202 17.498583
v 27.344913 3.563352 17.498583
v 28.036640 -3.459824 17.498583
v 23.559624 1.995433 17.498583
v 28.674137 -3.119075 17.498583
v 23.218876 1.357938 17.498583
v 29.232906 -2.660504 17.498583
v 23.009045 0.666215 17.498583
v 29.691475 -2.101736 17.498583
v 22.938190 -0.053151 17.498583
v 30.032223 -1.464240 17.498583
v 23.009045 -0.772519 17.498583
v 30.312893 -0.053148 17.846382
v 23.559624 -2.101737 17.846384
v 30.242043 0.666219 17.846382
v 24.018196 -2.660506 17.846384
v 30.032219 1.357941 17.846382
v 24.576965 -3.119075 17.846384
v 29.691471 1.995437 17.846382
v 25.214458 -3.459825 17.846384
v 25.906185 3.563351 17.846382
v 29.232903 2.554205 17.846382
v 25.906185 -3.669656 17.846384
v 25.214458 3.353519 17.846382
v 28.674129 3.012774 17.846382
v 26.625549 -3.740507 17.846384
v 24.576965 3.012773 17.846382
v 28.036633 3.353521 17.846382
v 27.344917 -3.669655 17.846384
v 24.018196 2.554202 17.846382
v 27.344913 3.563352 17.846382
v 28.036640 -3.459824 17.846384
v 23.559624 1.995433 17.846382
v 28.674137 -3.119074 17.846384
v 23.218876 1.357938 17.846382
v 29.232906 -2.660504 17.846384
v 23.009045 0.666215 17.846382
v 29.691475 -2.101735 17.846384
v 22.938190 -0.053151 17.846382
v 30.032223 -1.464239 17.846384
v 23.009045 -0.772519 17.846382
v 30.242046 -0.772516 17.846382
v 23.218876 -1.464242 17.846384
v 26.625549 3.634203 17.846382
v -21.917141 -3.740510 -19.729424
v -22.636507 -3.669658 -19.729424
v -23.328228 -3.459826 -19.729424
v -23.965725 -3.119079 -19.729424
v -24.524494 -2.660509 -19.729424
v -24.983063 -2.101740 -19.729424
v -25.323811 -1.464245 -19.729424
v -25.533644 -0.772523 -19.729424
v -25.604494 -0.053156 -19.729424
v -25.533644 0.666212 -19.729424
v -25.323811 1.357934 -19.729424
v -24.983063 1.995430 -19.729424
v -24.524494 2.554199 -19.729424
v -23.965725 3.012769 -19.729424
v -23.328228 3.353518 -19.729424
v -22.636505 3.563349 -19.729424
v -21.917137 3.634200 -19.729424
v -21.197771 3.563348 -19.729424
v -20.506050 3.353517 -19.729424
v -19.868553 3.012768 -19.729424
v -19.309784 2.554196 -19.729424
v -18.851215 1.995427 -19.729424
v -18.510468 1.357932 -19.729424
v -18.300636 0.666208 -19.729424
v -18.229786 -0.053160 -19.729424
v -18.300636 -0.772527 -19.729424
v -18.510469 -1.464248 -19.729424
v -18.851219 -2.101744 -19.729424
v -19.309790 -2.660512 -19.729424
v -19.868559 -3.119081 -19.729424
v -20.506056 -3.459828 -19.729424
v -21.197777 -3.669659 -19.729424
v -21.917141 -3.740510 -18.709927
v -22.636507 -3.669658 -18.709927
v -23.328228 -3.459826 -18.709927
v -23.965725 -3.119079 -18.709927
v -24.524494 -2.660509 -18.709927
v -24.983063 -2.101740 -18.709927
v -25.323811 -1.464245 -18.709927
v -25.533644 -0.772523 -18.709927
v -25.604494 -0.053156 -18.709927
v -25.533644 0.666212 -18.709927
v -25.323811 1.357934 -18.709927
v -24.983063 1.995430 -18.709927
v -24.524494 2.554199 -18.709927
v -23.965725 3.012769 -18.709927
v -23.328228 3.353518 -18.709927
v -22.636505 3.563349 -18.709927
v -21.917137 3.634200 -18.709927
v -21.197771 3.563348 -18.709927
v -20.506050 3.353517 -18.709927
v -19.868553 3.012768 -18.709927
v -19.309784 2.554196 -18.709927
v -18.851215 1.995427 -18.709927
v -18.510468 1.357932 -18.709927
v -18.300636 0.666208 -18.709927
v -18.229786 -0.053160 -18.709927
v -18.300636 -0.772527 -18.709927
v -18.510469 -1.464248 -18.709927
v -18.851219 -2.101744 -18.709927
v -19.309790 -2.660512 -18.709927
v -19.868559 -3.119081 -18.709927
v -20.506056 -3.459828 -18.709927
v -21.197777 -3.669659 -18.709927
v -21.917141 -3.447927 -19.688980
v -22.579426 -3.382698 -19.688980
v -23.216263 -3.189516 -19.688980
v -23.803175 -2.875805 -19.688980
v -24.317606 -2.453622 -19.688980
v -24.739790 -1.939190 -19.688980
v -25.053501 -1.352279 -19.688980
v -25.246683 -0.715443 -19.688980
v -25.311913 -0.053156 -19.688980
v -25.246683 0.609132 -19.688980
v -25.053501 1.245968 -19.688980
v -24.739790 1.832879 -19.688980
v -24.317606 2.347313 -19.688980
v -23.803175 2.769495 -19.688980
v -23.216263 3.083207 -19.688980
v -22.579426 3.276388 -19.688980
v -21.917139 3.341618 -19.688980
v -21.254852 3.276387 -19.688980
v -20.618015 3.083205 -19.688980
v -20.031103 2.769495 -19.688980
v -19.516670 2.347310 -19.688980
v -19.094488 1.832878 -19.688980
v -18.780777 1.245966 -19.688980
v -18.587597 0.609129 -19.688980
v -18.522367 -0.053158 -19.688980
v -18.587597 -0.715447 -19.688980
v -18.780781 -1.352282 -19.688980
v -19.094490 -1.939193 -19.688980
v -19.516676 -2.453625 -19.688980
v -20.031109 -2.875808 -19.688980
v -20.618023 -3.189518 -19.688980
v -21.254858 -3.382699 -19.688980
v -21.917141 -3.447927 -18.750374
v -22.579426 -3.382698 -18.750374
v -23.216263 -3.189516 -18.750374
v -23.803175 -2.875805 -18.750374
v -24.317606 -2.453622 -18.750374
v -24.739790 -1.939190 -18.750374
v -25.053501 -1.352279 -18.750374
v -25.246683 -0.715443 -18.750374
v -25.311913 -0.053156 -18.750378
v -25.246683 0.609132 -18.750378
v -25.053501 1.245968 -18.750378
v -24.739790 1.832879 -18.750378
v -24.317606 2.347313 -18.750378
v -23.803175 2.769495 -18.750378
v -23.216263 3.083207 -18.750378
v -22.579426 3.276388 -18.750378
v -21.917139 3.341618 -18.750378
v -21.254852 3.276387 -18.750378
v -20.618015 3.083205 -18.750378
v -20.031103 2.769495 -18.750378
v -19.516670 2.347310 -18.750378
v -19.094488 1.832878 -18.750378
v -18.780777 1.245966 -18.750378
v -18.587597 0.609129 -18.750378
v -18.522367 -0.053158 -18.750378
v -18.587597 -0.715446 -18.750374
v -18.780781 -1.352282 -18.750374
v -19.094490 -1.939193 -18.750374
v -19.516676 -2.453625 -18.750374
v -20.031109 -2.875808 -18.750374
v -20.618023 -3.189518 -18.750374
v -21.254858 -3.382699 -18.750374
v -21.917141 -3.070696 -19.688980
v -22.505833 -3.012715 -19.688980
v -23.071903 -2.840999 -19.688980
v -23.593596 -2.562149 -19.688980
v -24.050863 -2.186879 -19.688980
v -24.426134 -1.729611 -19.688980
v -24.704985 -1.207918 -19.688980
v -24.876701 -0.641849 -19.688980
v -24.934681 -0.053156 -19.688980
v -24.876701 0.535538 -19.688980
v -24.704985 1.101607 -19.688980
v -24.426134 1.623301 -19.688980
v -24.050863 2.080568 -19.688980
v -23.593596 2.455838 -19.688980
v -23.071903 2.734690 -19.688980
v -22.505833 2.906405 -19.688980
v -21.917139 2.964386 -19.688980
v -21.328445 2.906404 -19.688980
v -20.762375 2.734688 -19.688980
v -20.240683 2.455838 -19.688980
v -19.783415 2.080567 -19.688980
v -19.408146 1.623300 -19.688980
v -19.129295 1.101604 -19.688980
v -18.957581 0.535535 -19.688980
v -18.899599 -0.053158 -19.688980
v -18.957581 -0.641852 -19.688980
v -19.129295 -1.207922 -19.688980
v -19.408148 -1.729614 -19.688980
v -19.783421 -2.186882 -19.688980
v -20.240688 -2.562151 -19.688980
v -20.762383 -2.841001 -19.688980
v -21.328453 -3.012716 -19.688980
v -18.300636 0.666208 -19.074150
v -18.229786 -0.053160 -19.074150
v -25.323811 1.357934 -19.074150
v -24.983063 1.995430 -19.074150
v -18.300636 -0.772527 -19.074150
v -24.524494 2.554199 -19.074150
v -18.510469 -1.464248 -19.074150
v -23.965725 3.012769 -19.074150
v -18.851219 -2.101744 -19.074150
v -23.328228 3.353518 -19.074150
v -21.917141 -3.740510 -19.074146
v -22.636507 -3.669658 -19.074146
v -19.309790 -2.660512 -19.074150
v -22.636505 3.563349 -19.074150
v -23.328228 -3.459826 -19.074146
v -19.868559 -3.119081 -19.074146
v -21.917137 3.634200 -19.074150
v -23.965725 -3.119079 -19.074146
v -20.506056 -3.459828 -19.074146
v -21.197771 3.563348 -19.074150
v -24.524494 -2.660509 -19.074150
v -21.197777 -3.669659 -19.074146
v -20.506050 3.353517 -19.074150
v -24.983063 -2.101740 -19.074150
v -19.868553 3.012768 -19.074150
v -25.323811 -1.464245 -19.074150
v -19.309784 2.554196 -19.074150
v -25.533644 -0.772523 -19.074150
v -18.851215 1.995427 -19.074150
v -25.604494 -0.053156 -19.074150
v -18.510468 1.357932 -19.074150
v -25.533644 0.666212 -19.074150
v -18.229786 -0.053160 -19.421947
v -24.983063 1.995430 -19.421947
v -18.300636 -0.772527 -19.421947
v -24.524494 2.554199 -19.421951
v -18.510469 -1.464248 -19.421947
v -23.965725 3.012769 -19.421951
v -18.851219 -2.101744 -19.421947
v -23.328228 3.353518 -19.421951
v -22.636507 -3.669658 -19.421947
v -19.309790 -2.660512 -19.421947
v -22.636505 3.563349 -19.421951
v -23.328228 -3.459826 -19.421947
v -19.868559 -3.119081 -19.421947
v -21.917137 3.634200 -19.421951
v -23.965725 -3.119079 -19.421947
v -20.506056 -3.459828 -19.421947
v -21.197771 3.563348 -19.421951
v -24.524494 -2.660509 -19.421947
v -21.197777 -3.669659 -19.421947
v -20.506050 3.353517 -19.421951
v -24.983063 -2.101740 -19.421947
v -19.868553 3.012768 -19.421951
v -25.323811 -1.464245 -19.421947
v -19.309784 2.554196 -19.421951
v -25.533644 -0.772523 -19.421947
v -18.851215 1.995427 -19.421947
v -25.604494 -0.053156 -19.421947
v -18.510468 1.357932 -19.421947
v -25.533644 0.666212 -19.421947
v -18.300636 0.666208 -19.421947
v -25.323811 1.357934 -19.421947
v -21.917141 -3.740510 -19.421947
v 26.625549 -3.740510 -19.729424
v 25.906185 -3.669658 -19.729424
v 25.214458 -3.459826 -19.729424
v 24.576965 -3.119079 -19.729424
v 24.018196 -2.660509 -19.729424
v 23.559624 -2.101740 -19.729424
v 23.218876 -1.464245 -19.729424
v 23.009045 -0.772523 -19.729424
v 22.938190 -0.053156 -19.729424
v 23.009045 0.666212 -19.729424
v 23.218876 1.357934 -19.729424
v 23.559624 1.995430 -19.729424
v 24.018196 2.554199 -19.729424
v 24.576965 3.012769 -19.729424
v 25.214458 3.353518 -19.729424
v 25.906185 3.563349 -19.729424
v 26.625549 3.634200 -19.729424
v 27.344917 3.563348 -19.729424
v 28.036640 3.353517 -19.729424
v 28.674137 3.012768 -19.729424
v 29.232906 2.554196 -19.729424
v 29.691475 1.995427 -19.729424
v 30.032223 1.357932 -19.729424
v 30.242046 0.666208 -19.729424
v 30.312893 -0.053160 -19.729424
v 30.242043 -0.772527 -19.729424
v 30.032219 -1.464248 -19.729424
v 29.691471 -2.101744 -19.729424
v 29.232903 -2.660512 -19.729424
v 28.674129 -3.119081 -19.729424
v 28.036633 -3.459828 -19.729424
v 27.344913 -3.669659 -19.729424
v 26.625549 -3.740510 -18.709927
v 25.906185 -3.669658 -18.709927
v 25.214458 -3.459826 -18.709927
v 24.576965 -3.119079 -18.709927
v 24.018196 -2.660509 -18.709927
v 23.559624 -2.101740 -18.709927
v 23.218876 -1.464245 -18.709927
v 23.009045 -0.772523 -18.709927
v 22.938190 -0.053156 -18.709927
v 23.009045 0.666212 -18.709927
v 23.218876 1.357934 -18.709927
v 23.559624 1.995430 -18.709927
v 24.018196 2.554199 -18.709927
v 24.576965 3.012769 -18.709927
v 25.214458 3.353518 -18.709927
v 25.906185 3.563349 -18.709927
v 26.625549 3.634200 -18.709927
v 27.344917 3.563348 -18.709927
v 28.036640 3.353517 -18.709927
v 28.674137 3.012768 -18.709927
v 29.232906 2.554196 -18.709927
v 29.691475 1.995427 -18.709927
v 30.032223 1.357932 -18.709927
v 30.242046 0.666208 -18.709927
v 30.312893 -0.053160 -18.709927
v 30.242043 -0.772527 -18.709927
v 30.032219 -1.464248 -18.709927
v 29.691471 -2.101744 -18.709927
v 29.232903 -2.660512 -18.709927
v 28.674129 -3.119081 -18.709927
v 28.036633 -3.459828 -18.709927
v 27.344913 -3.669659 -18.709927
v 26.625549 -3.447927 -19.688980
v 25.963261 -3.382698 -19.688980
v 25.326424 -3.189516 -19.688980
v 24.739513 -2.875805 -19.688980
v 24.225082 -2.453622 -19.688980
v 23.802898 -1.939190 -19.688980
v 23.489189 -1.352279 -19.688980
v 23.296005 -0.715443 -19.688980
v 23.230778 -0.053156 -19.688980
v 23.296005 0.609132 -19.688980
v 23.489189 1.245968 -19.688980
v 23.802898 1.832879 -19.688980
v 24.225082 2.347313 -19.688980
v 24.739513 2.769495 -19.688980
v 25.326427 3.083207 -19.688980
v 25.963264 3.276388 -19.688980
v 26.625549 3.341618 -19.688980
v 27.287842 3.276387 -19.688980
v 27.924675 3.083205 -19.688980
v 28.511589 2.769495 -19.688980
v 29.026020 2.347310 -19.688980
v 29.448204 1.832878 -19.688980
v 29.761913 1.245966 -19.688980
v 29.955093 0.609129 -19.688980
v 30.020325 -0.053158 -19.688980
v 29.955093 -0.715447 -19.688980
v 29.761913 -1.352282 -19.688980
v 29.448200 -1.939193 -19.688980
v 29.026016 -2.453625 -19.688980
v 28.511581 -2.875808 -19.688980
v 27.924667 -3.189518 -19.688980
v 27.287834 -3.382699 -19.688980
v 26.625549 -3.447927 -18.750374
v 25.963261 -3.382698 -18.750374
v 25.326424 -3.189516 -18.750374
v 24.739513 -2.875805 -18.750374
v 24.225082 -2.453622 -18.750374
v 23.802898 -1.939190 -18.750374
v 23.489189 -1.352279 -18.750374
v 23.296005 -0.715443 -18.750374
v 23.230778 -0.053156 -18.750378
v 23.296005 0.609132 -18.750378
v 23.489189 1.245968 -18.750378
v 23.802898 1.832879 -18.750378
v 24.225082 2.347313 -18.750378
v 24.739513 2.769495 -18.750378
v 25.326427 3.083207 -18.750378
v 25.963264 3.276388 -18.750378
v 26.625549 3.341618 -18.750378
v 27.287842 3.276387 -18.750378
v 27.924675 3.083205 -18.750378
v 28.511589 2.769495 -18.750378
v 29.026020 2.347310 -18.750378
v 29.448204 1.832878 -18.750378
v 29.761913 1.245966 -18.750378
v 29.955093 0.609129 -18.750378
v 30.020325 -0.053158 -18.750378
v 29.955093 -0.715446 -18.750374
v 29.761913 -1.352282 -18.750374
v 29.448200 -1.939193 -18.750374
v 29.026016 -2.453625 -18.750374
v 28.511581 -2.875808 -18.750374
v 27.924667 -3.189518 -18.750374
v 27.287834 -3.382699 -18.750374
v 26.625549 -3.070696 -19.688980
v 26.036858 -3.012715 -19.688980
v 25.470787 -2.840999 -19.688980
v 24.949093 -2.562149 -19.688980
v 24.491825 -2.186879 -19.688980
v 24.116558 -1.729611 -19.688980
v 23.837704 -1.207918 -19.688980
v 23.665993 -0.641849 -19.688980
v 23.608009 -0.053156 -19.688980
v 23.665993 0.535538 -19.688980
v 23.837704 1.101607 -19.688980
v 24.116558 1.623301 -19.688980
v 24.491825 2.080568 -19.688980
v 24.949093 2.455838 -19.688980
v 25.470787 2.734690 -19.688980
v 26.036858 2.906405 -19.688980
v 26.625549 2.964386 -19.688980
v 27.214245 2.906404 -19.688980
v 27.780315 2.734688 -19.688980
v 28.302006 2.455838 -19.688980
v 28.759274 2.080567 -19.688980
v 29.134544 1.623300 -19.688980
v 29.413399 1.101604 -19.688980
v 29.585110 0.535535 -19.688980
v 29.643093 -0.053158 -19.688980
v 29.585110 -0.641852 -19.688980
v 29.413391 -1.207922 -19.688980
v 29.134541 -1.729614 -19.688980
v 28.759270 -2.186882 -19.688980
v 28.302002 -2.562151 -19.688980
v 27.780308 -2.841001 -19.688980
v 27.214237 -3.012716 -19.688980
v 30.242046 0.666208 -19.074150
v 30.312893 -0.053160 -19.074150
v 23.218876 1.357934 -19.074150
v 23.559624 1.995430 -19.074150
v 30.242043 -0.772527 -19.074150
v 24.018196 2.554199 -19.074150
v 30.032219 -1.464248 -19.074150
v 24.576965 3.012769 -19.074150
v 29.691471 -2.101744 -19.074150
v 25.214458 3.353518 -19.074150
v 26.625549 -3.740510 -19.074146
v 25.906185 -3.669658 -19.074146
v 29.232903 -2.660512 -19.074150
v 25.906185 3.563349 -19.074150
v 25.214458 -3.459826 -19.074146
v 28.674129 -3.119081 -19.074146
v 26.625549 3.634200 -19.074150
v 24.576965 -3.119079 -19.074146
v 28.036633 -3.459828 -19.074146
v 27.344917 3.563348 -19.074150
v 24.018196 -2.660509 -19.074150
v 27.344913 -3.669659 -19.074146
v 28.036640 3.353517 -19.074150
v 23.559624 -2.101740 -19.074150
v 28.674137 3.012768 -19.074150
v 23.218876 -1.464245 -19.074150
v 29.232906 2.554196 -19.074150
v 23.009045 -0.772523 -19.074150
v 29.691475 1.995427 -19.074150
v 22.938190 -0.053156 -19.074150
v 30.032223 1.357932 -19.074150
v 23.009045 0.666212 -19.074150
v 30.312893 -0.053160 -19.421947
v 23.559624 1.995430 -19.421947
v 30.242043 -0.772527 -19.421947
v 24.018196 2.554199 -19.421951
v 30.032219 -1.464248 -19.421947
v 24.576965 3.012769 -19.421951
v 29.691471 -2.101744 -19.421947
v 25.214458 3.353518 -19.421951
v 25.906185 -3.669658 -19.421947
v 29.232903 -2.660512 -19.421947
v 25.906185 3.563349 -19.421951
v 25.214458 -3.459826 -19.421947
v 28.674129 -3.119081 -19.421947
v 26.625549 3.634200 -19.421951
v 24.576965 -3.119079 -19.421947
v 28.036633 -3.459828 -19.421947
v 27.344917 3.563348 -19.421951
v 24.018196 -2.660509 -19.421947
v 27.344913 -3.669659 -19.421947
v 28.036640 3.353517 -19.421951
v 23.559624 -2.101740 -19.421947
v 28.674137 3.012768 -19.421951
v 23.218876 -1.464245 -19.421947
v 29.232906 2.554196 -19.421951
v 23.009045 -0.772523 -19.421947
v 29.691475 1.995427 -19.421947
v 22.938190 -0.053156 -19.421947
v 30.032223 1.357932 -19.421947
v 23.009045 0.666212 -19.421947
v 30.242046 0.666208 -19.421947
v 23.218876 1.357934 -19.421947
v 26.625549 -3.740510 -19.421947
vn -0.9952 0.0980 -0.0000
vn 0.8819 0.4714 -0.0000
vn -0.9952 -0.0980 -0.0000
vn 0.7730 0.6344 -0.0000
vn -0.9569 -0.2903 -0.0000
vn 0.6344 0.7730 -0.0000
vn -0.8819 -0.4714 -0.0000
vn 0.4714 0.8819 -0.0000
vn 0.0980 -0.9952 -0.0000
vn -0.7730 -0.6344 -0.0000
vn 0.2903 0.9569 -0.0000
vn 0.2903 -0.9569 -0.0000
vn -0.6344 -0.7730 -0.0000
vn 0.0980 0.9952 -0.0000
vn 0.4714 -0.8819 -0.0000
vn -0.4714 -0.8819 -0.0000
vn -0.0980 0.9952 -0.0000
vn 0.6344 -0.7730 -0.0000
vn -0.2903 -0.9569 -0.0000
vn -0.2903 0.9569 -0.0000
vn 0.7730 -0.6344 -0.0000
vn -0.0980 -0.9952 -0.0000
vn -0.4714 0.8819 -0.0000
vn 0.8819 -0.4714 -0.0000
vn -0.6344 0.7730 -0.0000
vn 0.9569 -0.2903 -0.0000
vn -0.7730 0.6344 -0.0000
vn 0.9952 -0.0980 -0.0000
vn -0.8819 0.4714 -0.0000
vn 0.9952 0.0980 -0.0000
vn -0.9569 0.2903 -0.0000
vn 0.9569 0.2903 -0.0000
vn 0.1213 -0.0649 -0.9905
vn 0.0135 -0.1369 0.9905
vn 0.1317 -0.0399 -0.9905
vn 0.0399 -0.1317 0.9905
vn 0.1369 -0.0135 -0.9905
vn 0.0649 -0.1213 0.9905
vn 0.1369 0.0135 -0.9905
vn 0.0873 -0.1064 0.9905
vn 0.1317 0.0399 -0.9905
vn 0.1064 -0.0873 0.9905
vn 0.1213 0.0649 -0.9905
vn -0.0135 0.1369 -0.9905
vn 0.1213 -0.0649 0.9905
vn 0.1064 0.0873 -0.9905
vn -0.0399 0.1317 -0.9905
vn 0.1317 -0.0399 0.9905
vn 0.0873 0.1064 -0.9905
vn -0.0649 0.1213 -0.9905
vn 0.1369 -0.0135 0.9905
vn 0.0649 0.1213 -0.9905
vn -0.0873 0.1064 -0.9905
vn 0.1369 0.0135 0.9905
vn 0.0399 0.1317 -0.9905
vn -0.1064 0.0873 -0.9905
vn 0.1317 0.0399 0.9905
vn 0.0135 0.1369 -0.9905
vn -0.1213 0.0649 -0.9905
vn 0.1213 0.0649 0.9905
vn -0.0135 0.1369 0.9905
vn -0.1317 0.0399 -0.9905
vn 0.1064 0.0873 0.9905
vn -0.0399 0.1317 0.9905
vn -0.1369 0.0135 -0.9905
vn 0.0873 0.1064 0.9905
vn -0.0649 0.1213 0.9905
vn -0.1369 -0.0135 -0.9905
vn 0.0649 0.1213 0.9905
vn -0.0873 0.1064 0.9905
vn -0.1317 -0.0399 -0.9905
vn 0.0399 0.1317 0.9905
vn -0.1064 0.0873 0.9905
vn -0.1213 -0.0649 -0.9905
vn 0.0135 0.1369 0.9905
vn -0.1213 0.0649 0.9905
vn -0.1064 -0.0873 -0.9905
vn -0.1317 0.0399 0.9905
vn -0.0873 -0.1064 -0.9905
vn -0.1369 0.0135 0.9905
vn -0.0649 -0.1213 -0.9905
vn -0.1369 -0.0135 0.9905
vn -0.0399 -0.1317 -0.9905
vn -0.1317 -0.0399 0.9905
vn -0.0135 -0.1369 -0.9905
vn -0.1213 -0.0649 0.9905
vn -0.1214 -0.0649 0.9905
vn 0.0135 -0.1369 -0.9905
vn -0.1064 -0.0873 0.9905
vn 0.0399 -0.1317 -0.9905
vn -0.0873 -0.1064 0.9905
vn 0.0649 -0.1213 -0.9905
vn -0.0649 -0.1213 0.9905
vn 0.0873 -0.1064 -0.9905
vn -0.0399 -0.1317 0.9905
vn 0.1064 -0.0873 -0.9905
vn -0.0135 -0.1369 0.9905
vn -0.0000 -0.0000 -1.0000
vn 0.0649 -0.1214 0.9905
vn -0.0649 -0.1214 0.9905
vn 0.1316 0.0399 0.9905
vn 0.0649 0.1214 -0.9905
vn 0.1316 -0.0399 0.9905
vn 0.1214 0.0649 -0.9905
vn 0.1063 -0.0873 0.9905
vn 0.0873 -0.1063 0.9905
vn 0.1370 0.0135 -0.9905
vn -0.0873 -0.1063 0.9905
vn 0.1370 -0.0135 -0.9905
vn -0.1063 -0.0873 0.9905
vn 0.1214 -0.0649 -0.9905
vn -0.1316 -0.0399 0.9905
vn -0.1316 0.0399 0.9905
vn -0.1063 0.0873 0.9905
vn -0.0873 0.1063 0.9905
vn -0.1214 0.0649 -0.9905
vn 0.0648 0.1213 0.9905
vn -0.0649 0.1214 -0.9905
vn 0.0873 0.1063 0.9905
vn 0.1063 0.0873 0.9905
vn -0.0000 -0.0000 1.0000
vn -0.1214 0.0649 0.9905
vn -0.1214 -0.0649 -0.9905
vn -0.0648 0.1213 0.9905
vn 0.1214 0.0649 0.9905
vn 0.1214 -0.0649 0.9905
vn 0.0648 -0.1213 0.9905
vn -0.1370 0.0135 -0.9905
vn -0.0001 -0.0000 -1.0000
vn 0.0001 -0.0000 -1.0000
vt 0.000000 0.000000
s 1
g off
g wheel_wooden
f 201/174/55 305/174/55 306/174/55
f 188/174/56 307/174/56 308/174/56
s 2
f 202/174/57 306/174/57 309/174/57
f 189/174/58 308/174/58 310/174/58
s 1
f 203/174/59 309/174/59 311/174/59
f 190/174/60 310/174/60 312/174/60
s 2
f 204/174/61 311/174/61 313/174/61
f 191/174/62 312/174/62 314/174/62
s 1
f 178/174/63 315/174/63 316/174/63
f 205/174/64 313/174/64 317/174/64
f 192/174/65 314/174/65 318/174/65
s 2
f 179/174/66 316/174/66 319/174/66
f 206/174/67 317/174/67 320/174/67
f 193/174/68 318/174/68 321/174/68
s 1
f 180/174/69 319/174/69 322/174/69
f 207/174/70 320/174/70 323/174/70
f 194/174/71 321/174/71 324/174/71
s 2
f 181/174/72 322/174/72 325/174/72
f 208/174/73 323/174/73 326/174/73
f 195/174/74 324/174/74 327/174/74
s 1
f 182/174/75 325/174/75 328/174/75
s 4
f 177/174/76 326/174/76 315/174/76
s 1
f 196/174/77 327/174/77 329/174/77
s 2
f 183/174/78 328/174/78 330/174/78
f 197/174/79 329/174/79 331/174/79
s 1
f 184/174/80 330/174/80 332/174/80
f 198/174/81 331/174/81 333/174/81
s 2
f 185/174/82 332/174/82 334/174/82
f 199/174/83 333/174/83 335/174/83
s 1
f 186/174/84 334/174/84 336/174/84
s 4
f 200/174/85 335/174/85 305/174/85
s 2
f 187/174/86 336/174/86 307/174/86
s 1
f 232/174/82 265/174/82 233/174/82
f 219/174/61 252/174/61 220/174/61
s 2
f 233/174/84 266/174/84 234/174/84
f 220/174/64 253/174/64 221/174/64
s 1
f 234/174/86 267/174/86 235/174/86
f 221/174/67 254/174/67 222/174/67
s 2
f 235/174/56 268/174/56 236/174/56
f 222/174/70 255/174/70 223/174/70
s 1
f 209/174/71 242/174/71 210/174/71
f 236/174/58 269/174/58 237/174/58
f 223/174/73 256/174/73 224/174/73
s 2
f 210/174/74 243/174/74 211/174/74
f 237/174/60 270/174/60 238/174/60
f 224/174/76 257/174/76 225/174/76
s 1
f 211/174/77 244/174/77 212/174/77
f 238/174/62 271/174/62 239/174/62
f 225/174/63 258/174/63 226/174/63
s 2
f 212/174/79 245/174/79 213/174/79
f 239/174/65 272/174/65 240/174/65
f 226/174/66 259/174/66 227/174/66
s 1
f 213/174/81 246/174/81 214/174/81
s 4
f 240/174/68 241/174/68 209/174/68
s 1
f 227/174/69 260/174/69 228/174/69
s 2
f 214/174/83 247/174/83 215/174/83
f 228/174/72 261/174/72 229/174/72
s 1
f 215/174/85 248/174/85 216/174/85
f 229/174/75 262/174/75 230/174/75
s 2
f 216/174/55 249/174/55 217/174/55
f 230/174/78 263/174/78 231/174/78
s 1
f 217/174/57 250/174/57 218/174/57
s 4
f 231/174/80 264/174/80 232/174/80
s 2
f 218/174/59 251/174/59 219/174/59
s 8
f 166/174/87 231/174/87 167/174/87
s 4
f 193/174/88 258/174/88 257/174/88
s 16
f 168/174/89 231/174/89 232/174/89
s 8
f 195/174/90 258/174/90 194/174/90
f 168/174/91 233/174/91 169/174/91
s 4
f 196/174/92 259/174/92 195/174/92
f 170/174/93 233/174/93 234/174/93
s 8
f 197/174/94 260/174/94 196/174/94
f 170/174/95 235/174/95 171/174/95
s 4
f 197/174/96 262/174/96 261/174/96
f 172/174/97 235/174/97 236/174/97
s 8
f 145/174/98 210/174/98 146/174/98
f 198/174/99 263/174/99 262/174/99
f 172/174/100 237/174/100 173/174/100
s 4
f 147/174/101 210/174/101 211/174/101
s 16
f 200/174/102 263/174/102 199/174/102
s 4
f 173/174/103 238/174/103 174/174/103
s 8
f 148/174/104 211/174/104 212/174/104
f 200/174/105 265/174/105 264/174/105
f 175/174/106 238/174/106 239/174/106
s 4
f 148/174/107 213/174/107 149/174/107
f 202/174/108 265/174/108 201/174/108
s 16
f 176/174/109 239/174/109 240/174/109
s 8
f 150/174/110 213/174/110 214/174/110
f 202/174/111 267/174/111 266/174/111
s 32
f 145/174/112 240/174/112 209/174/112
s 4
f 151/174/113 214/174/113 215/174/113
f 204/174/114 267/174/114 203/174/114
s 8
f 177/174/115 242/174/115 241/174/115
f 152/174/116 215/174/116 216/174/116
f 204/174/117 269/174/117 268/174/117
s 4
f 179/174/118 242/174/118 178/174/118
f 153/174/119 216/174/119 217/174/119
f 205/174/120 270/174/120 269/174/120
s 8
f 180/174/121 243/174/121 179/174/121
f 153/174/122 218/174/122 154/174/122
f 206/174/123 271/174/123 270/174/123
s 4
f 181/174/124 244/174/124 180/174/124
f 154/174/125 219/174/125 155/174/125
s 16
f 208/174/126 271/174/126 207/174/126
s 8
f 181/174/127 246/174/127 245/174/127
f 155/174/128 220/174/128 156/174/128
s 32
f 177/174/129 272/174/129 208/174/129
s 4
f 183/174/130 246/174/130 182/174/130
f 156/174/131 221/174/131 157/174/131
s 8
f 184/174/132 247/174/132 183/174/132
f 157/174/133 222/174/133 158/174/133
s 4
f 185/174/134 248/174/134 184/174/134
f 158/174/135 223/174/135 159/174/135
s 8
f 186/174/136 249/174/136 185/174/136
f 160/174/137 223/174/137 224/174/137
s 4
f 186/174/138 251/174/138 250/174/138
f 161/174/139 224/174/139 225/174/139
s 8
f 187/174/140 252/174/140 251/174/141
f 161/174/142 226/174/142 162/174/142
s 4
f 189/174/143 252/174/143 188/174/143
f 163/174/144 226/174/144 227/174/144
s 8
f 189/174/145 254/174/145 253/174/145
f 164/174/146 227/174/146 228/174/146
s 4
f 190/174/147 255/174/147 254/174/147
f 165/174/148 228/174/148 229/174/148
s 8
f 192/174/149 255/174/149 191/174/149
s 16
f 165/174/150 230/174/150 166/174/150
f 192/174/151 257/174/151 256/174/151
s 64
g wheel_silver
f 235/174/152 300/174/152 236/174/152
f 222/174/152 287/174/152 223/174/152
f 210/174/152 273/174/152 274/174/152
f 236/174/152 301/174/152 237/174/152
f 223/174/152 288/174/152 224/174/152
f 211/174/152 274/174/152 275/174/152
f 238/174/152 301/174/152 302/174/152
f 224/174/152 289/174/152 225/174/152
f 212/174/152 275/174/152 276/174/152
f 239/174/152 302/174/152 303/174/152
f 226/174/152 289/174/152 290/174/152
f 213/174/152 276/174/152 277/174/152
f 240/174/152 303/174/152 304/174/152
f 226/174/152 291/174/152 227/174/152
f 214/174/152 277/174/152 278/174/152
f 209/174/152 304/174/152 273/174/152
f 228/174/152 291/174/152 292/174/152
f 214/174/152 279/174/152 215/174/152
f 228/174/152 293/174/152 229/174/152
f 215/174/152 280/174/152 216/174/152
f 229/174/152 294/174/152 230/174/152
f 216/174/152 281/174/152 217/174/152
f 230/174/152 295/174/152 231/174/152
f 217/174/152 282/174/152 218/174/152
f 232/174/152 295/174/152 296/174/152
f 218/174/152 283/174/152 219/174/152
f 232/174/152 297/174/152 233/174/152
f 219/174/152 284/174/152 220/174/152
f 234/174/152 297/174/152 298/174/152
f 220/174/152 285/174/152 221/174/152
f 234/174/152 299/174/152 235/174/152
f 221/174/152 286/174/152 222/174/152
g wheel_wooden
f 291/174/152 283/174/152 275/174/152
s 2
g wheel_silver
f 307/174/86 365/174/86 367/174/86
s 4
f 305/174/85 364/174/85 366/174/85
s 1
f 336/174/84 363/174/84 365/174/84
s 2
f 335/174/83 362/174/83 364/174/83
f 334/174/82 361/174/82 363/174/82
s 1
f 333/174/81 360/174/81 362/174/81
f 332/174/80 359/174/80 361/174/80
s 2
f 331/174/79 358/174/79 360/174/79
f 330/174/78 357/174/78 359/174/78
s 1
f 329/174/77 356/174/77 358/174/77
s 4
f 315/174/76 355/174/76 368/174/76
s 1
f 328/174/75 354/174/75 357/174/75
s 2
f 327/174/74 353/174/74 356/174/74
f 326/174/73 352/174/73 355/174/73
f 325/174/72 351/174/72 354/174/72
s 1
f 324/174/71 350/174/71 353/174/71
f 323/174/70 349/174/70 352/174/70
f 322/174/69 348/174/69 351/174/69
s 2
f 321/174/68 347/174/68 350/174/68
f 320/174/67 346/174/67 349/174/67
f 319/174/66 345/174/66 348/174/66
s 1
f 318/174/65 344/174/65 347/174/65
f 317/174/64 343/174/64 346/174/64
f 316/174/63 368/174/63 345/174/63
s 2
f 314/174/62 342/174/62 344/174/62
f 313/174/61 341/174/61 343/174/61
s 1
f 312/174/60 340/174/60 342/174/60
f 311/174/59 339/174/59 341/174/59
s 2
f 310/174/58 338/174/58 340/174/58
f 309/174/57 337/174/57 339/174/57
s 1
f 308/174/56 367/174/56 338/174/56
f 306/174/55 366/174/55 337/174/55
g wheel_wooden
f 337/174/55 168/174/55 169/174/55
f 338/174/56 155/174/56 156/174/56
s 2
f 339/174/57 169/174/57 170/174/57
f 340/174/58 156/174/58 157/174/58
s 1
f 341/174/59 170/174/59 171/174/59
f 342/174/60 157/174/60 158/174/60
s 2
f 343/174/61 171/174/61 172/174/61
f 344/174/62 158/174/62 159/174/62
s 1
f 345/174/63 145/174/63 146/174/63
f 346/174/64 172/174/64 173/174/64
f 347/174/65 159/174/65 160/174/65
s 2
f 348/174/66 146/174/66 147/174/66
f 349/174/67 173/174/67 174/174/67
f 350/174/68 160/174/68 161/174/68
s 1
f 351/174/69 147/174/69 148/174/69
f 352/174/70 174/174/70 175/174/70
f 353/174/71 161/174/71 162/174/71
s 2
f 354/174/72 148/174/72 149/174/72
f 355/174/73 175/174/73 176/174/73
f 356/174/74 162/174/74 163/174/74
s 1
f 357/174/75 149/174/75 150/174/75
s 4
f 368/174/76 176/174/76 145/174/76
s 1
f 358/174/77 163/174/77 164/174/77
s 2
f 359/174/78 150/174/78 151/174/78
f 360/174/79 164/174/79 165/174/79
s 1
f 361/174/80 151/174/80 152/174/80
f 362/174/81 165/174/81 166/174/81
s 2
f 363/174/82 152/174/82 153/174/82
f 364/174/83 166/174/83 167/174/83
s 1
f 365/174/84 153/174/84 154/174/84
s 4
f 366/174/85 167/174/85 168/174/85
s 2
f 367/174/86 154/174/86 155/174/86
s 1
f 425/174/55 529/174/55 530/174/55
f 412/174/56 531/174/56 532/174/56
s 2
f 426/174/57 530/174/57 533/174/57
f 413/174/58 532/174/58 534/174/58
s 1
f 427/174/59 533/174/59 535/174/59
f 414/174/60 534/174/60 536/174/60
s 2
f 428/174/61 535/174/61 537/174/61
f 415/174/62 536/174/62 538/174/62
s 1
f 402/174/63 539/174/63 540/174/63
f 429/174/64 537/174/64 541/174/64
f 416/174/65 538/174/65 542/174/65
s 2
f 403/174/66 540/174/66 543/174/66
f 430/174/67 541/174/67 544/174/67
f 417/174/68 542/174/68 545/174/68
s 1
f 404/174/69 543/174/69 546/174/69
f 431/174/70 544/174/70 547/174/70
f 418/174/71 545/174/71 548/174/71
s 2
f 405/174/72 546/174/72 549/174/72
f 432/174/73 547/174/73 550/174/73
f 419/174/74 548/174/74 551/174/74
s 1
f 406/174/75 549/174/75 552/174/75
s 4
f 401/174/76 550/174/76 539/174/76
s 1
f 420/174/77 551/174/77 553/174/77
s 2
f 407/174/78 552/174/78 554/174/78
f 421/174/79 553/174/79 555/174/79
s 1
f 408/174/80 554/174/80 556/174/80
f 422/174/81 555/174/81 557/174/81
s 2
f 409/174/82 556/174/82 558/174/82
f 423/174/83 557/174/83 559/174/83
s 1
f 410/174/84 558/174/84 560/174/84
s 4
f 424/174/85 559/174/85 529/174/85
s 2
f 411/174/86 560/174/86 531/174/86
s 1
f 456/174/82 489/174/82 457/174/82
f 443/174/61 476/174/61 444/174/61
s 2
f 457/174/84 490/174/84 458/174/84
f 444/174/64 477/174/64 445/174/64
s 1
f 458/174/86 491/174/86 459/174/86
f 445/174/67 478/174/67 446/174/67
s 2
f 459/174/56 492/174/56 460/174/56
f 446/174/70 479/174/70 447/174/70
s 1
f 433/174/71 466/174/71 434/174/71
f 460/174/58 493/174/58 461/174/58
f 447/174/73 480/174/73 448/174/73
s 2
f 434/174/74 467/174/74 435/174/74
f 461/174/60 494/174/60 462/174/60
f 448/174/76 481/174/76 449/174/76
s 1
f 435/174/77 468/174/77 436/174/77
f 462/174/62 495/174/62 463/174/62
f 449/174/63 482/174/63 450/174/63
s 2
f 436/174/79 469/174/79 437/174/79
f 463/174/65 496/174/65 464/174/65
f 450/174/66 483/174/66 451/174/66
s 1
f 437/174/81 470/174/81 438/174/81
s 4
f 464/174/68 465/174/68 433/174/68
s 1
f 451/174/69 484/174/69 452/174/69
s 2
f 438/174/83 471/174/83 439/174/83
f 452/174/72 485/174/72 453/174/72
s 1
f 439/174/85 472/174/85 440/174/85
f 453/174/75 486/174/75 454/174/75
s 2
f 440/174/55 473/174/55 441/174/55
f 454/174/78 487/174/78 455/174/78
s 1
f 441/174/57 474/174/57 442/174/57
s 4
f 455/174/80 488/174/80 456/174/80
s 2
f 442/174/59 475/174/59 443/174/59
s 8
f 391/174/87 454/174/87 455/174/87
s 4
f 418/174/88 481/174/88 417/174/88
s 16
f 392/174/89 455/174/89 456/174/89
s 8
f 419/174/90 482/174/90 418/174/90
f 393/174/91 456/174/91 457/174/91
s 4
f 420/174/92 483/174/92 419/174/153
f 393/174/93 458/174/93 394/174/93
s 8
f 420/174/94 485/174/94 484/174/94
f 394/174/95 459/174/95 395/174/95
s 4
f 421/174/96 486/174/96 485/174/96
f 396/174/97 459/174/97 460/174/97
s 8
f 369/174/98 434/174/98 370/174/98
f 423/174/99 486/174/99 422/174/99
f 397/174/100 460/174/100 461/174/100
s 4
f 371/174/101 434/174/101 435/174/101
s 16
f 424/174/102 487/174/102 423/174/102
s 4
f 398/174/103 461/174/103 462/174/103
s 8
f 372/174/104 435/174/104 436/174/104
f 425/174/105 488/174/105 424/174/105
f 398/174/106 463/174/106 399/174/106
s 4
f 373/174/107 436/174/107 437/174/107
f 425/174/108 490/174/108 489/174/108
s 16
f 400/174/109 463/174/109 464/174/109
s 8
f 374/174/110 437/174/110 438/174/110
f 426/174/111 491/174/111 490/174/111
s 32
f 400/174/112 433/174/112 369/174/112
s 4
f 374/174/113 439/174/113 375/174/113
f 427/174/114 492/174/114 491/174/114
s 8
f 402/174/115 465/174/115 401/174/115
f 375/174/116 440/174/116 376/174/116
f 428/174/117 493/174/117 492/174/117
s 4
f 403/174/118 466/174/118 402/174/118
f 376/174/119 441/174/119 377/174/119
f 429/174/120 494/174/120 493/174/120
s 8
f 404/174/121 467/174/121 403/174/121
f 378/174/122 441/174/122 442/174/122
f 430/174/123 495/174/123 494/174/123
s 4
f 405/174/124 468/174/124 404/174/124
f 378/174/125 443/174/125 379/174/125
s 16
f 432/174/126 495/174/126 431/174/126
s 8
f 406/174/127 469/174/127 405/174/127
f 379/174/128 444/174/128 380/174/128
s 32
f 432/174/129 465/174/129 496/174/129
s 4
f 406/174/130 471/174/130 470/174/130
f 380/174/131 445/174/131 381/174/131
s 8
f 407/174/132 472/174/132 471/174/132
f 382/174/133 445/174/133 446/174/133
s 4
f 409/174/134 472/174/134 408/174/134
f 382/174/135 447/174/135 383/174/135
s 8
f 410/174/136 473/174/136 409/174/136
f 384/174/137 447/174/137 448/174/137
s 4
f 410/174/138 475/174/138 474/174/138
f 384/174/139 449/174/139 385/174/139
s 8
f 411/174/140 476/174/140 475/174/140
f 386/174/142 449/174/142 450/174/142
s 4
f 412/174/143 477/174/143 476/174/143
f 387/174/144 450/174/144 451/174/144
s 8
f 414/174/145 477/174/145 413/174/145
f 387/174/146 452/174/146 388/174/146
s 4
f 414/174/147 479/174/147 478/174/154
f 388/174/148 453/174/148 389/174/148
s 8
f 416/174/149 479/174/149 415/174/149
s 16
f 389/174/150 454/174/150 390/174/150
f 417/174/151 480/174/151 416/174/151
s 64
g wheel_silver
f 460/174/152 523/174/152 524/174/152
f 446/174/152 511/174/152 447/174/152
f 433/174/152 498/174/152 434/174/152
f 461/174/152 524/174/152 525/174/152
f 447/174/152 512/174/152 448/174/152
f 434/174/152 499/174/152 435/174/152
f 462/174/152 525/174/152 526/174/152
f 448/174/152 513/174/152 449/174/152
f 435/174/152 500/174/152 436/174/152
f 462/174/152 527/174/152 463/174/152
f 450/174/152 513/174/152 514/174/152
f 436/174/152 501/174/152 437/174/152
f 464/174/152 527/174/152 528/174/152
f 450/174/152 515/174/152 451/174/152
f 437/174/152 502/174/152 438/174/152
f 433/174/152 528/174/152 497/174/152
f 451/174/152 516/174/152 452/174/152
f 438/174/152 503/174/152 439/174/152
f 452/174/152 517/174/152 453/174/152
f 440/174/152 503/174/152 504/174/152
f 453/174/152 518/174/152 454/174/152
f 440/174/152 505/174/152 441/174/152
f 455/174/152 518/174/152 519/174/152
f 441/174/152 506/174/152 442/174/152
f 456/174/152 519/174/152 520/174/152
f 442/174/152 507/174/152 443/174/152
f 457/174/152 520/174/152 521/174/152
f 443/174/152 508/174/152 444/174/152
f 457/174/152 522/174/152 458/174/152
f 445/174/152 508/174/152 509/174/152
f 459/174/152 522/174/152 523/174/152
f 446/174/152 509/174/152 510/174/152
g wheel_wooden
f 515/174/152 507/174/152 499/174/152
s 2
g wheel_silver
f 531/174/86 589/174/86 591/174/86
s 4
f 529/174/85 588/174/85 590/174/85
s 1
f 560/174/84 587/174/84 589/174/84
s 2
f 559/174/83 586/174/83 588/174/83
f 558/174/82 585/174/82 587/174/82
s 1
f 557/174/81 584/174/81 586/174/81
f 556/174/80 583/174/80 585/174/80
s 2
f 555/174/79 582/174/79 584/174/79
f 554/174/78 581/174/78 583/174/78
s 1
f 553/174/77 580/174/77 582/174/77
s 4
f 539/174/76 579/174/76 592/174/76
s 1
f 552/174/75 578/174/75 581/174/75
s 2
f 551/174/74 577/174/74 580/174/74
f 550/174/73 576/174/73 579/174/73
f 549/174/72 575/174/72 578/174/72
s 1
f 548/174/71 574/174/71 577/174/71
f 547/174/70 573/174/70 576/174/70
f 546/174/69 572/174/69 575/174/69
s 2
f 545/174/68 571/174/68 574/174/68
f 544/174/67 570/174/67 573/174/67
f 543/174/66 569/174/66 572/174/66
s 1
f 542/174/65 568/174/65 571/174/65
f 541/174/64 567/174/64 570/174/64
f 540/174/63 592/174/63 569/174/63
s 2
f 538/174/62 566/174/62 568/174/62
f 537/174/61 565/174/61 567/174/61
s 1
f 536/174/60 564/174/60 566/174/60
f 535/174/59 563/174/59 565/174/59
s 2
f 534/174/58 562/174/58 564/174/58
f 533/174/57 561/174/57 563/174/57
s 1
f 532/174/56 591/174/56 562/174/56
f 530/174/55 590/174/55 561/174/55
g wheel_wooden
f 561/174/55 392/174/55 393/174/55
f 562/174/56 379/174/56 380/174/56
s 2
f 563/174/57 393/174/57 394/174/57
f 564/174/58 380/174/58 381/174/58
s 1
f 565/174/59 394/174/59 395/174/59
f 566/174/60 381/174/60 382/174/60
s 2
f 567/174/61 395/174/61 396/174/61
f 568/174/62 382/174/62 383/174/62
s 1
f 569/174/63 369/174/63 370/174/63
f 570/174/64 396/174/64 397/174/64
f 571/174/65 383/174/65 384/174/65
s 2
f 572/174/66 370/174/66 371/174/66
f 573/174/67 397/174/67 398/174/67
f 574/174/68 384/174/68 385/174/68
s 1
f 575/174/69 371/174/69 372/174/69
f 576/174/70 398/174/70 399/174/70
f 577/174/71 385/174/71 386/174/71
s 2
f 578/174/72 372/174/72 373/174/72
f 579/174/73 399/174/73 400/174/73
f 580/174/74 386/174/74 387/174/74
s 1
f 581/174/75 373/174/75 374/174/75
s 4
f 592/174/76 400/174/76 369/174/76
s 1
f 582/174/77 387/174/77 388/174/77
s 2
f 583/174/78 374/174/78 375/174/78
f 584/174/79 388/174/79 389/174/79
s 1
f 585/174/80 375/174/80 376/174/80
f 586/174/81 389/174/81 390/174/81
s 2
f 587/174/82 376/174/82 377/174/82
f 588/174/83 390/174/83 391/174/83
s 1
f 589/174/84 377/174/84 378/174/84
s 4
f 590/174/85 391/174/85 392/174/85
s 2
f 591/174/86 378/174/86 379/174/86
s 1
f 649/174/57 753/174/57 754/174/57
f 636/174/78 755/174/78 756/174/78
s 2
f 650/174/55 754/174/55 757/174/55
f 637/174/75 756/174/75 758/174/75
s 1
f 651/174/85 757/174/85 759/174/85
f 638/174/72 758/174/72 760/174/72
s 2
f 652/174/83 759/174/83 761/174/83
f 639/174/69 760/174/69 762/174/69
s 1
f 626/174/68 763/174/68 764/174/68
f 653/174/81 761/174/81 765/174/81
f 640/174/66 762/174/66 766/174/66
s 2
f 627/174/65 764/174/65 767/174/65
f 768/174/79 653/174/79 765/174/79
f 641/174/63 766/174/63 769/174/63
s 1
f 628/174/62 767/174/62 770/174/62
f 655/174/77 768/174/77 771/174/77
f 642/174/76 769/174/76 772/174/76
s 2
f 629/174/60 770/174/60 773/174/60
f 656/174/74 771/174/74 774/174/74
f 643/174/73 772/174/73 775/174/73
s 1
f 630/174/58 773/174/58 776/174/58
s 4
f 625/174/71 774/174/71 763/174/71
s 1
f 644/174/70 775/174/70 777/174/70
s 2
f 631/174/56 776/174/56 778/174/56
f 645/174/67 777/174/67 779/174/67
s 1
f 632/174/86 778/174/86 780/174/86
f 646/174/64 779/174/64 781/174/64
s 2
f 633/174/84 780/174/84 782/174/84
f 647/174/61 781/174/61 783/174/61
s 1
f 634/174/82 782/174/82 784/174/82
s 4
f 648/174/59 783/174/59 753/174/59
s 2
f 635/174/80 784/174/80 755/174/80
s 1
f 680/174/84 713/174/84 681/174/84
f 667/174/83 700/174/83 668/174/83
s 2
f 682/174/82 713/174/82 714/174/82
f 668/174/81 701/174/81 669/174/81
s 1
f 682/174/80 715/174/80 683/174/80
f 669/174/79 702/174/79 670/174/79
s 2
f 683/174/78 716/174/78 684/174/78
f 670/174/77 703/174/77 671/174/77
s 1
f 657/174/76 690/174/76 658/174/76
f 684/174/75 717/174/75 685/174/75
f 671/174/74 704/174/74 672/174/74
s 2
f 658/174/73 691/174/73 659/174/73
f 685/174/72 718/174/72 686/174/72
f 672/174/71 705/174/71 673/174/71
s 1
f 659/174/70 692/174/70 660/174/70
f 686/174/69 719/174/69 687/174/69
f 673/174/68 706/174/68 674/174/68
s 2
f 660/174/67 693/174/67 661/174/67
f 687/174/66 720/174/66 688/174/66
f 674/174/65 707/174/65 675/174/65
s 1
f 661/174/64 694/174/64 662/174/64
s 4
f 688/174/63 689/174/63 657/174/63
s 1
f 675/174/62 708/174/62 676/174/62
s 2
f 662/174/61 695/174/61 663/174/61
f 676/174/60 709/174/60 677/174/60
s 1
f 663/174/59 696/174/59 664/174/59
f 677/174/58 710/174/58 678/174/58
s 2
f 664/174/57 697/174/57 665/174/57
f 678/174/56 711/174/56 679/174/56
s 1
f 665/174/55 698/174/55 666/174/55
s 4
f 679/174/86 712/174/86 680/174/86
s 2
f 666/174/85 699/174/85 667/174/85
s 8
f 615/174/114 678/174/114 679/174/114
s 4
f 642/174/112 705/174/112 641/174/112
s 16
f 616/174/111 679/174/155 680/174/111
s 8
f 643/174/109 706/174/109 642/174/109
f 616/174/108 681/174/108 617/174/108
s 4
f 643/174/156 708/174/156 707/174/156
f 617/174/105 682/174/105 618/174/105
s 8
f 645/174/103 708/174/103 644/174/103
f 619/174/102 682/174/157 683/174/102
s 4
f 645/174/100 710/174/100 709/174/100
f 619/174/99 684/174/99 620/174/99
s 8
f 594/174/151 657/174/151 658/174/151
f 647/174/158 710/174/158 646/174/158
f 621/174/96 684/174/159 685/174/96
s 4
f 594/174/149 659/174/149 595/174/149
s 16
f 648/174/95 711/174/95 647/174/95
s 4
f 621/174/160 686/174/160 622/174/160
s 8
f 595/174/147 660/174/147 596/174/147
f 649/174/93 712/174/93 648/174/161
f 623/174/92 686/174/92 687/174/92
s 4
f 597/174/162 660/174/162 661/174/162
f 649/174/163 714/174/91 713/174/163
s 16
f 624/174/90 687/174/90 688/174/90
s 8
f 598/174/164 661/174/164 662/174/164
f 651/174/89 714/174/89 650/174/89
s 32
f 593/174/88 688/174/88 657/174/88
s 4
f 598/174/140 663/174/140 599/174/140
f 651/174/87 716/174/87 715/174/165
s 8
f 626/174/139 689/174/139 625/174/139
f 600/174/138 663/174/166 664/174/138
f 652/174/150 717/174/150 716/174/150
s 4
f 626/174/137 691/174/137 690/174/137
f 601/174/136 664/174/136 665/174/136
f 654/174/148 717/174/148 653/174/148
s 8
f 627/174/135 692/174/135 691/174/135
f 601/174/134 666/174/134 602/174/134
f 655/174/146 718/174/146 654/174/146
s 4
f 629/174/133 692/174/133 628/174/133
f 602/174/132 667/174/167 603/174/167
s 16
f 656/174/144 719/174/144 655/174/144
s 8
f 630/174/131 693/174/131 629/174/131
f 603/174/130 668/174/130 604/174/130
s 32
f 656/174/142 689/174/142 720/174/142
s 4
f 631/174/128 694/174/128 630/174/128
f 604/174/127 669/174/168 605/174/168
s 8
f 632/174/125 695/174/125 631/174/125
f 606/174/169 669/174/169 670/174/169
s 4
f 633/174/122 696/174/122 632/174/122
f 606/174/121 671/174/121 607/174/121
s 8
f 633/174/119 698/174/119 697/174/119
f 608/174/118 671/174/118 672/174/118
s 4
f 634/174/116 699/174/116 698/174/116
f 609/174/115 672/174/115 673/174/115
s 8
f 636/174/170 699/174/170 635/174/170
f 609/174/129 674/174/129 610/174/129
s 4
f 636/174/110 701/174/110 700/174/110
f 610/174/126 675/174/126 611/174/126
s 8
f 638/174/107 701/174/107 637/174/107
f 611/174/123 676/174/171 612/174/171
s 4
f 638/174/172 703/174/172 702/174/172
f 612/174/173 677/174/173 613/174/173
s 8
f 640/174/101 703/174/101 639/174/101
s 16
f 613/174/174 678/174/117 614/174/117
f 640/174/98 705/174/98 704/174/98
s 64
g wheel_silver
f 684/174/175 747/174/175 748/174/175
f 670/174/175 735/174/175 671/174/175
f 658/174/175 721/174/175 722/174/175
f 685/174/175 748/174/175 749/174/175
f 671/174/175 736/174/175 672/174/175
f 659/174/175 722/174/175 723/174/175
f 686/174/175 749/174/175 750/174/175
f 673/174/175 736/174/175 737/174/175
f 660/174/175 723/174/175 724/174/175
f 687/174/175 750/174/175 751/174/175
f 674/174/175 737/174/175 738/174/175
f 661/174/175 724/174/175 725/174/175
f 688/174/175 751/174/175 752/174/175
f 674/174/175 739/174/175 675/174/175
f 661/174/175 726/174/175 662/174/175
f 657/174/175 752/174/175 721/174/175
f 675/174/175 740/174/175 676/174/175
f 662/174/175 727/174/175 663/174/175
f 676/174/175 741/174/175 677/174/175
f 664/174/175 727/174/175 728/174/175
f 678/174/175 741/174/175 742/174/175
f 664/174/175 729/174/175 665/174/175
f 678/174/175 743/174/175 679/174/175
f 665/174/175 730/174/175 666/174/175
f 680/174/175 743/174/175 744/174/175
f 666/174/175 731/174/175 667/174/175
f 680/174/175 745/174/175 681/174/175
f 668/174/175 731/174/175 732/174/175
f 682/174/175 745/174/175 746/174/175
f 668/174/175 733/174/175 669/174/175
f 682/174/175 747/174/175 683/174/175
f 669/174/175 734/174/175 670/174/175
g wheel_wooden
f 739/174/175 731/174/175 723/174/175
s 2
g wheel_silver
f 755/174/80 813/174/80 815/174/80
s 4
f 753/174/59 812/174/59 814/174/59
s 1
f 784/174/82 811/174/82 813/174/82
s 2
f 783/174/61 810/174/61 812/174/61
f 782/174/84 809/174/84 811/174/84
s 1
f 810/174/64 779/174/64 808/174/64
f 780/174/86 807/174/86 809/174/86
s 2
f 779/174/67 806/174/67 808/174/67
f 778/174/56 805/174/56 807/174/56
s 1
f 777/174/70 804/174/70 806/174/70
s 4
f 763/174/71 803/174/71 816/174/71
s 1
f 776/174/58 802/174/58 805/174/58
s 2
f 775/174/73 801/174/73 804/174/73
f 774/174/74 800/174/74 803/174/74
f 773/174/60 799/174/60 802/174/60
s 1
f 772/174/76 798/174/76 801/174/76
f 771/174/77 797/174/77 800/174/77
f 770/174/62 796/174/62 799/174/62
s 2
f 769/174/63 795/174/63 798/174/63
f 797/174/79 765/174/79 794/174/79
f 767/174/65 793/174/65 796/174/65
s 1
f 766/174/66 792/174/66 795/174/66
f 765/174/81 791/174/81 794/174/81
f 764/174/68 816/174/68 793/174/68
s 2
f 762/174/69 790/174/69 792/174/69
f 761/174/83 789/174/83 791/174/83
s 1
f 760/174/72 788/174/72 790/174/72
f 759/174/85 787/174/85 789/174/85
s 2
f 758/174/75 786/174/75 788/174/75
f 757/174/55 785/174/55 787/174/55
s 1
f 756/174/78 815/174/78 786/174/78
f 754/174/57 814/174/57 785/174/57
g wheel_wooden
f 785/174/57 616/174/57 617/174/57
f 786/174/78 603/174/78 604/174/78
s 2
f 787/174/55 617/174/55 618/174/55
f 788/174/75 604/174/75 605/174/75
s 1
f 789/174/85 618/174/85 619/174/85
f 790/174/72 605/174/72 606/174/72
s 2
f 791/174/83 619/174/83 620/174/83
f 792/174/69 606/174/69 607/174/69
s 1
f 793/174/68 593/174/68 594/174/68
f 794/174/81 620/174/81 621/174/81
f 795/174/66 607/174/66 608/174/66
s 2
f 796/174/65 594/174/65 595/174/65
f 797/174/79 621/174/79 622/174/79
f 798/174/63 608/174/63 609/174/63
s 1
f 799/174/62 595/174/62 596/174/62
f 800/174/77 622/174/77 623/174/77
f 801/174/76 609/174/76 610/174/76
s 2
f 802/174/60 596/174/60 597/174/60
f 803/174/74 623/174/74 624/174/74
f 804/174/73 610/174/73 611/174/73
s 1
f 805/174/58 597/174/58 598/174/58
s 4
f 816/174/71 624/174/71 593/174/71
s 1
f 806/174/70 611/174/70 612/174/70
s 2
f 807/174/56 598/174/56 599/174/56
f 808/174/67 612/174/67 613/174/67
s 1
f 809/174/86 599/174/86 600/174/86
f 614/174/64 808/174/64 613/174/64
s 2
f 811/174/84 600/174/84 601/174/84
f 812/174/61 614/174/61 615/174/61
s 1
f 813/174/82 601/174/82 602/174/82
s 4
f 814/174/59 615/174/59 616/174/59
s 2
f 815/174/80 602/174/80 603/174/80
s 1
f 873/174/57 977/174/57 978/174/57
f 860/174/78 979/174/78 980/174/78
s 2
f 874/174/55 978/174/55 981/174/55
f 861/174/75 980/174/75 982/174/75
s 1
f 875/174/85 981/174/85 983/174/85
f 862/174/72 982/174/72 984/174/72
s 2
f 876/174/83 983/174/83 985/174/83
f 863/174/69 984/174/69 986/174/69
s 1
f 850/174/68 987/174/68 988/174/68
f 877/174/81 985/174/81 989/174/81
f 864/174/66 986/174/66 990/174/66
s 2
f 851/174/65 988/174/65 991/174/65
f 992/174/79 877/174/79 989/174/79
f 865/174/63 990/174/63 993/174/63
s 1
f 852/174/62 991/174/62 994/174/62
f 879/174/77 992/174/77 995/174/77
f 866/174/76 993/174/76 996/174/76
s 2
f 853/174/60 994/174/60 997/174/60
f 880/174/74 995/174/74 998/174/74
f 867/174/73 996/174/73 999/174/73
s 1
f 854/174/58 997/174/58 1000/174/58
s 4
f 849/174/71 998/174/71 987/174/71
s 1
f 868/174/70 999/174/70 1001/174/70
s 2
f 855/174/56 1000/174/56 1002/174/56
f 869/174/67 1001/174/67 1003/174/67
s 1
f 856/174/86 1002/174/86 1004/174/86
f 870/174/64 1003/174/64 1005/174/64
s 2
f 857/174/84 1004/174/84 1006/174/84
f 871/174/61 1005/174/61 1007/174/61
s 1
f 858/174/82 1006/174/82 1008/174/82
s 4
f 872/174/59 1007/174/59 977/174/59
s 2
f 859/174/80 1008/174/80 979/174/80
s 1
f 904/174/84 937/174/84 905/174/84
f 891/174/83 924/174/83 892/174/83
s 2
f 906/174/82 937/174/82 938/174/82
f 892/174/81 925/174/81 893/174/81
s 1
f 906/174/80 939/174/80 907/174/80
f 893/174/79 926/174/79 894/174/79
s 2
f 907/174/78 940/174/78 908/174/78
f 894/174/77 927/174/77 895/174/77
s 1
f 881/174/76 914/174/76 882/174/76
f 908/174/75 941/174/75 909/174/75
f 895/174/74 928/174/74 896/174/74
s 2
f 882/174/73 915/174/73 883/174/73
f 909/174/72 942/174/72 910/174/72
f 896/174/71 929/174/71 897/174/71
s 1
f 883/174/70 916/174/70 884/174/70
f 910/174/69 943/174/69 911/174/69
f 897/174/68 930/174/68 898/174/68
s 2
f 884/174/67 917/174/67 885/174/67
f 911/174/66 944/174/66 912/174/66
f 898/174/65 931/174/65 899/174/65
s 1
f 885/174/64 918/174/64 886/174/64
s 4
f 912/174/63 913/174/63 881/174/63
s 1
f 899/174/62 932/174/62 900/174/62
s 2
f 886/174/61 919/174/61 887/174/61
f 900/174/60 933/174/60 901/174/60
s 1
f 887/174/59 920/174/59 888/174/59
f 901/174/58 934/174/58 902/174/58
s 2
f 888/174/57 921/174/57 889/174/57
f 902/174/56 935/174/56 903/174/56
s 1
f 889/174/55 922/174/55 890/174/55
s 4
f 903/174/86 936/174/86 904/174/86
s 2
f 890/174/85 923/174/85 891/174/85
s 8
f 838/174/114 903/174/114 839/174/114
s 4
f 866/174/112 929/174/112 865/174/112
s 16
f 840/174/111 903/174/155 904/174/111
s 8
f 866/174/109 931/174/109 930/174/109
f 841/174/108 904/174/108 905/174/108
s 4
f 868/174/156 931/174/156 867/174/156
f 841/174/105 906/174/105 842/174/105
s 8
f 869/174/103 932/174/103 868/174/103
f 842/174/102 907/174/102 843/174/157
s 4
f 869/174/100 934/174/100 933/174/100
f 843/174/99 908/174/99 844/174/99
s 8
f 817/174/151 882/174/151 818/174/151
f 870/174/158 935/174/158 934/174/158
f 844/174/96 909/174/159 845/174/159
s 4
f 819/174/149 882/174/149 883/174/149
s 16
f 872/174/95 935/174/95 871/174/95
s 4
f 846/174/160 909/174/160 910/174/160
s 8
f 819/174/147 884/174/147 820/174/147
f 873/174/93 936/174/161 872/174/161
f 846/174/92 911/174/92 847/174/92
s 4
f 820/174/162 885/174/162 821/174/162
f 873/174/163 938/174/91 937/174/163
s 16
f 848/174/90 911/174/90 912/174/90
s 8
f 822/174/164 885/174/164 886/174/164
f 874/174/89 939/174/89 938/174/89
s 32
f 817/174/88 912/174/88 881/174/88
s 4
f 823/174/140 886/174/140 887/174/141
f 875/174/87 940/174/87 939/174/165
s 8
f 849/174/139 914/174/139 913/174/139
f 823/174/138 888/174/166 824/174/166
f 876/174/150 941/174/150 940/174/150
s 4
f 851/174/137 914/174/137 850/174/137
f 824/174/136 889/174/136 825/174/136
f 878/174/148 941/174/148 877/174/148
s 8
f 852/174/135 915/174/135 851/174/135
f 826/174/134 889/174/134 890/174/134
f 879/174/146 942/174/146 878/174/146
s 4
f 853/174/133 916/174/133 852/174/133
f 826/174/132 891/174/167 827/174/167
s 16
f 880/174/144 943/174/144 879/174/144
s 8
f 854/174/131 917/174/131 853/174/131
f 828/174/130 891/174/130 892/174/176
s 32
f 849/174/142 944/174/142 880/174/142
s 4
f 854/174/128 919/174/128 918/174/177
f 828/174/127 893/174/168 829/174/168
s 8
f 855/174/125 920/174/125 919/174/125
f 829/174/169 894/174/169 830/174/169
s 4
f 857/174/122 920/174/122 856/174/122
f 831/174/121 894/174/178 895/174/121
s 8
f 857/174/119 922/174/119 921/174/119
f 832/174/118 895/174/118 896/174/118
s 4
f 859/174/116 922/174/116 858/174/116
f 832/174/115 897/174/115 833/174/115
s 8
f 860/174/170 923/174/170 859/174/170
f 834/174/129 897/174/129 898/174/129
s 4
f 860/174/110 925/174/110 924/174/110
f 835/174/126 898/174/126 899/174/126
s 8
f 862/174/107 925/174/107 861/174/107
f 835/174/123 900/174/171 836/174/171
s 4
f 863/174/172 926/174/172 862/174/172
f 837/174/173 900/174/173 901/174/120
s 8
f 864/174/101 927/174/101 863/174/101
s 16
f 837/174/174 902/174/117 838/174/117
f 865/174/98 928/174/98 864/174/98
s 64
g wheel_silver
f 908/174/175 971/174/175 972/174/175
f 894/174/175 959/174/175 895/174/175
f 881/174/175 946/174/175 882/174/175
f 909/174/175 972/174/175 973/174/175
f 895/174/175 960/174/175 896/174/175
f 882/174/175 947/174/175 883/174/175
f 910/174/175 973/174/175 974/174/175
f 896/174/175 961/174/175 897/174/175
f 883/174/175 948/174/175 884/174/175
f 910/174/175 975/174/175 911/174/175
f 898/174/175 961/174/175 962/174/175
f 884/174/175 949/174/175 885/174/175
f 912/174/175 975/174/175 976/174/175
f 898/174/175 963/174/175 899/174/175
f 885/174/175 950/174/175 886/174/175
f 881/174/175 976/174/175 945/174/175
f 899/174/175 964/174/175 900/174/175
f 886/174/175 951/174/175 887/174/175
f 900/174/175 965/174/175 901/174/175
f 888/174/175 951/174/175 952/174/175
f 901/174/175 966/174/175 902/174/175
f 889/174/175 952/174/175 953/174/175
f 903/174/175 966/174/175 967/174/175
f 889/174/175 954/174/175 890/174/175
f 904/174/175 967/174/175 968/174/175
f 890/174/175 955/174/175 891/174/175
f 904/174/175 969/174/175 905/174/175
f 891/174/175 956/174/175 892/174/175
f 905/174/175 970/174/175 906/174/175
f 893/174/175 956/174/175 957/174/175
f 907/174/175 970/174/175 971/174/175
f 894/174/175 957/174/175 958/174/175
g wheel_wooden
f 963/174/175 955/174/175 947/174/175
s 2
g wheel_silver
f 979/174/80 1037/174/80 1039/174/80
s 4
f 977/174/59 1036/174/59 1038/174/59
s 1
f 1008/174/82 1035/174/82 1037/174/82
s 2
f 1007/174/61 1034/174/61 1036/174/61
f 1006/174/84 1033/174/84 1035/174/84
s 1
f 1034/174/64 1003/174/64 1032/174/64
f 1004/174/86 1031/174/86 1033/174/86
s 2
f 1003/174/67 1030/174/67 1032/174/67
f 1002/174/56 1029/174/56 1031/174/56
s 1
f 1001/174/70 1028/174/70 1030/174/70
s 4
f 987/174/71 1027/174/71 1040/174/71
s 1
f 1000/174/58 1026/174/58 1029/174/58
s 2
f 999/174/73 1025/174/73 1028/174/73
f 998/174/74 1024/174/74 1027/174/74
f 997/174/60 1023/174/60 1026/174/60
s 1
f 996/174/76 1022/174/76 1025/174/76
f 995/174/77 1021/174/77 1024/174/77
f 994/174/62 1020/174/62 1023/174/62
s 2
f 993/174/63 1019/174/63 1022/174/63
f 1021/174/79 989/174/79 1018/174/79
f 991/174/65 1017/174/65 1020/174/65
s 1
f 990/174/66 1016/174/66 1019/174/66
f 989/174/81 1015/174/81 1018/174/81
f 988/174/68 1040/174/68 1017/174/68
s 2
f 986/174/69 1014/174/69 1016/174/69
f 985/174/83 1013/174/83 1015/174/83
s 1
f 984/174/72 1012/174/72 1014/174/72
f 983/174/85 1011/174/85 1013/174/85
s 2
f 982/174/75 1010/174/75 1012/174/75
f 981/174/55 1009/174/55 1011/174/55
s 1
f 980/174/78 1039/174/78 1010/174/78
f 978/174/57 1038/174/57 1009/174/57
g wheel_wooden
f 1009/174/57 840/174/57 841/174/57
f 1010/174/78 827/174/78 828/174/78
s 2
f 1011/174/55 841/174/55 842/174/55
f 1012/174/75 828/174/75 829/174/75
s 1
f 1013/174/85 842/174/85 843/174/85
f 1014/174/72 829/174/72 830/174/72
s 2
f 1015/174/83 843/174/83 844/174/83
f 1016/174/69 830/174/69 831/174/69
s 1
f 1017/174/68 817/174/68 818/174/68
f 1018/174/81 844/174/81 845/174/81
f 1019/174/66 831/174/66 832/174/66
s 2
f 1020/174/65 818/174/65 819/174/65
f 1021/174/79 845/174/79 846/174/79
f 1022/174/63 832/174/63 833/174/63
s 1
f 1023/174/62 819/174/62 820/174/62
f 1024/174/77 846/174/77 847/174/77
f 1025/174/76 833/174/76 834/174/76
s 2
f 1026/174/60 820/174/60 821/174/60
f 1027/174/74 847/174/74 848/174/74
f 1028/174/73 834/174/73 835/174/73
s 1
f 1029/174/58 821/174/58 822/174/58
s 4
f 1040/174/71 848/174/71 817/174/71
s 1
f 1030/174/70 835/174/70 836/174/70
s 2
f 1031/174/56 822/174/56 823/174/56
f 1032/174/67 836/174/67 837/174/67
s 1
f 1033/174/86 823/174/86 824/174/86
f 838/174/64 1032/174/64 837/174/64
s 2
f 1035/174/84 824/174/84 825/174/84
f 1036/174/61 838/174/61 839/174/61
s 1
f 1037/174/82 825/174/82 826/174/82
s 4
f 1038/174/59 839/174/59 840/174/59
s 2
f 1039/174/80 826/174/80 827/174/80
s 64
f 705/174/152 713/174/152 689/174/152
f 929/174/152 937/174/152 913/174/152
f 481/174/175 489/174/175 465/174/175
f 257/174/175 265/174/175 241/174/175
s 1
f 201/174/55 200/174/55 305/174/55
f 188/174/56 187/174/56 307/174/56
s 2
f 202/174/57 201/174/57 306/174/57
f 189/174/58 188/174/58 308/174/58
s 1
f 203/174/59 202/174/59 309/174/59
f 190/174/60 189/174/60 310/174/60
s 2
f 204/174/61 203/174/61 311/174/61
f 191/174/62 190/174/62 312/174/62
s 1
f 178/174/63 177/174/63 315/174/63
f 205/174/64 204/174/64 313/174/64
f 192/174/65 191/174/65 314/174/65
s 2
f 179/174/66 178/174/66 316/174/66
f 206/174/67 205/174/67 317/174/67
f 193/174/68 192/174/68 318/174/68
s 1
f 180/174/69 179/174/69 319/174/69
f 207/174/70 206/174/70 320/174/70
f 194/174/71 193/174/71 321/174/71
s 2
f 181/174/72 180/174/72 322/174/72
f 208/174/73 207/174/73 323/174/73
f 195/174/74 194/174/74 324/174/74
s 1
f 182/174/75 181/174/75 325/174/75
s 4
f 177/174/76 208/174/76 326/174/76
s 1
f 196/174/77 195/174/77 327/174/77
s 2
f 183/174/78 182/174/78 328/174/78
f 197/174/79 196/174/79 329/174/79
s 1
f 184/174/80 183/174/80 330/174/80
f 198/174/81 197/174/81 331/174/81
s 2
f 185/174/82 184/174/82 332/174/82
f 199/174/83 198/174/83 333/174/83
s 1
f 186/174/84 185/174/84 334/174/84
s 4
f 200/174/85 199/174/85 335/174/85
s 2
f 187/174/86 186/174/86 336/174/86
s 1
f 232/174/82 264/174/82 265/174/82
f 219/174/61 251/174/61 252/174/61
s 2
f 233/174/84 265/174/84 266/174/84
f 220/174/64 252/174/64 253/174/64
s 1
f 234/174/86 266/174/86 267/174/86
f 221/174/67 253/174/67 254/174/67
s 2
f 235/174/56 267/174/56 268/174/56
f 222/174/70 254/174/70 255/174/70
s 1
f 209/174/71 241/174/71 242/174/71
f 236/174/58 268/174/58 269/174/58
f 223/174/73 255/174/73 256/174/73
s 2
f 210/174/74 242/174/74 243/174/74
f 237/174/60 269/174/60 270/174/60
f 224/174/76 256/174/76 257/174/76
s 1
f 211/174/77 243/174/77 244/174/77
f 238/174/62 270/174/62 271/174/62
f 225/174/63 257/174/63 258/174/63
s 2
f 212/174/79 244/174/79 245/174/79
f 239/174/65 271/174/65 272/174/65
f 226/174/66 258/174/66 259/174/66
s 1
f 213/174/81 245/174/81 246/174/81
s 4
f 240/174/68 272/174/68 241/174/68
s 1
f 227/174/69 259/174/69 260/174/69
s 2
f 214/174/83 246/174/83 247/174/83
f 228/174/72 260/174/72 261/174/72
s 1
f 215/174/85 247/174/85 248/174/85
f 229/174/75 261/174/75 262/174/75
s 2
f 216/174/55 248/174/55 249/174/55
f 230/174/78 262/174/78 263/174/78
s 1
f 217/174/57 249/174/57 250/174/57
s 4
f 231/174/80 263/174/80 264/174/80
s 2
f 218/174/59 250/174/59 251/174/59
s 8
f 166/174/87 230/174/87 231/174/87
s 4
f 193/174/88 194/174/88 258/174/88
s 16
f 168/174/89 167/174/89 231/174/89
s 8
f 195/174/90 259/174/90 258/174/90
f 168/174/91 232/174/91 233/174/91
s 4
f 196/174/92 260/174/92 259/174/92
f 170/174/93 169/174/93 233/174/93
s 8
f 197/174/94 261/174/94 260/174/94
f 170/174/95 234/174/95 235/174/95
s 4
f 197/174/96 198/174/96 262/174/96
f 172/174/97 171/174/97 235/174/97
s 8
f 145/174/98 209/174/98 210/174/98
f 198/174/99 199/174/99 263/174/99
f 172/174/100 236/174/100 237/174/100
s 4
f 147/174/101 146/174/101 210/174/101
s 16
f 200/174/102 264/174/102 263/174/102
s 4
f 173/174/103 237/174/103 238/174/103
s 8
f 148/174/104 147/174/104 211/174/104
f 200/174/105 201/174/105 265/174/105
f 175/174/106 174/174/106 238/174/106
s 4
f 148/174/107 212/174/107 213/174/107
f 202/174/108 266/174/108 265/174/108
s 16
f 176/174/109 175/174/109 239/174/109
s 8
f 150/174/110 149/174/110 213/174/110
f 202/174/111 203/174/111 267/174/111
s 32
f 145/174/112 176/174/112 240/174/112
s 4
f 151/174/113 150/174/113 214/174/113
f 204/174/114 268/174/179 267/174/114
s 8
f 177/174/115 178/174/115 242/174/115
f 152/174/116 151/174/116 215/174/116
f 204/174/117 205/174/117 269/174/117
s 4
f 179/174/118 243/174/118 242/174/118
f 153/174/119 152/174/119 216/174/119
f 205/174/120 206/174/120 270/174/120
s 8
f 180/174/121 244/174/121 243/174/121
f 153/174/122 217/174/122 218/174/122
f 206/174/123 207/174/123 271/174/123
s 4
f 181/174/124 245/174/124 244/174/124
f 154/174/125 218/174/125 219/174/125
s 16
f 208/174/126 272/174/126 271/174/126
s 8
f 181/174/127 182/174/127 246/174/127
f 155/174/128 219/174/128 220/174/128
s 32
f 177/174/129 241/174/129 272/174/129
s 4
f 183/174/130 247/174/176 246/174/130
f 156/174/131 220/174/131 221/174/131
s 8
f 184/174/132 248/174/132 247/174/132
f 157/174/133 221/174/133 222/174/133
s 4
f 185/174/134 249/174/134 248/174/134
f 158/174/135 222/174/135 223/174/135
s 8
f 186/174/136 250/174/136 249/174/136
f 160/174/137 159/174/137 223/174/137
s 4
f 186/174/138 187/174/138 251/174/138
f 161/174/139 160/174/139 224/174/139
s 8
f 187/174/140 188/174/140 252/174/140
f 161/174/142 225/174/142 226/174/142
s 4
f 189/174/143 253/174/143 252/174/143
f 163/174/144 162/174/144 226/174/144
s 8
f 189/174/145 190/174/145 254/174/145
f 164/174/146 163/174/146 227/174/146
s 4
f 190/174/147 191/174/147 255/174/147
f 165/174/148 164/174/148 228/174/148
s 8
f 192/174/149 256/174/149 255/174/149
s 16
f 165/174/150 229/174/150 230/174/150
f 192/174/151 193/174/151 257/174/151
s 64
g wheel_silver
f 235/174/152 299/174/152 300/174/152
f 222/174/152 286/174/152 287/174/152
f 210/174/152 209/174/152 273/174/152
f 236/174/152 300/174/152 301/174/152
f 223/174/152 287/174/152 288/174/152
f 211/174/152 210/174/152 274/174/152
f 238/174/152 237/174/152 301/174/152
f 224/174/152 288/174/152 289/174/152
f 212/174/152 211/174/152 275/174/152
f 239/174/152 238/174/152 302/174/152
f 226/174/152 225/174/152 289/174/152
f 213/174/152 212/174/152 276/174/152
f 240/174/152 239/174/152 303/174/152
f 226/174/152 290/174/152 291/174/152
f 214/174/152 213/174/152 277/174/152
f 209/174/152 240/174/152 304/174/152
f 228/174/152 227/174/152 291/174/152
f 214/174/152 278/174/152 279/174/152
f 228/174/152 292/174/152 293/174/152
f 215/174/152 279/174/152 280/174/152
f 229/174/152 293/174/152 294/174/152
f 216/174/152 280/174/152 281/174/152
f 230/174/152 294/174/152 295/174/152
f 217/174/152 281/174/152 282/174/152
f 232/174/152 231/174/152 295/174/152
f 218/174/152 282/174/152 283/174/152
f 232/174/152 296/174/152 297/174/152
f 219/174/152 283/174/152 284/174/152
f 234/174/152 233/174/152 297/174/152
f 220/174/152 284/174/152 285/174/152
f 234/174/152 298/174/152 299/174/152
f 221/174/152 285/174/152 286/174/152
g wheel_wooden
f 275/174/152 274/174/152 273/174/152
f 273/174/152 304/174/152 303/174/152
f 303/174/152 302/174/152 301/174/152
f 301/174/152 300/174/152 299/174/152
f 299/174/152 298/174/152 297/174/152
f 297/174/152 296/174/152 295/174/152
f 295/174/152 294/174/152 293/174/152
f 293/174/152 292/174/152 291/174/152
f 291/174/152 290/174/152 289/174/152
f 289/174/152 288/174/152 287/174/152
f 287/174/152 286/174/152 285/174/152
f 285/174/152 284/174/152 283/174/152
f 283/174/152 282/174/152 281/174/152
f 281/174/152 280/174/152 279/174/152
f 279/174/152 278/174/152 277/174/152
f 277/174/152 276/174/152 275/174/152
f 275/174/152 273/174/152 303/174/152
f 303/174/152 301/174/152 299/174/152
f 299/174/152 297/174/152 295/174/152
f 295/174/152 293/174/152 291/174/152
f 291/174/152 289/174/152 287/174/152
f 287/174/152 285/174/152 283/174/152
f 283/174/152 281/174/152 279/174/152
f 279/174/152 277/174/152 275/174/152
f 275/174/152 303/174/152 299/174/152
f 299/174/152 295/174/152 291/174/152
f 291/174/152 287/174/152 283/174/152
f 283/174/152 279/174/152 275/174/152
f 275/174/152 299/174/152 291/174/152
s 2
g wheel_silver
f 307/174/86 336/174/86 365/174/86
s 4
f 305/174/85 335/174/85 364/174/85
s 1
f 336/174/84 334/174/84 363/174/84
s 2
f 335/174/83 333/174/83 362/174/83
f 334/174/82 332/174/82 361/174/82
s 1
f 333/174/81 331/174/81 360/174/81
f 332/174/80 330/174/80 359/174/80
s 2
f 331/174/79 329/174/79 358/174/79
f 330/174/78 328/174/78 357/174/78
s 1
f 329/174/77 327/174/77 356/174/77
s 4
f 315/174/76 326/174/76 355/174/76
s 1
f 328/174/75 325/174/75 354/174/75
s 2
f 327/174/74 324/174/74 353/174/74
f 326/174/73 323/174/73 352/174/73
f 325/174/72 322/174/72 351/174/72
s 1
f 324/174/71 321/174/71 350/174/71
f 323/174/70 320/174/70 349/174/70
f 322/174/69 319/174/69 348/174/69
s 2
f 321/174/68 318/174/68 347/174/68
f 320/174/67 317/174/67 346/174/67
f 319/174/66 316/174/66 345/174/66
s 1
f 318/174/65 314/174/65 344/174/65
f 317/174/64 313/174/64 343/174/64
f 316/174/63 315/174/63 368/174/63
s 2
f 314/174/62 312/174/62 342/174/62
f 313/174/61 311/174/61 341/174/61
s 1
f 312/174/60 310/174/60 340/174/60
f 311/174/59 309/174/59 339/174/59
s 2
f 310/174/58 308/174/58 338/174/58
f 309/174/57 306/174/57 337/174/57
s 1
f 308/174/56 307/174/56 367/174/56
f 306/174/55 305/174/55 366/174/55
g wheel_wooden
f 337/174/55 366/174/55 168/174/55
f 338/174/56 367/174/56 155/174/56
s 2
f 339/174/57 337/174/57 169/174/57
f 340/174/58 338/174/58 156/174/58
s 1
f 341/174/59 339/174/59 170/174/59
f 342/174/60 340/174/60 157/174/60
s 2
f 343/174/61 341/174/61 171/174/61
f 344/174/62 342/174/62 158/174/62
s 1
f 345/174/63 368/174/63 145/174/63
f 346/174/64 343/174/64 172/174/64
f 347/174/65 344/174/65 159/174/65
s 2
f 348/174/66 345/174/66 146/174/66
f 349/174/67 346/174/67 173/174/67
f 350/174/68 347/174/68 160/174/68
s 1
f 351/174/69 348/174/69 147/174/69
f 352/174/70 349/174/70 174/174/70
f 353/174/71 350/174/71 161/174/71
s 2
f 354/174/72 351/174/72 148/174/72
f 355/174/73 352/174/73 175/174/73
f 356/174/74 353/174/74 162/174/74
s 1
f 357/174/75 354/174/75 149/174/75
s 4
f 368/174/76 355/174/76 176/174/76
s 1
f 358/174/77 356/174/77 163/174/77
s 2
f 359/174/78 357/174/78 150/174/78
f 360/174/79 358/174/79 164/174/79
s 1
f 361/174/80 359/174/80 151/174/80
f 362/174/81 360/174/81 165/174/81
s 2
f 363/174/82 361/174/82 152/174/82
f 364/174/83 362/174/83 166/174/83
s 1
f 365/174/84 363/174/84 153/174/84
s 4
f 366/174/85 364/174/85 167/174/85
s 2
f 367/174/86 365/174/86 154/174/86
s 1
f 425/174/55 424/174/55 529/174/55
f 412/174/56 411/174/56 531/174/56
s 2
f 426/174/57 425/174/57 530/174/57
f 413/174/58 412/174/58 532/174/58
s 1
f 427/174/59 426/174/59 533/174/59
f 414/174/60 413/174/60 534/174/60
s 2
f 428/174/61 427/174/61 535/174/61
f 415/174/62 414/174/62 536/174/62
s 1
f 402/174/63 401/174/63 539/174/63
f 429/174/64 428/174/64 537/174/64
f 416/174/65 415/174/65 538/174/65
s 2
f 403/174/66 402/174/66 540/174/66
f 430/174/67 429/174/67 541/174/67
f 417/174/68 416/174/68 542/174/68
s 1
f 404/174/69 403/174/69 543/174/69
f 431/174/70 430/174/70 544/174/70
f 418/174/71 417/174/71 545/174/71
s 2
f 405/174/72 404/174/72 546/174/72
f 432/174/73 431/174/73 547/174/73
f 419/174/74 418/174/74 548/174/74
s 1
f 406/174/75 405/174/75 549/174/75
s 4
f 401/174/76 432/174/76 550/174/76
s 1
f 420/174/77 419/174/77 551/174/77
s 2
f 407/174/78 406/174/78 552/174/78
f 421/174/79 420/174/79 553/174/79
s 1
f 408/174/80 407/174/80 554/174/80
f 422/174/81 421/174/81 555/174/81
s 2
f 409/174/82 408/174/82 556/174/82
f 423/174/83 422/174/83 557/174/83
s 1
f 410/174/84 409/174/84 558/174/84
s 4
f 424/174/85 423/174/85 559/174/85
s 2
f 411/174/86 410/174/86 560/174/86
s 1
f 456/174/82 488/174/82 489/174/82
f 443/174/61 475/174/61 476/174/61
s 2
f 457/174/84 489/174/84 490/174/84
f 444/174/64 476/174/64 477/174/64
s 1
f 458/174/86 490/174/86 491/174/86
f 445/174/67 477/174/67 478/174/67
s 2
f 459/174/56 491/174/56 492/174/56
f 446/174/70 478/174/70 479/174/70
s 1
f 433/174/71 465/174/71 466/174/71
f 460/174/58 492/174/58 493/174/58
f 447/174/73 479/174/73 480/174/73
s 2
f 434/174/74 466/174/74 467/174/74
f 461/174/60 493/174/60 494/174/60
f 448/174/76 480/174/76 481/174/76
s 1
f 435/174/77 467/174/77 468/174/77
f 462/174/62 494/174/62 495/174/62
f 449/174/63 481/174/63 482/174/63
s 2
f 436/174/79 468/174/79 469/174/79
f 463/174/65 495/174/65 496/174/65
f 450/174/66 482/174/66 483/174/66
s 1
f 437/174/81 469/174/81 470/174/81
s 4
f 464/174/68 496/174/68 465/174/68
s 1
f 451/174/69 483/174/69 484/174/69
s 2
f 438/174/83 470/174/83 471/174/83
f 452/174/72 484/174/72 485/174/72
s 1
f 439/174/85 471/174/85 472/174/85
f 453/174/75 485/174/75 486/174/75
s 2
f 440/174/55 472/174/55 473/174/55
f 454/174/78 486/174/78 487/174/78
s 1
f 441/174/57 473/174/57 474/174/57
s 4
f 455/174/80 487/174/80 488/174/80
s 2
f 442/174/59 474/174/59 475/174/59
s 8
f 391/174/87 390/174/87 454/174/87
s 4
f 418/174/88 482/174/88 481/174/88
s 16
f 392/174/89 391/174/89 455/174/89
s 8
f 419/174/90 483/174/90 482/174/90
f 393/174/91 392/174/91 456/174/91
s 4
f 420/174/92 484/174/92 483/174/92
f 393/174/93 457/174/93 458/174/93
s 8
f 420/174/94 421/174/94 485/174/94
f 394/174/95 458/174/95 459/174/95
s 4
f 421/174/96 422/174/96 486/174/96
f 396/174/97 395/174/97 459/174/97
s 8
f 369/174/98 433/174/98 434/174/98
f 423/174/99 487/174/99 486/174/99
f 397/174/100 396/174/100 460/174/100
s 4
f 371/174/101 370/174/101 434/174/101
s 16
f 424/174/102 488/174/102 487/174/102
s 4
f 398/174/103 397/174/103 461/174/103
s 8
f 372/174/104 371/174/104 435/174/104
f 425/174/105 489/174/105 488/174/105
f 398/174/106 462/174/106 463/174/106
s 4
f 373/174/107 372/174/107 436/174/107
f 425/174/108 426/174/108 490/174/108
s 16
f 400/174/109 399/174/109 463/174/109
s 8
f 374/174/110 373/174/110 437/174/110
f 426/174/111 427/174/111 491/174/111
s 32
f 400/174/112 464/174/112 433/174/112
s 4
f 374/174/113 438/174/113 439/174/113
f 427/174/114 428/174/114 492/174/114
s 8
f 402/174/115 466/174/115 465/174/115
f 375/174/116 439/174/116 440/174/116
f 428/174/117 429/174/117 493/174/117
s 4
f 403/174/118 467/174/118 466/174/118
f 376/174/119 440/174/119 441/174/119
f 429/174/120 430/174/120 494/174/120
s 8
f 404/174/121 468/174/121 467/174/121
f 378/174/122 377/174/122 441/174/122
f 430/174/123 431/174/123 495/174/123
s 4
f 405/174/124 469/174/124 468/174/124
f 378/174/125 442/174/125 443/174/125
s 16
f 432/174/126 496/174/126 495/174/126
s 8
f 406/174/127 470/174/127 469/174/127
f 379/174/128 443/174/128 444/174/128
s 32
f 432/174/129 401/174/129 465/174/129
s 4
f 406/174/130 407/174/130 471/174/130
f 380/174/131 444/174/131 445/174/131
s 8
f 407/174/132 408/174/132 472/174/132
f 382/174/133 381/174/133 445/174/133
s 4
f 409/174/134 473/174/134 472/174/134
f 382/174/135 446/174/135 447/174/135
s 8
f 410/174/136 474/174/136 473/174/136
f 384/174/137 383/174/137 447/174/137
s 4
f 410/174/138 411/174/138 475/174/138
f 384/174/139 448/174/139 449/174/139
s 8
f 411/174/140 412/174/140 476/174/140
f 386/174/142 385/174/142 449/174/142
s 4
f 412/174/143 413/174/143 477/174/143
f 387/174/144 386/174/144 450/174/144
s 8
f 414/174/145 478/174/145 477/174/145
f 387/174/146 451/174/146 452/174/146
s 4
f 414/174/147 415/174/147 479/174/147
f 388/174/148 452/174/148 453/174/148
s 8
f 416/174/149 480/174/149 479/174/149
s 16
f 389/174/150 453/174/150 454/174/150
f 417/174/151 481/174/151 480/174/151
s 64
g wheel_silver
f 460/174/152 459/174/152 523/174/152
f 446/174/152 510/174/152 511/174/152
f 433/174/152 497/174/152 498/174/152
f 461/174/152 460/174/152 524/174/152
f 447/174/152 511/174/152 512/174/152
f 434/174/152 498/174/152 499/174/152
f 462/174/152 461/174/152 525/174/152
f 448/174/152 512/174/152 513/174/152
f 435/174/152 499/174/152 500/174/152
f 462/174/152 526/174/152 527/174/152
f 450/174/152 449/174/152 513/174/152
f 436/174/152 500/174/152 501/174/152
f 464/174/152 463/174/152 527/174/152
f 450/174/152 514/174/152 515/174/152
f 437/174/152 501/174/152 502/174/152
f 433/174/152 464/174/152 528/174/152
f 451/174/152 515/174/152 516/174/152
f 438/174/152 502/174/152 503/174/152
f 452/174/152 516/174/152 517/174/152
f 440/174/152 439/174/152 503/174/152
f 453/174/152 517/174/152 518/174/152
f 440/174/152 504/174/152 505/174/152
f 455/174/152 454/174/152 518/174/152
f 441/174/152 505/174/152 506/174/152
f 456/174/152 455/174/152 519/174/152
f 442/174/152 506/174/152 507/174/152
f 457/174/152 456/174/152 520/174/152
f 443/174/152 507/174/152 508/174/152
f 457/174/152 521/174/152 522/174/152
f 445/174/152 444/174/152 508/174/152
f 459/174/152 458/174/152 522/174/152
f 446/174/152 445/174/152 509/174/152
g wheel_wooden
f 499/174/152 498/174/152 497/174/152
f 497/174/152 528/174/152 527/174/152
f 527/174/152 526/174/152 525/174/152
f 525/174/152 524/174/152 523/174/152
f 523/174/152 522/174/152 521/174/152
f 521/174/152 520/174/152 519/174/152
f 519/174/152 518/174/152 517/174/152
f 517/174/152 516/174/152 515/174/152
f 515/174/152 514/174/152 513/174/152
f 513/174/152 512/174/152 511/174/152
f 511/174/152 510/174/152 509/174/152
f 509/174/152 508/174/152 507/174/152
f 507/174/152 506/174/152 505/174/152
f 505/174/152 504/174/152 503/174/152
f 503/174/152 502/174/152 501/174/152
f 501/174/152 500/174/152 499/174/152
f 499/174/152 497/174/152 527/174/152
f 527/174/152 525/174/152 523/174/152
f 523/174/152 521/174/152 519/174/152
f 519/174/152 517/174/152 515/174/152
f 515/174/152 513/174/152 511/174/152
f 511/174/152 509/174/152 507/174/152
f 507/174/152 505/174/152 503/174/152
f 503/174/152 501/174/152 499/174/152
f 499/174/152 527/174/152 523/174/152
f 523/174/152 519/174/152 515/174/152
f 515/174/152 511/174/152 507/174/152
f 507/174/152 503/174/152 499/174/152
f 499/174/152 523/174/152 515/174/152
s 2
g wheel_silver
f 531/174/86 560/174/86 589/174/86
s 4
f 529/174/85 559/174/85 588/174/85
s 1
f 560/174/84 558/174/84 587/174/84
s 2
f 559/174/83 557/174/83 586/174/83
f 558/174/82 556/174/82 585/174/82
s 1
f 557/174/81 555/174/81 584/174/81
f 556/174/80 554/174/80 583/174/80
s 2
f 555/174/79 553/174/79 582/174/79
f 554/174/78 552/174/78 581/174/78
s 1
f 553/174/77 551/174/77 580/174/77
s 4
f 539/174/76 550/174/76 579/174/76
s 1
f 552/174/75 549/174/75 578/174/75
s 2
f 551/174/74 548/174/74 577/174/74
f 550/174/73 547/174/73 576/174/73
f 549/174/72 546/174/72 575/174/72
s 1
f 548/174/71 545/174/71 574/174/71
f 547/174/70 544/174/70 573/174/70
f 546/174/69 543/174/69 572/174/69
s 2
f 545/174/68 542/174/68 571/174/68
f 544/174/67 541/174/67 570/174/67
f 543/174/66 540/174/66 569/174/66
s 1
f 542/174/65 538/174/65 568/174/65
f 541/174/64 537/174/64 567/174/64
f 540/174/63 539/174/63 592/174/63
s 2
f 538/174/62 536/174/62 566/174/62
f 537/174/61 535/174/61 565/174/61
s 1
f 536/174/60 534/174/60 564/174/60
f 535/174/59 533/174/59 563/174/59
s 2
f 534/174/58 532/174/58 562/174/58
f 533/174/57 530/174/57 561/174/57
s 1
f 532/174/56 531/174/56 591/174/56
f 530/174/55 529/174/55 590/174/55
g wheel_wooden
f 561/174/55 590/174/55 392/174/55
f 562/174/56 591/174/56 379/174/56
s 2
f 563/174/57 561/174/57 393/174/57
f 564/174/58 562/174/58 380/174/58
s 1
f 565/174/59 563/174/59 394/174/59
f 566/174/60 564/174/60 381/174/60
s 2
f 567/174/61 565/174/61 395/174/61
f 568/174/62 566/174/62 382/174/62
s 1
f 569/174/63 592/174/63 369/174/63
f 570/174/64 567/174/64 396/174/64
f 571/174/65 568/174/65 383/174/65
s 2
f 572/174/66 569/174/66 370/174/66
f 573/174/67 570/174/67 397/174/67
f 574/174/68 571/174/68 384/174/68
s 1
f 575/174/69 572/174/69 371/174/69
f 576/174/70 573/174/70 398/174/70
f 577/174/71 574/174/71 385/174/71
s 2
f 578/174/72 575/174/72 372/174/72
f 579/174/73 576/174/73 399/174/73
f 580/174/74 577/174/74 386/174/74
s 1
f 581/174/75 578/174/75 373/174/75
s 4
f 592/174/76 579/174/76 400/174/76
s 1
f 582/174/77 580/174/77 387/174/77
s 2
f 583/174/78 581/174/78 374/174/78
f 584/174/79 582/174/79 388/174/79
s 1
f 585/174/80 583/174/80 375/174/80
f 586/174/81 584/174/81 389/174/81
s 2
f 587/174/82 585/174/82 376/174/82
f 588/174/83 586/174/83 390/174/83
s 1
f 589/174/84 587/174/84 377/174/84
s 4
f 590/174/85 588/174/85 391/174/85
s 2
f 591/174/86 589/174/86 378/174/86
s 1
f 649/174/57 648/174/57 753/174/57
f 636/174/78 635/174/78 755/174/78
s 2
f 650/174/55 649/174/55 754/174/55
f 637/174/75 636/174/75 756/174/75
s 1
f 651/174/85 650/174/85 757/174/85
f 638/174/72 637/174/72 758/174/72
s 2
f 652/174/83 651/174/83 759/174/83
f 639/174/69 638/174/69 760/174/69
s 1
f 626/174/68 625/174/68 763/174/68
f 653/174/81 652/174/81 761/174/81
f 640/174/66 639/174/66 762/174/66
s 2
f 627/174/65 626/174/65 764/174/65
f 768/174/79 654/174/79 653/174/79
f 641/174/63 640/174/63 766/174/63
s 1
f 628/174/62 627/174/62 767/174/62
f 655/174/77 654/174/77 768/174/77
f 642/174/76 641/174/76 769/174/76
s 2
f 629/174/60 628/174/60 770/174/60
f 656/174/74 655/174/74 771/174/74
f 643/174/73 642/174/73 772/174/73
s 1
f 630/174/58 629/174/58 773/174/58
s 4
f 625/174/71 656/174/71 774/174/71
s 1
f 644/174/70 643/174/70 775/174/70
s 2
f 631/174/56 630/174/56 776/174/56
f 645/174/67 644/174/67 777/174/67
s 1
f 632/174/86 631/174/86 778/174/86
f 646/174/64 645/174/64 779/174/64
s 2
f 633/174/84 632/174/84 780/174/84
f 647/174/61 646/174/61 781/174/61
s 1
f 634/174/82 633/174/82 782/174/82
s 4
f 648/174/59 647/174/59 783/174/59
s 2
f 635/174/80 634/174/80 784/174/80
s 1
f 680/174/84 712/174/84 713/174/84
f 667/174/83 699/174/83 700/174/83
s 2
f 682/174/82 681/174/82 713/174/82
f 668/174/81 700/174/81 701/174/81
s 1
f 682/174/80 714/174/80 715/174/80
f 669/174/79 701/174/79 702/174/79
s 2
f 683/174/78 715/174/78 716/174/78
f 670/174/77 702/174/77 703/174/77
s 1
f 657/174/76 689/174/76 690/174/76
f 684/174/75 716/174/75 717/174/75
f 671/174/74 703/174/74 704/174/74
s 2
f 658/174/73 690/174/73 691/174/73
f 685/174/72 717/174/72 718/174/72
f 672/174/71 704/174/71 705/174/71
s 1
f 659/174/70 691/174/70 692/174/70
f 686/174/69 718/174/69 719/174/69
f 673/174/68 705/174/68 706/174/68
s 2
f 660/174/67 692/174/67 693/174/67
f 687/174/66 719/174/66 720/174/66
f 674/174/65 706/174/65 707/174/65
s 1
f 661/174/64 693/174/64 694/174/64
s 4
f 688/174/63 720/174/63 689/174/63
s 1
f 675/174/62 707/174/62 708/174/62
s 2
f 662/174/61 694/174/61 695/174/61
f 676/174/60 708/174/60 709/174/60
s 1
f 663/174/59 695/174/59 696/174/59
f 677/174/58 709/174/58 710/174/58
s 2
f 664/174/57 696/174/57 697/174/57
f 678/174/56 710/174/56 711/174/56
s 1
f 665/174/55 697/174/55 698/174/55
s 4
f 679/174/86 711/174/86 712/174/86
s 2
f 666/174/85 698/174/85 699/174/85
s 8
f 615/174/114 614/174/114 678/174/114
s 4
f 642/174/112 706/174/112 705/174/112
s 16
f 616/174/111 615/174/155 679/174/155
s 8
f 643/174/109 707/174/109 706/174/109
f 616/174/108 680/174/108 681/174/108
s 4
f 643/174/156 644/174/156 708/174/156
f 617/174/105 681/174/105 682/174/105
s 8
f 645/174/103 709/174/103 708/174/103
f 619/174/102 618/174/157 682/174/157
s 4
f 645/174/100 646/174/100 710/174/100
f 619/174/99 683/174/180 684/174/99
s 8
f 594/174/151 593/174/151 657/174/151
f 647/174/158 711/174/158 710/174/158
f 621/174/96 620/174/159 684/174/159
s 4
f 594/174/149 658/174/149 659/174/149
s 16
f 648/174/95 712/174/95 711/174/95
s 4
f 621/174/160 685/174/160 686/174/160
s 8
f 595/174/147 659/174/147 660/174/147
f 649/174/93 713/174/93 712/174/93
f 623/174/92 622/174/181 686/174/92
s 4
f 597/174/162 596/174/162 660/174/162
f 649/174/163 650/174/91 714/174/91
s 16
f 624/174/90 623/174/90 687/174/90
s 8
f 598/174/164 597/174/164 661/174/164
f 651/174/89 715/174/89 714/174/89
s 32
f 593/174/88 624/174/88 688/174/88
s 4
f 598/174/140 662/174/140 663/174/140
f 651/174/87 652/174/87 716/174/87
s 8
f 626/174/139 690/174/139 689/174/139
f 600/174/138 599/174/166 663/174/166
f 652/174/150 653/174/150 717/174/150
s 4
f 626/174/137 627/174/137 691/174/137
f 601/174/136 600/174/136 664/174/136
f 654/174/148 718/174/148 717/174/148
s 8
f 627/174/135 628/174/135 692/174/135
f 601/174/134 665/174/134 666/174/134
f 655/174/146 719/174/146 718/174/146
s 4
f 629/174/133 693/174/133 692/174/133
f 602/174/132 666/174/132 667/174/167
s 16
f 656/174/144 720/174/144 719/174/144
s 8
f 630/174/131 694/174/131 693/174/131
f 603/174/130 667/174/176 668/174/130
s 32
f 656/174/142 625/174/142 689/174/142
s 4
f 631/174/128 695/174/128 694/174/128
f 604/174/127 668/174/127 669/174/168
s 8
f 632/174/125 696/174/125 695/174/125
f 606/174/169 605/174/169 669/174/169
s 4
f 633/174/122 697/174/122 696/174/122
f 606/174/121 670/174/121 671/174/121
s 8
f 633/174/119 634/174/182 698/174/119
f 608/174/118 607/174/118 671/174/118
s 4
f 634/174/116 635/174/116 699/174/116
f 609/174/115 608/174/115 672/174/115
s 8
f 636/174/170 700/174/170 699/174/170
f 609/174/129 673/174/129 674/174/129
s 4
f 636/174/110 637/174/110 701/174/110
f 610/174/126 674/174/126 675/174/126
s 8
f 638/174/107 702/174/107 701/174/107
f 611/174/123 675/174/123 676/174/171
s 4
f 638/174/172 639/174/172 703/174/172
f 612/174/173 676/174/173 677/174/173
s 8
f 640/174/101 704/174/101 703/174/101
s 16
f 613/174/174 677/174/174 678/174/117
f 640/174/98 641/174/98 705/174/98
s 64
g wheel_silver
f 684/174/175 683/174/175 747/174/175
f 670/174/175 734/174/175 735/174/175
f 658/174/175 657/174/175 721/174/175
f 685/174/175 684/174/175 748/174/175
f 671/174/175 735/174/175 736/174/175
f 659/174/175 658/174/175 722/174/175
f 686/174/175 685/174/175 749/174/175
f 673/174/175 672/174/175 736/174/175
f 660/174/175 659/174/175 723/174/175
f 687/174/175 686/174/175 750/174/175
f 674/174/175 673/174/175 737/174/175
f 661/174/175 660/174/175 724/174/175
f 688/174/175 687/174/175 751/174/175
f 674/174/175 738/174/175 739/174/175
f 661/174/175 725/174/175 726/174/175
f 657/174/175 688/174/175 752/174/175
f 675/174/175 739/174/175 740/174/175
f 662/174/175 726/174/175 727/174/175
f 676/174/175 740/174/175 741/174/175
f 664/174/175 663/174/175 727/174/175
f 678/174/175 677/174/175 741/174/175
f 664/174/175 728/174/175 729/174/175
f 678/174/175 742/174/175 743/174/175
f 665/174/175 729/174/175 730/174/175
f 680/174/175 679/174/175 743/174/175
f 666/174/175 730/174/175 731/174/175
f 680/174/175 744/174/175 745/174/175
f 668/174/175 667/174/175 731/174/175
f 682/174/175 681/174/175 745/174/175
f 668/174/175 732/174/175 733/174/175
f 682/174/175 746/174/175 747/174/175
f 669/174/175 733/174/175 734/174/175
g wheel_wooden
f 723/174/175 722/174/175 721/174/175
f 721/174/175 752/174/175 751/174/175
f 751/174/175 750/174/175 749/174/175
f 749/174/175 748/174/175 747/174/175
f 747/174/175 746/174/175 745/174/175
f 745/174/175 744/174/175 743/174/175
f 743/174/175 742/174/175 741/174/175
f 741/174/175 740/174/175 739/174/175
f 739/174/175 738/174/175 737/174/175
f 737/174/175 736/174/175 735/174/175
f 735/174/175 734/174/175 733/174/175
f 733/174/175 732/174/175 731/174/175
f 731/174/175 730/174/175 729/174/175
f 729/174/175 728/174/175 727/174/175
f 727/174/175 726/174/175 725/174/175
f 725/174/175 724/174/175 723/174/175
f 723/174/175 721/174/175 751/174/175
f 751/174/175 749/174/175 747/174/175
f 747/174/175 745/174/175 743/174/175
f 743/174/175 741/174/175 739/174/175
f 739/174/175 737/174/175 735/174/175
f 735/174/175 733/174/175 731/174/175
f 731/174/175 729/174/175 727/174/175
f 727/174/175 725/174/175 723/174/175
f 723/174/175 751/174/175 747/174/175
f 747/174/175 743/174/175 739/174/175
f 739/174/175 735/174/175 731/174/175
f 731/174/175 727/174/175 723/174/175
f 723/174/175 747/174/175 739/174/175
s 2
g wheel_silver
f 755/174/80 784/174/80 813/174/80
s 4
f 753/174/59 783/174/59 812/174/59
s 1
f 784/174/82 782/174/82 811/174/82
s 2
f 783/174/61 781/174/61 810/174/61
f 782/174/84 780/174/84 809/174/84
s 1
f 810/174/64 781/174/64 779/174/64
f 780/174/86 778/174/86 807/174/86
s 2
f 779/174/67 777/174/67 806/174/67
f 778/174/56 776/174/56 805/174/56
s 1
f 777/174/70 775/174/70 804/174/70
s 4
f 763/174/71 774/174/71 803/174/71
s 1
f 776/174/58 773/174/58 802/174/58
s 2
f 775/174/73 772/174/73 801/174/73
f 774/174/74 771/174/74 800/174/74
f 773/174/60 770/174/60 799/174/60
s 1
f 772/174/76 769/174/76 798/174/76
f 771/174/77 768/174/77 797/174/77
f 770/174/62 767/174/62 796/174/62
s 2
f 769/174/63 766/174/63 795/174/63
f 797/174/79 768/174/79 765/174/79
f 767/174/65 764/174/65 793/174/65
s 1
f 766/174/66 762/174/66 792/174/66
f 765/174/81 761/174/81 791/174/81
f 764/174/68 763/174/68 816/174/68
s 2
f 762/174/69 760/174/69 790/174/69
f 761/174/83 759/174/83 789/174/83
s 1
f 760/174/72 758/174/72 788/174/72
f 759/174/85 757/174/85 787/174/85
s 2
f 758/174/75 756/174/75 786/174/75
f 757/174/55 754/174/55 785/174/55
s 1
f 756/174/78 755/174/78 815/174/78
f 754/174/57 753/174/57 814/174/57
g wheel_wooden
f 785/174/57 814/174/57 616/174/57
f 786/174/78 815/174/78 603/174/78
s 2
f 787/174/55 785/174/55 617/174/55
f 788/174/75 786/174/75 604/174/75
s 1
f 789/174/85 787/174/85 618/174/85
f 790/174/72 788/174/72 605/174/72
s 2
f 791/174/83 789/174/83 619/174/83
f 792/174/69 790/174/69 606/174/69
s 1
f 793/174/68 816/174/68 593/174/68
f 794/174/81 791/174/81 620/174/81
f 795/174/66 792/174/66 607/174/66
s 2
f 796/174/65 793/174/65 594/174/65
f 797/174/79 794/174/79 621/174/79
f 798/174/63 795/174/63 608/174/63
s 1
f 799/174/62 796/174/62 595/174/62
f 800/174/77 797/174/77 622/174/77
f 801/174/76 798/174/76 609/174/76
s 2
f 802/174/60 799/174/60 596/174/60
f 803/174/74 800/174/74 623/174/74
f 804/174/73 801/174/73 610/174/73
s 1
f 805/174/58 802/174/58 597/174/58
s 4
f 816/174/71 803/174/71 624/174/71
s 1
f 806/174/70 804/174/70 611/174/70
s 2
f 807/174/56 805/174/56 598/174/56
f 808/174/67 806/174/67 612/174/67
s 1
f 809/174/86 807/174/86 599/174/86
f 614/174/64 810/174/64 808/174/64
s 2
f 811/174/84 809/174/84 600/174/84
f 812/174/61 810/174/61 614/174/61
s 1
f 813/174/82 811/174/82 601/174/82
s 4
f 814/174/59 812/174/59 615/174/59
s 2
f 815/174/80 813/174/80 602/174/80
s 1
f 873/174/57 872/174/57 977/174/57
f 860/174/78 859/174/78 979/174/78
s 2
f 874/174/55 873/174/55 978/174/55
f 861/174/75 860/174/75 980/174/75
s 1
f 875/174/85 874/174/85 981/174/85
f 862/174/72 861/174/72 982/174/72
s 2
f 876/174/83 875/174/83 983/174/83
f 863/174/69 862/174/69 984/174/69
s 1
f 850/174/68 849/174/68 987/174/68
f 877/174/81 876/174/81 985/174/81
f 864/174/66 863/174/66 986/174/66
s 2
f 851/174/65 850/174/65 988/174/65
f 992/174/79 878/174/79 877/174/79
f 865/174/63 864/174/63 990/174/63
s 1
f 852/174/62 851/174/62 991/174/62
f 879/174/77 878/174/77 992/174/77
f 866/174/76 865/174/76 993/174/76
s 2
f 853/174/60 852/174/60 994/174/60
f 880/174/74 879/174/74 995/174/74
f 867/174/73 866/174/73 996/174/73
s 1
f 854/174/58 853/174/58 997/174/58
s 4
f 849/174/71 880/174/71 998/174/71
s 1
f 868/174/70 867/174/70 999/174/70
s 2
f 855/174/56 854/174/56 1000/174/56
f 869/174/67 868/174/67 1001/174/67
s 1
f 856/174/86 855/174/86 1002/174/86
f 870/174/64 869/174/64 1003/174/64
s 2
f 857/174/84 856/174/84 1004/174/84
f 871/174/61 870/174/61 1005/174/61
s 1
f 858/174/82 857/174/82 1006/174/82
s 4
f 872/174/59 871/174/59 1007/174/59
s 2
f 859/174/80 858/174/80 1008/174/80
s 1
f 904/174/84 936/174/84 937/174/84
f 891/174/83 923/174/83 924/174/83
s 2
f 906/174/82 905/174/82 937/174/82
f 892/174/81 924/174/81 925/174/81
s 1
f 906/174/80 938/174/80 939/174/80
f 893/174/79 925/174/79 926/174/79
s 2
f 907/174/78 939/174/78 940/174/78
f 894/174/77 926/174/77 927/174/77
s 1
f 881/174/76 913/174/76 914/174/76
f 908/174/75 940/174/75 941/174/75
f 895/174/74 927/174/74 928/174/74
s 2
f 882/174/73 914/174/73 915/174/73
f 909/174/72 941/174/72 942/174/72
f 896/174/71 928/174/71 929/174/71
s 1
f 883/174/70 915/174/70 916/174/70
f 910/174/69 942/174/69 943/174/69
f 897/174/68 929/174/68 930/174/68
s 2
f 884/174/67 916/174/67 917/174/67
f 911/174/66 943/174/66 944/174/66
f 898/174/65 930/174/65 931/174/65
s 1
f 885/174/64 917/174/64 918/174/64
s 4
f 912/174/63 944/174/63 913/174/63
s 1
f 899/174/62 931/174/62 932/174/62
s 2
f 886/174/61 918/174/61 919/174/61
f 900/174/60 932/174/60 933/174/60
s 1
f 887/174/59 919/174/59 920/174/59
f 901/174/58 933/174/58 934/174/58
s 2
f 888/174/57 920/174/57 921/174/57
f 902/174/56 934/174/56 935/174/56
s 1
f 889/174/55 921/174/55 922/174/55
s 4
f 903/174/86 935/174/86 936/174/86
s 2
f 890/174/85 922/174/85 923/174/85
s 8
f 838/174/114 902/174/114 903/174/114
s 4
f 866/174/112 930/174/112 929/174/112
s 16
f 840/174/111 839/174/155 903/174/155
s 8
f 866/174/109 867/174/109 931/174/109
f 841/174/108 840/174/108 904/174/108
s 4
f 868/174/156 932/174/156 931/174/156
f 841/174/105 905/174/105 906/174/105
s 8
f 869/174/103 933/174/103 932/174/103
f 842/174/102 906/174/102 907/174/102
s 4
f 869/174/100 870/174/100 934/174/100
f 843/174/99 907/174/180 908/174/99
s 8
f 817/174/151 881/174/151 882/174/151
f 870/174/158 871/174/158 935/174/158
f 844/174/96 908/174/96 909/174/159
s 4
f 819/174/149 818/174/149 882/174/149
s 16
f 872/174/95 936/174/95 935/174/95
s 4
f 846/174/160 845/174/160 909/174/160
s 8
f 819/174/147 883/174/147 884/174/147
f 873/174/93 937/174/93 936/174/161
f 846/174/92 910/174/92 911/174/92
s 4
f 820/174/162 884/174/162 885/174/162
f 873/174/163 874/174/91 938/174/91
s 16
f 848/174/90 847/174/90 911/174/90
s 8
f 822/174/164 821/174/143 885/174/164
f 874/174/89 875/174/89 939/174/89
s 32
f 817/174/88 848/174/88 912/174/88
s 4
f 823/174/140 822/174/140 886/174/140
f 875/174/87 876/174/87 940/174/87
s 8
f 849/174/139 850/174/139 914/174/139
f 823/174/138 887/174/138 888/174/166
f 876/174/150 877/174/150 941/174/150
s 4
f 851/174/137 915/174/137 914/174/137
f 824/174/136 888/174/136 889/174/136
f 878/174/148 942/174/148 941/174/148
s 8
f 852/174/135 916/174/135 915/174/135
f 826/174/134 825/174/134 889/174/134
f 879/174/146 943/174/146 942/174/146
s 4
f 853/174/133 917/174/133 916/174/133
f 826/174/132 890/174/132 891/174/167
s 16
f 880/174/144 944/174/144 943/174/144
s 8
f 854/174/131 918/174/131 917/174/131
f 828/174/130 827/174/130 891/174/130
s 32
f 849/174/142 913/174/142 944/174/142
s 4
f 854/174/128 855/174/128 919/174/128
f 828/174/127 892/174/127 893/174/168
s 8
f 855/174/125 856/174/125 920/174/125
f 829/174/169 893/174/124 894/174/169
s 4
f 857/174/122 921/174/122 920/174/122
f 831/174/121 830/174/178 894/174/178
s 8
f 857/174/119 858/174/182 922/174/119
f 832/174/118 831/174/118 895/174/118
s 4
f 859/174/116 923/174/116 922/174/116
f 832/174/115 896/174/115 897/174/115
s 8
f 860/174/170 924/174/170 923/174/170
f 834/174/129 833/174/129 897/174/129
s 4
f 860/174/110 861/174/110 925/174/110
f 835/174/126 834/174/126 898/174/126
s 8
f 862/174/107 926/174/107 925/174/107
f 835/174/123 899/174/123 900/174/171
s 4
f 863/174/172 927/174/172 926/174/172
f 837/174/173 836/174/173 900/174/173
s 8
f 864/174/101 928/174/101 927/174/101
s 16
f 837/174/174 901/174/174 902/174/117
f 865/174/98 929/174/98 928/174/98
s 64
g wheel_silver
f 908/174/175 907/174/175 971/174/175
f 894/174/175 958/174/175 959/174/175
f 881/174/175 945/174/175 946/174/175
f 909/174/175 908/174/175 972/174/175
f 895/174/175 959/174/175 960/174/175
f 882/174/175 946/174/175 947/174/175
f 910/174/175 909/174/175 973/174/175
f 896/174/175 960/174/175 961/174/175
f 883/174/175 947/174/175 948/174/175
f 910/174/175 974/174/175 975/174/175
f 898/174/175 897/174/175 961/174/175
f 884/174/175 948/174/175 949/174/175
f 912/174/175 911/174/175 975/174/175
f 898/174/175 962/174/175 963/174/175
f 885/174/175 949/174/175 950/174/175
f 881/174/175 912/174/175 976/174/175
f 899/174/175 963/174/175 964/174/175
f 886/174/175 950/174/175 951/174/175
f 900/174/175 964/174/175 965/174/175
f 888/174/175 887/174/175 951/174/175
f 901/174/175 965/174/175 966/174/175
f 889/174/175 888/174/175 952/174/175
f 903/174/175 902/174/175 966/174/175
f 889/174/175 953/174/175 954/174/175
f 904/174/175 903/174/175 967/174/175
f 890/174/175 954/174/175 955/174/175
f 904/174/175 968/174/175 969/174/175
f 891/174/175 955/174/175 956/174/175
f 905/174/175 969/174/175 970/174/175
f 893/174/175 892/174/175 956/174/175
f 907/174/175 906/174/175 970/174/175
f 894/174/175 893/174/175 957/174/175
g wheel_wooden
f 947/174/175 946/174/175 945/174/175
f 945/174/175 976/174/175 975/174/175
f 975/174/175 974/174/175 973/174/175
f 973/174/175 972/174/175 971/174/175
f 971/174/175 970/174/175 969/174/175
f 969/174/175 968/174/175 967/174/175
f 967/174/175 966/174/175 965/174/175
f 965/174/175 964/174/175 963/174/175
f 963/174/175 962/174/175 961/174/175
f 961/174/175 960/174/175 959/174/175
f 959/174/175 958/174/175 957/174/175
f 957/174/175 956/174/175 955/174/175
f 955/174/175 954/174/175 953/174/175
f 953/174/175 952/174/175 951/174/175
f 951/174/175 950/174/175 949/174/175
f 949/174/175 948/174/175 947/174/175
f 947/174/175 945/174/175 975/174/175
f 975/174/175 973/174/175 971/174/175
f 971/174/175 969/174/175 967/174/175
f 967/174/175 965/174/175 963/174/175
f 963/174/175 961/174/175 959/174/175
f 959/174/175 957/174/175 955/174/175
f 955/174/175 953/174/175 951/174/175
f 951/174/175 949/174/175 947/174/175
f 947/174/175 975/174/175 971/174/175
f 971/174/175 967/174/175 963/174/175
f 963/174/175 959/174/175 955/174/175
f 955/174/175 951/174/175 947/174/175
f 947/174/175 971/174/175 963/174/175
s 2
g wheel_silver
f 979/174/80 1008/174/80 1037/174/80
s 4
f 977/174/59 1007/174/59 1036/174/59
s 1
f 1008/174/82 1006/174/82 1035/174/82
s 2
f 1007/174/61 1005/174/61 1034/174/61
f 1006/174/84 1004/174/84 1033/174/84
s 1
f 1034/174/64 1005/174/64 1003/174/64
f 1004/174/86 1002/174/86 1031/174/86
s 2
f 1003/174/67 1001/174/67 1030/174/67
f 1002/174/56 1000/174/56 1029/174/56
s 1
f 1001/174/70 999/174/70 1028/174/70
s 4
f 987/174/71 998/174/71 1027/174/71
s 1
f 1000/174/58 997/174/58 1026/174/58
s 2
f 999/174/73 996/174/73 1025/174/73
f 998/174/74 995/174/74 1024/174/74
f 997/174/60 994/174/60 1023/174/60
s 1
f 996/174/76 993/174/76 1022/174/76
f 995/174/77 992/174/77 1021/174/77
f 994/174/62 991/174/62 1020/174/62
s 2
f 993/174/63 990/174/63 1019/174/63
f 1021/174/79 992/174/79 989/174/79
f 991/174/65 988/174/65 1017/174/65
s 1
f 990/174/66 986/174/66 1016/174/66
f 989/174/81 985/174/81 1015/174/81
f 988/174/68 987/174/68 1040/174/68
s 2
f 986/174/69 984/174/69 1014/174/69
f 985/174/83 983/174/83 1013/174/83
s 1
f 984/174/72 982/174/72 1012/174/72
f 983/174/85 981/174/85 1011/174/85
s 2
f 982/174/75 980/174/75 1010/174/75
f 981/174/55 978/174/55 1009/174/55
s 1
f 980/174/78 979/174/78 1039/174/78
f 978/174/57 977/174/57 1038/174/57
g wheel_wooden
f 1009/174/57 1038/174/57 840/174/57
f 1010/174/78 1039/174/78 827/174/78
s 2
f 1011/174/55 1009/174/55 841/174/55
f 1012/174/75 1010/174/75 828/174/75
s 1
f 1013/174/85 1011/174/85 842/174/85
f 1014/174/72 1012/174/72 829/174/72
s 2
f 1015/174/83 1013/174/83 843/174/83
f 1016/174/69 1014/174/69 830/174/69
s 1
f 1017/174/68 1040/174/68 817/174/68
f 1018/174/81 1015/174/81 844/174/81
f 1019/174/66 1016/174/66 831/174/66
s 2
f 1020/174/65 1017/174/65 818/174/65
f 1021/174/79 1018/174/79 845/174/79
f 1022/174/63 1019/174/63 832/174/63
s 1
f 1023/174/62 1020/174/62 819/174/62
f 1024/174/77 1021/174/77 846/174/77
f 1025/174/76 1022/174/76 833/174/76
s 2
f 1026/174/60 1023/174/60 820/174/60
f 1027/174/74 1024/174/74 847/174/74
f 1028/174/73 1025/174/73 834/174/73
s 1
f 1029/174/58 1026/174/58 821/174/58
s 4
f 1040/174/71 1027/174/71 848/174/71
s 1
f 1030/174/70 1028/174/70 835/174/70
s 2
f 1031/174/56 1029/174/56 822/174/56
f 1032/174/67 1030/174/67 836/174/67
s 1
f 1033/174/86 1031/174/86 823/174/86
f 838/174/64 1034/174/64 1032/174/64
s 2
f 1035/174/84 1033/174/84 824/174/84
f 1036/174/61 1034/174/61 838/174/61
s 1
f 1037/174/82 1035/174/82 825/174/82
s 4
f 1038/174/59 1036/174/59 839/174/59
s 2
f 1039/174/80 1037/174/80 826/174/80
s 64
f 689/174/152 690/174/152 691/174/152
f 691/174/152 692/174/152 693/174/152
f 693/174/152 694/174/152 695/174/152
f 695/174/152 696/174/183 697/174/152
f 697/174/152 698/174/184 699/174/152
f 699/174/152 700/174/152 701/174/152
f 701/174/152 702/174/152 703/174/152
f 703/174/152 704/174/152 705/174/152
f 705/174/152 706/174/152 707/174/152
f 707/174/152 708/174/152 709/174/152
f 709/174/152 710/174/152 711/174/152
f 711/174/152 712/174/183 713/174/152
f 713/174/152 714/174/184 715/174/152
f 715/174/152 716/174/152 717/174/152
f 717/174/152 718/174/152 719/174/152
f 719/174/152 720/174/152 689/174/152
f 689/174/152 691/174/152 693/174/152
f 693/174/152 695/174/152 697/174/152
f 697/174/152 699/174/152 701/174/152
f 701/174/152 703/174/152 705/174/152
f 705/174/152 707/174/152 709/174/152
f 709/174/152 711/174/152 713/174/152
f 713/174/152 715/174/152 717/174/152
f 717/174/152 719/174/152 689/174/152
f 689/174/152 693/174/152 697/174/152
f 697/174/152 701/174/152 705/174/152
f 705/174/152 709/174/152 713/174/152
f 713/174/152 717/174/152 689/174/152
f 689/174/152 697/174/152 705/174/152
f 913/174/152 914/174/152 915/174/152
f 915/174/152 916/174/152 917/174/152
f 917/174/152 918/174/152 919/174/152
f 919/174/152 920/174/183 921/174/152
f 921/174/152 922/174/184 923/174/152
f 923/174/152 924/174/152 925/174/152
f 925/174/152 926/174/152 927/174/152
f 927/174/152 928/174/152 929/174/152
f 929/174/152 930/174/152 931/174/152
f 931/174/152 932/174/152 933/174/152
f 933/174/152 934/174/152 935/174/152
f 935/174/152 936/174/183 937/174/152
f 937/174/152 938/174/184 939/174/152
f 939/174/152 940/174/152 941/174/152
f 941/174/152 942/174/152 943/174/152
f 943/174/152 944/174/152 913/174/152
f 913/174/152 915/174/152 917/174/152
f 917/174/152 919/174/152 921/174/152
f 921/174/152 923/174/152 925/174/152
f 925/174/152 927/174/152 929/174/152
f 929/174/152 931/174/152 933/174/152
f 933/174/152 935/174/152 937/174/152
f 937/174/152 939/174/152 941/174/152
f 941/174/152 943/174/152 913/174/152
f 913/174/152 917/174/152 921/174/152
f 921/174/152 925/174/152 929/174/152
f 929/174/152 933/174/152 937/174/152
f 937/174/152 941/174/152 913/174/152
f 913/174/152 921/174/152 929/174/152
f 465/174/175 466/174/175 467/174/175
f 467/174/175 468/174/175 469/174/175
f 469/174/175 470/174/175 471/174/175
f 471/174/175 472/174/175 473/174/175
f 473/174/175 474/174/175 475/174/175
f 475/174/175 476/174/175 477/174/175
f 477/174/175 478/174/175 479/174/175
f 479/174/175 480/174/175 481/174/175
f 481/174/175 482/174/175 483/174/175
f 483/174/175 484/174/175 485/174/175
f 485/174/175 486/174/175 487/174/175
f 487/174/175 488/174/175 489/174/175
f 489/174/175 490/174/175 491/174/175
f 491/174/175 492/174/175 493/174/175
f 493/174/175 494/174/175 495/174/175
f 495/174/175 496/174/175 465/174/175
f 465/174/175 467/174/175 469/174/175
f 469/174/175 471/174/175 473/174/175
f 473/174/175 475/174/175 477/174/175
f 477/174/175 479/174/175 481/174/175
f 481/174/175 483/174/175 485/174/175
f 485/174/175 487/174/175 489/174/175
f 489/174/175 491/174/175 493/174/175
f 493/174/175 495/174/175 465/174/175
f 465/174/175 469/174/175 473/174/175
f 473/174/175 477/174/175 481/174/175
f 481/174/175 485/174/175 489/174/175
f 489/174/175 493/174/175 465/174/175
f 465/174/175 473/174/175 481/174/175
f 241/174/175 242/174/175 243/174/175
f 243/174/175 244/174/175 245/174/175
f 245/174/175 246/174/175 247/174/175
f 247/174/175 248/174/175 249/174/175
f 249/174/175 250/174/175 251/174/175
f 251/174/175 252/174/175 253/174/175
f 253/174/175 254/174/175 255/174/175
f 255/174/175 256/174/175 257/174/175
f 257/174/175 258/174/175 259/174/175
f 259/174/175 260/174/175 261/174/175
f 261/174/175 262/174/175 263/174/175
f 263/174/175 264/174/175 265/174/175
f 265/174/175 266/174/175 267/174/175
f 267/174/175 268/174/175 269/174/175
f 269/174/175 270/174/175 271/174/175
f 271/174/175 272/174/175 241/174/175
f 241/174/175 243/174/175 245/174/175
f 245/174/175 247/174/175 249/174/175
f 249/174/175 251/174/175 253/174/175
f 253/174/175 255/174/175 257/174/175
f 257/174/175 259/174/175 261/174/175
f 261/174/175 263/174/175 265/174/175
f 265/174/175 267/174/175 269/174/175
f 269/174/175 271/174/175 241/174/175
f 241/174/175 245/174/175 249/174/175
f 249/174/175 253/174/175 257/174/175
f 257/174/175 261/174/175 265/174/175
f 265/174/175 269/174/175 241/174/175
f 241/174/175 249/174/175 257/174/175
g base_Mesh
v -35.929085 -1.000000 -14.043692
v -35.929085 1.000000 -14.043692
v -35.929085 -1.000001 -17.910299
v -35.929085 0.999999 -17.910299
v 40.413807 -1.000000 -14.043692
v 40.413807 1.000000 -14.043692
v 40.413807 -1.000001 -17.910299
v 40.413807 0.999999 -17.910299
v -30.187593 -1.000001 -17.910299
v -30.187593 0.999999 -17.910299
v -30.187593 -1.000000 -14.043692
v -30.187593 1.000000 -14.043692
v -35.929085 1.991940 -14.043692
v -35.929085 1.991940 -17.910299
v -30.187593 1.991940 -17.910299
v -30.187593 1.991940 -14.043692
v -35.929085 -1.991940 -14.043692
v -35.929085 -1.991941 -17.910299
v -30.187593 -1.991941 -17.910299
v -30.187593 -1.991940 -14.043692
v -37.758556 -1.000000 -14.043692
v -37.758556 1.000000 -14.043692
v -37.758556 -1.000001 -17.910299
v -37.758556 0.999999 -17.910299
v -37.758556 1.991940 -14.043692
v -37.758556 1.991940 -17.910299
v -37.758556 -1.991940 -14.043692
v -37.758556 -1.991941 -17.910299
v 34.656616 0.999999 -17.910299
v 34.656616 -1.000000 -14.043692
v 34.656616 -1.000001 -17.910299
v 34.656616 1.000000 -14.043692
v 40.413807 1.000000 -14.043692
v 34.656616 1.000000 -14.043692
v 40.413807 1.958876 -14.043692
v 40.413807 1.958875 -17.910299
v 34.656616 1.958875 -17.910299
v 34.656616 1.958876 -14.043692
v 40.413807 1.958876 -14.043692
v 34.656616 1.958876 -14.043692
v 40.413807 -1.991940 -14.043692
v 40.413807 -1.991941 -17.910299
v 34.656616 -1.991940 -14.043692
v 34.656616 -1.991941 -17.910299
v 42.243286 -1.000000 -14.043692
v 42.243286 1.000000 -14.043692
v 42.243286 -1.000001 -17.910299
v 42.243286 0.999999 -17.910299
v 42.243286 1.000000 -14.043692
v 42.243286 1.958876 -14.043692
v 42.243286 1.958875 -17.910299
v 42.243286 1.958876 -14.043692
v 42.243286 -1.991940 -14.043692
v 42.243286 -1.991941 -17.910299
v -35.929085 -0.999995 16.082863
v -35.929085 1.000005 16.082863
v -35.929085 -0.999996 12.216246
v -35.929085 1.000004 12.216246
v 40.413807 -0.999995 16.082863
v 40.413807 1.000005 16.082863
v 40.413807 -0.999996 12.216246
v 40.413807 1.000004 12.216246
v -30.187593 -0.999996 12.216246
v -30.187593 1.000004 12.216246
v -30.187593 -0.999995 16.082863
v -30.187593 1.000005 16.082863
v -35.929085 1.991945 16.082863
v -35.929085 1.991944 12.216246
v -30.187593 1.991944 12.216246
v -30.187593 1.991945 16.082863
v -35.929085 -1.991935 16.082863
v -35.929085 -1.991936 12.216246
v -30.187593 -1.991936 12.216246
v -30.187593 -1.991935 16.082863
v -37.758556 -0.999995 16.082863
v -37.758556 1.000005 16.082863
v -37.758556 -0.999996 12.216246
v -37.758556 1.000004 12.216246
v -37.758556 1.991945 16.082863
v -37.758556 1.991944 12.216246
v -37.758556 -1.991935 16.082863
v -37.758556 -1.991936 12.216246
v 34.656616 1.000004 12.216246
v 34.656616 -0.999995 16.082863
v 34.656616 -0.999996 12.216246
v 34.656616 1.000005 16.082863
v 40.413807 1.000005 16.082863
v 34.656616 1.000005 16.082863
v 40.413807 1.958880 16.082863
v 40.413807 1.958879 12.216246
v 34.656616 1.958879 12.216246
v 34.656616 1.958880 16.082863
v 40.413807 1.958880 16.082863
v 34.656616 1.958880 16.082863
v 40.413807 -1.991935 16.082863
v 40.413807 -1.991936 12.216246
v 34.656616 -1.991935 16.082863
v 34.656616 -1.991936 12.216246
v 42.243286 -0.999995 16.082863
v 42.243286 1.000005 16.082863
v 42.243286 -0.999996 12.216246
v 42.243286 1.000004 12.216246
v 42.243286 1.000005 16.082863
v 42.243286 1.958880 16.082863
v 42.243286 1.958879 12.216246
v 42.243286 1.958880 16.082863
v 42.243286 -1.991935 16.082863
v 42.243286 -1.991936 12.216246
vn -0.0000 -0.0000 1.0000
vn -0.0000 -0.0000 -1.0000
vn -0.0000 1.0000 -0.0000
vn 1.0000 -0.0000 -0.0000
vn -0.0000 -1.0000 -0.0000
vn -1.0000 -0.0000 -0.0000
vn -0.0000 -0.0000 -0.0000
vt 0.625000 1.000000
vt 0.625000 0.481147
vt 0.375000 0.500000
vt 0.375000 0.481147
vt 0.625000 0.750000
vt 0.625000 0.500000
vt 0.625000 0.981198
vt 0.375000 1.000000
vt 0.375000 0.981198
vt 0.856198 0.500000
vt 0.643853 0.750000
vt 0.643853 0.500000
vt 0.143802 0.750000
vt 0.143802 0.500000
vt 0.625000 0.768853
vt 0.375000 0.768853
vt 0.625000 0.250000
vt 0.375000 0.268802
vt 0.375000 0.250000
vt 0.875000 0.500000
vt 0.856198 0.750000
vt 0.625000 0.268802
vt 0.125000 0.750000
vt 0.125000 0.500000
vt 0.625000 0.000000
vt 0.375000 0.000000
vt 0.875000 0.750000
vt 0.375000 0.750000
vt 0.000000 0.000000
vt 0.356147 0.500000
vt 0.356147 0.750000
s 1
g off
g base_silver
f 1053/175/185 1062/175/185 1042/175/185
f 1069/176/186 1047/177/186 1071/178/186
s 2
f 1075/179/187 1091/180/187 1076/180/187
s 1
f 1052/181/185 1041/182/185 1051/183/185
f 1047/177/186 1094/177/186 1082/177/186
f 1041/182/185 1067/182/185 1057/182/185
s 4
g base_wooden
f 1050/184/187 1072/185/187 1069/186/187
s 2
g base_silver
f 1051/187/188 1059/188/188 1049/188/188
s 1
g base_wooden
f 1072/189/185 1051/183/185 1070/190/185
g base_silver
f 1044/191/186 1049/192/186 1043/193/186
s 2
f 1054/194/187 1056/195/187 1055/184/187
s 1
f 1044/191/186 1055/196/186 1050/196/186
f 1052/181/185 1053/175/185 1042/175/185
s 8
f 1050/184/188 1056/195/188 1052/195/188
s 4
f 1059/188/189 1057/197/189 1058/198/189
s 1
f 1049/192/186 1058/193/186 1043/193/186
s 4
f 1057/197/189 1068/198/189 1058/198/189
s 1
f 1041/182/185 1060/183/185 1051/183/185
s 8
f 1062/199/190 1063/193/190 1061/200/190
f 1062/199/190 1066/191/190 1064/191/190
f 1063/193/190 1067/200/190 1061/200/190
s 2
f 1054/194/187 1065/201/187 1053/201/187
s 1
f 1044/191/186 1066/191/186 1054/191/186
f 1043/193/186 1064/191/186 1044/191/186
f 1058/193/186 1063/193/186 1043/193/186
f 1042/175/185 1061/182/185 1041/182/185
s 8
f 1046/179/185 1070/190/185 1045/202/185
s 2
g base_wooden
f 1072/203/191 1080/203/191 1078/203/191
s 4
f 1071/204/189 1051/187/189 1049/188/189
s 1
f 1050/196/186 1071/178/186 1049/192/186
g base_silver
f 1048/180/186 1087/177/186 1047/177/186
s 2
f 1077/186/187 1075/179/187 1076/180/187
g base_wooden
f 1075/179/187 1080/189/191 1079/179/187
s 16
g base_silver
f 1072/185/190 1077/186/190 1069/186/190
s 8
f 1045/202/185 1086/179/185 1046/179/185
s 1
f 1069/176/186 1076/180/186 1048/180/186
f 1073/203/185 1080/203/185 1074/203/185
s 2
f 1082/177/189 1083/205/189 1084/204/189
s 16
f 1071/204/190 1083/205/190 1070/205/190
s 8
f 1070/190/185 1081/202/185 1045/202/185
s 1
f 1047/177/186 1084/178/186 1071/178/186
s 4
f 1088/180/188 1085/202/188 1087/177/188
f 1085/202/188 1094/177/188 1087/177/188
f 1088/180/188 1090/179/188 1086/179/188
s 2
g base_wooden
f 1089/203/191 1090/203/191 1092/203/191
s 4
g base_silver
f 1073/203/185 1092/203/185 1079/203/185
s 2
g base_wooden
f 1073/203/187 1086/203/191 1089/203/191
f 1075/179/187 1092/179/191 1090/179/191
g base_silver
f 1082/177/189 1093/202/189 1081/202/189
s 8
f 1081/202/185 1085/202/185 1045/202/185
s 1
f 1076/180/186 1088/180/186 1048/180/186
f 1107/175/185 1116/175/185 1096/175/185
f 1123/176/186 1101/177/186 1125/178/186
s 2
f 1129/179/187 1145/180/187 1130/180/187
s 1
f 1106/181/185 1095/182/185 1105/183/185
f 1101/177/186 1148/177/186 1136/177/186
f 1095/182/185 1121/182/185 1111/182/185
s 4
g base_wooden
f 1104/184/187 1126/185/187 1123/186/187
s 2
g base_silver
f 1105/187/188 1113/188/188 1103/188/188
s 1
g base_wooden
f 1126/189/185 1105/183/185 1124/190/185
g base_silver
f 1098/191/186 1103/192/186 1097/193/186
s 2
f 1108/194/187 1110/195/187 1109/184/187
s 1
f 1098/191/186 1109/196/186 1104/196/186
f 1106/181/185 1107/175/185 1096/175/185
s 8
f 1104/184/188 1110/195/188 1106/195/188
s 4
f 1113/188/189 1111/197/189 1112/198/189
s 1
f 1103/192/186 1112/193/186 1097/193/186
s 4
f 1111/197/189 1122/198/189 1112/198/189
s 1
f 1095/182/185 1114/183/185 1105/183/185
s 8
f 1116/199/190 1117/193/190 1115/200/190
f 1116/199/190 1120/191/190 1118/191/190
f 1117/193/190 1121/200/190 1115/200/190
s 2
f 1108/194/187 1119/201/187 1107/201/187
s 1
f 1098/191/186 1120/191/186 1108/191/186
f 1097/193/186 1118/191/186 1098/191/186
f 1112/193/186 1117/193/186 1097/193/186
f 1096/175/185 1115/182/185 1095/182/185
s 8
f 1100/179/185 1124/190/185 1099/202/185
s 2
g base_wooden
f 1126/203/191 1134/203/191 1132/203/191
s 4
f 1125/204/189 1105/187/189 1103/188/189
s 1
f 1104/196/186 1125/178/186 1103/192/186
g base_silver
f 1102/180/186 1141/177/186 1101/177/186
s 2
f 1131/186/187 1129/179/187 1130/180/187
g base_wooden
f 1129/179/187 1134/189/191 1133/179/187
s 16
g base_silver
f 1126/185/190 1131/186/190 1123/186/190
s 8
f 1099/202/185 1140/179/185 1100/179/185
s 1
f 1123/176/186 1130/180/186 1102/180/186
f 1127/203/185 1134/203/185 1128/203/185
s 2
f 1136/177/189 1137/205/189 1138/204/189
s 16
f 1125/204/190 1137/205/190 1124/205/190
s 8
f 1124/190/185 1135/202/185 1099/202/185
s 1
f 1101/177/186 1138/178/186 1125/178/186
s 4
f 1142/180/188 1139/202/188 1141/177/188
f 1139/202/188 1148/177/188 1141/177/188
f 1142/180/188 1144/179/188 1140/179/188
s 2
g base_wooden
f 1143/203/191 1144/203/191 1146/203/191
s 4
g base_silver
f 1127/203/185 1146/203/185 1133/203/185
s 2
g base_wooden
f 1127/203/187 1140/203/191 1143/203/191
f 1129/179/187 1146/179/191 1144/179/191
g base_silver
f 1136/177/189 1147/202/189 1135/202/189
s 8
f 1135/202/185 1139/202/185 1099/202/185
s 1
f 1130/180/186 1142/180/186 1102/180/186
f 1053/175/185 1065/175/185 1062/175/185
f 1069/176/186 1048/180/186 1047/177/186
s 2
f 1075/179/187 1090/179/191 1091/180/187
s 1
f 1052/181/185 1042/175/185 1041/182/185
f 1047/177/186 1087/177/186 1094/177/186
f 1041/182/185 1061/182/185 1067/182/185
s 4
g base_wooden
f 1050/184/187 1052/195/187 1072/185/187
s 2
g base_silver
f 1051/187/188 1060/187/188 1059/188/188
s 1
g base_wooden
f 1072/189/185 1052/181/185 1051/183/185
g base_silver
f 1044/191/186 1050/196/186 1049/192/186
s 2
f 1054/194/187 1053/201/187 1056/195/187
s 1
f 1044/191/186 1054/191/186 1055/196/186
f 1052/181/185 1056/181/185 1053/175/185
s 8
f 1050/184/188 1055/184/188 1056/195/188
s 4
f 1059/188/189 1060/187/189 1057/197/189
s 1
f 1049/192/186 1059/192/186 1058/193/186
s 4
f 1057/197/189 1067/197/189 1068/198/189
s 1
f 1041/182/185 1057/182/185 1060/183/185
s 8
f 1062/199/190 1064/191/190 1063/193/190
f 1062/199/190 1065/199/190 1066/191/190
f 1063/193/190 1068/193/190 1067/200/190
s 2
f 1054/194/187 1066/194/187 1065/201/187
s 1
f 1044/191/186 1064/191/186 1066/191/186
f 1043/193/186 1063/193/186 1064/191/186
f 1058/193/186 1068/193/186 1063/193/186
f 1042/175/185 1062/175/185 1061/182/185
s 8
f 1046/179/185 1072/189/185 1070/190/185
s 2
g base_wooden
f 1072/203/191 1074/203/191 1080/203/191
s 4
f 1071/204/189 1070/205/189 1051/187/189
s 1
f 1050/196/186 1069/176/186 1071/178/186
g base_silver
f 1048/180/186 1088/180/186 1087/177/186
s 2
f 1077/186/187 1078/185/191 1075/179/187
g base_wooden
f 1075/179/187 1078/189/191 1080/189/191
s 16
g base_silver
f 1072/185/190 1078/185/190 1077/186/190
s 8
f 1045/202/185 1085/202/185 1086/179/185
s 1
f 1069/176/186 1077/176/186 1076/180/186
f 1073/203/185 1079/203/185 1080/203/185
s 2
f 1082/177/189 1081/202/189 1083/205/189
s 16
f 1071/204/190 1084/204/190 1083/205/190
s 8
f 1070/190/185 1083/190/185 1081/202/185
s 1
f 1047/177/186 1082/177/186 1084/178/186
s 4
f 1088/180/188 1086/179/188 1085/202/188
f 1085/202/188 1093/202/188 1094/177/188
f 1088/180/188 1091/180/188 1090/179/188
s 2
g base_wooden
f 1089/203/191 1086/203/191 1090/203/191
s 4
g base_silver
f 1073/203/185 1089/203/185 1092/203/185
s 2
g base_wooden
f 1073/203/187 1046/203/187 1086/203/191
f 1075/179/187 1079/179/187 1092/179/191
g base_silver
f 1082/177/189 1094/177/189 1093/202/189
s 8
f 1081/202/185 1093/202/185 1085/202/185
s 1
f 1076/180/186 1091/180/186 1088/180/186
f 1107/175/185 1119/175/185 1116/175/185
f 1123/176/186 1102/180/186 1101/177/186
s 2
f 1129/179/187 1144/179/191 1145/180/187
s 1
f 1106/181/185 1096/175/185 1095/182/185
f 1101/177/186 1141/177/186 1148/177/186
f 1095/182/185 1115/182/185 1121/182/185
s 4
g base_wooden
f 1104/184/187 1106/195/187 1126/185/187
s 2
g base_silver
f 1105/187/188 1114/187/188 1113/188/188
s 1
g base_wooden
f 1126/189/185 1106/181/185 1105/183/185
g base_silver
f 1098/191/186 1104/196/186 1103/192/186
s 2
f 1108/194/187 1107/201/187 1110/195/187
s 1
f 1098/191/186 1108/191/186 1109/196/186
f 1106/181/185 1110/181/185 1107/175/185
s 8
f 1104/184/188 1109/184/188 1110/195/188
s 4
f 1113/188/189 1114/187/189 1111/197/189
s 1
f 1103/192/186 1113/192/186 1112/193/186
s 4
f 1111/197/189 1121/197/189 1122/198/189
s 1
f 1095/182/185 1111/182/185 1114/183/185
s 8
f 1116/199/190 1118/191/190 1117/193/190
f 1116/199/190 1119/199/190 1120/191/190
f 1117/193/190 1122/193/190 1121/200/190
s 2
f 1108/194/187 1120/194/187 1119/201/187
s 1
f 1098/191/186 1118/191/186 1120/191/186
f 1097/193/186 1117/193/186 1118/191/186
f 1112/193/186 1122/193/186 1117/193/186
f 1096/175/185 1116/175/185 1115/182/185
s 8
f 1100/179/185 1126/189/185 1124/190/185
s 2
g base_wooden
f 1126/203/191 1128/203/191 1134/203/191
s 4
f 1125/204/189 1124/205/189 1105/187/189
s 1
f 1104/196/186 1123/176/186 1125/178/186
g base_silver
f 1102/180/186 1142/180/186 1141/177/186
s 2
f 1131/186/187 1132/185/191 1129/179/187
g base_wooden
f 1129/179/187 1132/189/191 1134/189/191
s 16
g base_silver
f 1126/185/190 1132/185/190 1131/186/190
s 8
f 1099/202/185 1139/202/185 1140/179/185
s 1
f 1123/176/186 1131/176/186 1130/180/186
f 1127/203/185 1133/203/185 1134/203/185
s 2
f 1136/177/189 1135/202/189 1137/205/189
s 16
f 1125/204/190 1138/204/190 1137/205/190
s 8
f 1124/190/185 1137/190/185 1135/202/185
s 1
f 1101/177/186 1136/177/186 1138/178/186
s 4
f 1142/180/188 1140/179/188 1139/202/188
f 1139/202/188 1147/202/188 1148/177/188
f 1142/180/188 1145/180/188 1144/179/188
s 2
g base_wooden
f 1143/203/191 1140/203/191 1144/203/191
s 4
g base_silver
f 1127/203/185 1143/203/185 1146/203/185
s 2
g base_wooden
f 1127/203/187 1100/203/187 1140/203/191
f 1129/179/187 1133/179/187 1146/179/191
g base_silver
f 1136/177/189 1148/177/189 1147/202/189
s 8
f 1135/202/185 1147/202/185 1139/202/185
s 1
f 1130/180/186 1145/180/186 1142/180/186
g axleTOP.001_Mesh
v 20.900700 0.034538 14.133175
v 20.900696 0.034538 -16.111425
v 20.917049 -0.121472 14.133175
v 20.917046 -0.121472 -16.111425
v 20.965477 -0.271488 14.133175
v 20.965473 -0.271488 -16.111425
v 21.044117 -0.409742 14.133175
v 21.044111 -0.409742 -16.111425
v 21.149946 -0.530924 14.133175
v 21.149940 -0.530924 -16.111425
v 21.278900 -0.630375 14.133175
v 21.278896 -0.630375 -16.111425
v 21.426025 -0.704274 14.133175
v 21.426020 -0.704274 -16.111425
v 21.585663 -0.749781 14.133175
v 21.585659 -0.749781 -16.111425
v 21.751682 -0.765146 14.133175
v 21.751678 -0.765146 -16.111425
v 21.917702 -0.749781 14.133175
v 21.917696 -0.749781 -16.111425
v 22.077339 -0.704274 14.133175
v 22.077335 -0.704274 -16.111425
v 22.224463 -0.630375 14.133175
v 22.224457 -0.630375 -16.111425
v 22.353416 -0.530924 14.133175
v 22.353413 -0.530924 -16.111425
v 22.459248 -0.409742 14.133175
v 22.459244 -0.409742 -16.111425
v 22.537888 -0.271488 14.133175
v 22.537884 -0.271488 -16.111425
v 22.586313 -0.121472 14.133175
v 22.586308 -0.121472 -16.111425
v 22.602665 0.034538 14.133175
v 22.602659 0.034538 -16.111425
v 22.586313 0.190549 14.133175
v 22.586308 0.190549 -16.111425
v 22.537888 0.340565 14.133175
v 22.537884 0.340565 -16.111425
v 22.459248 0.478820 14.133175
v 22.459244 0.478820 -16.111425
v 22.353416 0.600001 14.133175
v 22.353413 0.600001 -16.111425
v 22.224461 0.699452 14.133175
v 22.224457 0.699452 -16.111425
v 22.077339 0.773351 14.133175
v 22.077333 0.773351 -16.111425
v 21.917700 0.818857 14.133175
v 21.917694 0.818857 -16.111425
v 21.751682 0.834224 14.133175
v 21.751677 0.834224 -16.111425
v 21.585663 0.818857 14.133175
v 21.585659 0.818857 -16.111425
v 21.426025 0.773350 14.133175
v 21.426020 0.773350 -16.111425
v 21.278900 0.699451 14.133175
v 21.278896 0.699451 -16.111425
v 21.149946 0.600000 14.133175
v 21.149940 0.600000 -16.111425
v 21.044115 0.478818 14.133175
v 21.044109 0.478818 -16.111425
v 20.965477 0.340564 14.133175
v 20.965471 0.340564 -16.111425
v 20.917049 0.190548 14.133175
v 20.917046 0.190548 -16.111425
v 20.900696 0.034538 -9.913761
v 20.917046 -0.121472 -9.913761
v 20.965473 -0.271488 -9.913761
v 21.044113 -0.409742 -9.913761
v 21.149942 -0.530924 -9.913761
v 21.278896 -0.630375 -9.913761
v 21.426022 -0.704274 -9.913761
v 21.585659 -0.749781 -9.913761
v 21.751678 -0.765146 -9.913761
v 21.917698 -0.749781 -9.913761
v 22.077335 -0.704274 -9.913761
v 22.224459 -0.630375 -9.913762
v 22.353413 -0.530924 -9.913762
v 22.459244 -0.409742 -9.913762
v 22.537884 -0.271488 -9.913762
v 22.586309 -0.121472 -9.913762
v 22.602661 0.034538 -9.913762
v 22.586309 0.190549 -9.913762
v 22.537884 0.340565 -9.913762
v 22.459244 0.478820 -9.913762
v 22.353413 0.600001 -9.913762
v 22.224457 0.699452 -9.913762
v 22.077335 0.773351 -9.913761
v 21.917696 0.818857 -9.913761
v 21.751678 0.834224 -9.913761
v 21.585659 0.818857 -9.913761
v 21.426022 0.773350 -9.913761
v 21.278896 0.699451 -9.913761
v 21.149942 0.600000 -9.913761
v 21.044111 0.478818 -9.913761
v 20.965473 0.340564 -9.913761
v 20.917046 0.190548 -9.913761
v 20.917049 -0.121472 8.039088
v 20.965477 -0.271488 8.039088
v 21.044115 -0.409742 8.039088
v 21.149944 -0.530924 8.039088
v 21.278900 -0.630375 8.039088
v 21.426023 -0.704274 8.039088
v 21.585663 -0.749781 8.039088
v 21.751682 -0.765146 8.039088
v 21.917700 -0.749781 8.039088
v 22.077339 -0.704274 8.039088
v 22.224461 -0.630375 8.039088
v 22.353416 -0.530924 8.039088
v 22.459248 -0.409742 8.039088
v 22.537888 -0.271488 8.039088
v 22.586311 -0.121472 8.039088
v 22.602663 0.034538 8.039088
v 22.586311 0.190549 8.039088
v 22.537888 0.340565 8.039088
v 22.459248 0.478820 8.039088
v 22.353416 0.600001 8.039088
v 22.224461 0.699452 8.039088
v 22.077337 0.773351 8.039088
v 21.917698 0.818857 8.039088
v 21.751680 0.834224 8.039088
v 21.585663 0.818857 8.039088
v 21.426023 0.773350 8.039088
v 21.278900 0.699451 8.039088
v 21.149944 0.600000 8.039088
v 21.044113 0.478818 8.039088
v 20.965475 0.340564 8.039088
v 20.917049 0.190548 8.039088
v 20.900700 0.034538 8.039088
v 20.731930 0.034538 -11.693956
v 20.751524 -0.152412 -11.693956
v 20.809553 -0.332178 -11.693956
v 20.903790 -0.497852 -11.693956
v 21.030607 -0.643066 -11.693956
v 21.185135 -0.762239 -11.693956
v 21.361437 -0.850794 -11.693956
v 21.552734 -0.905326 -11.693956
v 21.751678 -0.923739 -11.693956
v 21.950621 -0.905326 -11.693956
v 22.141918 -0.850794 -11.693957
v 22.318220 -0.762239 -11.693957
v 22.472750 -0.643066 -11.693957
v 22.599567 -0.497852 -11.693957
v 22.693802 -0.332178 -11.693957
v 22.751833 -0.152411 -11.693957
v 22.771427 0.034538 -11.693957
v 22.751833 0.221490 -11.693957
v 22.693802 0.401256 -11.693957
v 22.599567 0.566930 -11.693957
v 22.472748 0.712144 -11.693957
v 22.318218 0.831318 -11.693957
v 22.141918 0.919872 -11.693957
v 21.950621 0.974403 -11.693956
v 21.751678 0.992816 -11.693956
v 21.552734 0.974403 -11.693956
v 21.361435 0.919871 -11.693956
v 21.185135 0.831317 -11.693956
v 21.030605 0.712142 -11.693956
v 20.903788 0.566928 -11.693956
v 20.809551 0.401255 -11.693956
v 20.751524 0.221488 -11.693956
v 20.751526 -0.152412 9.819287
v 20.809555 -0.332178 9.819287
v 20.903791 -0.497852 9.819287
v 21.030609 -0.643066 9.819287
v 21.185139 -0.762239 9.819287
v 21.361439 -0.850794 9.819287
v 21.552738 -0.905326 9.819287
v 21.751682 -0.923739 9.819287
v 21.950623 -0.905326 9.819287
v 22.141922 -0.850794 9.819287
v 22.318222 -0.762239 9.819287
v 22.472752 -0.643066 9.819287
v 22.599571 -0.497852 9.819287
v 22.693806 -0.332178 9.819287
v 22.751835 -0.152411 9.819287
v 22.771431 0.034538 9.819287
v 22.751835 0.221490 9.819287
v 22.693806 0.401256 9.819287
v 22.599571 0.566930 9.819287
v 22.472752 0.712144 9.819287
v 22.318222 0.831318 9.819287
v 22.141922 0.919872 9.819287
v 21.950623 0.974403 9.819287
v 21.751680 0.992816 9.819287
v 21.552738 0.974403 9.819287
v 21.361439 0.919871 9.819287
v 21.185139 0.831317 9.819287
v 21.030609 0.712142 9.819287
v 20.903790 0.566928 9.819287
v 20.809555 0.401255 9.819287
v 20.751526 0.221488 9.819287
v 20.731934 0.034538 9.819287
vn -0.9986 -0.0000 -0.0529
vn -0.9724 -0.2058 -0.1102
vn -0.9939 -0.0000 -0.1105
vn -0.9770 -0.2068 -0.0528
vn -0.9095 -0.4009 -0.1095
vn -0.9138 -0.4028 -0.0524
vn -0.8102 -0.5761 -0.1084
vn -0.8139 -0.5787 -0.0519
vn -0.6809 -0.7245 -0.1071
vn -0.6839 -0.7278 -0.0513
vn -0.5288 -0.8421 -0.1058
vn -0.5311 -0.8458 -0.0507
vn -0.3607 -0.9268 -0.1048
vn -0.3623 -0.9307 -0.0502
vn -0.1827 -0.9776 -0.1042
vn -0.1835 -0.9818 -0.0499
vn -0.0000 -0.9946 -0.1039
vn -0.0000 -0.9988 -0.0498
vn 0.1827 -0.9776 -0.1041
vn 0.1835 -0.9818 -0.0499
vn 0.3607 -0.9268 -0.1048
vn 0.3623 -0.9307 -0.0502
vn 0.5288 -0.8421 -0.1058
vn 0.5311 -0.8458 -0.0507
vn 0.6809 -0.7245 -0.1071
vn 0.6839 -0.7278 -0.0513
vn 0.8102 -0.5761 -0.1084
vn 0.8139 -0.5787 -0.0519
vn 0.9096 -0.4009 -0.1095
vn 0.9138 -0.4028 -0.0524
vn 0.9724 -0.2058 -0.1102
vn 0.9770 -0.2068 -0.0528
vn 0.9939 -0.0000 -0.1105
vn 0.9986 -0.0000 -0.0529
vn 0.9724 0.2058 -0.1102
vn 0.9770 0.2068 -0.0528
vn 0.9095 0.4009 -0.1095
vn 0.9138 0.4028 -0.0524
vn 0.8102 0.5761 -0.1084
vn 0.8139 0.5787 -0.0519
vn 0.6809 0.7245 -0.1071
vn 0.6839 0.7278 -0.0513
vn 0.5288 0.8421 -0.1058
vn 0.5311 0.8458 -0.0507
vn 0.3607 0.9268 -0.1048
vn 0.3623 0.9307 -0.0502
vn 0.1827 0.9776 -0.1042
vn 0.1835 0.9818 -0.0499
vn -0.0000 0.9946 -0.1039
vn -0.0000 0.9988 -0.0498
vn -0.1828 0.9776 -0.1042
vn -0.1835 0.9818 -0.0499
vn -0.3607 0.9268 -0.1048
vn -0.3623 0.9307 -0.0502
vn -0.5288 0.8421 -0.1058
vn -0.5311 0.8458 -0.0507
vn -0.6809 0.7245 -0.1071
vn -0.6839 0.7278 -0.0513
vn -0.8102 0.5761 -0.1084
vn -0.8139 0.5787 -0.0519
vn -0.9096 0.4009 -0.1095
vn -0.9138 0.4028 -0.0524
vn -0.9724 0.2058 -0.1102
vn -0.9770 0.2068 -0.0528
vn 0.9770 -0.2068 0.0528
vn 0.1835 0.9818 0.0499
vn -0.9770 0.2068 0.0528
vn 0.3607 0.9268 0.1048
vn 0.5317 0.8468 -0.0131
vn 0.3627 0.9318 -0.0130
vn -0.3567 0.9169 -0.1789
vn -0.1806 0.9673 -0.1780
vn 0.6809 0.7245 0.1071
vn 0.5288 0.8421 0.1058
vn -0.5229 0.8331 -0.1805
vn -0.9821 0.0002 -0.1883
vn 0.8149 0.5795 -0.0134
vn 0.6847 0.7287 -0.0133
vn -0.9609 -0.2032 -0.1880
vn 0.8102 0.5761 0.1084
vn 0.9150 0.4033 -0.0136
vn -0.8008 0.5697 -0.1848
vn -0.6731 0.7166 -0.1828
vn -0.8990 -0.3961 -0.1867
vn 0.9095 0.4009 0.1095
vn 0.9782 0.2071 -0.0137
vn -0.8989 0.3964 -0.1867
vn -0.8011 -0.5694 -0.1848
vn 0.9724 0.2058 0.1102
vn 0.9999 0.0001 -0.0137
vn -0.9608 0.2036 -0.1880
vn -0.6734 -0.7163 -0.1827
vn 0.9939 -0.0000 0.1105
vn 0.9782 -0.2070 -0.0137
vn -0.5232 -0.8329 -0.1806
vn 0.9095 -0.4009 0.1095
vn 0.9724 -0.2058 0.1102
vn -0.1810 -0.9673 -0.1778
vn -0.3570 -0.9168 -0.1791
vn 0.8102 -0.5761 0.1084
vn 0.9150 -0.4033 -0.0136
vn -0.0002 -0.9841 -0.1774
vn 0.6848 -0.7286 -0.0133
vn 0.8149 -0.5794 -0.0134
vn 0.1807 -0.9674 -0.1777
vn 0.5288 -0.8421 0.1058
vn 0.6809 -0.7246 0.1071
vn 0.3627 -0.9318 -0.0130
vn 0.5318 -0.8468 -0.0131
vn 0.5229 -0.8331 -0.1806
vn 0.3567 -0.9169 -0.1791
vn 0.1827 -0.9776 0.1042
vn 0.3607 -0.9268 0.1048
vn 0.6732 -0.7166 -0.1827
vn -0.9939 -0.0000 0.1105
vn -0.9770 -0.2068 0.0528
vn -0.9986 -0.0000 0.0529
vn -0.9724 -0.2058 0.1102
vn -0.9138 -0.4028 0.0524
vn -0.9096 -0.4009 0.1095
vn -0.8139 -0.5787 0.0519
vn -0.8102 -0.5761 0.1084
vn -0.6839 -0.7278 0.0513
vn -0.6809 -0.7245 0.1071
vn -0.5311 -0.8458 0.0507
vn -0.5288 -0.8421 0.1058
vn -0.3623 -0.9307 0.0502
vn -0.3607 -0.9268 0.1048
vn -0.1835 -0.9818 0.0499
vn -0.1828 -0.9776 0.1042
vn -0.0000 -0.9988 0.0498
vn -0.0000 -0.9946 0.1039
vn 0.1835 -0.9818 0.0499
vn 0.3623 -0.9307 0.0502
vn 0.5311 -0.8458 0.0507
vn 0.6839 -0.7278 0.0513
vn 0.8139 -0.5787 0.0519
vn 0.9138 -0.4028 0.0524
vn 0.9986 -0.0000 0.0529
vn 0.9770 0.2068 0.0528
vn 0.9138 0.4028 0.0524
vn 0.8139 0.5787 0.0519
vn 0.6839 0.7278 0.0513
vn 0.5311 0.8458 0.0507
vn 0.3623 0.9307 0.0502
vn 0.1828 0.9776 0.1042
vn -0.0000 0.9988 0.0498
vn -0.0000 0.9946 0.1039
vn -0.1835 0.9818 0.0499
vn -0.1827 0.9776 0.1042
vn -0.3623 0.9307 0.0502
vn -0.3607 0.9268 0.1048
vn -0.5311 0.8458 0.0507
vn -0.5288 0.8421 0.1058
vn -0.6839 0.7278 0.0513
vn -0.6809 0.7245 0.1071
vn -0.8139 0.5787 0.0519
vn -0.8102 0.5761 0.1083
vn -0.9138 0.4028 0.0524
vn -0.9095 0.4009 0.1095
vn -0.9724 0.2058 0.1102
vn -0.9621 0.2035 -0.1818
vn -0.9999 -0.0000 -0.0136
vn -0.9782 0.2071 -0.0135
vn -0.9001 0.3966 -0.1806
vn -0.9150 0.4033 -0.0135
vn -0.8019 0.5700 -0.1788
vn -0.8149 0.5794 -0.0133
vn -0.6739 0.7174 -0.1767
vn -0.6847 0.7287 -0.0132
vn -0.5235 0.8339 -0.1747
vn -0.5317 0.8468 -0.0130
vn -0.3571 0.9179 -0.1730
vn -0.3627 0.9318 -0.0129
vn -0.1809 0.9684 -0.1720
vn -0.1837 0.9829 -0.0128
vn 0.0002 0.9852 -0.1716
vn -0.0000 0.9999 -0.0128
vn 0.1809 0.9684 -0.1720
vn 0.1837 0.9829 -0.0128
vn 0.3571 0.9179 -0.1730
vn 0.3627 0.9318 -0.0129
vn 0.5235 0.8340 -0.1747
vn 0.5317 0.8468 -0.0130
vn 0.6741 0.7172 -0.1767
vn 0.6848 0.7287 -0.0132
vn 0.8019 0.5700 -0.1788
vn 0.8149 0.5794 -0.0133
vn 0.8998 0.3972 -0.1806
vn 0.9150 0.4033 -0.0135
vn 0.9621 0.2035 -0.1818
vn 0.9782 0.2071 -0.0136
vn 0.9833 -0.0002 -0.1823
vn 0.9999 -0.0000 -0.0136
vn 0.9621 -0.2035 -0.1818
vn 0.9782 -0.2071 -0.0136
vn 0.9001 -0.3966 -0.1806
vn 0.9150 -0.4033 -0.0135
vn 0.8015 -0.5707 -0.1788
vn 0.8149 -0.5795 -0.0133
vn 0.6739 -0.7174 -0.1767
vn 0.6847 -0.7287 -0.0132
vn 0.5235 -0.8340 -0.1747
vn 0.5317 -0.8468 -0.0130
vn 0.3577 -0.9177 -0.1731
vn 0.3627 -0.9318 -0.0129
vn 0.1803 -0.9685 -0.1720
vn 0.1837 -0.9829 -0.0128
vn -0.0001 -0.9852 -0.1716
vn -0.0000 -0.9999 -0.0128
vn -0.1809 -0.9684 -0.1720
vn -0.1837 -0.9829 -0.0128
vn -0.3571 -0.9179 -0.1730
vn -0.3627 -0.9318 -0.0129
vn -0.5235 -0.8339 -0.1747
vn -0.5317 -0.8468 -0.0130
vn -0.6741 -0.7172 -0.1767
vn -0.6847 -0.7287 -0.0132
vn -0.8024 -0.5694 -0.1788
vn -0.8150 -0.5794 -0.0133
vn -0.9001 -0.3966 -0.1806
vn -0.9150 -0.4033 -0.0135
vn -0.9621 -0.2035 -0.1818
vn -0.9782 -0.2071 -0.0135
vn -0.9833 0.0002 -0.1823
vn 0.0002 0.9842 -0.1773
vn 0.1837 0.9829 -0.0129
vn 0.1810 0.9673 -0.1778
vn -0.0000 0.9999 -0.0129
vn 0.3570 0.9168 -0.1791
vn -0.1838 0.9829 -0.0129
vn 0.5232 0.8329 -0.1805
vn -0.3627 0.9318 -0.0130
vn 0.6734 0.7163 -0.1829
vn -0.5318 0.8468 -0.0131
vn -0.9999 -0.0001 -0.0137
vn -0.9782 -0.2071 -0.0137
vn 0.8011 0.5694 -0.1848
vn -0.6848 0.7286 -0.0133
vn -0.9150 -0.4033 -0.0136
vn 0.8990 0.3961 -0.1867
vn -0.8149 0.5794 -0.0135
vn -0.8149 -0.5795 -0.0134
vn 0.9609 0.2032 -0.1880
vn -0.9150 0.4033 -0.0136
vn -0.6847 -0.7287 -0.0133
vn 0.9821 -0.0002 -0.1884
vn -0.9782 0.2070 -0.0137
vn -0.5317 -0.8468 -0.0131
vn 0.9608 -0.2036 -0.1880
vn -0.3627 -0.9318 -0.0130
vn 0.8989 -0.3964 -0.1865
vn -0.1837 -0.9829 -0.0129
vn 0.8008 -0.5697 -0.1848
vn -0.0000 -0.9999 -0.0129
vn 0.1838 -0.9829 -0.0129
vn 0.9782 0.2070 -0.0137
vn 0.1837 -0.9829 -0.0129
vn -0.9782 -0.2070 -0.0137
vn 0.9820 -0.0001 -0.1887
vn -0.0001 -0.9841 -0.1777
vn -0.9820 0.0001 -0.1887
vn -0.9999 0.0001 -0.0137
vn -0.9782 0.2071 -0.0137
vn -0.9149 0.4034 -0.0136
vn -0.8149 0.5795 -0.0134
vn -0.6847 0.7287 -0.0133
vn -0.5317 0.8469 -0.0131
vn -0.3626 0.9318 -0.0130
vn -0.1837 0.9829 -0.0129
vn 0.0001 0.9999 -0.0129
vn 0.1838 0.9829 -0.0129
vn 0.3628 0.9318 -0.0130
vn 0.5318 0.8468 -0.0131
vn 0.6848 0.7286 -0.0133
vn 0.8150 0.5794 -0.0134
vn 0.9150 0.4032 -0.0136
vn 0.9999 -0.0001 -0.0137
vn 0.9782 -0.2071 -0.0137
vn 0.9149 -0.4034 -0.0136
vn 0.8149 -0.5795 -0.0134
vn 0.6847 -0.7287 -0.0133
vn 0.5317 -0.8469 -0.0131
vn 0.3626 -0.9318 -0.0130
vn -0.0001 -0.9999 -0.0129
vn -0.1838 -0.9829 -0.0129
vn -0.3628 -0.9318 -0.0130
vn -0.5318 -0.8468 -0.0131
vn -0.6848 -0.7286 -0.0133
vn -0.8150 -0.5794 -0.0134
vn -0.9150 -0.4032 -0.0136
vn -0.9608 0.2035 -0.1882
vn -0.8989 0.3962 -0.1869
vn -0.8009 0.5695 -0.1851
vn -0.6732 0.7165 -0.1829
vn -0.5229 0.8330 -0.1808
vn -0.3568 0.9168 -0.1792
vn -0.1807 0.9673 -0.1780
vn 0.0001 0.9841 -0.1777
vn 0.1809 0.9673 -0.1780
vn 0.3568 0.9168 -0.1792
vn 0.5231 0.8329 -0.1808
vn 0.6733 0.7164 -0.1829
vn 0.8009 0.5694 -0.1851
vn 0.8990 0.3962 -0.1869
vn 0.9609 0.2033 -0.1882
vn 0.9608 -0.2035 -0.1882
vn 0.8989 -0.3962 -0.1869
vn 0.8009 -0.5695 -0.1851
vn 0.6732 -0.7165 -0.1829
vn 0.5229 -0.8330 -0.1808
vn 0.3568 -0.9168 -0.1792
vn 0.1807 -0.9673 -0.1780
vn -0.1809 -0.9673 -0.1780
vn -0.3568 -0.9168 -0.1792
vn -0.5231 -0.8329 -0.1808
vn -0.6733 -0.7164 -0.1829
vn -0.8009 -0.5694 -0.1851
vn -0.8990 -0.3962 -0.1869
vn -0.9609 -0.2033 -0.1882
vt 1.000000 1.000000
vt 0.968750 0.897541
vt 1.000000 0.897541
vt 0.968750 1.000000
vt 0.937500 0.897541
vt 0.937500 1.000000
vt 0.906250 0.897541
vt 0.906250 1.000000
vt 0.875000 0.897541
vt 0.875000 1.000000
vt 0.843750 0.897541
vt 0.843750 1.000000
vt 0.812500 0.897541
vt 0.812500 1.000000
vt 0.781250 0.897541
vt 0.781250 1.000000
vt 0.750000 0.897541
vt 0.750000 1.000000
vt 0.718750 0.897541
vt 0.718750 1.000000
vt 0.687500 0.897541
vt 0.687500 1.000000
vt 0.656250 0.897541
vt 0.656250 1.000000
vt 0.625000 0.897541
vt 0.625000 1.000000
vt 0.593750 0.897541
vt 0.593750 1.000000
vt 0.562500 0.897541
vt 0.562500 1.000000
vt 0.531250 0.897541
vt 0.531250 1.000000
vt 0.500000 0.897541
vt 0.500000 1.000000
vt 0.468750 0.897541
vt 0.468750 1.000000
vt 0.437500 0.897541
vt 0.437500 1.000000
vt 0.406250 0.897541
vt 0.406250 1.000000
vt 0.375000 0.897541
vt 0.375000 1.000000
vt 0.343750 0.897541
vt 0.343750 1.000000
vt 0.312500 0.897541
vt 0.312500 1.000000
vt 0.281250 0.897541
vt 0.281250 1.000000
vt 0.250000 0.897541
vt 0.250000 1.000000
vt 0.218750 0.897541
vt 0.218750 1.000000
vt 0.187500 0.897541
vt 0.187500 1.000000
vt 0.156250 0.897541
vt 0.156250 1.000000
vt 0.125000 0.897541
vt 0.125000 1.000000
vt 0.093750 0.897541
vt 0.093750 1.000000
vt 0.062500 0.897541
vt 0.158156 0.028269
vt 0.471731 0.158156
vt 0.341844 0.471731
vt 0.062500 1.000000
vt 0.031250 0.897541
vt 0.031250 1.000000
vt 0.000000 0.897541
vt 0.796822 0.014612
vt 0.514611 0.203179
vt 0.703179 0.485389
vt 0.312500 0.600747
vt 0.343750 0.600747
vt 0.375000 0.600747
vt 0.406250 0.600747
vt 0.437500 0.600747
vt 0.468750 0.600747
vt 0.500000 0.600747
vt 0.531250 0.600747
vt 0.562500 0.600747
vt 0.593750 0.600747
vt 0.625000 0.600747
vt 0.656250 0.600747
vt 0.687500 0.600747
vt 0.718750 0.600747
vt 1.000000 0.600747
vt 0.968750 0.500000
vt 1.000000 0.500000
vt 0.968750 0.600747
vt 0.937500 0.500000
vt 0.937500 0.600747
vt 0.906250 0.500000
vt 0.906250 0.600747
vt 0.875000 0.500000
vt 0.875000 0.600747
vt 0.843750 0.500000
vt 0.843750 0.600747
vt 0.812500 0.500000
vt 0.812500 0.600747
vt 0.781250 0.500000
vt 0.781250 0.600747
vt 0.750000 0.500000
vt 0.750000 0.600747
vt 0.718750 0.500000
vt 0.687500 0.500000
vt 0.656250 0.500000
vt 0.625000 0.500000
vt 0.593750 0.500000
vt 0.562500 0.500000
vt 0.531250 0.500000
vt 0.500000 0.500000
vt 0.468750 0.500000
vt 0.437500 0.500000
vt 0.406250 0.500000
vt 0.375000 0.500000
vt 0.343750 0.500000
vt 0.312500 0.500000
vt 0.281250 0.500000
vt 0.281250 0.600747
vt 0.250000 0.500000
vt 0.250000 0.600747
vt 0.218750 0.500000
vt 0.218750 0.600747
vt 0.187500 0.500000
vt 0.187500 0.600747
vt 0.156250 0.500000
vt 0.156250 0.600747
vt 0.125000 0.500000
vt 0.125000 0.600747
vt 0.093750 0.500000
vt 0.093750 0.600747
vt 0.062500 0.500000
vt 0.062500 0.600747
vt 0.031250 0.500000
vt 0.031250 0.600747
vt 0.000000 0.500000
vt 0.000000 0.600747
vt 0.000000 0.000000
vt 0.296822 0.485388
vt 0.250000 0.490000
vt 0.203179 0.485389
vt 0.158156 0.471731
vt 0.116663 0.449553
vt 0.080295 0.419706
vt 0.050447 0.383337
vt 0.028269 0.341844
vt 0.014612 0.296822
vt 0.010000 0.250000
vt 0.014611 0.203179
vt 0.028269 0.158156
vt 0.050447 0.116663
vt 0.080294 0.080294
vt 0.116663 0.050447
vt 0.203178 0.014612
vt 0.250000 0.010000
vt 0.296822 0.014612
vt 0.341844 0.028269
vt 0.383337 0.050447
vt 0.419706 0.080294
vt 0.449553 0.116663
vt 0.485388 0.203178
vt 0.490000 0.250000
vt 0.485388 0.296822
vt 0.471731 0.341844
vt 0.449553 0.383337
vt 0.419706 0.419706
vt 0.383337 0.449553
vt 0.000000 1.000000
vt 0.750000 0.490000
vt 0.796822 0.485388
vt 0.841844 0.471731
vt 0.883337 0.449553
vt 0.919706 0.419706
vt 0.949553 0.383337
vt 0.971731 0.341844
vt 0.985388 0.296822
vt 0.990000 0.250000
vt 0.985388 0.203178
vt 0.971731 0.158156
vt 0.949553 0.116663
vt 0.919706 0.080294
vt 0.883337 0.050447
vt 0.841844 0.028269
vt 0.750000 0.010000
vt 0.703178 0.014612
vt 0.658156 0.028269
vt 0.616663 0.050447
vt 0.580294 0.080294
vt 0.550447 0.116663
vt 0.528269 0.158156
vt 0.510000 0.250000
vt 0.514612 0.296822
vt 0.528269 0.341844
vt 0.550447 0.383337
vt 0.580295 0.419706
vt 0.616663 0.449553
vt 0.658156 0.471731
s 1
g off
g axleTOP.001_wooden
f 1150/206/192 1214/207/193 1213/208/194
f 1152/209/195 1215/210/196 1214/207/193
f 1154/211/197 1216/212/198 1215/210/196
f 1156/213/199 1217/214/200 1216/212/198
f 1158/215/201 1218/216/202 1217/214/200
f 1160/217/203 1219/218/204 1218/216/202
f 1162/219/205 1220/220/206 1219/218/204
f 1164/221/207 1221/222/208 1220/220/206
f 1166/223/209 1222/224/210 1221/222/208
f 1168/225/211 1223/226/212 1222/224/210
f 1170/227/213 1224/228/214 1223/226/212
f 1172/229/215 1225/230/216 1224/228/214
f 1174/231/217 1226/232/218 1225/230/216
f 1176/233/219 1227/234/220 1226/232/218
f 1178/235/221 1228/236/222 1227/234/220
f 1180/237/223 1229/238/224 1228/236/222
f 1182/239/225 1230/240/226 1229/238/224
f 1184/241/227 1231/242/228 1230/240/226
f 1186/243/229 1232/244/230 1231/242/228
f 1188/245/231 1233/246/232 1232/244/230
f 1190/247/233 1234/248/234 1233/246/232
f 1192/249/235 1235/250/236 1234/248/234
f 1194/251/237 1236/252/238 1235/250/236
f 1196/253/239 1237/254/240 1236/252/238
f 1198/255/241 1238/256/242 1237/254/240
f 1200/257/243 1239/258/244 1238/256/242
f 1202/259/245 1240/260/246 1239/258/244
f 1204/261/247 1241/262/248 1240/260/246
f 1206/263/249 1242/264/250 1241/262/248
f 1208/265/251 1243/266/252 1242/264/250
f 1186/267/229 1170/268/213 1154/269/197
f 1210/270/253 1244/271/254 1243/266/252
f 1212/272/255 1213/273/194 1244/271/254
f 1179/274/256 1195/275/257 1211/276/258
f 1266/277/259 1329/278/260 1330/277/261
f 1238/256/242 1303/258/262 1302/256/263
f 1264/279/264 1329/278/260 1265/278/265
f 1239/258/244 1304/260/266 1303/258/262
f 1214/207/193 1277/208/267 1213/208/194
f 1264/279/264 1327/280/268 1328/279/269
f 1241/262/248 1304/260/266 1240/260/246
f 1215/210/196 1278/207/270 1214/207/193
f 1263/280/271 1326/281/272 1327/280/268
f 1241/262/248 1306/264/273 1305/262/274
f 1216/212/198 1279/210/275 1215/210/196
f 1262/281/276 1325/282/277 1326/281/272
f 1242/264/250 1307/266/278 1306/264/273
f 1217/214/200 1280/212/279 1216/212/198
f 1261/282/280 1324/283/281 1325/282/277
f 1243/266/252 1308/271/282 1307/266/278
f 1218/216/202 1281/214/283 1217/214/200
f 1260/283/284 1323/284/285 1324/283/281
f 1244/271/254 1277/273/267 1308/271/282
f 1219/218/204 1282/216/286 1218/216/202
f 1258/285/287 1323/284/285 1259/284/288
f 1219/218/204 1284/220/289 1283/218/290
f 1257/286/291 1322/285/292 1258/285/287
f 1220/220/206 1285/222/293 1284/220/289
f 1257/286/291 1320/287/294 1321/286/295
f 1221/222/208 1286/224/296 1285/222/293
f 1255/288/297 1320/287/294 1256/287/298
f 1223/226/212 1286/224/296 1222/224/210
f 1255/288/297 1318/289/299 1319/288/300
f 1223/226/212 1288/228/301 1287/226/302
f 1253/290/303 1318/289/299 1254/289/304
f 1224/228/214 1289/230/305 1288/228/301
f 1276/291/306 1151/292/307 1149/293/308
f 1245/294/309 1153/295/310 1151/292/307
f 1246/296/311 1155/297/312 1153/295/310
f 1247/298/313 1157/299/314 1155/297/312
f 1248/300/315 1159/301/316 1157/299/314
f 1249/302/317 1161/303/318 1159/301/316
f 1250/304/319 1163/305/320 1161/303/318
f 1251/306/321 1165/307/322 1163/305/320
f 1252/308/323 1167/309/324 1165/307/322
f 1253/290/303 1169/310/325 1167/309/324
f 1254/289/304 1171/311/326 1169/310/325
f 1255/288/297 1173/312/327 1171/311/326
f 1256/287/298 1175/313/328 1173/312/327
f 1257/286/291 1177/314/329 1175/313/328
f 1258/285/287 1179/315/256 1177/314/329
f 1259/284/288 1181/316/330 1179/315/256
f 1260/283/284 1183/317/331 1181/316/330
f 1261/282/280 1185/318/332 1183/317/331
f 1262/281/276 1187/319/333 1185/318/332
f 1263/280/271 1189/320/334 1187/319/333
f 1264/279/264 1191/321/335 1189/320/334
f 1265/278/265 1193/322/336 1191/321/335
f 1266/277/259 1195/323/257 1193/322/336
f 1267/324/337 1197/325/338 1195/323/257
f 1268/326/339 1199/327/340 1197/325/338
f 1269/328/341 1201/329/342 1199/327/340
f 1270/330/343 1203/331/344 1201/329/342
f 1271/332/345 1205/333/346 1203/331/344
f 1272/334/347 1207/335/348 1205/333/346
f 1273/336/349 1209/337/350 1207/335/348
f 1274/338/351 1211/339/258 1209/337/350
f 1275/340/352 1149/341/308 1211/339/258
s 2
g axleTOP.001_black
f 1308/271/353 1340/342/354 1339/340/355
f 1307/266/356 1339/340/355 1338/338/357
f 1306/264/358 1338/338/357 1337/336/359
f 1305/262/360 1337/336/359 1336/334/361
f 1304/260/362 1336/334/361 1335/332/363
f 1303/258/364 1335/332/363 1334/330/365
f 1302/256/366 1334/330/365 1333/328/367
f 1301/254/368 1333/328/367 1332/326/369
f 1300/252/370 1332/326/369 1331/324/371
f 1299/250/372 1331/324/371 1330/277/373
f 1298/248/374 1330/277/373 1329/278/375
f 1297/246/376 1329/278/375 1328/279/377
f 1296/244/378 1328/279/377 1327/280/379
f 1295/242/380 1327/280/379 1326/281/381
f 1294/240/382 1326/281/381 1325/282/383
f 1293/238/384 1325/282/383 1324/283/385
f 1292/236/386 1324/283/385 1323/284/387
f 1291/234/388 1323/284/387 1322/285/389
f 1290/232/390 1322/285/389 1321/286/391
f 1289/230/392 1321/286/391 1320/287/393
f 1288/228/394 1320/287/393 1319/288/395
f 1287/226/396 1319/288/395 1318/289/397
f 1286/224/398 1318/289/397 1317/290/399
f 1285/222/400 1317/290/399 1316/308/401
f 1284/220/402 1316/308/401 1315/306/403
f 1283/218/404 1315/306/403 1314/304/405
f 1282/216/406 1314/304/405 1313/302/407
f 1281/214/408 1313/302/407 1312/300/409
f 1280/212/410 1312/300/409 1311/298/411
f 1279/210/412 1311/298/411 1310/296/413
f 1278/207/414 1310/296/413 1309/294/415
f 1277/208/416 1309/294/415 1340/291/354
s 1
g axleTOP.001_wooden
f 1238/256/242 1301/254/417 1237/254/240
f 1266/277/259 1331/324/418 1267/324/337
f 1236/252/238 1301/254/417 1300/252/419
f 1267/324/337 1332/326/420 1268/326/339
f 1235/250/236 1300/252/419 1299/250/421
f 1269/328/341 1332/326/420 1333/328/422
f 1235/250/236 1298/248/423 1234/248/234
f 1269/328/341 1334/330/424 1270/330/343
f 1233/246/232 1298/248/423 1297/246/425
f 1270/330/343 1335/332/426 1271/332/345
f 1245/294/309 1340/291/427 1309/294/428
f 1233/246/232 1296/244/429 1232/244/230
f 1271/332/345 1336/334/430 1272/334/347
f 1246/296/311 1309/294/428 1310/296/431
f 1232/244/230 1295/242/432 1231/242/228
f 1272/334/347 1337/336/433 1273/336/349
f 1246/296/311 1311/298/434 1247/298/313
f 1231/242/228 1294/240/435 1230/240/226
f 1274/338/351 1337/336/433 1338/338/436
f 1247/298/313 1312/300/437 1248/300/315
f 1230/240/226 1293/238/438 1229/238/224
f 1274/338/351 1339/340/439 1275/340/352
f 1249/302/317 1312/300/437 1313/302/440
f 1229/238/224 1292/236/441 1228/236/222
f 1276/342/306 1339/340/439 1340/342/427
f 1250/304/319 1313/302/440 1314/304/442
f 1228/236/222 1291/234/443 1227/234/220
f 1250/304/319 1315/306/444 1251/306/321
f 1226/232/218 1291/234/443 1290/232/445
f 1251/306/321 1316/308/446 1252/308/323
f 1225/230/216 1290/232/445 1289/230/305
f 1252/308/323 1317/290/447 1253/290/303
s 4
f 1325/343/448 1317/343/449 1309/343/450
f 1293/343/451 1285/343/452 1277/343/453
s 1
f 1150/206/192 1152/209/195 1214/207/193
f 1152/209/195 1154/211/197 1215/210/196
f 1154/211/197 1156/213/199 1216/212/198
f 1156/213/199 1158/215/201 1217/214/200
f 1158/215/201 1160/217/203 1218/216/202
f 1160/217/203 1162/219/205 1219/218/204
f 1162/219/205 1164/221/207 1220/220/206
f 1164/221/207 1166/223/209 1221/222/208
f 1166/223/209 1168/225/211 1222/224/210
f 1168/225/211 1170/227/213 1223/226/212
f 1170/227/213 1172/229/215 1224/228/214
f 1172/229/215 1174/231/217 1225/230/216
f 1174/231/217 1176/233/219 1226/232/218
f 1176/233/219 1178/235/221 1227/234/220
f 1178/235/221 1180/237/223 1228/236/222
f 1180/237/223 1182/239/225 1229/238/224
f 1182/239/225 1184/241/227 1230/240/226
f 1184/241/227 1186/243/229 1231/242/228
f 1186/243/229 1188/245/231 1232/244/230
f 1188/245/231 1190/247/233 1233/246/232
f 1190/247/233 1192/249/235 1234/248/234
f 1192/249/235 1194/251/237 1235/250/236
f 1194/251/237 1196/253/239 1236/252/238
f 1196/253/239 1198/255/241 1237/254/240
f 1198/255/241 1200/257/243 1238/256/242
f 1200/257/243 1202/259/245 1239/258/244
f 1202/259/245 1204/261/247 1240/260/246
f 1204/261/247 1206/263/249 1241/262/248
f 1206/263/249 1208/265/251 1242/264/250
f 1208/265/251 1210/270/253 1243/266/252
f 1154/269/197 1152/344/195 1150/345/192
f 1150/345/192 1212/346/255 1210/347/253
f 1210/347/253 1208/348/251 1206/349/249
f 1206/349/249 1204/350/247 1202/351/245
f 1202/351/245 1200/352/243 1198/353/241
f 1198/353/241 1196/354/239 1194/355/237
f 1194/355/237 1192/356/235 1190/357/233
f 1190/357/233 1188/358/231 1186/267/229
f 1186/267/229 1184/359/227 1182/360/225
f 1182/360/225 1180/361/223 1178/362/221
f 1178/362/221 1176/363/219 1174/364/217
f 1174/364/217 1172/365/215 1170/268/213
f 1170/268/213 1168/366/211 1166/367/209
f 1166/367/209 1164/368/207 1162/369/205
f 1162/369/205 1160/370/203 1158/371/201
f 1158/371/201 1156/372/199 1154/269/197
f 1154/269/197 1150/345/192 1210/347/253
f 1210/347/253 1206/349/249 1202/351/245
f 1202/351/245 1198/353/241 1194/355/237
f 1194/355/237 1190/357/233 1186/267/229
f 1186/267/229 1182/360/225 1178/362/221
f 1178/362/221 1174/364/217 1170/268/213
f 1170/268/213 1166/367/209 1162/369/205
f 1162/369/205 1158/371/201 1154/269/197
f 1154/269/197 1210/347/253 1202/351/245
f 1202/351/245 1194/355/237 1186/267/229
f 1186/267/229 1178/362/221 1170/268/213
f 1170/268/213 1162/369/205 1154/269/197
f 1154/269/197 1202/351/245 1186/267/229
f 1210/270/253 1212/272/255 1244/271/254
f 1212/272/255 1150/373/192 1213/273/194
f 1211/276/258 1149/374/308 1151/375/307
f 1151/375/307 1153/376/310 1155/377/312
f 1155/377/312 1157/378/314 1159/379/316
f 1159/379/316 1161/380/318 1163/381/320
f 1163/381/320 1165/382/322 1167/383/324
f 1167/383/324 1169/384/325 1171/385/326
f 1171/385/326 1173/386/327 1175/387/328
f 1175/387/328 1177/388/329 1179/274/256
f 1179/274/256 1181/389/330 1183/390/331
f 1183/390/331 1185/391/332 1187/392/333
f 1187/392/333 1189/393/334 1191/394/335
f 1191/394/335 1193/395/336 1195/275/257
f 1195/275/257 1197/396/338 1199/397/340
f 1199/397/340 1201/398/342 1203/399/344
f 1203/399/344 1205/400/346 1207/401/348
f 1207/401/348 1209/402/350 1211/276/258
f 1211/276/258 1151/375/307 1155/377/312
f 1155/377/312 1159/379/316 1163/381/320
f 1163/381/320 1167/383/324 1171/385/326
f 1171/385/326 1175/387/328 1179/274/256
f 1179/274/256 1183/390/331 1187/392/333
f 1187/392/333 1191/394/335 1195/275/257
f 1195/275/257 1199/397/340 1203/399/344
f 1203/399/344 1207/401/348 1211/276/258
f 1211/276/258 1155/377/312 1163/381/320
f 1163/381/320 1171/385/326 1179/274/256
f 1179/274/256 1187/392/333 1195/275/257
f 1195/275/257 1203/399/344 1211/276/258
f 1211/276/258 1163/381/320 1179/274/256
f 1266/277/259 1265/278/265 1329/278/260
f 1238/256/242 1239/258/244 1303/258/262
f 1264/279/264 1328/279/269 1329/278/260
f 1239/258/244 1240/260/246 1304/260/266
f 1214/207/193 1278/207/270 1277/208/267
f 1264/279/264 1263/280/271 1327/280/268
f 1241/262/248 1305/262/274 1304/260/266
f 1215/210/196 1279/210/275 1278/207/270
f 1263/280/271 1262/281/276 1326/281/272
f 1241/262/248 1242/264/250 1306/264/273
f 1216/212/198 1280/212/279 1279/210/275
f 1262/281/276 1261/282/280 1325/282/277
f 1242/264/250 1243/266/252 1307/266/278
f 1217/214/200 1281/214/283 1280/212/279
f 1261/282/280 1260/283/284 1324/283/281
f 1243/266/252 1244/271/254 1308/271/282
f 1218/216/202 1282/216/286 1281/214/283
f 1260/283/284 1259/284/288 1323/284/285
f 1244/271/254 1213/273/194 1277/273/267
f 1219/218/204 1283/218/290 1282/216/286
f 1258/285/287 1322/285/292 1323/284/285
f 1219/218/204 1220/220/206 1284/220/289
f 1257/286/291 1321/286/295 1322/285/292
f 1220/220/206 1221/222/208 1285/222/293
f 1257/286/291 1256/287/298 1320/287/294
f 1221/222/208 1222/224/210 1286/224/296
f 1255/288/297 1319/288/300 1320/287/294
f 1223/226/212 1287/226/302 1286/224/296
f 1255/288/297 1254/289/304 1318/289/299
f 1223/226/212 1224/228/214 1288/228/301
f 1253/290/303 1317/290/447 1318/289/299
f 1224/228/214 1225/230/216 1289/230/305
f 1276/291/306 1245/294/309 1151/292/307
f 1245/294/309 1246/296/311 1153/295/310
f 1246/296/311 1247/298/313 1155/297/312
f 1247/298/313 1248/300/315 1157/299/314
f 1248/300/315 1249/302/317 1159/301/316
f 1249/302/317 1250/304/319 1161/303/318
f 1250/304/319 1251/306/321 1163/305/320
f 1251/306/321 1252/308/323 1165/307/322
f 1252/308/323 1253/290/303 1167/309/324
f 1253/290/303 1254/289/304 1169/310/325
f 1254/289/304 1255/288/297 1171/311/326
f 1255/288/297 1256/287/298 1173/312/327
f 1256/287/298 1257/286/291 1175/313/328
f 1257/286/291 1258/285/287 1177/314/329
f 1258/285/287 1259/284/288 1179/315/256
f 1259/284/288 1260/283/284 1181/316/330
f 1260/283/284 1261/282/280 1183/317/331
f 1261/282/280 1262/281/276 1185/318/332
f 1262/281/276 1263/280/271 1187/319/333
f 1263/280/271 1264/279/264 1189/320/334
f 1264/279/264 1265/278/265 1191/321/335
f 1265/278/265 1266/277/259 1193/322/336
f 1266/277/259 1267/324/337 1195/323/257
f 1267/324/337 1268/326/339 1197/325/338
f 1268/326/339 1269/328/341 1199/327/340
f 1269/328/341 1270/330/343 1201/329/342
f 1270/330/343 1271/332/345 1203/331/344
f 1271/332/345 1272/334/347 1205/333/346
f 1272/334/347 1273/336/349 1207/335/348
f 1273/336/349 1274/338/351 1209/337/350
f 1274/338/351 1275/340/352 1211/339/258
f 1275/340/352 1276/342/306 1149/341/308
s 2
g axleTOP.001_black
f 1308/271/353 1277/273/416 1340/342/354
f 1307/266/356 1308/271/353 1339/340/355
f 1306/264/358 1307/266/356 1338/338/357
f 1305/262/360 1306/264/358 1337/336/359
f 1304/260/362 1305/262/360 1336/334/361
f 1303/258/364 1304/260/362 1335/332/363
f 1302/256/366 1303/258/364 1334/330/365
f 1301/254/368 1302/256/366 1333/328/367
f 1300/252/370 1301/254/368 1332/326/369
f 1299/250/372 1300/252/370 1331/324/371
f 1298/248/374 1299/250/372 1330/277/373
f 1297/246/376 1298/248/374 1329/278/375
f 1296/244/378 1297/246/376 1328/279/377
f 1295/242/380 1296/244/378 1327/280/379
f 1294/240/382 1295/242/380 1326/281/381
f 1293/238/384 1294/240/382 1325/282/383
f 1292/236/386 1293/238/384 1324/283/385
f 1291/234/388 1292/236/386 1323/284/387
f 1290/232/390 1291/234/388 1322/285/389
f 1289/230/392 1290/232/390 1321/286/391
f 1288/228/394 1289/230/392 1320/287/393
f 1287/226/396 1288/228/394 1319/288/395
f 1286/224/398 1287/226/396 1318/289/397
f 1285/222/400 1286/224/398 1317/290/399
f 1284/220/402 1285/222/400 1316/308/401
f 1283/218/404 1284/220/402 1315/306/403
f 1282/216/406 1283/218/404 1314/304/405
f 1281/214/408 1282/216/406 1313/302/407
f 1280/212/410 1281/214/408 1312/300/409
f 1279/210/412 1280/212/410 1311/298/411
f 1278/207/414 1279/210/412 1310/296/413
f 1277/208/416 1278/207/414 1309/294/415
s 1
g axleTOP.001_wooden
f 1238/256/242 1302/256/263 1301/254/417
f 1266/277/259 1330/277/261 1331/324/418
f 1236/252/238 1237/254/240 1301/254/417
f 1267/324/337 1331/324/418 1332/326/420
f 1235/250/236 1236/252/238 1300/252/419
f 1269/328/341 1268/326/339 1332/326/420
f 1235/250/236 1299/250/421 1298/248/423
f 1269/328/341 1333/328/422 1334/330/424
f 1233/246/232 1234/248/234 1298/248/423
f 1270/330/343 1334/330/424 1335/332/426
f 1245/294/309 1276/291/306 1340/291/427
f 1233/246/232 1297/246/425 1296/244/429
f 1271/332/345 1335/332/426 1336/334/430
f 1246/296/311 1245/294/309 1309/294/428
f 1232/244/230 1296/244/429 1295/242/432
f 1272/334/347 1336/334/430 1337/336/433
f 1246/296/311 1310/296/431 1311/298/434
f 1231/242/228 1295/242/432 1294/240/435
f 1274/338/351 1273/336/349 1337/336/433
f 1247/298/313 1311/298/434 1312/300/437
f 1230/240/226 1294/240/435 1293/238/438
f 1274/338/351 1338/338/436 1339/340/439
f 1249/302/317 1248/300/315 1312/300/437
f 1229/238/224 1293/238/438 1292/236/441
f 1276/342/306 1275/340/352 1339/340/439
f 1250/304/319 1249/302/317 1313/302/440
f 1228/236/222 1292/236/441 1291/234/443
f 1250/304/319 1314/304/442 1315/306/444
f 1226/232/218 1227/234/220 1291/234/443
f 1251/306/321 1315/306/444 1316/308/446
f 1225/230/216 1226/232/218 1290/232/445
f 1252/308/323 1316/308/446 1317/290/447
s 4
f 1309/343/450 1340/343/454 1339/343/455
f 1339/343/455 1338/343/456 1337/343/457
f 1337/343/457 1336/343/458 1335/343/459
f 1335/343/459 1334/343/460 1333/343/461
f 1333/343/461 1332/343/462 1331/343/463
f 1331/343/463 1330/343/464 1329/343/465
f 1329/343/465 1328/343/466 1327/343/467
f 1327/343/467 1326/343/468 1325/343/448
f 1325/343/448 1324/343/469 1323/343/470
f 1323/343/470 1322/343/471 1321/343/472
f 1321/343/472 1320/343/473 1319/343/474
f 1319/343/474 1318/343/475 1317/343/449
f 1317/343/449 1316/343/476 1315/343/477
f 1315/343/477 1314/343/478 1313/343/479
f 1313/343/479 1312/343/480 1311/343/481
f 1311/343/481 1310/343/482 1309/343/450
f 1309/343/450 1339/343/455 1337/343/457
f 1337/343/457 1335/343/459 1333/343/461
f 1333/343/461 1331/343/463 1329/343/465
f 1329/343/465 1327/343/467 1325/343/448
f 1325/343/448 1323/343/470 1321/343/472
f 1321/343/472 1319/343/474 1317/343/449
f 1317/343/449 1315/343/477 1313/343/479
f 1313/343/479 1311/343/481 1309/343/450
f 1309/343/450 1337/343/457 1333/343/461
f 1333/343/461 1329/343/465 1325/343/448
f 1325/343/448 1321/343/472 1317/343/449
f 1317/343/449 1313/343/479 1309/343/450
f 1309/343/450 1333/343/461 1325/343/448
f 1277/343/453 1308/343/483 1307/343/484
f 1307/343/484 1306/343/485 1305/343/486
f 1305/343/486 1304/343/487 1303/343/488
f 1303/343/488 1302/343/489 1301/343/490
f 1301/343/490 1300/343/491 1299/343/492
f 1299/343/492 1298/343/493 1297/343/494
f 1297/343/494 1296/343/495 1295/343/496
f 1295/343/496 1294/343/497 1293/343/451
f 1293/343/451 1292/343/498 1291/343/499
f 1291/343/499 1290/343/500 1289/343/501
f 1289/343/501 1288/343/502 1287/343/503
f 1287/343/503 1286/343/504 1285/343/452
f 1285/343/452 1284/343/505 1283/343/506
f 1283/343/506 1282/343/507 1281/343/508
f 1281/343/508 1280/343/509 1279/343/510
f 1279/343/510 1278/343/511 1277/343/453
f 1277/343/453 1307/343/484 1305/343/486
f 1305/343/486 1303/343/488 1301/343/490
f 1301/343/490 1299/343/492 1297/343/494
f 1297/343/494 1295/343/496 1293/343/451
f 1293/343/451 1291/343/499 1289/343/501
f 1289/343/501 1287/343/503 1285/343/452
f 1285/343/452 1283/343/506 1281/343/508
f 1281/343/508 1279/343/510 1277/343/453
f 1277/343/453 1305/343/486 1301/343/490
f 1301/343/490 1297/343/494 1293/343/451
f 1293/343/451 1289/343/501 1285/343/452
f 1285/343/452 1281/343/508 1277/343/453
f 1277/343/453 1301/343/490 1293/343/451
g axle.001_Mesh
v 26.290995 -0.041968 18.667965
v 26.290989 -0.041968 -20.646202
v 26.297672 -0.109754 18.667965
v 26.297665 -0.109754 -20.646202
v 26.317444 -0.174935 18.667965
v 26.317436 -0.174935 -20.646202
v 26.349552 -0.235006 18.667965
v 26.349545 -0.235006 -20.646202
v 26.392763 -0.287660 18.667965
v 26.392757 -0.287660 -20.646202
v 26.445415 -0.330870 18.667965
v 26.445408 -0.330870 -20.646202
v 26.505487 -0.362979 18.667965
v 26.505482 -0.362979 -20.646202
v 26.570667 -0.382751 18.667965
v 26.570662 -0.382751 -20.646202
v 26.638454 -0.389427 18.667965
v 26.638447 -0.389427 -20.646202
v 26.706240 -0.382751 18.667965
v 26.706234 -0.382751 -20.646202
v 26.771420 -0.362979 18.667965
v 26.771414 -0.362979 -20.646202
v 26.831491 -0.330870 18.667965
v 26.831486 -0.330870 -20.646202
v 26.884144 -0.287660 18.667965
v 26.884138 -0.287660 -20.646202
v 26.927355 -0.235006 18.667965
v 26.927349 -0.235006 -20.646202
v 26.959465 -0.174935 18.667965
v 26.959457 -0.174935 -20.646202
v 26.979237 -0.109754 18.667965
v 26.979229 -0.109754 -20.646202
v 26.985912 -0.041968 18.667965
v 26.985905 -0.041968 -20.646202
v 26.979237 0.025818 18.667965
v 26.979229 0.025818 -20.646202
v 26.959465 0.090999 18.667965
v 26.959457 0.090999 -20.646202
v 26.927355 0.151070 18.667965
v 26.927349 0.151070 -20.646202
v 26.884144 0.203723 18.667965
v 26.884136 0.203723 -20.646202
v 26.831491 0.246934 18.667965
v 26.831486 0.246934 -20.646202
v 26.771420 0.279042 18.667965
v 26.771414 0.279042 -20.646202
v 26.706240 0.298815 18.667965
v 26.706234 0.298815 -20.646202
v 26.638454 0.305490 18.667965
v 26.638447 0.305490 -20.646202
v 26.570667 0.298815 18.667965
v 26.570660 0.298815 -20.646202
v 26.505486 0.279042 18.667965
v 26.505480 0.279042 -20.646202
v 26.445415 0.246933 18.667965
v 26.445408 0.246933 -20.646202
v 26.392763 0.203722 18.667965
v 26.392757 0.203722 -20.646202
v 26.349552 0.151069 18.667965
v 26.349545 0.151069 -20.646202
v 26.317444 0.090999 18.667965
v 26.317436 0.090999 -20.646202
v 26.297672 0.025817 18.667965
v 26.297665 0.025817 -20.646202
v -22.284506 -0.041972 18.667974
v -22.284513 -0.041972 -20.646196
v -22.277830 -0.109757 18.667974
v -22.277838 -0.109757 -20.646196
v -22.258055 -0.174939 18.667974
v -22.258062 -0.174939 -20.646196
v -22.225946 -0.235010 18.667974
v -22.225954 -0.235010 -20.646196
v -22.182737 -0.287663 18.667974
v -22.182745 -0.287663 -20.646196
v -22.130087 -0.330873 18.667974
v -22.130095 -0.330873 -20.646196
v -22.070017 -0.362983 18.667974
v -22.070024 -0.362983 -20.646196
v -22.004831 -0.382755 18.667974
v -22.004839 -0.382755 -20.646196
v -21.937048 -0.389431 18.667974
v -21.937056 -0.389431 -20.646196
v -21.869265 -0.382755 18.667974
v -21.869272 -0.382755 -20.646196
v -21.804079 -0.362983 18.667974
v -21.804087 -0.362983 -20.646196
v -21.744009 -0.330873 18.667974
v -21.744017 -0.330873 -20.646196
v -21.691355 -0.287663 18.667974
v -21.691362 -0.287663 -20.646196
v -21.648146 -0.235010 18.667974
v -21.648153 -0.235010 -20.646196
v -21.616037 -0.174939 18.667974
v -21.616045 -0.174939 -20.646196
v -21.596262 -0.109757 18.667974
v -21.596270 -0.109757 -20.646196
v -21.589586 -0.041972 18.667974
v -21.589594 -0.041972 -20.646196
v -21.596262 0.025814 18.667974
v -21.596270 0.025814 -20.646196
v -21.616037 0.090995 18.667974
v -21.616045 0.090995 -20.646196
v -21.648146 0.151066 18.667974
v -21.648153 0.151066 -20.646196
v -21.691355 0.203719 18.667974
v -21.691362 0.203719 -20.646196
v -21.744009 0.246930 18.667974
v -21.744017 0.246930 -20.646196
v -21.804083 0.279038 18.667974
v -21.804090 0.279038 -20.646196
v -21.869265 0.298811 18.667974
v -21.869272 0.298811 -20.646196
v -21.937048 0.305487 18.667974
v -21.937056 0.305487 -20.646196
v -22.004835 0.298811 18.667974
v -22.004843 0.298811 -20.646196
v -22.070017 0.279038 18.667974
v -22.070024 0.279038 -20.646196
v -22.130087 0.246929 18.667974
v -22.130095 0.246929 -20.646196
v -22.182737 0.203718 18.667974
v -22.182745 0.203718 -20.646196
v -22.225946 0.151065 18.667974
v -22.225954 0.151065 -20.646196
v -22.258055 0.090995 18.667974
v -22.258062 0.090995 -20.646196
v -22.277830 0.025813 18.667974
v -22.277838 0.025813 -20.646196
vn -0.9952 -0.0980 -0.0000
vn -0.9569 -0.2903 -0.0000
vn -0.8819 -0.4714 -0.0000
vn -0.7730 -0.6344 -0.0000
vn -0.6344 -0.7730 -0.0000
vn -0.4714 -0.8819 -0.0000
vn -0.2903 -0.9569 -0.0000
vn -0.0980 -0.9952 -0.0000
vn 0.0980 -0.9952 -0.0000
vn 0.2903 -0.9569 -0.0000
vn 0.4714 -0.8819 -0.0000
vn 0.6344 -0.7730 -0.0000
vn 0.7730 -0.6344 -0.0000
vn 0.8819 -0.4714 -0.0000
vn 0.9569 -0.2903 -0.0000
vn 0.9952 -0.0980 -0.0000
vn 0.9952 0.0980 -0.0000
vn 0.9569 0.2903 -0.0000
vn 0.8819 0.4714 -0.0000
vn 0.7730 0.6344 -0.0000
vn 0.6344 0.7730 -0.0000
vn 0.4714 0.8819 -0.0000
vn 0.2903 0.9569 -0.0000
vn 0.0980 0.9952 -0.0000
vn -0.0980 0.9952 -0.0000
vn -0.2903 0.9569 -0.0000
vn -0.4714 0.8819 -0.0000
vn -0.6344 0.7730 -0.0000
vn -0.7730 0.6344 -0.0000
vn -0.8819 0.4714 -0.0000
vn -0.0000 -0.0000 -1.0000
vn -0.9569 0.2903 -0.0000
vn -0.9952 0.0980 -0.0000
vn -0.0000 -0.0000 1.0000
vn -0.0000 0.0001 -1.0000
vn -0.0000 -0.0001 -1.0000
vn -0.0000 -0.0002 -1.0000
vn -0.0000 0.0001 1.0000
vn -0.0000 -0.0001 1.0000
vn -0.0000 -0.0002 1.0000
vn -0.0000 0.0002 1.0000
vn -0.0000 0.0002 -1.0000
vt 1.000000 1.000000
vt 0.968750 0.500000
vt 1.000000 0.500000
vt 0.968750 1.000000
vt 0.937500 0.500000
vt 0.937500 1.000000
vt 0.906250 0.500000
vt 0.906250 1.000000
vt 0.875000 0.500000
vt 0.875000 1.000000
vt 0.843750 0.500000
vt 0.843750 1.000000
vt 0.812500 0.500000
vt 0.812500 1.000000
vt 0.781250 0.500000
vt 0.781250 1.000000
vt 0.750000 0.500000
vt 0.750000 1.000000
vt 0.718750 0.500000
vt 0.718750 1.000000
vt 0.687500 0.500000
vt 0.687500 1.000000
vt 0.656250 0.500000
vt 0.656250 1.000000
vt 0.625000 0.500000
vt 0.625000 1.000000
vt 0.593750 0.500000
vt 0.593750 1.000000
vt 0.562500 0.500000
vt 0.562500 1.000000
vt 0.531250 0.500000
vt 0.531250 1.000000
vt 0.500000 0.500000
vt 0.500000 1.000000
vt 0.468750 0.500000
vt 0.468750 1.000000
vt 0.437500 0.500000
vt 0.437500 1.000000
vt 0.406250 0.500000
vt 0.406250 1.000000
vt 0.375000 0.500000
vt 0.375000 1.000000
vt 0.343750 0.500000
vt 0.343750 1.000000
vt 0.312500 0.500000
vt 0.312500 1.000000
vt 0.281250 0.500000
vt 0.281250 1.000000
vt 0.250000 0.500000
vt 0.250000 1.000000
vt 0.218750 0.500000
vt 0.218750 1.000000
vt 0.187500 0.500000
vt 0.187500 1.000000
vt 0.156250 0.500000
vt 0.156250 1.000000
vt 0.125000 0.500000
vt 0.125000 1.000000
vt 0.093750 0.500000
vt 0.093750 1.000000
vt 0.062500 0.500000
vt 0.158156 0.028269
vt 0.471731 0.158156
vt 0.341844 0.471731
vt 0.062500 1.000000
vt 0.031250 0.500000
vt 0.031250 1.000000
vt 0.000000 0.500000
vt 0.796822 0.014612
vt 0.514611 0.203179
vt 0.703179 0.485389
vt 0.296822 0.485388
vt 0.250000 0.490000
vt 0.203179 0.485389
vt 0.158156 0.471731
vt 0.116663 0.449553
vt 0.080295 0.419706
vt 0.050447 0.383337
vt 0.028269 0.341844
vt 0.014612 0.296822
vt 0.010000 0.250000
vt 0.014611 0.203179
vt 0.028269 0.158156
vt 0.050447 0.116663
vt 0.080294 0.080294
vt 0.116663 0.050447
vt 0.203178 0.014612
vt 0.250000 0.010000
vt 0.296822 0.014612
vt 0.341844 0.028269
vt 0.383337 0.050447
vt 0.419706 0.080294
vt 0.449553 0.116663
vt 0.485388 0.203178
vt 0.490000 0.250000
vt 0.485388 0.296822
vt 0.471731 0.341844
vt 0.449553 0.383337
vt 0.419706 0.419706
vt 0.383337 0.449553
vt 0.000000 1.000000
vt 0.750000 0.490000
vt 0.796822 0.485388
vt 0.841844 0.471731
vt 0.883337 0.449553
vt 0.919706 0.419706
vt 0.949553 0.383337
vt 0.971731 0.341844
vt 0.985388 0.296822
vt 0.990000 0.250000
vt 0.985388 0.203178
vt 0.971731 0.158156
vt 0.949553 0.116663
vt 0.919706 0.080294
vt 0.883337 0.050447
vt 0.841844 0.028269
vt 0.750000 0.010000
vt 0.703178 0.014612
vt 0.658156 0.028269
vt 0.616663 0.050447
vt 0.580294 0.080294
vt 0.550447 0.116663
vt 0.528269 0.158156
vt 0.510000 0.250000
vt 0.514612 0.296822
vt 0.528269 0.341844
vt 0.550447 0.383337
vt 0.580295 0.419706
vt 0.616663 0.449553
vt 0.658156 0.471731
s 1
g off
g axle.001_silver
f 1342/403/512 1343/404/512 1341/405/512
s 2
f 1344/406/513 1345/407/513 1343/404/513
s 1
f 1346/408/514 1347/409/514 1345/407/514
s 2
f 1348/410/515 1349/411/515 1347/409/515
s 1
f 1350/412/516 1351/413/516 1349/411/516
s 2
f 1352/414/517 1353/415/517 1351/413/517
s 1
f 1354/416/518 1355/417/518 1353/415/518
s 2
f 1356/418/519 1357/419/519 1355/417/519
s 1
f 1358/420/520 1359/421/520 1357/419/520
s 2
f 1360/422/521 1361/423/521 1359/421/521
s 1
f 1362/424/522 1363/425/522 1361/423/522
s 2
f 1364/426/523 1365/427/523 1363/425/523
s 1
f 1366/428/524 1367/429/524 1365/427/524
s 2
f 1368/430/525 1369/431/525 1367/429/525
s 1
f 1370/432/526 1371/433/526 1369/431/526
s 2
f 1372/434/527 1373/435/527 1371/433/527
s 1
f 1374/436/528 1375/437/528 1373/435/528
s 2
f 1376/438/529 1377/439/529 1375/437/529
s 1
f 1378/440/530 1379/441/530 1377/439/530
s 2
f 1380/442/531 1381/443/531 1379/441/531
s 1
f 1382/444/532 1383/445/532 1381/443/532
s 2
f 1384/446/533 1385/447/533 1383/445/533
s 1
f 1386/448/534 1387/449/534 1385/447/534
s 2
f 1388/450/535 1389/451/535 1387/449/535
s 1
f 1390/452/536 1391/453/536 1389/451/536
s 2
f 1392/454/537 1393/455/537 1391/453/537
s 1
f 1394/456/538 1395/457/538 1393/455/538
s 2
f 1396/458/539 1397/459/539 1395/457/539
s 1
f 1398/460/540 1399/461/540 1397/459/540
s 2
f 1400/462/541 1401/463/541 1399/461/541
s 4
f 1378/464/542 1362/465/542 1346/466/542
s 1
f 1402/467/543 1403/468/543 1401/463/543
s 2
f 1404/469/544 1341/470/544 1403/468/544
s 4
f 1371/471/545 1387/472/545 1403/473/545
s 1
f 1406/403/512 1407/404/512 1405/405/512
s 2
f 1408/406/513 1409/407/513 1407/404/513
s 1
f 1410/408/514 1411/409/514 1409/407/514
s 2
f 1412/410/515 1413/411/515 1411/409/515
s 1
f 1414/412/516 1415/413/516 1413/411/516
s 2
f 1416/414/517 1417/415/517 1415/413/517
s 1
f 1418/416/518 1419/417/518 1417/415/518
s 2
f 1420/418/519 1421/419/519 1419/417/519
s 1
f 1422/420/520 1423/421/520 1421/419/520
s 2
f 1424/422/521 1425/423/521 1423/421/521
s 1
f 1426/424/522 1427/425/522 1425/423/522
s 2
f 1428/426/523 1429/427/523 1427/425/523
s 1
f 1430/428/524 1431/429/524 1429/427/524
s 2
f 1432/430/525 1433/431/525 1431/429/525
s 1
f 1434/432/526 1435/433/526 1433/431/526
s 2
f 1436/434/527 1437/435/527 1435/433/527
s 1
f 1438/436/528 1439/437/528 1437/435/528
s 2
f 1440/438/529 1441/439/529 1439/437/529
s 1
f 1442/440/530 1443/441/530 1441/439/530
s 2
f 1444/442/531 1445/443/531 1443/441/531
s 1
f 1446/444/532 1447/445/532 1445/443/532
s 2
f 1448/446/533 1449/447/533 1447/445/533
s 1
f 1450/448/534 1451/449/534 1449/447/534
s 2
f 1452/450/535 1453/451/535 1451/449/535
s 1
f 1454/452/536 1455/453/536 1453/451/536
s 2
f 1456/454/537 1457/455/537 1455/453/537
s 1
f 1458/456/538 1459/457/538 1457/455/538
s 2
f 1460/458/539 1461/459/539 1459/457/539
s 1
f 1462/460/540 1463/461/540 1461/459/540
s 2
f 1464/462/541 1465/463/541 1463/461/541
s 4
f 1442/464/542 1426/465/542 1410/466/542
s 1
f 1466/467/543 1467/468/543 1465/463/543
s 2
f 1468/469/544 1405/470/544 1467/468/544
s 4
f 1435/471/545 1451/472/545 1467/473/545
s 1
f 1342/403/512 1344/406/512 1343/404/512
s 2
f 1344/406/513 1346/408/513 1345/407/513
s 1
f 1346/408/514 1348/410/514 1347/409/514
s 2
f 1348/410/515 1350/412/515 1349/411/515
s 1
f 1350/412/516 1352/414/516 1351/413/516
s 2
f 1352/414/517 1354/416/517 1353/415/517
s 1
f 1354/416/518 1356/418/518 1355/417/518
s 2
f 1356/418/519 1358/420/519 1357/419/519
s 1
f 1358/420/520 1360/422/520 1359/421/520
s 2
f 1360/422/521 1362/424/521 1361/423/521
s 1
f 1362/424/522 1364/426/522 1363/425/522
s 2
f 1364/426/523 1366/428/523 1365/427/523
s 1
f 1366/428/524 1368/430/524 1367/429/524
s 2
f 1368/430/525 1370/432/525 1369/431/525
s 1
f 1370/432/526 1372/434/526 1371/433/526
s 2
f 1372/434/527 1374/436/527 1373/435/527
s 1
f 1374/436/528 1376/438/528 1375/437/528
s 2
f 1376/438/529 1378/440/529 1377/439/529
s 1
f 1378/440/530 1380/442/530 1379/441/530
s 2
f 1380/442/531 1382/444/531 1381/443/531
s 1
f 1382/444/532 1384/446/532 1383/445/532
s 2
f 1384/446/533 1386/448/533 1385/447/533
s 1
f 1386/448/534 1388/450/534 1387/449/534
s 2
f 1388/450/535 1390/452/535 1389/451/535
s 1
f 1390/452/536 1392/454/536 1391/453/536
s 2
f 1392/454/537 1394/456/537 1393/455/537
s 1
f 1394/456/538 1396/458/538 1395/457/538
s 2
f 1396/458/539 1398/460/539 1397/459/539
s 1
f 1398/460/540 1400/462/540 1399/461/540
s 2
f 1400/462/541 1402/467/541 1401/463/541
s 4
f 1346/466/542 1344/474/542 1342/475/542
f 1342/475/542 1404/476/546 1402/477/542
f 1402/477/542 1400/478/547 1398/479/542
f 1398/479/542 1396/480/542 1394/481/542
f 1394/481/542 1392/482/542 1390/483/542
f 1390/483/542 1388/484/548 1386/485/542
f 1386/485/542 1384/486/542 1382/487/542
f 1382/487/542 1380/488/542 1378/464/542
f 1378/464/542 1376/489/542 1374/490/542
f 1374/490/542 1372/491/547 1370/492/542
f 1370/492/542 1368/493/542 1366/494/542
f 1366/494/542 1364/495/548 1362/465/542
f 1362/465/542 1360/496/542 1358/497/542
f 1358/497/542 1356/498/542 1354/499/542
f 1354/499/542 1352/500/548 1350/501/542
f 1350/501/542 1348/502/542 1346/466/542
f 1346/466/542 1342/475/542 1402/477/542
f 1402/477/542 1398/479/542 1394/481/542
f 1394/481/542 1390/483/542 1386/485/542
f 1386/485/542 1382/487/542 1378/464/542
f 1378/464/542 1374/490/542 1370/492/542
f 1370/492/542 1366/494/542 1362/465/542
f 1362/465/542 1358/497/542 1354/499/542
f 1354/499/542 1350/501/542 1346/466/542
f 1346/466/542 1402/477/542 1394/481/542
f 1394/481/542 1386/485/542 1378/464/542
f 1378/464/542 1370/492/542 1362/465/542
f 1362/465/542 1354/499/542 1346/466/542
f 1346/466/542 1394/481/542 1378/464/542
s 1
f 1402/467/543 1404/469/543 1403/468/543
s 2
f 1404/469/544 1342/503/544 1341/470/544
s 4
f 1403/473/545 1341/504/545 1343/505/545
f 1343/505/545 1345/506/549 1347/507/545
f 1347/507/545 1349/508/545 1351/509/549
f 1351/509/549 1353/510/545 1355/511/545
f 1355/511/545 1357/512/545 1359/513/549
f 1359/513/549 1361/514/545 1363/515/545
f 1363/515/545 1365/516/545 1367/517/545
f 1367/517/545 1369/518/549 1371/471/545
f 1371/471/545 1373/519/545 1375/520/545
f 1375/520/545 1377/521/550 1379/522/545
f 1379/522/545 1381/523/551 1383/524/545
f 1383/524/545 1385/525/551 1387/472/545
f 1387/472/545 1389/526/552 1391/527/550
f 1391/527/550 1393/528/551 1395/529/545
f 1395/529/545 1397/530/551 1399/531/545
f 1399/531/545 1401/532/545 1403/473/545
f 1403/473/545 1343/505/545 1347/507/545
f 1347/507/545 1351/509/549 1355/511/545
f 1355/511/545 1359/513/549 1363/515/545
f 1363/515/545 1367/517/545 1371/471/545
f 1371/471/545 1375/520/545 1379/522/545
f 1379/522/545 1383/524/545 1387/472/545
f 1387/472/545 1391/527/550 1395/529/545
f 1395/529/545 1399/531/545 1403/473/545
f 1403/473/545 1347/507/545 1355/511/545
f 1355/511/545 1363/515/545 1371/471/545
f 1371/471/545 1379/522/545 1387/472/545
f 1387/472/545 1395/529/545 1403/473/545
f 1403/473/545 1355/511/545 1371/471/545
s 1
f 1406/403/512 1408/406/512 1407/404/512
s 2
f 1408/406/513 1410/408/513 1409/407/513
s 1
f 1410/408/514 1412/410/514 1411/409/514
s 2
f 1412/410/515 1414/412/515 1413/411/515
s 1
f 1414/412/516 1416/414/516 1415/413/516
s 2
f 1416/414/517 1418/416/517 1417/415/517
s 1
f 1418/416/518 1420/418/518 1419/417/518
s 2
f 1420/418/519 1422/420/519 1421/419/519
s 1
f 1422/420/520 1424/422/520 1423/421/520
s 2
f 1424/422/521 1426/424/521 1425/423/521
s 1
f 1426/424/522 1428/426/522 1427/425/522
s 2
f 1428/426/523 1430/428/523 1429/427/523
s 1
f 1430/428/524 1432/430/524 1431/429/524
s 2
f 1432/430/525 1434/432/525 1433/431/525
s 1
f 1434/432/526 1436/434/526 1435/433/526
s 2
f 1436/434/527 1438/436/527 1437/435/527
s 1
f 1438/436/528 1440/438/528 1439/437/528
s 2
f 1440/438/529 1442/440/529 1441/439/529
s 1
f 1442/440/530 1444/442/530 1443/441/530
s 2
f 1444/442/531 1446/444/531 1445/443/531
s 1
f 1446/444/532 1448/446/532 1447/445/532
s 2
f 1448/446/533 1450/448/533 1449/447/533
s 1
f 1450/448/534 1452/450/534 1451/449/534
s 2
f 1452/450/535 1454/452/535 1453/451/535
s 1
f 1454/452/536 1456/454/536 1455/453/536
s 2
f 1456/454/537 1458/456/537 1457/455/537
s 1
f 1458/456/538 1460/458/538 1459/457/538
s 2
f 1460/458/539 1462/460/539 1461/459/539
s 1
f 1462/460/540 1464/462/540 1463/461/540
s 2
f 1464/462/541 1466/467/541 1465/463/541
s 4
f 1410/466/542 1408/474/542 1406/475/542
f 1406/475/542 1468/476/546 1466/477/542
f 1466/477/542 1464/478/546 1462/479/542
f 1462/479/542 1460/480/548 1458/481/542
f 1458/481/542 1456/482/548 1454/483/542
f 1454/483/542 1452/484/542 1450/485/542
f 1450/485/542 1448/486/553 1446/487/542
f 1446/487/542 1444/488/546 1442/464/542
f 1442/464/542 1440/489/542 1438/490/542
f 1438/490/542 1436/491/547 1434/492/542
f 1434/492/542 1432/493/547 1430/494/542
f 1430/494/542 1428/495/553 1426/465/542
f 1426/465/542 1424/496/542 1422/497/542
f 1422/497/542 1420/498/542 1418/499/542
f 1418/499/542 1416/500/553 1414/501/542
f 1414/501/542 1412/502/547 1410/466/542
f 1410/466/542 1406/475/542 1466/477/542
f 1466/477/542 1462/479/542 1458/481/542
f 1458/481/542 1454/483/542 1450/485/542
f 1450/485/542 1446/487/542 1442/464/542
f 1442/464/542 1438/490/542 1434/492/542
f 1434/492/542 1430/494/542 1426/465/542
f 1426/465/542 1422/497/542 1418/499/542
f 1418/499/542 1414/501/542 1410/466/542
f 1410/466/542 1466/477/542 1458/481/542
f 1458/481/542 1450/485/542 1442/464/542
f 1442/464/542 1434/492/542 1426/465/542
f 1426/465/542 1418/499/542 1410/466/542
f 1410/466/542 1458/481/542 1442/464/542
s 1
f 1466/467/543 1468/469/543 1467/468/543
s 2
f 1468/469/544 1406/503/544 1405/470/544
s 4
f 1467/473/545 1405/504/545 1407/505/545
f 1407/505/545 1409/506/545 1411/507/545
f 1411/507/545 1413/508/545 1415/509/549
f 1415/509/549 1417/510/545 1419/511/545
f 1419/511/545 1421/512/545 1423/513/549
f 1423/513/549 1425/514/545 1427/515/545
f 1427/515/545 1429/516/545 1431/517/545
f 1431/517/545 1433/518/545 1435/471/545
f 1435/471/545 1437/519/545 1439/520/545
f 1439/520/545 1441/521/545 1443/522/545
f 1443/522/545 1445/523/545 1447/524/545
f 1447/524/545 1449/525/552 1451/472/545
f 1451/472/545 1453/526/552 1455/527/545
f 1455/527/545 1457/528/545 1459/529/545
f 1459/529/545 1461/530/545 1463/531/545
f 1463/531/545 1465/532/545 1467/473/545
f 1467/473/545 1407/505/545 1411/507/545
f 1411/507/545 1415/509/549 1419/511/545
f 1419/511/545 1423/513/549 1427/515/545
f 1427/515/545 1431/517/545 1435/471/545
f 1435/471/545 1439/520/545 1443/522/545
f 1443/522/545 1447/524/545 1451/472/545
f 1451/472/545 1455/527/545 1459/529/545
f 1459/529/545 1463/531/545 1467/473/545
f 1467/473/545 1411/507/545 1419/511/545
f 1419/511/545 1427/515/545 1435/471/545
f 1435/471/545 1443/522/545 1451/472/545
f 1451/472/545 1459/529/545 1467/473/545
f 1467/473/545 1419/511/545 1435/471/545
g support_Mesh
v -9.916878 0.844645 15.100105
v 0.782217 17.305946 15.100101
v -9.916878 0.844645 13.100104
v 0.782217 17.305946 13.100101
v -8.239956 -0.245278 15.100104
v 2.459139 16.216022 15.100101
v -8.239956 -0.245278 13.100104
v 2.459139 16.216022 13.100101
v -9.916880 0.844642 -14.914042
v 0.782215 17.305944 -14.914045
v -9.916880 0.844642 -16.914042
v 0.782215 17.305943 -16.914045
v -8.239958 -0.245281 -14.914042
v 2.459137 16.216021 -14.914045
v -8.239958 -0.245281 -16.914042
v 2.459137 16.216021 -16.914045
v 17.078539 -0.820632 15.100098
v 2.144899 11.924226 15.100097
v 17.078539 -0.820632 13.100098
v 2.144899 11.924225 13.100097
v 18.376867 0.700665 15.100099
v 3.443226 13.445526 15.100097
v 18.376867 0.700665 13.100098
v 3.443226 13.445525 13.100097
v 17.078539 -0.820637 -14.926685
v 2.144897 11.924221 -14.926689
v 17.078539 -0.820637 -16.926685
v 2.144897 11.924222 -16.926689
v 18.376863 0.700663 -14.926687
v 3.443222 13.445521 -14.926689
v 18.376863 0.700663 -16.926687
v 3.443224 13.445523 -16.926689
vn -0.8385 0.5450 -0.0000
vn -0.0000 -0.0000 -1.0000
vn 0.8385 -0.5450 -0.0000
vn -0.0000 -0.0000 1.0000
vn -0.5450 -0.8385 -0.0000
vn 0.5450 0.8385 -0.0000
vn -0.6492 -0.7606 -0.0000
vn 0.6492 0.7606 -0.0000
vn 0.7606 -0.6492 -0.0000
vn -0.7606 0.6492 -0.0000
vn 0.7607 -0.6492 -0.0000
vt 0.625000 0.000000
vt 0.375000 0.250000
vt 0.375000 0.000000
vt 0.625000 0.250000
vt 0.375000 0.500000
vt 0.625000 0.500000
vt 0.375000 0.750000
vt 0.625000 0.750000
vt 0.375000 1.000000
vt 0.125000 0.750000
vt 0.125000 0.500000
vt 0.875000 0.500000
vt 0.875000 0.750000
vt 0.625000 1.000000
s 1
g off
g support_wooden
f 1470/533/554 1471/534/554 1469/535/554
s 2
f 1472/536/555 1475/537/555 1471/534/555
s 1
f 1476/538/556 1473/539/556 1475/537/556
s 2
f 1474/540/557 1469/541/557 1473/539/557
s 4
f 1475/537/558 1469/542/558 1471/543/558
f 1472/544/559 1474/540/559 1476/538/559
s 1
f 1478/533/554 1479/534/554 1477/535/554
s 2
f 1480/536/555 1483/537/555 1479/534/555
s 1
f 1484/538/556 1481/539/556 1483/537/556
s 2
f 1482/540/557 1477/541/557 1481/539/557
s 4
f 1483/537/558 1477/542/558 1479/543/558
f 1480/544/559 1482/540/559 1484/538/559
s 1
f 1486/533/560 1487/534/560 1485/535/560
s 2
f 1487/534/555 1492/538/555 1491/537/555
s 1
f 1492/538/561 1489/539/561 1491/537/561
s 2
f 1490/540/557 1485/541/557 1489/539/557
s 4
f 1491/537/562 1485/542/562 1487/543/562
f 1492/538/563 1486/545/563 1490/540/563
s 1
f 1494/533/560 1495/534/560 1493/535/560
s 2
f 1495/534/555 1500/538/555 1499/537/555
s 1
f 1499/537/561 1498/540/561 1497/539/561
s 2
f 1498/540/557 1493/541/557 1497/539/557
s 4
f 1499/537/564 1493/542/564 1495/543/564
f 1496/544/563 1498/540/563 1500/538/563
s 1
f 1470/533/554 1472/536/554 1471/534/554
s 2
f 1472/536/555 1476/538/555 1475/537/555
s 1
f 1476/538/556 1474/540/556 1473/539/556
s 2
f 1474/540/557 1470/546/557 1469/541/557
s 4
f 1475/537/558 1473/539/558 1469/542/558
f 1472/544/559 1470/545/559 1474/540/559
s 1
f 1478/533/554 1480/536/554 1479/534/554
s 2
f 1480/536/555 1484/538/555 1483/537/555
s 1
f 1484/538/556 1482/540/556 1481/539/556
s 2
f 1482/540/557 1478/546/557 1477/541/557
s 4
f 1483/537/558 1481/539/558 1477/542/558
f 1480/544/559 1478/545/559 1482/540/559
s 1
f 1486/533/560 1488/536/560 1487/534/560
s 2
f 1487/534/555 1488/536/555 1492/538/555
s 1
f 1492/538/561 1490/540/561 1489/539/561
s 2
f 1490/540/557 1486/546/557 1485/541/557
s 4
f 1491/537/562 1489/539/562 1485/542/562
f 1492/538/563 1488/544/563 1486/545/563
s 1
f 1494/533/560 1496/536/560 1495/534/560
s 2
f 1495/534/555 1496/536/555 1500/538/555
s 1
f 1499/537/561 1500/538/561 1498/540/561
s 2
f 1498/540/557 1494/546/557 1493/541/557
s 4
f 1499/537/564 1497/539/564 1493/542/564
f 1496/544/563 1494/545/563 1498/540/563
