# Blender 5.0.1
# www.blender.org
mtllib heliceNave.mtl
o nave.002
v -0.017563 -0.132131 -0.150217
v -0.016382 -0.128504 -0.152060
v -0.016240 -0.132298 -0.151510
v -0.014501 -0.132777 -0.151079
v -0.014550 -0.134602 -0.150048
v -0.015429 -0.128754 -0.152442
v -0.013341 -0.132591 -0.150175
v -0.017425 -0.126852 -0.150176
v -0.014079 -0.129449 -0.151995
v -0.015237 -0.120850 -0.150206
v -0.014802 -0.124074 -0.152007
v -0.013512 -0.121751 -0.150930
v -0.014037 -0.126555 -0.152260
v -0.011850 -0.124945 -0.150150
v -0.015654 -0.135478 -0.149784
v -0.016734 -0.134551 -0.150054
v -0.013645 -0.136204 -0.147911
v -0.017836 -0.135404 -0.147882
v -0.018620 -0.130725 -0.147406
v -0.012032 -0.133568 -0.146436
v -0.011806 -0.129835 -0.148452
v -0.017143 -0.122658 -0.147947
v -0.012443 -0.118589 -0.149498
v -0.014343 -0.119180 -0.149852
v -0.011376 -0.117738 -0.148224
v -0.011462 -0.113362 -0.146361
v -0.014884 -0.137642 -0.147957
v -0.016322 -0.137654 -0.147916
v -0.017269 -0.138185 -0.146140
v -0.013665 -0.137814 -0.146202
v -0.015242 -0.139842 -0.144306
v -0.016106 -0.117279 -0.145206
v -0.017780 -0.119361 -0.140665
v -0.015836 -0.118638 -0.147875
v -0.009823 -0.113878 -0.144090
v -0.014605 -0.116271 -0.147309
v -0.013748 -0.116028 -0.148114
v -0.013261 -0.138487 -0.143586
v -0.011973 -0.135601 -0.141066
v -0.019273 -0.132909 -0.143039
v -0.010466 -0.120982 -0.146478
v -0.013945 -0.111490 -0.144086
v -0.011588 -0.111111 -0.144856
v -0.012582 -0.108361 -0.142453
v -0.014330 -0.140088 -0.141738
v -0.016959 -0.139827 -0.143305
v -0.018808 -0.137331 -0.142770
v -0.017064 -0.140383 -0.138947
v -0.018851 -0.126798 -0.142924
v -0.019332 -0.134833 -0.134557
v -0.015596 -0.115918 -0.145851
v -0.013927 -0.110954 -0.143172
v -0.011046 -0.109447 -0.143398
v -0.009769 -0.108108 -0.140731
v -0.015683 -0.140878 -0.140055
v -0.018476 -0.138656 -0.140369
v -0.018299 -0.108409 -0.118632
v -0.014874 -0.112515 -0.143014
v -0.014055 -0.106646 -0.138088
v -0.014077 -0.108882 -0.141272
v -0.014468 -0.140158 -0.137637
v -0.010632 -0.126268 -0.135119
v -0.011559 -0.105570 -0.140490
v -0.012810 -0.106063 -0.139612
v -0.009724 -0.101921 -0.136919
v -0.010862 -0.101128 -0.136423
v -0.017770 -0.139413 -0.137638
v -0.012614 -0.134850 -0.132103
v -0.013721 -0.137688 -0.132322
v -0.019779 -0.129809 -0.126642
v -0.006956 -0.096871 -0.125080
v -0.009804 -0.120860 -0.142149
v -0.012275 -0.103845 -0.138446
v -0.008713 -0.098264 -0.132345
v -0.012017 -0.101388 -0.135597
v -0.015422 -0.139596 -0.133515
v -0.016644 -0.139381 -0.133120
v -0.017005 -0.137956 -0.130669
v -0.016623 -0.099052 -0.116900
v -0.012170 -0.096941 -0.130786
v -0.007996 -0.096821 -0.130356
v -0.010932 -0.098448 -0.133615
v -0.009768 -0.094862 -0.130854
v -0.019320 -0.134336 -0.129068
v -0.006070 -0.087013 -0.111644
v -0.010085 -0.096289 -0.132405
v -0.015853 -0.137725 -0.129058
v -0.017457 -0.136656 -0.127304
v -0.008006 -0.093260 -0.127463
v -0.010182 -0.094718 -0.130529
v -0.007888 -0.091868 -0.126399
v -0.015266 -0.135716 -0.125662
v -0.019116 -0.131909 -0.121700
v -0.013479 -0.090391 -0.118962
v -0.007070 -0.095015 -0.126182
v -0.009468 -0.088675 -0.124053
v -0.016732 -0.135395 -0.123936
v -0.007029 -0.089029 -0.106988
v -0.007557 -0.086599 -0.120976
v -0.018211 -0.134332 -0.124393
v -0.016154 -0.134693 -0.122818
v -0.017855 -0.133793 -0.121624
v -0.015870 -0.130282 -0.116359
v -0.017602 -0.132704 -0.119896
v -0.013906 -0.129969 -0.120248
v -0.019730 -0.115572 -0.116184
v -0.008756 -0.085898 -0.120686
v -0.010529 -0.086654 -0.120281
v -0.006152 -0.079503 -0.111950
v -0.009831 -0.084339 -0.118649
v -0.017972 -0.131732 -0.117965
v -0.007325 -0.081930 -0.115955
v -0.007962 -0.082943 -0.117719
v -0.018989 -0.130593 -0.118239
v -0.017463 -0.129282 -0.113757
v -0.019765 -0.126424 -0.113273
v -0.012772 -0.109172 -0.100767
v -0.010915 -0.074420 -0.103923
v -0.010556 -0.081993 -0.114029
v -0.005519 -0.080261 -0.109653
v -0.008703 -0.080870 -0.115166
v -0.008784 -0.079704 -0.113567
v -0.016243 -0.126432 -0.110949
v -0.007239 -0.080556 -0.114717
v -0.007773 -0.079401 -0.113340
v -0.018190 -0.127955 -0.111998
v -0.018638 -0.127047 -0.111386
v -0.019929 -0.124303 -0.110593
v -0.012076 -0.072719 -0.099640
v -0.009906 -0.076838 -0.109063
v -0.008297 -0.077205 -0.110981
v -0.015095 -0.080168 -0.099412
v -0.005895 -0.073793 -0.106004
v -0.007938 -0.077654 -0.111427
v -0.006986 -0.075902 -0.109298
v -0.016691 -0.126318 -0.109791
v -0.019196 -0.125681 -0.109427
v -0.016194 -0.114915 -0.097417
v -0.020305 -0.119019 -0.111095
v -0.019786 -0.121550 -0.103587
v -0.020760 -0.115902 -0.100928
v -0.017488 -0.125441 -0.108169
v -0.017937 -0.119559 -0.100266
v -0.020812 -0.108732 -0.100210
v -0.004725 -0.072834 -0.099894
v -0.009040 -0.074689 -0.106938
v -0.007648 -0.073790 -0.107227
v -0.007825 -0.070935 -0.103595
v -0.006921 -0.072329 -0.105172
v -0.005819 -0.069189 -0.101624
v -0.018999 -0.123328 -0.105396
v -0.019798 -0.124180 -0.108195
v -0.009932 -0.068854 -0.099447
v -0.005370 -0.072180 -0.103219
v -0.017350 -0.116246 -0.097075
v -0.006407 -0.073761 -0.089651
v -0.004606 -0.065551 -0.095013
v -0.019053 -0.117828 -0.098114
v -0.020804 -0.094402 -0.086737
v -0.005300 -0.068478 -0.099659
v -0.009499 -0.065327 -0.095190
v -0.005462 -0.065189 -0.097376
v -0.020829 -0.112756 -0.095993
v -0.017303 -0.114480 -0.094455
v -0.006251 -0.066684 -0.099171
v -0.020015 -0.115654 -0.096091
v -0.021128 -0.108696 -0.093063
v -0.020246 -0.112990 -0.093105
v -0.019262 -0.082266 -0.082754
v -0.005991 -0.063442 -0.095472
v -0.007330 -0.057413 -0.087859
v -0.019694 -0.114510 -0.094058
v -0.017172 -0.110885 -0.090219
v -0.015436 -0.107875 -0.090975
v -0.009311 -0.056671 -0.084759
v -0.005284 -0.062232 -0.093149
v -0.019285 -0.110365 -0.088822
v -0.021342 -0.102257 -0.081748
v -0.004426 -0.051044 -0.068809
v -0.004174 -0.062324 -0.089886
v -0.004575 -0.057551 -0.086532
v -0.017806 -0.108299 -0.086675
v -0.020225 -0.109682 -0.089052
v -0.016447 -0.103560 -0.083987
v -0.015632 -0.067944 -0.082497
v -0.011283 -0.055426 -0.080006
v -0.005948 -0.056374 -0.086795
v -0.021502 -0.100683 -0.084093
v -0.018243 -0.103569 -0.080878
v -0.004039 -0.057050 -0.081595
v -0.020200 -0.107464 -0.085578
v -0.009530 -0.074380 -0.074770
v -0.004538 -0.055081 -0.083579
v -0.004057 -0.054048 -0.081639
v -0.020327 -0.105763 -0.083944
v -0.020335 -0.104778 -0.082312
v -0.021236 -0.099409 -0.077302
v -0.021925 -0.096455 -0.077478
v -0.019429 -0.105113 -0.082140
v -0.013136 -0.065527 -0.088115
v -0.004772 -0.051224 -0.079470
v -0.007051 -0.051116 -0.079540
v -0.019450 -0.103211 -0.079994
v -0.018037 -0.101132 -0.078416
v -0.021885 -0.084854 -0.070596
v -0.005856 -0.049708 -0.078583
v -0.005733 -0.051998 -0.081274
v -0.018857 -0.102452 -0.079090
v -0.020415 -0.101613 -0.078982
v -0.020288 -0.100136 -0.076726
v -0.021592 -0.096091 -0.073960
v -0.021915 -0.092703 -0.074317
v -0.005090 -0.049176 -0.077613
v -0.018161 -0.099584 -0.076329
v -0.018534 -0.096758 -0.072971
v -0.019471 -0.097244 -0.073003
v -0.005819 -0.046975 -0.075142
v -0.005139 -0.046273 -0.074080
v -0.005938 -0.041811 -0.069057
v -0.020651 -0.097919 -0.074822
v -0.021651 -0.092923 -0.070504
v -0.017192 -0.093832 -0.071672
v -0.017498 -0.088362 -0.064849
v -0.003856 -0.047489 -0.069592
v -0.020396 -0.096895 -0.072914
v -0.009022 -0.044370 -0.069611
v -0.019577 -0.093452 -0.068703
v -0.022320 -0.088578 -0.068666
v -0.007908 -0.041098 -0.066832
v -0.005617 -0.039390 -0.065569
v -0.004100 -0.040195 -0.063471
v -0.021256 -0.090241 -0.066161
v -0.019537 -0.089213 -0.063983
v -0.021487 -0.089166 -0.065241
v -0.021867 -0.078959 -0.065675
v -0.022032 -0.074099 -0.061133
v -0.003608 -0.041357 -0.058620
v -0.003998 -0.043748 -0.069506
v -0.006821 -0.038088 -0.064273
v -0.022170 -0.087324 -0.066846
v -0.022348 -0.084713 -0.063916
v -0.022207 -0.083140 -0.062706
v -0.012975 -0.044177 -0.062573
v -0.009792 -0.042063 -0.066272
v -0.005973 -0.037317 -0.063274
v -0.005247 -0.034497 -0.058597
v -0.020364 -0.088909 -0.063625
v -0.017943 -0.086400 -0.062516
v -0.022253 -0.086002 -0.065123
v -0.017385 -0.082691 -0.059058
v -0.016112 -0.077638 -0.056636
v -0.019957 -0.065435 -0.062948
v -0.021750 -0.083649 -0.059554
v -0.022455 -0.081948 -0.060336
v -0.014275 -0.087492 -0.071928
v -0.009624 -0.060193 -0.057322
v -0.018591 -0.042343 -0.044129
v -0.009521 -0.035362 -0.057612
v -0.006855 -0.033703 -0.058157
v -0.020483 -0.085346 -0.059935
v -0.018211 -0.083567 -0.059080
v -0.022696 -0.071221 -0.053288
v -0.003531 -0.037599 -0.058306
v -0.019771 -0.083378 -0.058235
v -0.022877 -0.077004 -0.056210
v -0.021869 -0.051192 -0.042033
v -0.021624 -0.079472 -0.054450
v -0.020906 -0.081193 -0.055856
v -0.022456 -0.061542 -0.047943
v -0.002730 -0.034935 -0.053599
v -0.006285 -0.031862 -0.056061
v -0.008494 -0.029821 -0.051516
v -0.018919 -0.075649 -0.050321
v -0.022591 -0.076813 -0.054251
v -0.017331 -0.075351 -0.051605
v -0.022928 -0.075287 -0.055153
v -0.022975 -0.070774 -0.049852
v -0.012721 -0.050261 -0.035531
v -0.002929 -0.033313 -0.049340
v -0.003663 -0.032194 -0.053124
v -0.006125 -0.030310 -0.052967
v -0.020775 -0.078942 -0.053253
v -0.019801 -0.079053 -0.053127
v -0.022045 -0.075782 -0.051281
v -0.009724 -0.025291 -0.044752
v -0.003770 -0.029987 -0.050721
v -0.021169 -0.074524 -0.049054
v -0.022842 -0.072652 -0.050586
v -0.016876 -0.063314 -0.040051
v -0.006874 -0.027774 -0.049582
v -0.003546 -0.030265 -0.049794
v -0.019555 -0.071768 -0.046155
v -0.021834 -0.071153 -0.046301
v -0.018634 -0.070700 -0.045610
v -0.022597 -0.071878 -0.048574
v -0.011989 -0.023202 -0.038332
v -0.002969 -0.030425 -0.048148
v -0.003938 -0.025934 -0.044362
v -0.007627 -0.024963 -0.045419
v -0.023131 -0.068505 -0.047879
v -0.021433 -0.044733 -0.038067
v -0.003519 -0.028426 -0.043923
v -0.021179 -0.070641 -0.045536
v -0.022009 -0.067445 -0.043164
v -0.022621 -0.062654 -0.040144
v -0.005868 -0.024796 -0.044892
v -0.020836 -0.065426 -0.040357
v -0.018834 -0.066577 -0.041229
v -0.023259 -0.057538 -0.040002
v -0.014613 -0.029239 -0.040193
v -0.014998 -0.021278 -0.030369
v -0.003895 -0.024953 -0.040066
v -0.010842 -0.020519 -0.036325
v -0.004816 -0.023381 -0.040887
v -0.004113 -0.022241 -0.037496
v -0.005133 -0.019858 -0.036109
v -0.018644 -0.062838 -0.037117
v -0.019473 -0.063246 -0.037311
v -0.021837 -0.064169 -0.039602
v -0.023191 -0.058955 -0.038979
v -0.021702 -0.061589 -0.037087
v -0.004293 -0.025185 -0.035923
v -0.008219 -0.021116 -0.039066
v -0.006268 -0.020591 -0.038073
v -0.021405 -0.062979 -0.038286
v -0.024004 -0.053101 -0.034136
v -0.023541 -0.051601 -0.035984
v -0.023872 -0.047646 -0.033051
v -0.011333 -0.016418 -0.031236
v -0.017304 -0.058179 -0.033575
v -0.016614 -0.057053 -0.033689
v -0.017119 -0.056893 -0.032514
v -0.013062 -0.037144 -0.018851
v -0.022326 -0.041690 -0.033819
v -0.018574 -0.033689 -0.035332
v -0.003964 -0.021116 -0.032097
v -0.013567 -0.018825 -0.030603
v -0.004136 -0.019819 -0.034597
v -0.006328 -0.016176 -0.032435
v -0.008032 -0.017136 -0.033776
v -0.019861 -0.059674 -0.034176
v -0.022774 -0.057403 -0.034788
v -0.024723 -0.044459 -0.029521
v -0.020747 -0.032701 -0.030624
v -0.005898 -0.028014 -0.032372
v -0.009699 -0.015408 -0.031247
v -0.019390 -0.057395 -0.031544
v -0.023484 -0.053963 -0.031679
v -0.024486 -0.050450 -0.032181
v -0.010848 -0.035405 -0.023087
v -0.008240 -0.011498 -0.028002
v -0.011809 -0.012886 -0.028187
v -0.018171 -0.055168 -0.029670
v -0.024561 -0.049979 -0.030717
v -0.023200 -0.038031 -0.030044
v -0.025828 -0.041812 -0.026532
v -0.025699 -0.039724 -0.026486
v -0.004113 -0.021702 -0.028700
v -0.015704 -0.018452 -0.026680
v -0.013447 -0.015778 -0.028649
v -0.004012 -0.017753 -0.031163
v -0.003516 -0.015035 -0.028085
v -0.023805 -0.050347 -0.028406
v -0.017388 -0.049507 -0.024798
v -0.024821 -0.047997 -0.030289
v -0.025065 -0.046972 -0.028283
v -0.026374 -0.036221 -0.024427
v -0.021317 -0.029217 -0.027477
v -0.018983 -0.025021 -0.027116
v -0.006831 -0.026618 -0.025363
v -0.017796 -0.021667 -0.025309
v -0.003246 -0.018334 -0.027382
v -0.013908 -0.013990 -0.027562
v -0.004926 -0.016290 -0.031420
v -0.006241 -0.011713 -0.027576
v -0.004502 -0.010211 -0.024555
v -0.021650 -0.054282 -0.029681
v -0.023699 -0.048105 -0.026019
v -0.021743 -0.047813 -0.024278
v -0.025257 -0.044608 -0.027313
v -0.025816 -0.042203 -0.024930
v -0.026572 -0.038669 -0.024427
v -0.024630 -0.030917 -0.024387
v -0.007854 -0.026690 -0.022127
v -0.003678 -0.021043 -0.024835
v -0.015525 -0.016630 -0.026131
v -0.017646 -0.020337 -0.024880
v -0.017378 -0.018647 -0.024594
v -0.001878 -0.015622 -0.023609
v -0.015351 -0.014671 -0.026217
v -0.002552 -0.013011 -0.024513
v -0.020157 -0.010889 -0.026896
v -0.017647 -0.011523 -0.026455
v -0.024943 -0.007271 -0.026234
v -0.021355 -0.014343 -0.024983
v -0.015818 -0.010493 -0.026510
v -0.015284 -0.012564 -0.026423
v -0.014234 -0.011440 -0.026695
v -0.017641 -0.006643 -0.027665
v -0.014683 -0.008615 -0.026455
v -0.014833 -0.004337 -0.027373
v -0.014144 -0.006922 -0.026413
v -0.013645 -0.005277 -0.026013
v -0.011703 -0.010247 -0.026424
v -0.009075 -0.010011 -0.026659
v -0.014788 -0.002523 -0.027551
v -0.025538 -0.000620 -0.027072
v -0.034995 -0.002102 -0.025596
v -0.018560 0.002722 -0.027537
v -0.013923 -0.001676 -0.026582
v -0.021105 0.001480 -0.027777
v -0.029182 0.004810 -0.025648
v -0.015746 0.000721 -0.027524
v -0.013480 0.009415 -0.024519
v -0.013620 0.002485 -0.026348
v -0.013253 0.002316 -0.025896
v -0.034415 0.005250 -0.024890
v -0.020063 0.008013 -0.025744
v -0.017699 -0.045071 -0.021553
v -0.026270 -0.033805 -0.022445
v -0.027042 -0.037049 -0.022108
v -0.024099 -0.024824 -0.022324
v -0.025272 -0.029702 -0.023219
v -0.024434 -0.027736 -0.023219
v -0.020157 -0.023558 -0.024694
v -0.022601 -0.022584 -0.022265
v -0.018815 -0.020336 -0.024095
v -0.002015 -0.018306 -0.022657
v -0.017307 -0.014409 -0.025300
v -0.024154 -0.013365 -0.024849
v -0.025270 -0.012984 -0.024217
v -0.017842 -0.016034 -0.024544
v -0.001925 -0.013508 -0.022490
v -0.033034 -0.012068 -0.022968
v -0.031854 -0.004705 -0.025614
v -0.037311 -0.009231 -0.022851
v -0.035291 -0.007696 -0.024467
v -0.028370 -0.010311 -0.024317
v -0.011682 -0.007381 -0.025282
v -0.007254 -0.008509 -0.024967
v -0.037386 -0.000045 -0.024730
v -0.013556 -0.003340 -0.024585
v -0.011709 -0.004962 -0.023982
v -0.014265 -0.000744 -0.022758
v -0.039310 -0.000945 -0.023247
v -0.039141 0.003174 -0.023014
v -0.013937 -0.000871 -0.025057
v -0.013357 0.001039 -0.024432
v -0.036834 0.008114 -0.023123
v -0.011409 0.005796 -0.023761
v -0.010668 0.007622 -0.023416
v -0.033971 0.010224 -0.022943
v -0.020173 0.013696 -0.022806
v -0.016967 0.012666 -0.023423
v -0.010908 0.015123 -0.021033
v -0.025984 -0.040421 -0.023356
v -0.008927 -0.028908 -0.020932
v -0.007964 -0.026499 -0.018995
v -0.020405 -0.021600 -0.022717
v -0.005476 -0.023962 -0.022816
v -0.001878 -0.018932 -0.021487
v -0.019381 -0.018583 -0.023303
v -0.019793 -0.016454 -0.023905
v -0.026288 -0.016706 -0.021368
v -0.023762 -0.021355 -0.021112
v -0.022140 -0.017360 -0.022632
v -0.035665 -0.012118 -0.022224
v -0.030835 -0.013472 -0.022190
v -0.034103 -0.015025 -0.020726
v -0.003152 -0.009627 -0.022007
v -0.039051 -0.005529 -0.022784
v -0.005067 -0.006406 -0.022483
v -0.009557 -0.004862 -0.023188
v -0.013580 0.000902 -0.022937
v -0.011688 0.004396 -0.023085
v -0.011541 0.004496 -0.021827
v -0.039079 0.008695 -0.021155
v -0.009959 0.005937 -0.021984
v -0.008117 0.008621 -0.022460
v -0.002792 0.008206 -0.023709
v -0.001799 0.008690 -0.024483
v -0.003778 0.008087 -0.022627
v -0.002059 0.008215 -0.020535
v -0.036311 0.012449 -0.021183
v -0.008580 0.009660 -0.022548
v -0.003634 0.010557 -0.022887
v -0.003805 0.009169 -0.022929
v -0.009610 0.012362 -0.021898
v -0.005876 0.011289 -0.022076
v -0.001990 0.010541 -0.023965
v -0.003678 0.012632 -0.021547
v -0.022045 0.016941 -0.019994
v -0.009397 0.016765 -0.018834
v -0.001906 0.012505 -0.022429
v -0.015213 0.017764 -0.019532
v -0.021982 -0.046205 -0.022662
v -0.019718 -0.046449 -0.022465
v -0.023532 -0.043867 -0.022567
v -0.018406 -0.042125 -0.018941
v -0.026929 -0.036568 -0.021448
v -0.027040 -0.033796 -0.020410
v -0.009633 -0.029203 -0.018596
v -0.025194 -0.025802 -0.021173
v -0.027242 -0.029186 -0.017212
v -0.025929 -0.025846 -0.018942
v -0.024224 -0.022776 -0.020918
v -0.002139 -0.020234 -0.020419
v -0.024127 -0.019921 -0.021003
v -0.036904 -0.018781 -0.015940
v -0.030291 -0.017854 -0.018841
v -0.038763 -0.013466 -0.018953
v -0.038959 -0.009438 -0.021265
v -0.002126 -0.011782 -0.019347
v -0.000457 -0.012649 -0.018874
v -0.002383 -0.009465 -0.020029
v -0.002779 -0.006884 -0.020372
v -0.004629 -0.004300 -0.021389
v -0.002741 -0.002918 -0.020697
v -0.040056 -0.005403 -0.018304
v -0.040311 0.001914 -0.020722
v -0.013363 -0.002204 -0.021053
v -0.011902 -0.002527 -0.020964
v -0.007617 -0.002593 -0.021476
v -0.005936 -0.002948 -0.021396
v -0.004023 -0.001280 -0.020840
v -0.001584 -0.000784 -0.021361
v -0.013421 0.000591 -0.021167
v -0.010203 -0.001008 -0.020607
v -0.009891 0.000727 -0.020197
v -0.007478 0.000514 -0.020074
v -0.012176 0.001140 -0.020889
v -0.011727 0.003039 -0.021233
v -0.002436 0.000579 -0.021025
v -0.002002 0.002309 -0.020789
v -0.010380 0.003315 -0.020306
v -0.010005 0.004993 -0.020437
v -0.007480 0.007793 -0.021907
v -0.005984 0.009171 -0.022419
v -0.004922 0.007418 -0.020788
v -0.035390 0.018094 -0.016109
v -0.007846 0.012970 -0.021205
v -0.005885 0.015144 -0.019196
v -0.002357 0.013974 -0.020264
v -0.001795 0.013000 -0.021306
v -0.019365 -0.037704 -0.016252
v -0.022543 -0.038690 -0.018499
v -0.015310 -0.038527 -0.017140
v -0.021001 -0.035280 -0.015401
v -0.024742 -0.036978 -0.019360
v -0.026285 -0.035597 -0.019440
v -0.027108 -0.032971 -0.018833
v -0.010437 -0.031141 -0.017481
v -0.004942 -0.023965 -0.017671
v -0.025303 -0.021353 -0.019091
v -0.002773 -0.021846 -0.018302
v -0.001809 -0.020666 -0.019033
v 0.000007 -0.020926 -0.018757
v -0.026797 -0.019942 -0.018406
v -0.029131 -0.020457 -0.016410
v -0.027471 -0.020547 -0.017036
v -0.037485 -0.015080 -0.019203
v -0.039000 -0.016621 -0.015829
v -0.040371 -0.014391 -0.014822
v -0.039951 -0.009514 -0.019518
v -0.040354 -0.004510 -0.020681
v -0.001815 -0.008727 -0.018727
v -0.001893 -0.004859 -0.020048
v -0.001049 -0.005887 -0.019068
v -0.040313 0.005852 -0.018926
v -0.004969 0.002237 -0.019655
v -0.007978 0.003303 -0.018795
v -0.004608 0.003258 -0.018949
v -0.040110 0.009717 -0.018585
v -0.009220 0.004211 -0.018946
v -0.006054 0.005337 -0.018894
v -0.007732 0.006472 -0.019866
v -0.002894 0.005046 -0.018970
v -0.004673 0.006579 -0.019001
v -0.001639 0.007034 -0.019269
v -0.006135 0.018219 -0.017063
v -0.002256 0.019216 -0.015673
v -0.036144 0.016655 -0.017229
v -0.011179 0.019895 -0.016647
v -0.015810 -0.036610 -0.015593
v -0.024109 -0.034653 -0.017331
v -0.013489 -0.034807 -0.015516
v -0.011166 -0.031617 -0.015327
v -0.002431 -0.022070 -0.015145
v -0.034233 -0.022413 -0.011639
v -0.031521 -0.022496 -0.012884
v -0.040189 -0.010634 -0.016092
v -0.040051 -0.012898 -0.012227
v -0.039121 -0.002028 -0.017376
v -0.039806 0.001247 -0.018416
v -0.040072 0.006009 -0.017320
v -0.040204 0.011736 -0.016683
v -0.039423 0.011996 -0.018856
v -0.038952 0.014815 -0.017134
v -0.040241 0.013285 -0.014893
v -0.039414 0.016212 -0.014463
v -0.016264 -0.031857 -0.011913
v -0.026056 -0.032847 -0.017138
v -0.023172 -0.031892 -0.015332
v -0.010053 -0.029247 -0.015471
v -0.009436 -0.029013 -0.013723
v -0.006414 -0.026851 -0.010970
v -0.008124 -0.027075 -0.015372
v -0.005595 -0.025595 -0.011852
v -0.004294 -0.023719 -0.012190
v -0.002269 -0.022008 -0.013172
v -0.027295 -0.024277 -0.015227
v -0.028712 -0.022442 -0.014797
v -0.027268 -0.022931 -0.015622
v -0.000582 -0.021848 -0.014957
v -0.037493 -0.020397 -0.012294
v -0.039794 -0.007963 -0.016115
v -0.038146 -0.004102 -0.016044
v -0.037810 -0.000965 -0.016687
v -0.038688 0.000255 -0.017097
v -0.039323 0.002843 -0.016842
v -0.040193 0.009939 -0.016412
v -0.039371 0.018408 -0.011006
v -0.040104 0.016260 -0.012042
v -0.037570 0.018822 -0.013724
v -0.021593 0.021537 -0.014753
v -0.034609 0.020583 -0.012484
v -0.015448 0.022236 -0.014199
v -0.010606 0.024556 -0.008359
v -0.014424 -0.032860 -0.012845
v -0.012506 -0.031830 -0.013005
v -0.010777 -0.030070 -0.013491
v -0.020279 -0.032912 -0.012887
v -0.023254 -0.030072 -0.014585
v -0.023913 -0.026671 -0.013039
v -0.027402 -0.029965 -0.016176
v -0.027259 -0.026401 -0.015060
v -0.027043 -0.026100 -0.013423
v -0.028553 -0.024027 -0.013951
v -0.030501 -0.022042 -0.014024
v -0.028564 -0.024363 -0.012669
v 0.000100 -0.022455 -0.013273
v -0.039076 -0.018562 -0.013273
v -0.040513 -0.018264 -0.008111
v -0.039430 -0.011278 -0.012548
v -0.038281 -0.007252 -0.014838
v -0.037025 -0.006267 -0.015039
v -0.036420 -0.007212 -0.013549
v -0.036795 -0.001619 -0.015501
v -0.035589 -0.004936 -0.013749
v -0.036809 0.004510 -0.015024
v -0.035955 0.000205 -0.013145
v -0.038346 0.005593 -0.015372
v -0.035616 0.002984 -0.013032
v -0.039050 0.008444 -0.014853
v -0.036463 0.007402 -0.013414
v -0.036270 0.005315 -0.013659
v -0.035348 0.008496 -0.012189
v -0.040252 0.014305 -0.012902
v -0.037159 0.019912 -0.011849
v -0.027139 0.022083 -0.011736
v -0.035498 0.022365 -0.008361
v -0.007154 0.021584 -0.013397
v -0.002344 0.021468 -0.013055
v -0.013140 -0.030183 -0.010405
v -0.018488 -0.030692 -0.011370
v -0.020411 -0.029167 -0.011341
v -0.011460 -0.030491 -0.011827
v -0.009893 -0.029671 -0.011097
v -0.007133 -0.028705 -0.010461
v -0.029731 -0.023970 -0.011039
v -0.027284 -0.024949 -0.010670
v -0.002001 -0.020926 -0.011119
v -0.038395 -0.010573 -0.011968
v -0.036408 -0.009325 -0.011587
v -0.035141 -0.004114 -0.012638
v -0.035266 -0.006730 -0.012531
v -0.035085 -0.006918 -0.011291
v -0.035579 -0.001957 -0.011149
v -0.035337 -0.003116 -0.009911
v -0.036248 0.002184 -0.011015
v -0.035180 0.003636 -0.012338
v -0.035223 0.004238 -0.010687
v -0.035372 0.006521 -0.012742
v -0.035134 0.007040 -0.011575
v -0.035744 0.010510 -0.010774
v -0.039647 0.011004 -0.013409
v -0.036397 0.009607 -0.012022
v -0.039258 0.012220 -0.011486
v -0.023621 0.024814 -0.007108
v -0.019709 0.023979 -0.010851
v -0.021482 -0.027968 -0.011400
v -0.021862 -0.026514 -0.010785
v -0.016152 -0.029770 -0.009836
v -0.009363 -0.029411 -0.008920
v -0.005858 -0.029003 -0.004631
v -0.005694 -0.027229 -0.005219
v -0.020518 -0.027639 -0.009271
v -0.005622 -0.025231 -0.007127
v -0.035902 -0.022399 -0.009819
v -0.031048 -0.025646 -0.005041
v -0.004070 -0.022098 -0.007105
v -0.001990 -0.020731 -0.009208
v -0.039817 -0.016004 -0.005345
v -0.036449 -0.010930 -0.009520
v -0.035396 -0.009490 -0.010240
v -0.035179 -0.008315 -0.008915
v -0.036136 -0.003228 -0.009158
v -0.036887 0.002623 -0.009470
v -0.036610 0.004669 -0.008489
v -0.035289 0.004853 -0.009518
v -0.035072 0.006534 -0.008800
v -0.035066 0.009174 -0.009459
v -0.036588 0.011616 -0.009831
v -0.039463 0.014058 -0.008691
v -0.038992 0.020605 -0.006482
v -0.040321 0.018310 -0.005148
v -0.028639 0.023165 -0.008249
v -0.002204 0.022375 -0.009952
v -0.005020 0.024639 -0.005282
v -0.018796 -0.028130 -0.008182
v -0.016250 -0.028814 -0.008379
v -0.011729 -0.028686 -0.007269
v -0.021248 -0.027272 -0.006990
v -0.016981 -0.028257 -0.006747
v -0.013387 -0.028183 -0.004366
v -0.021785 -0.026311 -0.007995
v -0.031529 -0.026262 0.000166
v -0.038569 -0.022538 -0.003195
v -0.004005 -0.022864 -0.003700
v -0.002033 -0.021461 -0.005051
v -0.039493 -0.021139 -0.006220
v -0.001265 -0.020042 -0.007095
v -0.000142 -0.020065 -0.007088
v -0.038500 -0.013551 -0.007502
v -0.035461 -0.010377 -0.008651
v -0.035355 -0.010826 -0.007246
v -0.035886 -0.005871 -0.007972
v -0.037227 -0.001197 -0.008561
v -0.037705 -0.005992 -0.006061
v -0.038982 -0.002308 -0.006050
v -0.038337 0.002858 -0.007732
v -0.035399 0.006862 -0.007650
v -0.037550 0.007192 -0.005645
v -0.037227 0.013142 -0.007872
v -0.035213 0.010946 -0.007638
v -0.040040 0.015244 -0.008745
v -0.038802 0.014695 -0.005508
v -0.039466 0.015569 -0.003669
v -0.040318 0.016754 -0.008505
v -0.002316 0.022542 -0.003615
v -0.001393 0.027181 0.002067
v -0.011673 -0.027827 -0.003228
v -0.009442 -0.029088 -0.006808
v -0.007670 -0.028896 -0.002080
v -0.006072 -0.029217 -0.002223
v -0.027834 -0.025591 -0.006964
v -0.020730 -0.027959 -0.005723
v 0.000384 -0.021926 -0.005202
v -0.000934 -0.020684 -0.005674
v -0.040625 -0.019286 -0.001617
v -0.036963 -0.013542 -0.005519
v -0.035671 -0.012269 -0.006712
v -0.035492 -0.010295 -0.005264
v -0.036499 -0.008159 -0.005004
v -0.035535 -0.008948 -0.006179
v -0.038835 -0.006235 -0.003795
v -0.039144 0.004206 -0.005973
v -0.036239 0.007835 -0.006021
v -0.035176 0.008618 -0.006326
v -0.035155 0.010487 -0.005067
v -0.035310 0.012485 -0.006554
v -0.037992 0.014868 -0.002600
v -0.026412 0.024572 -0.003986
v -0.018634 0.025890 -0.003596
v -0.009291 0.025416 -0.003318
v -0.001440 0.028033 0.000676
v -0.026880 -0.026854 -0.002390
v -0.024230 -0.028097 0.001611
v -0.009031 -0.028241 -0.002876
v -0.004177 -0.026846 -0.002627
v -0.037433 -0.023108 0.001375
v -0.001987 -0.022359 -0.003136
v -0.002908 -0.024031 -0.002262
v -0.039375 -0.021145 0.003325
v 0.000135 -0.022311 -0.003202
v -0.035326 -0.012688 -0.003633
v -0.034964 -0.012671 -0.000417
v -0.035142 -0.010697 -0.001879
v -0.038858 0.006799 -0.003170
v -0.036218 0.009268 -0.004068
v -0.035247 0.011061 -0.002106
v -0.037379 0.013855 -0.004621
v -0.039875 0.015622 0.001630
v -0.002264 0.022013 0.002411
v -0.032909 0.023857 -0.002306
v -0.004665 0.025454 0.001088
v -0.003733 0.024756 0.000805
v -0.011359 0.025852 0.000969
v -0.016049 -0.027879 0.006533
v -0.010975 -0.028216 -0.000758
v -0.002172 -0.024197 -0.000722
v 0.000503 -0.024680 -0.001166
v -0.000363 -0.022555 -0.001197
v -0.039582 -0.016191 -0.000354
v -0.038552 -0.015367 -0.002678
v -0.036734 -0.014676 -0.003280
v -0.035481 -0.014473 -0.002779
v -0.035272 -0.014534 0.000584
v -0.038687 0.004444 0.004180
v -0.037523 0.008422 -0.002217
v -0.036094 0.010320 -0.001427
v -0.036450 0.012961 -0.001625
v -0.037331 0.014842 0.000073
v -0.037396 0.022376 -0.002630
v -0.029513 0.024091 -0.002446
v -0.026149 0.024679 0.001038
v -0.005880 0.025838 0.000590
v -0.025592 -0.027536 0.003268
v -0.020302 -0.028055 0.005644
v -0.011843 -0.028039 0.002474
v -0.008763 -0.028517 0.000656
v -0.009604 -0.028290 0.002591
v -0.006325 -0.030289 0.002807
v -0.005193 -0.029853 0.000589
v -0.003760 -0.029356 -0.000584
v -0.003335 -0.030023 0.001423
v -0.002310 -0.027905 0.001607
v -0.027554 -0.026463 0.006662
v -0.033647 -0.024992 0.000548
v 0.000002 -0.025779 0.000875
v -0.035981 -0.022811 0.005475
v -0.001567 -0.023682 0.000327
v -0.040537 -0.018458 0.002854
v -0.040330 -0.018222 0.006318
v -0.035740 -0.009977 0.002523
v -0.038923 -0.005873 0.000837
v -0.038785 -0.003857 0.003058
v -0.038896 0.007284 -0.000744
v -0.036417 0.009998 0.000402
v -0.036204 0.012911 0.000643
v -0.035808 0.022418 0.003508
v -0.022461 0.025993 0.000090
v -0.010264 0.025563 0.005324
v -0.004529 -0.031129 0.003779
v -0.003551 -0.031353 0.004733
v -0.002531 -0.030093 0.007326
v -0.012728 -0.028183 0.005854
v -0.011016 -0.028257 0.004603
v -0.002023 -0.026891 0.003262
v -0.002126 -0.026208 0.001011
v -0.038793 -0.020231 0.007327
v -0.037258 -0.007417 0.005026
v -0.036183 -0.008111 0.005789
v -0.036473 0.009940 0.002313
v -0.036808 0.013356 0.002670
v -0.038512 0.014313 0.004293
v -0.040112 0.017828 0.003119
v -0.039914 0.015195 0.005822
v -0.040268 0.016437 0.005978
v -0.039027 0.020732 -0.000185
v -0.039009 0.018701 0.007637
v -0.037034 0.021092 0.005898
v -0.029873 0.023468 0.003037
v -0.021737 0.024935 0.006532
v -0.003793 0.026198 0.003765
v -0.005551 -0.032554 0.005620
v -0.009224 -0.029487 0.005084
v -0.029933 -0.025058 0.005966
v -0.025150 -0.027244 0.006111
v -0.000095 -0.026364 0.003370
v -0.040470 -0.016738 0.005923
v -0.037738 -0.014985 0.003564
v -0.039838 -0.015283 0.006050
v -0.037129 -0.014301 0.004793
v -0.035459 -0.014344 0.003717
v -0.035197 -0.012832 0.004450
v -0.035122 -0.010919 0.004472
v -0.037449 -0.003920 0.005844
v -0.038449 0.001777 0.006483
v -0.037350 0.007601 0.003423
v -0.037935 0.014817 0.002925
v -0.036730 0.012930 0.004683
v -0.001624 0.020548 0.003330
v -0.002518 0.021947 0.004373
v -0.033729 0.020425 0.010731
v -0.027391 0.022187 0.008904
v -0.003477 0.024581 0.002449
v -0.001864 0.026646 0.003933
v -0.002009 0.027641 0.004950
v -0.004174 -0.032965 0.005714
v -0.007963 -0.032132 0.006300
v -0.004095 -0.035917 0.008523
v -0.005947 -0.042681 0.013204
v -0.003410 -0.033724 0.006992
v -0.002837 -0.033285 0.008014
v -0.009642 -0.038439 0.011621
v -0.010866 -0.029631 0.006980
v 0.000005 -0.025838 0.006345
v -0.010425 -0.028767 0.005653
v -0.002173 -0.026184 0.008419
v -0.031474 -0.023375 0.007456
v -0.002125 -0.026914 0.006187
v -0.040438 -0.016646 0.007805
v -0.035409 -0.009750 0.005007
v -0.037412 0.001619 0.008094
v -0.035971 0.010314 0.004527
v -0.036154 0.010931 0.006588
v -0.039910 0.013099 0.008712
v -0.039319 0.017447 0.008368
v -0.002998 0.022266 0.008232
v -0.037236 0.018693 0.011089
v -0.011387 0.024908 0.008238
v -0.004175 0.026425 0.004613
v -0.006090 0.026014 0.005138
v -0.001600 0.027866 0.006455
v -0.002501 0.026179 0.008605
v -0.003380 -0.038076 0.010202
v -0.002000 -0.038567 0.011911
v -0.001962 -0.034640 0.011646
v -0.011792 -0.029825 0.008230
v -0.024217 -0.026258 0.008306
v -0.015417 -0.027889 0.008399
v -0.018863 -0.027335 0.008154
v -0.013284 -0.028523 0.008612
v -0.011996 -0.028680 0.007749
v -0.028278 -0.024342 0.008414
v -0.032893 -0.022057 0.009118
v -0.025025 -0.025048 0.009930
v -0.027899 -0.023372 0.010127
v -0.039745 -0.013492 0.008491
v -0.037684 -0.012575 0.008140
v -0.035376 -0.011816 0.006536
v -0.036750 -0.011076 0.008765
v -0.035264 -0.010632 0.006778
v -0.035219 -0.008560 0.008267
v -0.036813 0.004169 0.008065
v -0.036084 0.006559 0.007944
v -0.036531 0.009203 0.008902
v -0.037622 0.012709 0.008114
v -0.039983 0.011101 0.011448
v -0.024236 0.023068 0.009405
v -0.002471 0.024757 0.008575
v -0.005082 0.025834 0.008221
v -0.004161 -0.042348 0.012930
v -0.014945 -0.029663 0.011582
v -0.021029 -0.026144 0.010257
v -0.014125 -0.028642 0.009989
v -0.002454 -0.028419 0.010655
v -0.021806 -0.026266 0.008606
v -0.002189 -0.024474 0.009931
v -0.029803 -0.022488 0.008795
v -0.030775 -0.020955 0.012616
v -0.035017 -0.020601 0.011717
v -0.040226 -0.016279 0.010110
v -0.040436 -0.014671 0.009632
v -0.038441 -0.012558 0.008542
v -0.039601 -0.011428 0.010593
v -0.036457 -0.009056 0.010186
v -0.035345 -0.007444 0.007567
v -0.035199 -0.007898 0.009598
v -0.035103 -0.005497 0.008933
v -0.036341 -0.000538 0.009732
v -0.036710 0.001980 0.010334
v -0.035234 -0.004804 0.010400
v -0.035406 -0.004388 0.009336
v -0.036720 0.005161 0.010855
v -0.036843 0.008399 0.010380
v -0.038184 0.010693 0.009391
v -0.039235 0.009181 0.011066
v -0.039111 0.016951 0.010969
v -0.021053 0.024135 0.009266
v -0.018171 0.024428 0.008856
v -0.019395 0.024687 0.010941
v -0.017142 0.024523 0.010070
v -0.003895 0.025851 0.008748
v -0.005804 0.024514 0.010531
v -0.004059 0.024231 0.009643
v -0.013133 0.024114 0.010613
v -0.001007 0.025475 0.010155
v -0.009476 -0.045823 0.018194
v -0.003140 -0.042587 0.013751
v -0.001857 -0.040901 0.013890
v -0.012110 -0.033716 0.010452
v -0.001322 -0.039376 0.014894
v -0.016071 -0.028616 0.012146
v -0.002182 -0.033508 0.014796
v -0.003099 -0.028207 0.013624
v -0.019406 -0.027423 0.012755
v -0.016974 -0.027935 0.011199
v -0.024738 -0.024384 0.012234
v -0.022679 -0.025677 0.012756
v -0.002995 -0.025141 0.012665
v -0.027590 -0.022461 0.011748
v -0.024488 -0.024871 0.015086
v -0.036074 -0.017060 0.014687
v -0.039389 -0.018516 0.009595
v -0.028536 -0.020920 0.013898
v -0.026992 -0.022024 0.013901
v -0.002174 -0.022479 0.011319
v -0.039689 -0.014851 0.013286
v -0.040243 -0.014390 0.012075
v -0.040358 -0.012718 0.011706
v -0.039112 -0.009972 0.011598
v -0.040175 -0.010903 0.012536
v -0.039691 -0.008547 0.012939
v -0.037059 -0.007238 0.011597
v -0.037205 -0.006445 0.012415
v -0.036140 -0.005039 0.012065
v -0.035541 -0.003109 0.010077
v -0.035371 -0.004113 0.011764
v -0.035434 -0.001389 0.011290
v -0.036449 -0.000563 0.011930
v -0.037099 0.004536 0.012285
v -0.039285 0.007761 0.012335
v -0.038789 0.005926 0.012650
v -0.040050 0.010929 0.014150
v -0.040218 0.005885 0.014440
v -0.037766 0.017291 0.011827
v -0.002661 0.018006 0.011955
v -0.002318 0.020137 0.009586
v -0.003255 0.021435 0.009539
v -0.024745 0.021897 0.012090
v -0.022784 0.023560 0.010377
v -0.005364 0.023100 0.011182
v -0.021283 0.025138 0.012066
v -0.015979 0.024273 0.012570
v -0.013789 0.023689 0.012066
v -0.011635 0.023503 0.011691
v -0.009393 0.024038 0.010997
v -0.006760 0.022985 0.011806
v -0.019396 0.025712 0.013064
v -0.003704 -0.046493 0.016972
v -0.001854 -0.043674 0.016439
v -0.014033 -0.034925 0.014233
v -0.016479 -0.029699 0.013482
v -0.002674 -0.034621 0.016724
v -0.016643 -0.032297 0.015352
v -0.022551 -0.027058 0.015088
v -0.025404 -0.023584 0.014321
v -0.003643 -0.022476 0.014457
v -0.032853 -0.015573 0.017568
v -0.001947 -0.020761 0.012591
v -0.002288 -0.020091 0.013815
v -0.038578 -0.013965 0.015299
v -0.040185 -0.012459 0.013984
v -0.040357 -0.010029 0.014247
v -0.039508 -0.005170 0.013928
v -0.039486 -0.001987 0.014396
v -0.039027 0.003085 0.013445
v -0.039161 0.012193 0.015045
v -0.002073 0.016684 0.012531
v -0.002203 0.015954 0.014157
v -0.005496 0.019408 0.013958
v -0.027336 0.020302 0.011877
v -0.025367 0.020810 0.012748
v -0.006629 0.021340 0.012940
v -0.023595 0.023443 0.012655
v -0.022043 0.026353 0.013519
v -0.023461 0.025214 0.015230
v -0.015592 0.024440 0.014185
v -0.016583 0.025065 0.014085
v -0.014154 0.024011 0.014695
v -0.009926 0.021964 0.013904
v -0.008059 0.021307 0.013989
v -0.019262 0.026684 0.014431
v -0.021033 0.028858 0.015616
v -0.005498 -0.047136 0.017174
v -0.003296 -0.048182 0.017960
v -0.007380 -0.048250 0.018526
v -0.008237 -0.053311 0.023164
v -0.006000 -0.053192 0.021670
v -0.002028 -0.045453 0.017369
v -0.001419 -0.043746 0.018264
v -0.001554 -0.038337 0.015926
v -0.018637 -0.028911 0.014035
v -0.004825 -0.026015 0.015302
v -0.004221 -0.031809 0.017789
v -0.025426 -0.023950 0.016558
v -0.006009 -0.025206 0.015951
v -0.027906 -0.019113 0.016054
v -0.026573 -0.021814 0.015791
v -0.001894 -0.018667 0.014474
v -0.039987 -0.010866 0.015668
v -0.040302 -0.008443 0.015981
v -0.040539 0.002657 0.016347
v -0.040237 0.004317 0.018094
v -0.002126 0.014373 0.015876
v -0.035202 0.017336 0.014302
v -0.028919 0.018764 0.013874
v -0.027168 0.019555 0.014064
v -0.026789 0.018322 0.016188
v -0.007003 0.018906 0.018085
v -0.004050 0.016330 0.017657
v -0.026066 0.020748 0.016062
v -0.007660 0.019997 0.015752
v -0.011514 0.022369 0.014574
v -0.011957 0.022643 0.016822
v -0.010237 0.021318 0.015911
v -0.013082 0.024202 0.016704
v -0.015463 0.027384 0.016872
v -0.022339 0.030066 0.016439
v -0.021376 0.030430 0.016272
v -0.002205 -0.048685 0.019777
v -0.003458 -0.050582 0.020288
v -0.001288 -0.040501 0.017867
v -0.008109 -0.027339 0.019832
v -0.027382 -0.019872 0.016029
v -0.005074 -0.017192 0.018911
v -0.027228 -0.018153 0.017313
v -0.002476 -0.017891 0.015651
v -0.039351 -0.011476 0.016578
v -0.035306 -0.013213 0.018562
v -0.002034 -0.013735 0.016292
v -0.002425 -0.010840 0.016151
v -0.002971 -0.011559 0.016349
v -0.003931 -0.008696 0.016213
v -0.005601 -0.007983 0.016525
v -0.003882 -0.006626 0.016188
v -0.040345 -0.001380 0.017916
v -0.005632 -0.004803 0.017922
v -0.005265 -0.005617 0.016369
v -0.003863 -0.004684 0.017087
v -0.002121 0.012965 0.016701
v -0.033519 0.015507 0.016674
v -0.029300 0.016476 0.016110
v -0.027106 0.015875 0.017750
v -0.025702 0.017525 0.016975
v -0.025661 0.016805 0.018170
v -0.026312 0.018729 0.017906
v -0.025126 0.023656 0.016500
v -0.009460 0.020552 0.015612
v -0.027319 0.025162 0.019755
v -0.025361 0.025392 0.017881
v -0.011544 0.022761 0.017981
v -0.022415 0.028278 0.015426
v -0.013398 0.027337 0.018441
v -0.021225 0.035736 0.019833
v -0.018994 0.040559 0.024303
v -0.003597 -0.053292 0.022598
v -0.003221 -0.052333 0.021592
v -0.002044 -0.051106 0.023384
v -0.001319 -0.045573 0.021087
v -0.001394 -0.043477 0.019739
v -0.002365 -0.038585 0.019982
v -0.002230 -0.043473 0.024024
v -0.017531 -0.037758 0.021455
v -0.020350 -0.031543 0.018352
v -0.008078 -0.039452 0.031053
v -0.009959 -0.025356 0.020109
v -0.025030 -0.027130 0.021214
v -0.025584 -0.024883 0.020309
v -0.025907 -0.023446 0.021487
v -0.025891 -0.022416 0.018205
v -0.007168 -0.025782 0.017649
v -0.007019 -0.022281 0.017315
v -0.009967 -0.022278 0.019925
v -0.026245 -0.020390 0.017800
v -0.025513 -0.020657 0.019850
v -0.009569 -0.020636 0.020201
v -0.007636 -0.019475 0.020038
v -0.029665 -0.014934 0.018640
v -0.027018 -0.016356 0.018752
v -0.006269 -0.015092 0.022840
v -0.003799 -0.015314 0.018081
v -0.025485 -0.014548 0.020028
v -0.029626 -0.009448 0.021214
v -0.032468 -0.007589 0.021925
v -0.004669 -0.013542 0.020413
v -0.039423 -0.007990 0.018203
v -0.004152 -0.010916 0.017763
v -0.005910 -0.006673 0.021802
v -0.006061 -0.004808 0.021638
v -0.005669 -0.003068 0.019077
v -0.004161 -0.002558 0.018560
v -0.039146 -0.000800 0.019872
v -0.003489 -0.001005 0.018799
v -0.003679 -0.001003 0.020320
v -0.039192 0.001948 0.020182
v -0.037553 0.013181 0.016730
v -0.034962 0.009453 0.019851
v -0.029210 0.013648 0.018246
v -0.000891 0.012758 0.018453
v -0.027261 0.012275 0.019255
v -0.025459 0.015474 0.019735
v -0.003011 0.014262 0.019014
v -0.005535 0.017166 0.021087
v -0.027310 0.020192 0.019161
v -0.027265 0.020175 0.021530
v -0.008511 0.019832 0.020387
v -0.009840 0.020454 0.018313
v -0.009791 0.020778 0.019757
v -0.011790 0.027405 0.021429
v -0.026068 0.028670 0.021304
v -0.024766 0.027920 0.018954
v -0.016838 0.039486 0.025433
v -0.015009 0.039352 0.028555
v -0.023441 0.029669 0.017544
v -0.024639 0.030604 0.020328
v -0.025157 0.031356 0.022330
v -0.023403 0.032834 0.017693
v -0.022672 0.036290 0.020348
v -0.022337 0.038457 0.021800
v -0.004750 -0.058913 0.026816
v -0.001497 -0.050010 0.024392
v -0.022813 -0.031871 0.022657
v -0.025539 -0.032745 0.032884
v -0.026386 -0.026060 0.027113
v -0.011508 -0.024800 0.022881
v -0.010071 -0.019844 0.021572
v -0.025411 -0.018510 0.019029
v -0.007134 -0.016604 0.022998
v -0.025120 -0.016414 0.019846
v -0.023978 -0.016942 0.021487
v -0.005789 -0.015104 0.022590
v -0.026129 -0.011708 0.020861
v -0.024598 -0.014215 0.020826
v -0.026682 -0.008210 0.021940
v -0.035863 -0.002398 0.022147
v -0.005098 -0.009387 0.023420
v -0.039315 -0.002045 0.020014
v -0.005631 -0.003346 0.021943
v -0.003297 -0.001271 0.022096
v -0.035404 0.002481 0.021938
v -0.039084 0.007210 0.018833
v -0.028764 0.010846 0.019937
v -0.025617 0.012346 0.020058
v -0.027702 0.009980 0.020591
v -0.025963 0.011137 0.020104
v -0.024815 0.010733 0.021453
v -0.000762 0.012625 0.022031
v -0.002283 0.012359 0.023845
v -0.008682 0.021965 0.023985
v -0.007362 0.019693 0.023568
v -0.024959 0.036004 0.025137
v -0.003376 -0.057742 0.025737
v -0.002088 -0.055765 0.025734
v -0.001399 -0.047468 0.023136
v -0.020621 -0.042497 0.032139
v -0.009890 -0.028253 0.023363
v -0.012367 -0.022425 0.022846
v -0.024826 -0.019430 0.021772
v -0.012204 -0.020119 0.022896
v -0.013718 -0.022219 0.024078
v -0.013853 -0.020559 0.023866
v -0.010766 -0.018865 0.022934
v -0.023565 -0.017921 0.023160
v -0.009046 -0.016813 0.024178
v -0.022783 -0.014578 0.021720
v -0.022086 -0.011489 0.021998
v -0.020943 -0.012563 0.022647
v -0.030094 -0.005478 0.022734
v -0.005249 -0.011543 0.023804
v -0.019826 -0.009750 0.024510
v -0.006515 -0.005904 0.023283
v -0.006207 -0.002912 0.023484
v -0.004073 -0.001276 0.023739
v -0.029537 0.003590 0.022261
v -0.024596 0.007227 0.022118
v -0.025127 0.008558 0.021836
v -0.022775 0.008945 0.023181
v -0.023676 0.010517 0.022348
v -0.024744 0.013751 0.021662
v -0.025524 0.016909 0.022280
v -0.027406 0.022382 0.022748
v -0.025684 0.022016 0.024408
v -0.025857 0.027535 0.023608
v -0.025024 0.031228 0.025419
v -0.024024 0.040715 0.025446
v -0.021247 0.041538 0.024109
v -0.020859 0.048247 0.029969
v -0.021863 0.046013 0.028018
v -0.005783 -0.059321 0.026945
v -0.004937 -0.064328 0.031173
v -0.003325 -0.060068 0.028658
v -0.001428 -0.057680 0.028345
v -0.006670 -0.062120 0.029857
v -0.001023 -0.055957 0.029475
v -0.001431 -0.049862 0.025324
v -0.002234 -0.045794 0.025465
v -0.002074 -0.047519 0.026806
v -0.014765 -0.021110 0.025280
v -0.014029 -0.018266 0.024507
v -0.021038 -0.015061 0.023130
v -0.016233 -0.018912 0.025350
v -0.013591 -0.015858 0.025524
v -0.011918 -0.016190 0.025250
v -0.021073 -0.016897 0.024529
v -0.008535 -0.014273 0.025273
v -0.017919 -0.011337 0.024519
v -0.017396 -0.014515 0.024587
v -0.007349 -0.012567 0.024723
v -0.007989 -0.010867 0.025133
v -0.025792 -0.005787 0.023515
v -0.021801 -0.005017 0.024420
v -0.026734 -0.004284 0.023806
v -0.014666 -0.006376 0.024176
v -0.012556 -0.003753 0.023862
v -0.015588 -0.004811 0.024222
v -0.011591 -0.005036 0.023905
v -0.015307 -0.007179 0.025521
v -0.012113 -0.006342 0.024313
v -0.008636 -0.005798 0.024029
v -0.009787 -0.008021 0.025111
v -0.008360 -0.003871 0.024016
v -0.031720 -0.001328 0.022643
v -0.022067 0.000731 0.023847
v -0.013611 -0.002565 0.023545
v -0.018473 -0.005562 0.024851
v -0.008385 -0.002073 0.024495
v -0.017996 -0.003234 0.024167
v -0.011501 -0.001196 0.024177
v -0.005839 0.000025 0.025392
v -0.002339 0.001021 0.025238
v -0.012128 0.002077 0.024053
v -0.010456 0.001158 0.025271
v -0.022924 0.004541 0.023316
v -0.019280 0.003365 0.024184
v -0.002125 0.002999 0.025577
v -0.022162 0.007051 0.023236
v -0.019434 0.005272 0.024495
v -0.012837 0.004566 0.025343
v -0.019618 0.007459 0.025108
v -0.014942 0.004171 0.023825
v -0.015581 0.005219 0.024608
v -0.001551 0.009927 0.025833
v -0.002103 0.011195 0.024629
v -0.002189 0.010846 0.025860
v -0.023533 0.016337 0.026325
v -0.024024 0.017959 0.026123
v -0.004632 0.016118 0.028436
v -0.004612 0.017418 0.033607
v -0.010939 0.028416 0.026486
v -0.024533 0.046617 0.032455
v -0.023767 0.042824 0.026679
v -0.023702 0.047723 0.030510
v -0.022239 0.048219 0.029633
v -0.015441 -0.046441 0.027053
v -0.022527 -0.021001 0.029132
v -0.024262 -0.022028 0.028927
v -0.015659 -0.020940 0.025770
v -0.018682 -0.016566 0.025079
v -0.018054 -0.018312 0.025914
v -0.017661 -0.020698 0.027670
v -0.015552 -0.016429 0.025077
v -0.017817 -0.017241 0.025310
v -0.015252 -0.014268 0.025801
v -0.012291 -0.014068 0.027021
v -0.016754 -0.012565 0.025765
v -0.014216 -0.012105 0.027772
v -0.011646 -0.012518 0.027547
v -0.017203 -0.010167 0.027062
v -0.022422 -0.006347 0.024423
v -0.019262 -0.007176 0.025604
v -0.010433 -0.010226 0.026321
v -0.012681 -0.010351 0.027873
v -0.019364 -0.008607 0.025441
v -0.018035 -0.007845 0.026455
v -0.016758 -0.006287 0.025065
v -0.015270 -0.008685 0.027415
v -0.013309 -0.009443 0.027370
v -0.008983 -0.000562 0.025098
v -0.007310 0.001327 0.026656
v -0.003634 0.001801 0.026039
v -0.010123 0.003576 0.027632
v -0.004677 0.003713 0.028799
v -0.006052 0.003458 0.029305
v -0.013361 0.007087 0.027420
v -0.003758 0.004837 0.029975
v -0.003025 0.004307 0.027753
v -0.014521 0.006961 0.026000
v -0.013631 0.008685 0.027973
v -0.019833 0.008736 0.025835
v -0.015013 0.009427 0.027587
v -0.001329 0.007073 0.026741
v -0.020641 0.010339 0.026282
v -0.022374 0.014016 0.026116
v -0.002003 0.009918 0.026952
v -0.003095 0.013065 0.026792
v -0.023845 0.022490 0.026437
v -0.023874 0.024645 0.026969
v -0.024631 0.029420 0.026881
v -0.005613 -0.069503 0.035950
v -0.003210 -0.064447 0.031942
v -0.009336 -0.067515 0.037462
v -0.001866 -0.060086 0.031373
v -0.000030 -0.057708 0.030020
v -0.000751 -0.058842 0.030112
v -0.001624 -0.053314 0.027954
v -0.001640 -0.055966 0.031062
v -0.020834 -0.020113 0.028330
v -0.019619 -0.020377 0.028584
v -0.016390 -0.009628 0.027742
v -0.015139 -0.010401 0.027675
v -0.008221 0.002905 0.028123
v -0.005340 0.005062 0.032274
v -0.003116 0.006729 0.030736
v -0.016181 0.010917 0.028004
v -0.013659 0.009827 0.028965
v -0.002653 0.011212 0.033783
v -0.016373 0.012024 0.028245
v -0.014796 0.011253 0.029281
v -0.003099 0.013645 0.034057
v -0.020850 0.016140 0.027652
v -0.016967 0.012853 0.028588
v -0.020208 0.017347 0.028044
v -0.021855 0.020798 0.027867
v -0.021038 0.020926 0.028817
v -0.023035 0.025810 0.028823
v -0.004924 -0.067636 0.033489
v -0.003324 -0.067869 0.033452
v -0.003981 -0.070588 0.036303
v -0.003175 -0.069513 0.035907
v -0.000103 -0.060830 0.032017
v 0.000172 -0.059447 0.031301
v 0.000227 -0.057900 0.031703
v -0.002319 -0.057689 0.033289
v -0.025670 -0.037003 0.041060
v -0.016098 -0.026389 0.031977
v -0.021063 -0.023231 0.033437
v -0.008095 0.004830 0.031858
v -0.009972 0.004991 0.030437
v -0.010666 0.008439 0.034098
v -0.012843 0.010040 0.031583
v -0.004484 0.006435 0.033594
v -0.015173 0.013495 0.031834
v -0.017958 0.016583 0.030138
v -0.017364 0.014664 0.029526
v -0.017348 0.016836 0.031192
v -0.022312 0.029151 0.033051
v -0.002676 0.016177 0.040663
v -0.019493 0.054851 0.036925
v -0.022792 0.049567 0.031465
v -0.021511 0.050901 0.031838
v -0.002400 -0.064348 0.034656
v -0.002052 -0.061046 0.032077
v -0.003110 -0.059638 0.036541
v -0.005245 -0.051311 0.035246
v -0.025603 -0.025095 0.031870
v -0.023687 -0.024113 0.034061
v -0.019998 -0.024854 0.034740
v -0.009796 0.008553 0.036360
v -0.005965 0.005383 0.033339
v -0.003250 0.009186 0.037718
v -0.002802 0.009180 0.033554
v -0.015560 0.023121 0.043701
v -0.019350 0.021631 0.032323
v -0.024888 0.043630 0.033582
v -0.024637 0.047130 0.040724
v -0.023934 0.049681 0.032963
v -0.020200 0.052804 0.034557
v -0.023760 0.055841 0.037886
v -0.021814 0.061355 0.041191
v -0.002182 -0.070046 0.038880
v -0.002057 -0.062977 0.036363
v -0.001976 -0.061065 0.033818
v -0.009911 -0.046781 0.040869
v -0.026085 -0.028947 0.034494
v -0.025405 -0.029676 0.040368
v -0.023916 -0.027380 0.038941
v -0.022676 -0.026018 0.037235
v -0.007156 0.011153 0.042309
v -0.005882 0.009415 0.040049
v -0.002271 0.011459 0.038350
v -0.019811 0.058505 0.040125
v -0.003980 -0.074412 0.039709
v -0.003159 -0.073316 0.038889
v -0.002110 -0.067538 0.040613
v -0.025700 -0.034966 0.043580
v -0.020154 -0.032126 0.044242
v -0.003316 0.014180 0.045913
v -0.019156 0.035447 0.048775
v -0.023950 0.035612 0.033332
v -0.024958 0.060830 0.049337
v -0.024749 0.051691 0.038156
v -0.016172 0.052518 0.041065
v -0.020225 0.064599 0.045527
v -0.006059 -0.077440 0.042991
v -0.002718 -0.075220 0.041403
v -0.008520 -0.083082 0.050625
v -0.001894 -0.075238 0.042402
v -0.024247 -0.030211 0.042534
v -0.021173 -0.027355 0.039565
v -0.010238 0.012516 0.040654
v -0.002163 0.019230 0.049464
v -0.005422 0.031124 0.051389
v -0.024662 0.055950 0.040884
v -0.023463 0.057850 0.039424
v -0.003952 -0.079412 0.044540
v -0.010871 0.017819 0.046830
v -0.023628 0.059971 0.041257
v -0.021811 0.064736 0.044708
v -0.005543 -0.082101 0.047275
v -0.002044 -0.080128 0.047212
v -0.009691 -0.073422 0.043099
v -0.019114 -0.061844 0.050044
v -0.007227 -0.063920 0.049895
v -0.022016 -0.047809 0.041709
v -0.025191 -0.033114 0.044083
v -0.025989 -0.041643 0.052463
v -0.025310 -0.035644 0.048026
v -0.020979 -0.033563 0.046880
v -0.023125 -0.029686 0.042747
v -0.023740 0.065975 0.047347
v -0.019476 0.066721 0.048532
v -0.004002 -0.083714 0.048627
v -0.002726 -0.081881 0.047788
v -0.002238 -0.079832 0.049535
v -0.002056 -0.071494 0.043645
v -0.024092 -0.039442 0.036884
v -0.008884 0.017543 0.049219
v -0.002195 0.014239 0.044100
v -0.024697 0.063561 0.053884
v -0.022062 0.065667 0.045305
v -0.021265 0.068397 0.047976
v -0.006141 -0.086747 0.051927
v -0.016920 -0.058261 0.041657
v -0.023105 -0.055624 0.053830
v -0.005820 0.014248 0.046858
v -0.007277 0.016533 0.049233
v -0.005037 0.016825 0.049989
v -0.013778 0.034112 0.059984
v -0.022481 0.066960 0.046825
v -0.005504 -0.088277 0.053370
v -0.004106 -0.087248 0.052537
v -0.003020 -0.086168 0.051894
v -0.024711 -0.035822 0.048768
v -0.025335 -0.041394 0.055543
v -0.021147 -0.041244 0.055678
v -0.021524 -0.036429 0.050442
v -0.007342 0.021718 0.055694
v -0.005907 0.019834 0.054296
v -0.002900 0.018589 0.050430
v -0.015953 0.047734 0.069749
v -0.018274 0.081440 0.064818
v -0.023543 0.069315 0.050439
v -0.022484 0.069602 0.049723
v -0.020707 0.072160 0.052460
v -0.005924 -0.093826 0.058805
v -0.002372 -0.086186 0.053651
v -0.013610 -0.106737 0.081986
v -0.024709 -0.054277 0.057771
v -0.025936 -0.041858 0.049991
v -0.024394 -0.038772 0.053091
v -0.023381 -0.036644 0.051374
v -0.022377 -0.040415 0.055806
v -0.003509 0.028491 0.056002
v -0.024595 0.067219 0.051565
v -0.024228 0.070346 0.054570
v -0.022008 0.073003 0.052664
v -0.023600 0.075773 0.057064
v -0.020698 0.076232 0.056266
v -0.002898 -0.088356 0.054332
v -0.002337 -0.086236 0.055211
v -0.006598 -0.084357 0.067278
v -0.003679 0.022831 0.055537
v -0.003414 0.025509 0.057717
v -0.003467 0.028609 0.059712
v -0.003413 -0.091083 0.056459
v -0.003235 -0.092010 0.057753
v -0.002748 -0.090425 0.057399
v -0.023893 -0.040936 0.056234
v -0.005365 0.022545 0.056943
v -0.017391 0.072195 0.089202
v -0.023443 0.062078 0.059256
v -0.024554 0.071398 0.059028
v -0.024633 0.072861 0.061103
v -0.022340 0.075879 0.055682
v -0.002392 -0.087768 0.056937
v -0.003041 -0.085046 0.057403
v -0.002806 -0.089999 0.059654
v -0.014258 -0.066349 0.068651
v -0.018462 -0.042805 0.053354
v -0.021448 -0.045178 0.059909
v -0.016146 -0.053153 0.059273
v -0.003992 0.027882 0.062701
v -0.003817 0.037189 0.066847
v -0.022052 0.077385 0.056896
v -0.021905 0.078042 0.057770
v -0.024468 0.074433 0.058706
v -0.023463 0.079751 0.061031
v -0.020824 0.079403 0.059048
v -0.020491 0.080071 0.060249
v -0.022199 0.079310 0.058814
v -0.007328 -0.098573 0.064808
v -0.003517 -0.095550 0.061085
v -0.003373 -0.093473 0.059063
v -0.002615 -0.091323 0.059172
v -0.020546 -0.052505 0.067083
v -0.023193 -0.043457 0.059366
v -0.006056 0.025846 0.060941
v -0.010308 0.058364 0.066510
v -0.022244 0.080210 0.060289
v -0.005558 -0.099609 0.064877
v -0.004253 -0.097740 0.063294
v -0.002853 -0.094225 0.061884
v -0.010591 -0.088361 0.058305
v -0.025899 -0.055507 0.065370
v -0.021451 -0.049752 0.065620
v -0.024637 -0.044841 0.060316
v -0.023558 -0.045775 0.062005
v -0.009576 0.026967 0.059193
v -0.006746 0.028364 0.063634
v -0.005723 0.027326 0.063299
v -0.004442 0.027128 0.062359
v -0.024245 0.076398 0.061491
v -0.023158 0.081285 0.062775
v -0.021990 0.081306 0.060793
v -0.004369 -0.102760 0.068308
v -0.003599 -0.100224 0.066106
v -0.003109 -0.098218 0.066147
v -0.002936 -0.096492 0.064538
v -0.002780 -0.092986 0.061446
v -0.002983 -0.094623 0.064652
v -0.025263 -0.045580 0.060570
v -0.025247 -0.050069 0.065579
v -0.024367 -0.045782 0.061866
v -0.003837 0.030157 0.063851
v -0.024019 0.080916 0.068702
v -0.022094 0.083863 0.063904
v -0.021272 0.083232 0.062989
v -0.003516 -0.096267 0.068036
v -0.010509 0.036747 0.068391
v -0.003750 0.037020 0.071000
v -0.004406 0.045540 0.073288
v -0.024111 0.074717 0.064976
v -0.023469 0.084457 0.066935
v -0.021776 0.085624 0.065160
v -0.020733 0.086870 0.066489
v -0.019303 0.085602 0.066615
v -0.008560 -0.108245 0.075382
v -0.003614 -0.102096 0.069025
v -0.003254 -0.099492 0.068206
v -0.009825 -0.094757 0.086015
v -0.025913 -0.047891 0.060708
v -0.025419 -0.051380 0.067333
v -0.023589 -0.052879 0.070239
v -0.004099 0.029699 0.064610
v -0.005964 0.035583 0.071705
v -0.004275 0.033081 0.068020
v -0.022223 0.086636 0.066982
v -0.005078 -0.108603 0.074319
v -0.004204 -0.107992 0.075141
v -0.005882 -0.108247 0.073573
v -0.023982 -0.055017 0.072182
v -0.021364 -0.053427 0.069408
v -0.007796 0.039725 0.074145
v -0.011166 0.050127 0.080815
v -0.004081 0.040340 0.074384
v -0.003994 0.044096 0.077758
v -0.023127 0.085738 0.078742
v -0.024012 0.084648 0.070034
v -0.023339 0.086851 0.069302
v -0.022036 0.089980 0.070484
v -0.020531 0.091147 0.070897
v -0.016459 0.104139 0.089970
v -0.003822 -0.104372 0.071444
v -0.007868 -0.110858 0.095493
v -0.025968 -0.062560 0.076372
v -0.025567 -0.057312 0.073390
v -0.004378 0.035390 0.070685
v -0.008667 0.048174 0.081862
v -0.013916 0.044252 0.070650
v -0.005956 0.053401 0.075847
v -0.016583 0.069919 0.058241
v -0.023474 0.087557 0.072699
v -0.023158 0.091123 0.074417
v -0.003601 -0.104221 0.072796
v -0.003530 -0.102063 0.070902
v -0.007696 -0.111315 0.077581
v -0.024311 -0.058929 0.076904
v -0.004588 0.039211 0.074552
v -0.023689 0.088776 0.076634
v -0.021992 0.091460 0.071895
v -0.005941 -0.112588 0.078230
v -0.004782 -0.109922 0.076610
v -0.004512 -0.106685 0.080291
v -0.014581 -0.082489 0.086340
v -0.022570 -0.057233 0.074943
v -0.022444 -0.057446 0.074895
v -0.005704 0.038702 0.074525
v -0.009268 0.079925 0.090720
v -0.021937 0.094336 0.075640
v -0.021127 0.093585 0.073746
v -0.005957 -0.110070 0.075758
v -0.009279 -0.110474 0.078360
v -0.004328 -0.111776 0.080634
v -0.004618 -0.111722 0.078963
v -0.023206 -0.076205 0.076475
v -0.025715 -0.069879 0.081366
v -0.021582 -0.061419 0.078494
v -0.006055 0.046306 0.081834
v -0.004620 0.042668 0.077901
v -0.004703 0.048058 0.082114
v -0.004053 0.047096 0.079092
v -0.004090 0.050559 0.079645
v -0.004964 0.056056 0.083081
v -0.014143 0.084583 0.109943
v -0.022407 0.091224 0.086110
v -0.023238 0.091633 0.080334
v -0.023027 0.092892 0.077255
v -0.009352 -0.114945 0.082617
v -0.007484 -0.118307 0.084609
v -0.005382 -0.114263 0.080347
v -0.016728 -0.083192 0.066184
v -0.020226 -0.068070 0.083242
v -0.023457 -0.061398 0.079678
v -0.019747 0.096613 0.077080
v -0.021954 0.098165 0.080351
v -0.004247 -0.111951 0.082340
v -0.025235 -0.060755 0.077239
v -0.022931 0.095656 0.081320
v -0.021478 0.098596 0.079997
v -0.019603 0.102925 0.083899
v -0.021571 0.104358 0.087558
v -0.005097 -0.115661 0.082869
v -0.005981 -0.115744 0.082025
v -0.004700 -0.115941 0.085746
v -0.005243 -0.112002 0.086988
v -0.004414 -0.113726 0.082808
v -0.025321 -0.068622 0.084911
v -0.024250 -0.062935 0.081041
v -0.004760 0.053900 0.087373
v -0.020839 0.094122 0.095175
v -0.022944 0.098361 0.084584
v -0.018023 0.107826 0.090538
v -0.022304 0.100306 0.085032
v -0.006359 -0.120572 0.087769
v -0.009567 -0.117889 0.085684
v -0.009772 -0.121992 0.090051
v -0.007971 -0.125607 0.092950
v -0.005265 -0.117965 0.085886
v -0.024218 -0.066467 0.084912
v -0.022313 -0.066014 0.084093
v -0.023439 -0.065170 0.083772
v -0.005800 0.051767 0.087654
v -0.007306 0.052800 0.087909
v -0.022799 0.098045 0.085959
v -0.018757 0.103895 0.085769
v -0.005506 -0.120426 0.089337
v -0.011977 -0.118448 0.089977
v -0.004509 -0.114186 0.085006
v -0.025035 -0.077750 0.084839
v -0.025330 -0.082236 0.092019
v -0.004945 0.058416 0.091398
v -0.004547 0.055223 0.086513
v -0.022434 0.101740 0.091864
v -0.014366 0.111843 0.102371
v -0.020628 0.104431 0.086454
v -0.018909 0.106620 0.088070
v -0.005012 -0.117768 0.088047
v -0.005239 -0.118938 0.090191
v -0.019755 -0.085228 0.101332
v -0.024348 -0.069073 0.087667
v -0.023383 -0.072792 0.091793
v -0.021349 -0.073837 0.091650
v -0.006504 0.056412 0.091883
v -0.012854 0.080320 0.108720
v -0.022810 0.100481 0.087567
v -0.022175 0.104762 0.090203
v -0.020206 0.106564 0.088236
v -0.009634 -0.126056 0.093921
v -0.025558 -0.074702 0.089646
v -0.022373 0.102979 0.089021
v -0.010469 -0.127465 0.096539
v -0.007019 -0.124550 0.092335
v -0.006035 -0.123960 0.095257
v -0.006139 -0.121698 0.097318
v -0.020523 -0.093895 0.087682
v -0.024896 -0.077379 0.094204
v -0.021391 0.109067 0.093870
v -0.019459 0.108922 0.090862
v -0.017542 0.114560 0.097986
v -0.007074 -0.128294 0.097618
v -0.006236 -0.127024 0.099168
v -0.024283 -0.073241 0.091544
v -0.006148 0.060193 0.095854
v -0.006117 0.062555 0.097711
v -0.005283 0.067996 0.098043
v -0.022055 0.105448 0.097731
v -0.021070 0.111410 0.096930
v -0.019946 0.111464 0.094562
v -0.016283 0.113059 0.099123
v -0.008776 -0.129308 0.097607
v -0.012384 -0.130083 0.101949
v -0.024461 -0.079953 0.097856
v -0.020738 -0.080249 0.097496
v -0.021952 -0.076513 0.095253
v -0.008233 0.060847 0.096127
v -0.010450 0.066825 0.099187
v -0.022064 0.104346 0.097078
v -0.019828 0.114191 0.097613
v -0.009263 -0.128828 0.097359
v -0.009712 -0.133759 0.102977
v -0.006698 -0.128761 0.101571
v -0.007859 0.063381 0.098623
v -0.006322 0.064957 0.100613
v -0.005977 0.071500 0.105304
v -0.006182 0.071105 0.094607
v -0.021033 0.114446 0.101374
v -0.017855 0.115905 0.099961
v -0.019395 0.115858 0.100140
v -0.016075 -0.114960 0.125539
v -0.019042 -0.091445 0.106911
v -0.024263 -0.083349 0.101562
v -0.024439 -0.092659 0.107801
v -0.021355 -0.084563 0.103287
v -0.007864 0.065569 0.100781
v -0.021477 0.108984 0.103122
v -0.021639 0.111612 0.103138
v -0.008007 -0.132334 0.102071
v -0.024915 -0.090167 0.104418
v -0.008862 0.068466 0.102872
v -0.016656 0.090425 0.107922
v -0.019897 0.116520 0.101357
v -0.017724 0.117679 0.101603
v -0.007563 -0.132956 0.104873
v -0.007161 -0.130920 0.103734
v -0.024467 -0.096214 0.104741
v -0.016353 -0.098633 0.108661
v -0.023122 -0.083861 0.103003
v -0.007198 0.067382 0.102507
v -0.006526 0.068604 0.104057
v -0.005742 0.078913 0.108633
v -0.019978 0.117790 0.103181
v -0.014128 0.117071 0.108003
v -0.016396 0.117691 0.103153
v -0.010718 -0.135699 0.105941
v -0.009568 -0.135313 0.105123
v -0.007310 -0.131461 0.106616
v -0.019638 -0.117820 0.110351
v -0.023507 -0.105305 0.114116
v -0.023820 -0.099915 0.113957
v -0.023659 -0.087728 0.105622
v -0.022854 -0.090488 0.109138
v -0.020919 -0.086857 0.105290
v -0.008395 0.069025 0.104308
v -0.006788 0.069926 0.105012
v -0.005914 0.074746 0.108393
v -0.006104 0.078445 0.111177
v -0.006162 0.082085 0.114649
v -0.020644 0.115096 0.112736
v -0.020947 0.116500 0.107492
v -0.018814 0.119534 0.104227
v -0.015676 0.122224 0.109609
v -0.013610 -0.136302 0.111135
v -0.011248 -0.137576 0.108690
v -0.009166 -0.137076 0.108513
v -0.008316 -0.136028 0.110823
v -0.008170 0.071621 0.106474
v -0.008896 0.075328 0.109584
v -0.008043 0.073128 0.108230
v -0.006703 0.072816 0.108148
v -0.019931 0.119926 0.106863
v -0.020653 0.119740 0.109983
v -0.017582 0.121174 0.106253
v -0.019597 0.122272 0.111046
v -0.019390 0.121884 0.108889
v -0.017578 0.123328 0.109166
v -0.016315 0.124614 0.112182
v -0.011755 -0.138369 0.110853
v -0.010632 -0.139313 0.111209
v -0.009482 -0.139660 0.114491
v -0.008780 -0.138260 0.116316
v -0.019345 -0.097783 0.114250
v -0.019664 -0.096432 0.112926
v -0.023495 -0.092158 0.110095
v -0.022118 -0.097219 0.114496
v -0.006549 0.074034 0.108975
v -0.012266 0.091469 0.121836
v -0.006833 0.091076 0.113687
v -0.009395 -0.132233 0.119538
v -0.023052 -0.103249 0.118207
v -0.021464 -0.095616 0.113911
v -0.006895 0.074805 0.110075
v -0.008140 0.077749 0.112726
v -0.015865 0.126251 0.114479
v -0.018450 0.124908 0.112108
v -0.011961 -0.140157 0.113103
v -0.010456 -0.140717 0.116047
v -0.017892 -0.107469 0.121164
v -0.007068 0.078857 0.113879
v -0.006975 0.081473 0.115461
v -0.006188 0.084082 0.115745
v -0.007407 0.103285 0.125524
v -0.020591 0.120777 0.113972
v -0.019633 0.126141 0.120209
v -0.013858 0.125194 0.117647
v -0.018218 0.126004 0.113185
v -0.019620 0.125712 0.115974
v -0.017562 0.127150 0.114848
v -0.013287 -0.141982 0.117967
v -0.015239 -0.139817 0.118436
v -0.010963 -0.141585 0.116851
v -0.012235 -0.142838 0.120451
v -0.017321 -0.138086 0.124263
v -0.009761 -0.140097 0.120772
v -0.020998 -0.097718 0.115264
v -0.010696 0.084854 0.117270
v -0.008803 0.081184 0.115773
v -0.007462 0.101256 0.129352
v -0.015403 0.106117 0.128998
v -0.019810 0.124161 0.123837
v -0.011081 0.114643 0.116433
v -0.011215 -0.139080 0.127793
v -0.022363 -0.113546 0.124358
v -0.023113 -0.105101 0.118907
v -0.008401 0.082535 0.117690
v -0.006932 0.082143 0.116586
v -0.007261 0.085826 0.119758
v -0.018366 0.106838 0.117317
v -0.018127 0.129745 0.120811
v -0.018106 0.128428 0.117910
v -0.015748 0.129809 0.120566
v -0.017293 0.128949 0.118258
v -0.015383 -0.142164 0.122707
v -0.010981 -0.141998 0.120642
v -0.011779 -0.136349 0.130158
v -0.021176 -0.101784 0.118787
v -0.021035 -0.099894 0.117542
v -0.019926 -0.102583 0.119016
v -0.009606 0.089304 0.123650
v -0.008336 0.085416 0.120003
v -0.018996 0.117161 0.124521
v -0.014052 -0.143313 0.122704
v -0.021754 -0.119155 0.124131
v -0.014792 -0.119581 0.126749
v -0.022112 -0.108737 0.122755
v -0.017579 -0.111978 0.125614
v -0.021890 -0.105696 0.121857
v -0.020801 -0.108016 0.123944
v -0.019130 -0.107859 0.123588
v -0.009949 0.119957 0.131132
v -0.011698 0.125988 0.128897
v -0.013885 0.130144 0.126179
v -0.016206 -0.141686 0.127083
v -0.015154 -0.142127 0.127717
v -0.013811 -0.142875 0.126246
v -0.011586 -0.141717 0.124968
v -0.017331 -0.139771 0.127476
v -0.011788 -0.132335 0.128933
v -0.016964 -0.112853 0.125002
v -0.009525 0.093863 0.128120
v -0.008281 0.093066 0.127027
v -0.017580 0.123421 0.139342
v -0.019218 0.130275 0.129022
v -0.017307 0.131369 0.123847
v -0.015594 0.132020 0.126303
v -0.021270 -0.118935 0.128566
v -0.017173 -0.117210 0.129414
v -0.021389 -0.115266 0.127755
v -0.021327 -0.111111 0.125252
v -0.020758 -0.109630 0.125257
v -0.013122 0.102210 0.131308
v -0.007941 0.094172 0.127493
v -0.015517 0.117381 0.141060
v -0.013554 -0.142011 0.128353
v -0.018525 -0.136524 0.128659
v -0.013458 -0.133935 0.133648
v -0.013448 -0.127470 0.131075
v -0.018415 -0.114657 0.128182
v -0.019367 -0.110674 0.125971
v -0.008761 0.096451 0.129582
v -0.010303 0.096183 0.129785
v -0.008130 0.097589 0.129511
v -0.013237 0.130800 0.134274
v -0.011374 0.126363 0.136327
v -0.015941 0.132915 0.130435
v -0.014629 0.132372 0.132369
v -0.017830 0.132411 0.128784
v -0.017746 -0.138473 0.131132
v -0.019775 -0.113371 0.127903
v -0.018526 -0.115620 0.129479
v -0.017885 -0.119153 0.131659
v -0.018699 0.129056 0.136324
v -0.014771 -0.141386 0.129805
v -0.018045 -0.136358 0.133667
v -0.019248 -0.133270 0.133111
v -0.013584 -0.138508 0.132001
v -0.020617 -0.116163 0.128760
v -0.019578 -0.121961 0.132574
v -0.019504 -0.127769 0.133877
v -0.020059 -0.115685 0.129376
v -0.018839 -0.117092 0.130221
v -0.010773 0.097388 0.130183
v -0.011969 0.101971 0.133442
v -0.008147 0.102577 0.133019
v -0.008553 0.112309 0.135198
v -0.017783 0.131841 0.136158
v -0.018105 0.132336 0.132274
v -0.016419 -0.139549 0.132055
v -0.015109 -0.137882 0.133691
v -0.019326 -0.131835 0.133541
v -0.015093 -0.126222 0.133306
v -0.019680 -0.118271 0.130925
v -0.008899 0.101218 0.133055
v -0.009652 0.097584 0.131241
v -0.013686 0.110899 0.139268
v -0.010392 0.121841 0.137926
v -0.016606 -0.137723 0.133682
v -0.019423 -0.123964 0.132900
v -0.018167 -0.126961 0.135157
v -0.009890 0.099582 0.132823
v -0.010054 0.102580 0.134676
v -0.011739 0.104477 0.135632
v -0.009581 0.104179 0.135954
v -0.009909 0.109622 0.139172
v -0.009715 0.115098 0.139974
v -0.017591 0.128298 0.139719
v -0.015807 0.132912 0.134184
v -0.014908 0.131769 0.137461
v -0.017112 0.132843 0.133977
v -0.017010 -0.134323 0.135392
v -0.014974 -0.134677 0.135066
v -0.018314 -0.132141 0.135252
v -0.015384 -0.130681 0.135265
v -0.015964 -0.132552 0.135637
v -0.017524 -0.124326 0.134340
v -0.016517 -0.126571 0.134997
v -0.011889 0.106362 0.137235
v -0.011452 0.106972 0.137944
v -0.016608 0.131805 0.137723
v -0.017350 -0.129829 0.135714
v -0.012485 0.109513 0.139488
v -0.011233 0.119272 0.142087
v -0.011848 0.126222 0.139523
v -0.013398 0.130080 0.137920
v -0.014660 0.130136 0.139666
v -0.015493 0.130849 0.138786
v -0.014087 0.115055 0.141575
v -0.011739 0.112066 0.140996
v -0.010886 0.113974 0.141216
v -0.011623 0.122924 0.141575
v -0.016100 0.124003 0.142197
v -0.013211 0.126629 0.141470
v -0.014599 0.128425 0.141195
v -0.016703 0.130405 0.139389
v -0.012567 0.116926 0.142830
v -0.015517 0.118839 0.141695
v -0.014032 0.118089 0.143008
v -0.014643 0.121999 0.143264
v -0.012356 0.124215 0.141529
v -0.015879 0.127916 0.141547
v -0.013828 0.123702 0.143177
v -0.012640 0.120019 0.143216
v -0.026173 0.026886 0.021315
vn -0.3084 -0.3140 -0.8979
vn -0.8443 -0.1419 -0.5168
vn -0.6280 0.0485 -0.7767
vn -0.5391 -0.4443 -0.7155
vn -0.0855 -0.0839 -0.9928
vn 0.3986 -0.4185 -0.8161
vn 0.0398 -0.5834 -0.8112
vn 0.4652 -0.4817 -0.7426
vn 0.5107 -0.1951 -0.8373
vn 0.3933 0.0396 -0.9186
vn 0.8325 0.0002 -0.5540
vn 0.6830 -0.5154 -0.5175
vn -0.2076 0.2868 -0.9352
vn -0.8816 0.1795 -0.4365
vn -0.5730 0.3678 -0.7324
vn 0.2821 0.3015 -0.9108
vn 0.7388 -0.4168 -0.5296
vn -0.8585 -0.3159 -0.4039
vn -0.9711 0.0126 -0.2381
vn 0.9349 -0.2550 -0.2467
vn 0.9340 -0.1615 -0.3186
vn -0.9158 0.2510 -0.3135
vn -0.3156 0.4632 -0.8282
vn 0.3936 0.3362 -0.8556
vn -0.8025 0.4034 -0.4396
vn -0.7176 0.4502 -0.5314
vn -0.3297 0.5316 -0.7802
vn 0.7904 0.1822 -0.5849
vn 0.4642 0.4660 -0.7532
vn -0.3600 -0.6959 -0.6214
vn 0.3204 -0.6977 -0.6408
vn -0.6455 -0.6474 -0.4052
vn 0.1757 -0.9091 -0.3778
vn 0.7297 -0.5821 -0.3587
vn -0.9329 -0.3233 -0.1587
vn 0.9634 -0.0292 -0.2663
vn -0.9838 0.1282 -0.1253
vn -0.9597 0.2288 -0.1630
vn -0.9162 0.2815 -0.2851
vn 0.8205 -0.5519 -0.1489
vn 0.9537 -0.3009 0.0033
vn -0.9934 -0.0386 -0.1082
vn 0.9264 0.1402 -0.3496
vn -0.8163 0.3337 -0.4716
vn -0.6541 0.5349 -0.5348
vn -0.4982 0.5898 -0.6355
vn 0.2630 0.5634 -0.7832
vn -0.3866 0.6015 -0.6991
vn 0.5097 0.4624 -0.7255
vn -0.5170 -0.8131 -0.2676
vn -0.5711 -0.8199 0.0399
vn -0.8062 -0.5811 0.1113
vn -0.8567 -0.5151 -0.0261
vn 0.9923 -0.0981 -0.0760
vn 0.8403 0.2709 -0.4696
vn -0.7907 0.4707 -0.3915
vn 0.0390 -0.9986 -0.0344
vn 0.6362 -0.7651 -0.0992
vn -0.9800 -0.1986 0.0114
vn -0.9757 0.1764 -0.1297
vn -0.8176 0.4459 -0.3643
vn -0.7967 0.4491 -0.4045
vn 0.5868 0.4959 -0.6401
vn -0.6886 0.5218 -0.5035
vn -0.1707 0.6430 -0.7466
vn 0.6238 -0.7708 0.1296
vn -0.9995 -0.0187 -0.0266
vn -0.9897 0.1074 -0.0942
vn -0.5854 0.5771 -0.5694
vn -0.2216 0.6742 -0.7045
vn 0.9420 -0.2999 0.1510
vn 0.7595 -0.6037 0.2425
vn 0.9847 -0.1632 0.0609
vn 0.9957 -0.0668 -0.0645
vn 0.8674 0.2779 -0.4129
vn 0.7235 0.4253 -0.5438
vn -0.1202 0.7375 -0.6646
vn -0.6027 0.5710 -0.5574
vn 0.2491 -0.8654 0.4349
vn -0.3646 -0.8602 0.3566
vn -0.9970 -0.0764 0.0124
vn -0.7371 0.5129 -0.4401
vn 0.0431 0.6857 -0.7266
vn -0.4984 -0.8100 0.3090
vn -0.9382 -0.3308 0.1012
vn -0.9502 0.2484 -0.1880
vn -0.8700 0.3933 -0.2973
vn 0.2539 0.6853 -0.6826
vn -0.5557 -0.7729 0.3064
vn 0.9894 -0.1344 0.0545
vn 0.9700 0.0935 -0.2244
vn -0.4472 0.6770 -0.5846
vn 0.1639 -0.9132 0.3732
vn 0.5910 -0.6995 0.4019
vn 0.8712 -0.3959 0.2903
vn 0.7533 0.4280 -0.4994
vn -0.1518 0.7348 -0.6611
vn 0.5864 0.4960 -0.6404
vn -0.9012 -0.3948 0.1788
vn -0.7488 -0.6156 0.2458
vn -0.1623 -0.8891 0.4280
vn 0.9685 -0.2039 0.1427
vn -0.6465 0.5900 -0.4837
vn 0.6407 0.5270 -0.5584
vn 0.3610 -0.7809 0.5097
vn -0.5114 -0.7430 0.4318
vn 0.5594 -0.6915 0.4571
vn 0.9913 0.0481 -0.1227
vn -0.0838 0.7223 -0.6865
vn -0.3362 -0.8146 0.4727
vn -0.3239 -0.8317 0.4509
vn -0.8201 -0.5044 0.2702
vn -0.9307 -0.3287 0.1603
vn 0.8219 0.4089 -0.3967
vn 0.2281 0.7168 -0.6589
vn -0.5248 0.6441 -0.5565
vn -0.3118 0.7594 -0.5710
vn 0.5045 0.6400 -0.5795
vn -0.0708 -0.8329 0.5489
vn -0.5588 -0.6926 0.4562
vn -0.9780 -0.1924 0.0803
vn 0.9334 -0.2708 0.2354
vn -0.9221 0.3042 -0.2391
vn -0.7112 0.5471 -0.4415
vn -0.2911 0.7399 -0.6064
vn -0.3846 0.7111 -0.5886
vn 0.6830 -0.6057 0.4082
vn -0.9962 0.0467 -0.0733
vn 0.4632 0.6275 -0.6258
vn -0.1146 0.7423 -0.6602
vn -0.4957 -0.7704 0.4010
vn -0.6089 -0.7077 0.3583
vn 0.9985 -0.0521 -0.0150
vn -0.8411 0.4190 -0.3421
vn -0.6500 0.6009 -0.4652
vn -0.2064 0.7526 -0.6253
vn 0.7451 0.4656 -0.4775
vn 0.2217 0.7004 -0.6785
vn -0.8993 -0.3830 0.2109
vn -0.7535 -0.5402 0.3748
vn -0.9843 0.1235 -0.1260
vn 0.2691 0.7209 -0.6387
vn 0.9393 0.2177 -0.2650
vn 0.6387 -0.5133 0.5732
vn 0.7959 -0.4732 0.3776
vn 0.8664 -0.3678 0.3377
vn -0.9905 -0.1274 0.0520
vn -0.5369 0.6597 -0.5258
vn 0.2551 0.7203 -0.6450
vn -0.1347 0.7219 -0.6788
vn -0.3498 -0.7774 0.5228
vn 0.1956 -0.8205 0.5371
vn 0.3045 -0.7486 0.5889
vn -0.3023 0.7145 -0.6309
vn 0.5503 0.5919 -0.5889
vn -0.6363 0.6103 -0.4718
vn 0.5813 -0.6578 0.4790
vn -0.6439 -0.6049 0.4685
vn -0.9847 -0.1532 0.0829
vn 0.9561 0.1998 -0.2144
vn 0.1079 0.7165 -0.6892
vn -0.6075 0.6116 -0.5069
vn -0.1248 -0.7589 0.6391
vn 0.8461 0.3794 -0.3743
vn -0.8731 0.3769 -0.3093
vn 0.5933 0.5841 -0.5540
vn -0.3285 -0.7645 0.5547
vn -0.8508 -0.4023 0.3380
vn 0.4952 -0.6843 0.5353
vn -0.9934 -0.1038 0.0479
vn 0.9609 -0.2238 0.1628
vn 0.9904 -0.1267 0.0545
vn 0.1236 0.7747 -0.6202
vn -0.8151 -0.4778 0.3275
vn -0.9608 0.1993 -0.1927
vn 0.7434 0.5084 -0.4347
vn -0.3455 0.7327 -0.5864
vn 0.5826 -0.6253 0.5192
vn -0.9188 0.3001 -0.2565
vn 0.9924 0.0768 -0.0962
vn 0.9986 -0.0534 -0.0019
vn -0.7648 0.5014 -0.4046
vn -0.6251 0.6164 -0.4788
vn 0.2561 0.7565 -0.6018
vn -0.1940 -0.7735 0.6033
vn -0.9301 -0.2826 0.2347
vn -0.9996 -0.0020 -0.0290
vn 0.9386 -0.2682 0.2171
vn 0.8267 0.4286 -0.3644
vn 0.4731 -0.6661 0.5766
vn -0.6309 -0.6227 0.4628
vn -0.7526 -0.5146 0.4109
vn 0.8098 -0.4317 0.3974
vn -0.9496 0.2208 -0.2226
vn -0.3850 0.7151 -0.5834
vn 0.5295 -0.6436 0.5527
vn -0.9871 0.0923 -0.1304
vn 0.8363 0.3952 -0.3802
vn -0.0693 -0.7785 0.6239
vn 0.8936 -0.3322 0.3017
vn -0.5326 0.6417 -0.5519
vn 0.9230 0.2646 -0.2795
vn 0.1510 0.7606 -0.6314
vn -0.6569 -0.5998 0.4569
vn -0.8707 -0.3806 0.3116
vn -0.9964 -0.0791 0.0295
vn -0.9996 -0.0191 -0.0207
vn -0.2582 -0.7372 0.6244
vn -0.5844 -0.6609 0.4709
vn 0.9233 -0.2925 0.2490
vn 0.5923 0.6069 -0.5299
vn 0.6856 -0.5553 0.4707
vn 0.7904 -0.4566 0.4084
vn -0.9914 0.0830 -0.1014
vn -0.8306 0.4331 -0.3500
vn -0.0100 0.7574 -0.6529
vn 0.1486 -0.7336 0.6631
vn -0.3793 -0.7060 0.5982
vn -0.7217 -0.5428 0.4295
vn -0.8983 -0.3623 0.2486
vn -0.9954 -0.0723 0.0634
vn 0.9987 -0.0502 0.0125
vn 0.8624 0.3998 -0.3106
vn 0.5001 0.6608 -0.5597
vn -0.0706 0.7714 -0.6324
vn 0.5127 -0.6518 0.5589
vn 0.5099 -0.6322 0.5833
vn 0.0243 -0.7759 0.6304
vn 0.9835 -0.1616 0.0812
vn -0.4804 0.6715 -0.5641
vn 0.4293 0.6981 -0.5731
vn 0.0719 0.7731 -0.6302
vn -0.4914 -0.6881 0.5339
vn -0.8676 -0.3874 0.3118
vn 0.7043 -0.5164 0.4872
vn -0.6462 0.5944 -0.4787
vn -0.9941 -0.0832 0.0690
vn -0.9946 -0.0754 0.0713
vn -0.1209 -0.7504 0.6499
vn -0.7028 -0.5598 0.4389
vn -0.2629 0.7503 -0.6066
vn 0.5175 0.6973 -0.4960
vn 0.6629 0.6338 -0.3986
vn 0.2076 -0.7474 0.6311
vn -0.8288 -0.4315 0.3562
vn -0.9779 0.1334 -0.1609
vn -0.9796 -0.1731 0.1021
vn -0.9995 -0.0169 0.0271
vn 0.9444 0.2207 -0.2438
vn -0.5600 0.6625 -0.4974
vn 0.5756 0.6467 -0.5005
vn -0.3049 -0.7289 0.6130
vn 0.4942 -0.6293 0.5998
vn 0.7322 -0.4948 0.4679
vn 0.8499 -0.3832 0.3617
vn -0.9832 -0.1759 0.0496
vn -0.9924 -0.1147 0.0445
vn 0.2967 0.7648 -0.5719
vn -0.7667 -0.4698 0.4377
vn -0.9041 0.2981 -0.3061
vn -0.1984 0.7704 -0.6059
vn -0.3598 0.7444 -0.5625
vn -0.2071 -0.6726 0.7104
vn 0.4655 -0.6484 0.6023
vn 0.8833 -0.3551 0.3061
vn -0.9753 0.1333 -0.1759
vn -0.9998 -0.0153 0.0121
vn -0.9937 0.0716 -0.0863
vn 0.0008 -0.7390 0.6737
vn -0.9358 0.2270 -0.2696
vn 0.9914 0.0721 -0.1096
vn 0.9742 -0.1624 0.1567
vn 0.1042 0.8222 -0.5596
vn 0.7643 0.5198 -0.3817
vn -0.3156 -0.7275 0.6092
vn -0.7194 -0.4820 0.5001
vn 0.1580 -0.7114 0.6848
vn 0.3544 -0.6487 0.6735
vn 0.7155 -0.4999 0.4880
vn -0.9250 -0.2769 0.2602
vn -0.9653 -0.2060 0.1606
vn -0.9987 -0.0494 0.0111
vn 0.9799 0.1894 -0.0631
vn -0.8279 0.4297 -0.3606
vn 0.2016 0.8271 -0.5247
vn -0.4343 -0.6321 0.6417
vn -0.8009 -0.4353 0.4111
vn -0.8464 0.3662 -0.3865
vn -0.5197 0.6914 -0.5019
vn -0.0431 0.8102 -0.5845
vn 0.7528 0.5497 -0.3621
vn 0.8912 0.4015 -0.2112
vn 0.3291 0.8015 -0.4992
vn -0.4228 -0.6355 0.6461
vn 0.6865 -0.5382 0.4889
vn 0.4799 -0.6261 0.6146
vn 0.0816 -0.6915 0.7177
vn -0.6499 -0.3974 0.6478
vn 0.2773 -0.6923 0.6662
vn -0.8921 -0.3365 0.3014
vn -0.9925 -0.0948 0.0776
vn -0.9968 -0.0041 -0.0797
vn -0.7272 0.5394 -0.4246
vn 0.8230 0.4992 -0.2711
vn -0.1145 0.8272 -0.5501
vn -0.4868 -0.5654 0.6658
vn -0.9164 0.2297 -0.3279
vn 0.9947 0.0853 0.0571
vn -0.7390 -0.4739 0.4788
vn -0.8937 -0.3206 0.3138
vn -0.9858 -0.1431 0.0880
vn -0.9680 0.0948 -0.2324
vn 0.9697 -0.1995 0.1413
vn 0.9821 0.1813 -0.0509
vn -0.1543 0.8221 -0.5481
vn -0.4104 -0.6642 0.6248
vn 0.8242 -0.4058 0.3950
vn -0.8003 0.4215 -0.4264
vn -0.5417 0.6598 -0.5208
vn 0.7328 0.5933 -0.3333
vn 0.2647 0.7889 -0.5545
vn 0.8522 0.4210 -0.3108
vn 0.5872 0.6396 -0.4962
vn 0.4130 -0.6477 0.6403
vn -0.1060 -0.7050 0.7012
vn -0.7349 -0.5947 0.3260
vn -0.5856 -0.5666 0.5797
vn -0.6193 -0.5648 0.5454
vn -0.8398 -0.4205 0.3434
vn 0.9220 -0.3257 0.2097
vn -0.0211 0.7792 -0.6265
vn -0.9419 0.1433 -0.3038
vn -0.8866 0.2418 -0.3944
vn -0.7514 0.4428 -0.4892
vn -0.3307 0.6644 -0.6702
vn -0.5443 0.5653 -0.6198
vn -0.0954 -0.6957 0.7120
vn 0.5834 -0.5976 0.5500
vn -0.9927 -0.1135 -0.0408
vn -0.8369 -0.4331 0.3348
vn 0.7312 -0.4854 0.4792
vn 0.7888 -0.4719 0.3939
vn -0.8241 0.2751 -0.4952
vn 0.9985 -0.0481 -0.0255
vn 0.8983 0.3452 -0.2718
vn 0.6415 0.5668 -0.5169
vn 0.3015 0.7168 -0.6287
vn -0.4419 -0.6099 0.6578
vn -0.9876 -0.0873 -0.1306
vn -0.9424 0.0687 -0.3275
vn -0.7836 0.3616 -0.5052
vn 0.9496 -0.3115 0.0356
vn -0.0238 -0.7202 0.6933
vn -0.9947 -0.0324 -0.0971
vn -0.9865 -0.1497 0.0665
vn -0.9162 0.0620 -0.3958
vn 0.9307 0.2452 -0.2714
vn -0.3254 0.5155 -0.7927
vn 0.0322 0.6937 -0.7196
vn 0.2482 -0.6516 0.7168
vn 0.8964 -0.3615 0.2566
vn -0.7855 0.2489 -0.5665
vn -0.6913 0.3884 -0.6093
vn -0.6978 0.4573 -0.5513
vn 0.9742 -0.1159 -0.1938
vn -0.7001 0.3501 -0.6223
vn -0.7916 0.3080 -0.5278
vn 0.8640 0.2940 -0.4088
vn -0.8162 -0.4232 0.3933
vn 0.3520 -0.6197 0.7014
vn -0.9781 -0.1723 0.1165
vn -0.9797 -0.1995 -0.0212
vn -0.9846 -0.0197 -0.1740
vn -0.9044 0.1914 -0.3813
vn 0.8854 -0.4285 0.1799
vn -0.7304 0.3816 -0.5664
vn -0.6825 0.2776 -0.6761
vn -0.5747 0.2027 -0.7929
vn 0.3595 0.6756 -0.6436
vn 0.6236 0.5262 -0.5781
vn -0.0382 0.4008 -0.9154
vn 0.0492 0.6124 -0.7890
vn -0.0722 -0.6290 0.7740
vn -0.7177 -0.4551 0.5271
vn -0.3894 -0.6055 0.6941
vn -0.6622 -0.4273 0.6155
vn -0.9410 -0.2844 0.1833
vn -0.9738 -0.0978 -0.2054
vn -0.7391 0.2903 -0.6078
vn -0.7095 0.3500 -0.6117
vn 0.8492 -0.5060 0.1508
vn 0.9012 -0.3823 0.2040
vn -0.5535 0.5464 -0.6286
vn 0.8934 -0.4385 -0.0981
vn -0.6960 0.0969 -0.7115
vn -0.6208 0.0858 -0.7792
vn 0.9563 0.0245 -0.2914
vn -0.5309 -0.0685 -0.8447
vn -0.2630 -0.0017 -0.9648
vn -0.1054 -0.2778 -0.9549
vn -0.3579 -0.2384 -0.9028
vn -0.1794 -0.4966 -0.8492
vn -0.2823 -0.3235 -0.9032
vn 0.0190 -0.2566 -0.9663
vn -0.3815 -0.4754 -0.7927
vn -0.2362 -0.2069 -0.9494
vn 0.0353 -0.0888 -0.9954
vn -0.1935 0.1818 -0.9641
vn 0.0590 -0.1253 -0.9904
vn 0.1572 -0.0499 -0.9863
vn 0.3120 0.5793 -0.7530
vn -0.1664 -0.0057 -0.9860
vn 0.4808 -0.1028 -0.8708
vn 0.4746 -0.0023 -0.8802
vn 0.3222 0.4049 -0.8557
vn -0.1370 -0.2053 -0.9691
vn -0.0788 0.1209 -0.9895
vn 0.4486 -0.0251 -0.8934
vn 0.7339 0.1345 -0.6658
vn 0.9126 -0.0238 -0.4083
vn -0.2762 -0.0624 -0.9591
vn 0.0669 0.2197 -0.9733
vn 0.2023 0.1225 -0.9716
vn 0.5657 0.1082 -0.8175
vn -0.1328 0.2627 -0.9557
vn -0.2445 0.2430 -0.9387
vn -0.0252 0.3793 -0.9249
vn 0.2730 0.3241 -0.9058
vn -0.1656 0.4406 -0.8823
vn -0.9868 -0.1174 0.1118
vn -0.9254 0.1938 -0.3256
vn -0.7632 0.1900 -0.6175
vn -0.5061 0.4161 -0.7555
vn 0.8083 -0.5887 -0.0068
vn -0.5166 0.2722 -0.8118
vn -0.6329 0.1581 -0.7579
vn 0.9256 -0.2743 -0.2610
vn -0.3392 -0.3641 -0.8674
vn -0.4682 -0.5762 -0.6699
vn -0.2844 -0.4105 -0.8664
vn 0.8698 0.3312 -0.3657
vn 0.9196 0.3066 -0.2455
vn 0.8283 0.3300 -0.4528
vn -0.2133 -0.3797 -0.9002
vn -0.2986 -0.2770 -0.9133
vn -0.1432 -0.4856 -0.8624
vn -0.3720 -0.4725 -0.7990
vn 0.3676 0.5473 -0.7519
vn -0.4580 0.0386 -0.8881
vn -0.7072 -0.1757 -0.6849
vn 0.9491 0.2033 -0.2404
vn 0.1966 0.6012 -0.7745
vn -0.7770 -0.0242 -0.6291
vn 0.9845 -0.1306 0.1171
vn 0.8795 -0.1364 -0.4560
vn 0.9461 -0.3238 -0.0040
vn -0.7267 0.1601 -0.6680
vn 0.8594 -0.4165 -0.2966
vn -0.4216 0.3281 -0.8453
vn 0.8369 -0.2997 -0.4580
vn 0.5209 -0.0269 -0.8532
vn -0.0530 0.5522 -0.8320
vn 0.0638 0.4989 -0.8643
vn 0.2773 0.3847 -0.8804
vn 0.3008 0.5412 -0.7853
vn 0.1060 -0.6073 0.7874
vn -0.8610 -0.3601 0.3592
vn -0.8276 0.2198 -0.5165
vn 0.7633 -0.6456 0.0247
vn 0.6908 -0.7169 -0.0937
vn -0.8761 0.2607 -0.4056
vn -0.4580 0.0204 -0.8887
vn 0.8550 -0.4425 -0.2704
vn -0.4708 -0.1167 -0.8745
vn -0.3502 -0.5081 -0.7869
vn -0.5736 -0.2257 -0.7875
vn -0.1228 -0.5505 -0.8258
vn -0.2306 -0.6747 -0.7012
vn -0.5234 -0.3597 -0.7725
vn -0.7277 -0.3224 -0.6054
vn -0.2032 -0.6218 -0.7564
vn 0.5147 0.3971 -0.7598
vn -0.9798 -0.0488 -0.1938
vn -0.9898 0.0307 -0.1394
vn 0.0788 0.4283 -0.9002
vn 0.0367 0.3702 -0.9282
vn 0.9804 -0.1732 -0.0941
vn 0.8858 -0.4572 -0.0794
vn 0.6129 -0.5916 -0.5238
vn 0.9440 -0.1405 -0.2987
vn -0.7552 0.2650 -0.5995
vn 0.1350 0.1906 -0.9723
vn 0.2512 -0.1756 -0.9519
vn 0.2490 -0.6306 -0.7351
vn -0.5756 -0.3728 -0.7278
vn -0.4621 -0.0455 -0.8857
vn -0.5807 0.0950 -0.8086
vn -0.1395 -0.8155 -0.5617
vn 0.2470 -0.8432 -0.4776
vn -0.3528 0.5381 -0.7655
vn -0.4138 0.2936 -0.8617
vn -0.4968 0.3236 -0.8053
vn 0.1304 0.5135 -0.8481
vn -0.0849 0.3956 -0.9145
vn -0.1903 0.6408 -0.7437
vn 0.2416 0.6067 -0.7573
vn 0.0471 0.6884 -0.7238
vn 0.1385 0.7414 -0.6566
vn -0.4690 -0.5944 0.6532
vn 0.0205 -0.5891 0.8078
vn 0.4669 -0.5659 0.6795
vn -0.5998 -0.4737 0.6448
vn -0.9365 -0.1951 0.2915
vn 0.9108 -0.3695 0.1840
vn -0.9956 -0.0108 -0.0930
vn 0.8899 -0.4365 0.1327
vn -0.9757 -0.1604 0.1490
vn -0.9653 0.1130 -0.2356
vn -0.9219 0.1768 -0.3447
vn 0.6644 -0.6762 -0.3182
vn -0.5140 -0.5465 -0.6612
vn -0.4279 -0.7086 -0.5611
vn 0.9282 0.0519 -0.3683
vn 0.8879 0.3972 -0.2321
vn -0.7569 -0.3836 -0.5292
vn -0.9271 -0.1965 -0.3192
vn 0.6626 0.0687 -0.7458
vn 0.4105 0.1949 -0.8908
vn 0.1381 0.3044 -0.9425
vn -0.9640 0.1096 0.2421
vn -0.9260 -0.0674 0.3715
vn 0.1859 -0.0565 -0.9810
vn -0.0615 0.0794 -0.9949
vn 0.6284 -0.4333 -0.6460
vn 0.4184 0.0124 -0.9082
vn 0.0026 0.2135 -0.9769
vn 0.1639 0.1064 -0.9807
vn 0.0378 0.3467 -0.9372
vn 0.4552 -0.2269 -0.8610
vn 0.6482 -0.4295 -0.6288
vn -0.2025 -0.0322 -0.9787
vn -0.2511 0.1830 -0.9505
vn 0.6237 -0.0084 -0.7816
vn 0.6599 -0.5131 -0.5488
vn -0.3715 0.3364 -0.8654
vn -0.1786 0.4968 -0.8493
vn -0.1681 0.3491 -0.9219
vn -0.1623 0.0748 -0.9839
vn 0.3409 -0.6895 -0.6391
vn 0.1314 -0.9039 -0.4071
vn -0.0949 -0.0429 -0.9946
vn -0.7753 0.3729 -0.5097
vn -0.2170 0.6965 -0.6840
vn -0.0900 0.6877 -0.7204
vn -0.3740 0.6678 -0.6436
vn -0.2598 0.7466 -0.6125
vn -0.6903 0.5332 -0.4890
vn 0.0517 0.5894 -0.8062
vn -0.0010 0.7075 -0.7067
vn 0.5665 0.7319 -0.3786
vn -0.1986 -0.5508 0.8107
vn -0.4890 -0.4754 0.7314
vn -0.5217 -0.4852 0.7018
vn -0.7163 -0.4563 0.5279
vn -0.7950 -0.1862 -0.5773
vn 0.5395 -0.7654 -0.3507
vn 0.2088 -0.8164 -0.5384
vn -0.5568 -0.5593 -0.6142
vn -0.0227 -0.7978 -0.6025
vn -0.2998 -0.6762 -0.6730
vn -0.5144 -0.5685 -0.6421
vn -0.7580 -0.4774 -0.4445
vn -0.9648 -0.1747 -0.1966
vn 0.5091 0.7678 -0.3891
vn 0.9345 -0.2020 -0.2932
vn -0.9965 0.0734 0.0402
vn 0.7060 -0.1410 -0.6940
vn 0.5152 -0.1102 -0.8500
vn -0.9983 0.0213 -0.0535
vn 0.1471 0.1957 -0.9696
vn 0.4912 -0.0839 -0.8670
vn -0.9634 0.1080 -0.2455
vn 0.1009 -0.1812 -0.9783
vn 0.0802 -0.5493 -0.8318
vn 0.1058 -0.5713 -0.8139
vn 0.1134 0.6700 -0.7336
vn 0.0615 0.7218 -0.6894
vn -0.1005 0.8176 -0.5670
vn 0.2116 -0.5807 0.7862
vn -0.4884 -0.4581 0.7427
vn 0.8315 -0.4876 0.2662
vn 0.5944 -0.5873 0.5493
vn -0.5418 -0.4767 0.6923
vn 0.8189 -0.5721 0.0461
vn -0.8568 -0.2761 0.4356
vn -0.9897 -0.0711 -0.1246
vn 0.7209 -0.6785 -0.1412
vn -0.8083 -0.1111 -0.5782
vn -0.6696 -0.3146 -0.6728
vn -0.3039 -0.8122 -0.4979
vn -0.3173 -0.8579 -0.4041
vn -0.8675 0.2610 0.4234
vn -0.9414 0.2792 0.1891
vn -0.6977 0.1101 0.7079
vn -0.7546 -0.1748 0.6325
vn -0.9301 -0.1256 0.3452
vn -0.9821 -0.1134 0.1502
vn -0.9743 0.1531 -0.1653
vn -0.9906 0.1048 -0.0877
vn -0.7950 0.4720 -0.3810
vn 0.0355 0.8428 -0.5371
vn 0.0122 -0.6411 0.7674
vn -0.3960 -0.4810 0.7822
vn 0.2682 -0.5502 0.7908
vn -0.5351 -0.3774 0.7558
vn 0.6077 -0.7693 -0.1971
vn 0.7960 -0.6025 -0.0574
vn 0.8642 -0.4770 -0.1599
vn 0.7593 -0.6476 0.0631
vn 0.6683 -0.7364 0.1055
vn -0.3514 -0.7087 -0.6117
vn -0.5139 -0.5091 -0.6904
vn 0.4703 -0.8800 -0.0662
vn 0.1272 -0.9883 -0.0839
vn -0.7590 -0.5580 -0.3355
vn -0.5314 -0.7663 -0.3610
vn -0.5576 0.2074 0.8038
vn -0.7023 -0.1136 0.7027
vn -0.7958 0.0068 0.6055
vn -0.6882 -0.0850 0.7205
vn -0.6256 -0.2788 0.7286
vn -0.7233 -0.3344 0.6042
vn -0.9998 -0.0201 0.0062
vn -0.9613 0.2351 -0.1436
vn -0.7945 0.5561 -0.2438
vn -0.4837 0.7432 -0.4623
vn -0.4684 0.7990 -0.3770
vn -0.2279 0.8526 -0.4703
vn -0.0594 0.9204 -0.3864
vn 0.0989 0.8261 -0.5547
vn 0.1039 0.8479 -0.5200
vn 0.0836 0.9458 -0.3139
vn 0.5114 -0.6846 0.5195
vn -0.5180 -0.3936 0.7595
vn 0.7082 -0.7017 0.0781
vn -0.3975 -0.6882 0.6069
vn -0.7466 -0.5314 -0.4002
vn -0.6092 -0.6852 0.3991
vn -0.6232 -0.7755 -0.1005
vn -0.9743 -0.2005 -0.1030
vn -0.7539 0.4883 0.4395
vn -0.5248 0.4804 0.7027
vn -0.5075 0.3679 0.7792
vn -0.5851 0.6179 0.5252
vn -0.6671 0.4611 0.5850
vn -0.8890 0.1798 0.4211
vn -0.9779 -0.0449 0.2043
vn -0.6929 -0.2887 0.6608
vn -0.9788 -0.0667 0.1935
vn -0.9396 0.1521 0.3066
vn -0.6318 -0.2316 0.7397
vn -0.7404 -0.1539 0.6543
vn -0.8309 -0.3055 0.4651
vn -0.8148 -0.3960 0.4235
vn -0.1546 0.9024 -0.4023
vn -0.3227 0.9046 -0.2783
vn -0.2362 -0.5029 0.8314
vn -0.5249 -0.5507 0.6490
vn 0.4276 -0.8710 0.2419
vn -0.6821 -0.4774 0.5539
vn 0.4342 -0.8994 -0.0513
vn 0.6645 -0.7241 -0.1848
vn -0.5814 -0.7397 0.3388
vn -0.3397 -0.9404 0.0156
vn -0.3625 -0.9088 -0.2064
vn 0.7433 -0.6575 0.1233
vn -0.4394 -0.8548 -0.2763
vn -0.7591 -0.6303 -0.1625
vn -0.6135 0.5597 0.5571
vn -0.8603 0.2397 0.4500
vn -0.9827 0.1492 0.1100
vn -0.9504 -0.2365 -0.2022
vn -0.9970 0.0376 -0.0669
vn -0.8283 -0.3984 -0.3941
vn -0.9319 0.1928 -0.3074
vn -0.9583 0.2180 0.1849
vn -0.9361 0.2731 -0.2216
vn -0.8492 -0.2117 0.4838
vn -0.9808 -0.0641 0.1841
vn -0.6154 -0.5467 0.5677
vn -0.7370 -0.5431 0.4023
vn -0.1651 0.9473 -0.2746
vn -0.1658 0.9535 -0.2516
vn 0.0707 -0.8714 0.4855
vn -0.1531 -0.7735 0.6150
vn 0.1938 -0.9782 0.0743
vn 0.5817 -0.7707 -0.2603
vn 0.9255 -0.2146 -0.3120
vn -0.6168 -0.7464 0.2497
vn -0.4594 -0.8524 -0.2498
vn 0.9393 -0.3271 -0.1031
vn -0.6237 -0.7787 -0.0677
vn -0.2836 -0.9334 -0.2198
vn -0.2037 -0.9448 -0.2564
vn 0.7370 -0.6743 -0.0460
vn 0.6656 -0.7373 0.1162
vn -0.9836 -0.1804 0.0062
vn -0.8083 0.5484 0.2141
vn -0.5611 0.7237 0.4018
vn -0.6313 0.6650 0.3990
vn -0.8583 0.4719 0.2014
vn -0.7373 -0.3757 -0.5615
vn -0.8124 -0.1743 -0.5565
vn -0.8163 0.2000 -0.5419
vn -0.6388 0.4773 -0.6034
vn -0.8145 0.4718 -0.3376
vn -0.9819 0.0970 -0.1629
vn -0.7691 -0.4483 0.4555
vn -0.9861 -0.1200 0.1151
vn -0.5619 -0.7199 0.4073
vn -0.4864 -0.8086 0.3309
vn -0.9618 -0.2205 0.1622
vn -0.7440 -0.6027 0.2885
vn -0.9462 -0.3025 0.1147
vn -0.9982 0.0419 -0.0434
vn -0.7319 0.6637 -0.1541
vn -0.9654 0.2588 -0.0321
vn -0.5157 0.8567 -0.0122
vn -0.7788 0.6214 0.0858
vn -0.0138 0.9902 -0.1388
vn 0.2920 0.9362 -0.1959
vn 0.3490 0.9044 -0.2456
vn -0.2582 -0.9464 0.1942
vn -0.1722 -0.9071 0.3841
vn -0.1379 -0.9285 0.3449
vn -0.1187 -0.9729 0.1983
vn -0.4206 -0.8597 -0.2897
vn -0.1123 -0.9863 0.1204
vn 0.0255 -0.9951 0.0959
vn -0.3772 -0.9258 0.0266
vn -0.4490 -0.8901 0.0782
vn 0.6786 -0.5685 -0.4651
vn 0.2583 -0.8897 -0.3766
vn 0.3877 -0.8676 -0.3113
vn -0.8387 0.3472 0.4196
vn -0.9914 0.1202 0.0515
vn -0.9339 -0.2163 -0.2846
vn -0.8242 -0.2729 -0.4962
vn -0.7166 -0.4368 -0.5438
vn -0.8066 0.1375 -0.5749
vn -0.9315 -0.1317 -0.3391
vn -0.9223 0.2167 -0.3201
vn -0.8156 0.3611 -0.4520
vn -0.6335 0.6309 -0.4480
vn -0.5695 0.6427 -0.5124
vn -0.9038 0.3104 -0.2946
vn -0.8181 -0.5618 0.1227
vn -0.6068 -0.7749 0.1770
vn -0.1783 0.9839 -0.0157
vn 0.6759 0.7198 -0.1584
vn 0.8496 0.5274 0.0017
vn -0.2392 0.9643 -0.1137
vn 0.0700 -0.9973 -0.0238
vn -0.0686 -0.9933 -0.0928
vn -0.2813 -0.9596 0.0093
vn -0.2382 -0.9550 -0.1769
vn 0.0040 -0.7794 -0.6265
vn -0.2003 -0.8513 -0.4849
vn -0.2672 -0.8356 -0.4799
vn -0.4545 0.8746 0.1689
vn -0.5071 0.7999 0.3211
vn -0.7413 0.5823 0.3336
vn -0.9322 0.2773 0.2328
vn -0.9786 -0.1980 -0.0561
vn -0.7734 -0.5353 -0.3395
vn -0.9002 -0.3951 -0.1830
vn -0.9020 0.4085 -0.1398
vn -0.7197 0.6687 -0.1865
vn -0.9811 0.1443 -0.1292
vn -0.6495 -0.7564 0.0768
vn -0.6384 -0.7684 0.0446
vn -0.6036 -0.7922 0.0900
vn -0.1426 0.9889 -0.0417
vn 0.0592 0.9868 -0.1510
vn 0.2069 0.9725 -0.1074
vn -0.2201 -0.9638 -0.1502
vn -0.2069 -0.9782 0.0161
vn -0.3347 -0.9416 0.0361
vn 0.5958 -0.6969 -0.3992
vn 0.8360 -0.2333 -0.4966
vn -0.2429 -0.9656 0.0924
vn -0.5310 -0.8387 0.1211
vn 0.2832 -0.8284 -0.4832
vn 0.6696 -0.4549 -0.5871
vn -0.7716 -0.6145 0.1645
vn -0.2563 -0.9306 -0.2612
vn -0.9962 -0.0819 0.0280
vn -0.3560 0.8192 0.4497
vn -0.9458 -0.3247 0.0081
vn -0.9992 0.0370 0.0136
vn -0.9466 -0.3108 0.0856
vn -0.7844 0.5379 -0.3090
vn -0.9152 0.0058 -0.4031
vn -0.7093 -0.7032 -0.0488
vn -0.1647 0.9856 0.0375
vn 0.0040 0.9999 -0.0115
vn -0.1051 -0.9942 -0.0218
vn -0.0726 -0.9973 -0.0074
vn -0.0866 -0.9955 0.0378
vn 0.7910 -0.5089 -0.3396
vn -0.2845 -0.8008 -0.5270
vn -0.7309 -0.4446 -0.5178
vn -0.6997 0.7142 0.0173
vn -0.6861 0.6307 0.3627
vn -0.7661 0.6421 -0.0273
vn -0.9014 -0.4282 0.0641
vn -0.9488 0.2158 0.2307
vn -0.9276 0.3724 0.0277
vn -0.8895 0.3467 -0.2977
vn -0.9054 -0.4243 0.0129
vn -0.5301 -0.8479 0.0067
vn -0.9915 0.1124 0.0663
vn -0.9402 0.3306 0.0818
vn -0.2711 0.9547 0.1231
vn 0.3655 0.8747 -0.3182
vn -0.0752 -0.9746 0.2110
vn -0.2990 -0.9534 -0.0393
vn -0.3525 -0.8428 -0.4067
vn -0.3264 -0.9359 -0.1328
vn -0.1049 -0.9542 -0.2801
vn 0.6083 -0.7361 -0.2969
vn 0.9354 -0.3108 -0.1689
vn 0.7191 -0.4966 -0.4860
vn -0.3663 -0.8236 0.4329
vn 0.2630 -0.6930 -0.6713
vn -0.1551 -0.7574 -0.6342
vn -0.9829 0.1836 -0.0171
vn -0.8614 -0.4969 0.1051
vn -0.6846 0.6510 -0.3279
vn -0.9195 0.2954 -0.2593
vn -0.9674 -0.1095 0.2286
vn -0.9446 0.3282 0.0075
vn -0.9718 -0.2305 -0.0501
vn -0.3586 0.9113 0.2024
vn -0.1685 0.9618 0.2158
vn -0.1818 0.9524 0.2447
vn -0.0695 0.9871 0.1444
vn 0.0586 -0.8582 -0.5099
vn 0.7250 -0.5644 -0.3947
vn 0.9837 -0.1263 -0.1281
vn -0.2788 -0.9416 -0.1887
vn -0.1385 -0.9823 -0.1258
vn 0.7375 -0.6732 -0.0539
vn 0.2449 -0.9686 -0.0439
vn -0.4246 -0.8517 0.3071
vn -0.6355 -0.7079 0.3082
vn -0.7486 -0.5572 0.3593
vn -0.8076 0.5391 -0.2391
vn -0.3141 0.9223 -0.2252
vn -0.7977 -0.4161 0.4365
vn -0.9337 -0.3398 0.1126
vn -0.8175 -0.4258 0.3879
vn -0.8658 0.4283 0.2589
vn -0.9821 0.1833 0.0438
vn -0.9065 -0.4077 -0.1095
vn -0.5243 -0.8098 -0.2632
vn -0.8366 -0.5184 -0.1774
vn -0.4799 -0.8386 -0.2578
vn -0.7958 0.5569 0.2377
vn -0.5141 0.8142 0.2699
vn 0.9235 0.3782 -0.0644
vn 0.9040 0.4266 0.0296
vn -0.1159 0.9929 0.0277
vn -0.0604 0.9510 -0.3032
vn -0.1791 -0.7194 -0.6711
vn -0.4629 -0.5735 -0.6759
vn -0.5685 -0.6900 -0.4479
vn 0.8931 -0.4497 -0.0101
vn -0.4645 -0.7753 0.4279
vn -0.1795 -0.9388 0.2940
vn -0.3796 0.8021 -0.4610
vn -0.9904 -0.0840 0.1096
vn -0.8656 -0.2109 0.4541
vn -0.9294 0.0441 0.3664
vn -0.9873 0.1524 0.0452
vn -0.9943 0.0172 0.1050
vn -0.8250 -0.5437 -0.1540
vn 0.8765 0.4639 0.1291
vn 0.8671 0.4908 0.0848
vn 0.8721 0.4776 0.1069
vn -0.2217 0.8593 0.4609
vn -0.2286 0.8924 0.3890
vn -0.9716 0.0844 -0.2211
vn -0.7633 0.4434 -0.4698
vn -0.5694 0.7718 -0.2830
vn 0.6653 -0.4130 -0.6220
vn 0.5927 -0.4083 -0.6942
vn 0.4633 -0.4732 -0.7493
vn -0.1915 -0.6203 -0.7607
vn -0.5143 -0.5366 -0.6690
vn 0.2146 -0.7891 -0.5755
vn 0.8941 -0.2532 -0.3695
vn -0.6410 -0.5274 -0.5576
vn -0.3164 -0.8388 -0.4431
vn -0.5197 -0.7217 -0.4573
vn 0.9952 -0.0809 0.0545
vn -0.2824 -0.7780 0.5611
vn 0.3769 -0.9238 0.0676
vn -0.9974 -0.0566 0.0448
vn -0.7384 0.5411 -0.4025
vn -0.4682 0.6563 -0.5917
vn -0.8301 0.4173 -0.3698
vn -0.9638 0.1232 -0.2366
vn -0.9238 -0.2654 0.2761
vn -0.8876 0.0625 0.4563
vn -0.9544 -0.2245 -0.1968
vn -0.5876 -0.5943 -0.5491
vn -0.7226 -0.4928 -0.4847
vn -0.9342 0.3139 0.1697
vn 0.8624 0.5020 0.0658
vn -0.0422 0.9959 0.0799
vn -0.0603 0.9662 0.2506
vn -0.3230 0.9205 -0.2197
vn -0.2113 0.9294 0.3027
vn -0.4359 0.8857 0.1596
vn -0.6635 -0.4209 -0.6186
vn 0.8410 -0.2724 -0.4675
vn -0.6986 -0.3579 -0.6196
vn -0.1941 -0.8671 0.4588
vn -0.1351 -0.9520 0.2748
vn -0.2323 -0.9561 0.1786
vn -0.2057 -0.9714 -0.1188
vn -0.4198 -0.8459 -0.3290
vn -0.4498 -0.6858 0.5722
vn -0.3601 -0.7842 0.5054
vn -0.1725 -0.8966 0.4079
vn -0.3950 -0.8476 0.3544
vn -0.5471 -0.6908 0.4727
vn -0.9943 0.0948 -0.0480
vn -0.4190 0.5990 -0.6824
vn -0.6171 0.5261 -0.5851
vn -0.9852 0.1470 -0.0876
vn -0.9329 -0.0866 0.3496
vn -0.9229 -0.2564 0.2872
vn -0.9373 0.2242 0.2669
vn -0.8872 -0.2804 -0.3665
vn -0.9719 -0.1717 -0.1610
vn -0.9591 0.1803 0.2182
vn 0.8501 0.0859 0.5196
vn 0.5852 0.2486 0.7719
vn 0.7928 0.4155 0.4459
vn -0.3641 0.8803 0.3042
vn -0.2231 0.9739 0.0410
vn -0.4196 0.9077 -0.0059
vn -0.2978 0.4278 0.8534
vn 0.2564 -0.5835 -0.7706
vn -0.6640 -0.4931 -0.5621
vn -0.7124 -0.4567 -0.5328
vn 0.9931 0.0347 -0.1122
vn 0.9945 0.0324 0.0996
vn -0.4892 -0.7359 -0.4681
vn -0.3308 -0.9424 0.0499
vn -0.3820 -0.8886 -0.2539
vn 0.9744 -0.0847 0.2083
vn -0.3412 -0.7577 0.5563
vn -0.2258 -0.8487 0.4783
vn -0.5112 -0.7734 0.3748
vn -0.9444 -0.2515 0.2118
vn -0.7368 0.4875 -0.4684
vn -0.9938 0.0962 -0.0554
vn -0.6438 0.4578 -0.6131
vn -0.6465 0.4499 -0.6162
vn -0.8947 0.3038 -0.3273
vn -0.9132 -0.2316 0.3354
vn -0.9954 -0.0623 0.0728
vn -0.9662 -0.1733 0.1907
vn -0.9867 -0.0089 -0.1626
vn -0.9342 -0.1080 -0.3400
vn -0.7531 -0.3263 -0.5713
vn -0.4670 -0.4760 -0.7452
vn -0.6747 -0.4675 -0.5712
vn -0.7674 0.5255 0.3672
vn -0.5626 0.6840 0.4642
vn -0.5999 0.5899 0.5405
vn 0.0508 0.9627 -0.2658
vn 0.0268 0.9994 0.0236
vn 0.0352 0.7313 0.6811
vn 0.1968 0.6644 0.7210
vn 0.0940 0.0230 0.9953
vn -0.7264 -0.0298 0.6866
vn 0.0817 0.9401 0.3309
vn 0.0018 0.8686 0.4956
vn -0.0304 -0.6376 -0.7698
vn -0.3794 -0.5663 -0.7317
vn -0.5891 -0.5175 -0.6206
vn 0.8363 -0.3479 -0.4236
vn 0.4330 -0.6690 -0.6042
vn 0.9948 -0.0478 -0.0895
vn 0.9518 0.1981 0.2342
vn -0.4583 -0.7866 -0.4137
vn -0.5271 -0.5586 -0.6404
vn 0.9093 0.1911 0.3697
vn -0.4302 -0.8060 -0.4065
vn -0.5998 -0.7864 0.1475
vn -0.4177 -0.8771 -0.2373
vn 0.9162 -0.0365 0.3991
vn -0.7854 -0.5988 -0.1569
vn -0.7205 -0.6934 -0.0026
vn 0.9087 -0.2115 0.3598
vn -0.4529 -0.6041 0.6557
vn -0.4688 -0.7127 0.5219
vn -0.6669 -0.7048 0.2419
vn -0.7991 -0.4098 0.4398
vn -0.9339 -0.2684 0.2362
vn -0.9480 0.2011 -0.2466
vn -0.7988 0.2660 -0.5395
vn -0.5632 0.4112 -0.7167
vn -0.7865 0.1539 -0.5981
vn -0.4297 0.4939 -0.7559
vn -0.6503 0.2542 -0.7159
vn -0.8606 0.1161 -0.4958
vn -0.9068 -0.3588 -0.2214
vn -0.7890 -0.2504 -0.5611
vn -0.7485 -0.2609 -0.6096
vn -0.6786 -0.2885 -0.6755
vn -0.6876 -0.3335 -0.6449
vn -0.9515 -0.0634 -0.3010
vn -0.8090 0.3804 0.4481
vn 0.4766 0.4734 0.7408
vn 0.6607 0.4906 0.5681
vn -0.2772 0.8415 0.4637
vn -0.3352 0.7042 0.6260
vn -0.2550 0.7815 0.5694
vn -0.6768 0.7082 0.2011
vn -0.7455 0.5969 -0.2967
vn -0.2784 0.8049 -0.5240
vn 0.2418 0.9643 -0.1079
vn 0.2102 0.9678 0.1386
vn 0.0547 0.9277 0.3693
vn 0.2300 0.6304 0.7414
vn 0.3506 0.8125 0.4657
vn -0.4348 0.6122 -0.6604
vn 0.2278 0.8047 -0.5482
vn 0.3476 -0.5695 -0.7448
vn 0.7984 -0.3962 -0.4535
vn 0.8745 -0.2826 -0.3942
vn -0.6200 -0.4970 -0.6071
vn 0.8102 0.3520 0.4687
vn 0.8957 0.2854 0.3408
vn -0.4308 -0.6629 -0.6124
vn -0.5853 -0.6888 -0.4277
vn -0.6256 -0.5948 -0.5048
vn -0.2756 -0.5978 0.7527
vn 0.7630 -0.2326 0.6032
vn 0.8027 -0.3676 0.4697
vn 0.7733 -0.4401 0.4564
vn -0.6222 -0.5036 0.5994
vn -0.9404 -0.2156 0.2630
vn -0.9988 0.0312 -0.0380
vn -0.7663 -0.0170 -0.6423
vn -0.6299 -0.0810 -0.7725
vn -0.9328 0.1188 0.3401
vn -0.5522 0.5018 0.6658
vn 0.6681 0.5628 0.4867
vn 0.5983 0.6646 0.4476
vn 0.7222 0.5876 0.3648
vn 0.8230 0.4907 0.2861
vn -0.5645 0.7723 0.2913
vn -0.6498 0.7251 0.2279
vn 0.5151 0.5367 0.6683
vn -0.7896 0.4199 -0.4474
vn 0.3938 0.7575 -0.5207
vn 0.4222 0.7961 -0.4335
vn 0.4827 0.8303 -0.2786
vn 0.4033 0.9060 0.1282
vn 0.3769 0.7153 0.5884
vn -0.1306 0.4755 -0.8700
vn 0.3959 0.6651 -0.6331
vn -0.5347 0.4830 -0.6934
vn -0.4807 0.3088 -0.8207
vn 0.4580 -0.4849 -0.7451
vn -0.1083 -0.6252 -0.7730
vn -0.5678 -0.5413 -0.6202
vn 0.9778 -0.1936 -0.0805
vn 0.9916 0.0875 0.0952
vn 0.9709 0.1972 0.1356
vn -0.6969 -0.5190 -0.4950
vn 0.7286 0.1836 0.6599
vn -0.8432 -0.5185 -0.1422
vn 0.6810 0.1590 0.7148
vn -0.5209 -0.5787 0.6275
vn -0.8663 -0.4362 0.2433
vn 0.7039 -0.3338 0.6270
vn 0.6352 -0.4621 0.6188
vn -0.9097 -0.2274 0.3474
vn -0.9878 -0.0498 0.1475
vn -0.9972 -0.0001 -0.0748
vn -0.1793 0.6112 0.7709
vn -0.7309 0.3409 0.5913
vn 0.5926 0.7865 0.1739
vn 0.7386 0.6300 0.2398
vn -0.9199 0.3647 -0.1444
vn 0.4167 0.8477 0.3282
vn 0.5343 0.7380 0.4122
vn -0.8162 0.3316 -0.4732
vn 0.7198 0.6740 -0.1663
vn 0.6703 0.5673 -0.4784
vn 0.6576 0.7309 0.1829
vn 0.4691 0.5509 -0.6902
vn 0.6742 0.4634 -0.5751
vn 0.0340 0.4628 -0.8858
vn 0.4620 -0.5956 -0.6571
vn 0.8381 -0.3848 -0.3866
vn 0.9016 0.2942 0.3172
vn -0.7565 -0.5262 -0.3884
vn 0.7183 0.2465 0.6505
vn 0.7018 0.4655 0.5393
vn -0.8995 -0.3816 -0.2127
vn -0.9679 -0.2312 -0.0984
vn 0.6700 -0.2352 0.7041
vn -0.7723 -0.4408 0.4574
vn -0.9848 -0.0642 0.1617
vn 0.7338 -0.3943 0.5532
vn -0.5832 -0.4202 0.6953
vn -0.9093 -0.1632 0.3829
vn 0.5828 -0.5398 0.6075
vn 0.7659 -0.1624 0.6221
vn -0.3707 -0.5045 0.7798
vn -0.7348 -0.3848 0.5586
vn 0.6388 0.0839 0.7648
vn -0.7254 -0.2386 0.6457
vn 0.4910 -0.1360 0.8605
vn 0.7693 0.0083 0.6388
vn 0.5706 -0.0123 0.8212
vn 0.6466 -0.0063 0.7628
vn 0.1709 0.0281 0.9849
vn 0.6900 -0.3270 0.6457
vn 0.1867 0.0074 0.9824
vn -0.9569 -0.0211 0.2896
vn 0.8328 -0.3439 0.4337
vn 0.3611 -0.6455 0.6730
vn -0.6764 0.3009 0.6722
vn 0.8607 0.3973 0.3185
vn 0.8431 0.5158 0.1523
vn 0.8474 0.4867 0.2124
vn -0.1586 0.4973 0.8530
vn -0.2324 0.6361 0.7358
vn -0.4107 0.5148 0.7526
vn -0.8675 0.0584 0.4941
vn -0.9691 0.1136 0.2191
vn -0.9487 -0.2893 -0.1273
vn -0.9687 -0.1486 -0.1988
vn 0.6399 0.7681 -0.0239
vn 0.8259 0.4851 -0.2872
vn -0.9175 0.3275 -0.2258
vn -0.7063 0.3897 -0.5911
vn -0.8054 0.3435 -0.4831
vn -0.8214 0.1698 -0.5445
vn -0.5329 0.4147 -0.7376
vn 0.1871 0.5533 -0.8117
vn 0.4422 0.5611 -0.6997
vn -0.8856 0.2404 -0.3973
vn -0.2843 0.5921 -0.7540
vn 0.5162 -0.5347 -0.6691
vn 0.3716 -0.6312 -0.6808
vn 0.9997 0.0068 0.0221
vn 0.9082 -0.2712 -0.3187
vn 0.9993 -0.0362 -0.0108
vn 0.9973 0.0274 0.0682
vn -0.7565 -0.4583 -0.4666
vn 0.9028 0.2552 0.3462
vn 0.8025 0.3981 0.4444
vn 0.7461 0.3019 0.5935
vn -0.9991 -0.0054 -0.0432
vn 0.6944 -0.1772 0.6974
vn -0.9260 0.2199 0.3068
vn 0.5407 -0.3939 0.7433
vn -0.2040 -0.4551 0.8667
vn -0.4188 -0.4131 0.8087
vn -0.8134 0.0312 0.5808
vn 0.5823 -0.4438 0.6811
vn 0.9140 -0.2271 0.3363
vn -0.5107 -0.2522 0.8219
vn -0.1094 -0.4080 0.9064
vn -0.2111 -0.3293 0.9203
vn -0.7277 -0.0149 0.6857
vn 0.9837 -0.0895 0.1559
vn 0.9664 0.1968 0.1654
vn 0.5334 -0.6123 0.5836
vn 0.7971 -0.4926 0.3492
vn -0.7421 0.0354 0.6693
vn 0.7401 -0.6724 0.0126
vn 0.9053 -0.4092 0.1136
vn -0.7092 0.0548 0.7029
vn -0.2395 0.3806 0.8932
vn 0.8092 0.5788 0.1010
vn 0.0266 0.9964 0.0806
vn -0.3277 0.4887 0.8086
vn -0.9489 -0.0181 0.3151
vn 0.7570 0.6524 0.0377
vn -0.8916 -0.3398 0.2992
vn -0.9468 -0.2715 0.1727
vn 0.7372 0.6279 -0.2494
vn 0.6706 0.7314 -0.1239
vn -0.9276 0.0057 0.3735
vn 0.8554 0.3934 -0.3368
vn 0.6798 0.5064 -0.5305
vn 0.8223 0.4265 -0.3767
vn -0.9592 0.2402 -0.1494
vn -0.9829 0.1164 -0.1426
vn -0.7889 0.3884 -0.4761
vn -0.2513 0.6108 -0.7509
vn 0.3879 -0.6263 -0.6762
vn 0.1690 -0.6783 -0.7151
vn -0.1293 -0.6414 -0.7562
vn 0.9590 -0.2609 -0.1109
vn -0.9652 -0.2281 -0.1275
vn -0.9995 0.0128 -0.0272
vn 0.7598 0.4589 0.4605
vn 0.8040 0.3870 0.4514
vn 0.7176 0.0504 0.6946
vn 0.5625 -0.5201 0.6427
vn -0.9110 0.3152 0.2660
vn 0.6625 -0.5035 0.5546
vn -0.7399 -0.1140 0.6630
vn -0.7759 0.2550 0.5770
vn 0.6223 -0.5307 0.5753
vn -0.2393 -0.3194 0.9169
vn -0.4980 -0.0849 0.8630
vn -0.1345 -0.4424 0.8867
vn -0.3495 -0.0887 0.9327
vn 0.7129 0.1263 0.6898
vn 0.6689 0.1734 0.7229
vn 0.8222 -0.5402 0.1795
vn 0.6642 -0.7475 0.0053
vn -0.2503 0.1673 0.9536
vn -0.1510 0.4498 0.8803
vn -0.6441 0.1531 0.7495
vn -0.2207 0.4251 0.8778
vn -0.3718 0.4013 0.8371
vn -0.6002 0.1948 0.7758
vn -0.8891 -0.1354 0.4373
vn -0.1241 0.9914 0.0413
vn 0.8503 0.4630 -0.2502
vn 0.8063 0.5740 -0.1428
vn 0.8992 0.3684 -0.2362
vn -0.9534 0.2050 -0.2213
vn -0.0480 0.6201 -0.7830
vn 0.8477 -0.2732 -0.4547
vn 0.9985 0.0005 0.0541
vn 0.9052 0.2618 0.3348
vn -0.8034 -0.4547 -0.3843
vn -0.8703 0.4339 0.2330
vn 0.5588 -0.3365 0.7580
vn 0.7284 0.2532 0.6366
vn 0.6579 -0.0304 0.7525
vn 0.3788 -0.5799 0.7213
vn -0.7340 0.5097 0.4488
vn 0.3549 -0.5629 0.7464
vn -0.5196 0.1876 0.8336
vn -0.4445 -0.2230 0.8676
vn -0.4908 0.3401 0.8021
vn -0.5574 -0.0192 0.8300
vn 0.7678 -0.0976 0.6333
vn -0.1772 -0.2160 0.9602
vn -0.2051 -0.3443 0.9162
vn -0.5450 -0.4133 0.7294
vn -0.3118 -0.1090 0.9439
vn 0.5047 -0.4696 0.7244
vn 0.4188 -0.6750 0.6074
vn -0.1418 0.2024 0.9690
vn -0.3216 0.1753 0.9305
vn -0.2864 0.1461 0.9469
vn -0.2542 0.1255 0.9590
vn -0.6894 -0.0552 0.7223
vn -0.6053 -0.0301 0.7955
vn 0.8714 0.4870 -0.0586
vn -0.7150 -0.1526 0.6823
vn -0.7281 0.0148 0.6853
vn -0.9522 0.0865 0.2930
vn -0.9894 0.0304 0.1423
vn -0.8152 -0.1494 0.5596
vn -0.9404 -0.1079 0.3225
vn -0.7091 0.4409 -0.5503
vn 0.2738 0.6484 -0.7103
vn -0.2229 0.6135 -0.7576
vn 0.0826 -0.5677 -0.8191
vn 0.5771 -0.5807 -0.5742
vn 0.7924 -0.3485 -0.5006
vn -0.5648 -0.5716 -0.5952
vn -0.6353 -0.5129 -0.5774
vn 0.9987 0.0512 -0.0063
vn 0.9496 0.3130 -0.0171
vn 0.8963 0.2975 0.3288
vn 0.6943 0.5269 0.4902
vn -0.6513 0.6737 0.3492
vn 0.4113 -0.2890 0.8645
vn 0.5680 -0.2022 0.7978
vn -0.3972 0.6535 0.6443
vn 0.6163 0.3405 0.7101
vn 0.3692 0.2088 0.9056
vn 0.0403 -0.5134 0.8572
vn 0.1800 -0.5474 0.8173
vn 0.5027 -0.3139 0.8055
vn -0.6224 -0.3531 0.6985
vn -0.1281 0.4992 0.8570
vn -0.4658 0.0918 0.8801
vn 0.5427 -0.1603 0.8245
vn -0.6429 -0.3515 0.6805
vn 0.4666 0.1259 0.8755
vn -0.5827 -0.1968 0.7885
vn -0.1085 0.0877 0.9902
vn -0.1563 0.0733 0.9850
vn -0.1772 -0.0858 0.9804
vn 0.1338 0.5178 0.8450
vn -0.0518 0.0464 0.9976
vn 0.1597 0.2055 0.9655
vn -0.0132 0.1598 0.9871
vn 0.1346 0.7443 0.6541
vn 0.0089 0.4899 0.8717
vn 0.1404 0.5277 0.8377
vn 0.1956 0.1739 0.9651
vn 0.2874 0.3836 0.8777
vn 0.1493 -0.1332 0.9798
vn -0.0993 0.0784 0.9920
vn -0.0554 0.0758 0.9956
vn 0.0517 0.1443 0.9882
vn -0.0093 0.3543 0.9351
vn 0.0347 -0.3520 0.9354
vn -0.1283 -0.4049 0.9053
vn -0.2733 -0.1162 0.9549
vn 0.1685 -0.6121 0.7726
vn 0.2979 -0.4450 0.8445
vn -0.4607 -0.2718 0.8449
vn -0.4928 -0.4023 0.7715
vn -0.1783 -0.4233 0.8883
vn -0.0356 -0.1848 0.9821
vn -0.4836 -0.0633 0.8730
vn -0.2490 -0.2094 0.9456
vn -0.5413 -0.5379 0.6462
vn -0.3537 -0.4112 0.8401
vn -0.0935 -0.5589 0.8239
vn -0.4229 -0.4468 0.7884
vn -0.6685 -0.3049 0.6783
vn -0.5517 -0.3687 0.7481
vn 0.9395 0.2929 0.1776
vn 0.9275 0.3648 0.0812
vn 0.9116 0.3710 0.1772
vn -0.6952 -0.2574 0.6712
vn 0.9060 0.3934 -0.1560
vn -0.9994 0.0300 -0.0178
vn -0.9691 0.1610 -0.1868
vn -0.7678 0.4131 -0.4897
vn 0.4949 0.5822 -0.6451
vn 0.0276 0.6473 -0.7617
vn -0.8947 -0.3612 -0.2628
vn -0.3494 0.7973 0.4921
vn -0.0364 0.7906 0.6113
vn 0.2955 0.4881 0.8213
vn -0.0383 -0.0987 0.9944
vn -0.0319 0.3764 0.9259
vn 0.5125 0.5921 0.6219
vn -0.3705 -0.3073 0.8765
vn 0.0720 -0.5038 0.8608
vn 0.3273 -0.1564 0.9319
vn -0.2170 -0.3011 0.9286
vn -0.5945 -0.3264 0.7349
vn -0.2933 0.2804 0.9140
vn 0.4672 0.2884 0.8358
vn 0.2411 0.2973 0.9238
vn 0.1732 0.5386 0.8246
vn -0.3329 0.4056 0.8513
vn 0.1107 0.5417 0.8333
vn -0.0834 -0.6867 0.7222
vn 0.4032 -0.5400 0.7388
vn 0.4116 -0.7669 0.4924
vn -0.5526 -0.6427 0.5306
vn -0.2590 -0.7697 0.5835
vn 0.6878 -0.5506 0.4731
vn 0.1366 -0.8580 0.4951
vn 0.5552 -0.4232 0.7160
vn -0.6981 -0.4424 0.5629
vn 0.6642 -0.6368 0.3914
vn -0.3913 -0.5245 0.7561
vn -0.5880 -0.6904 0.4215
vn -0.6631 -0.4797 0.5746
vn -0.3877 -0.5460 0.7426
vn 0.9524 0.2436 0.1833
vn 0.7825 0.5339 0.3204
vn -0.6278 -0.1192 0.7692
vn -0.6960 -0.1256 0.7070
vn -0.7576 -0.3258 0.5656
vn -0.8528 -0.2667 0.4490
vn -0.9379 -0.2252 0.2638
vn -0.2050 0.6558 -0.7266
vn -0.3038 -0.6511 -0.6956
vn -0.4443 -0.6193 -0.6473
vn 0.7041 -0.3859 -0.5960
vn 0.5051 -0.5875 -0.6323
vn 0.9477 0.0296 -0.3177
vn 0.5182 -0.6303 -0.5781
vn 0.8096 0.4340 0.3951
vn 0.8526 0.3081 0.4221
vn -0.9969 0.0538 0.0572
vn -0.4575 0.7600 0.4616
vn 0.4513 0.6923 0.5631
vn 0.2207 0.7715 0.5967
vn 0.1278 0.8095 0.5730
vn -0.1122 0.0073 0.9937
vn -0.2599 -0.0272 0.9653
vn -0.2278 -0.8529 0.4697
vn 0.3047 -0.8491 0.4314
vn 0.9001 -0.3369 0.2763
vn 0.9132 -0.0534 0.4039
vn -0.5128 -0.4721 0.7170
vn -0.3859 -0.4150 0.8239
vn -0.7368 -0.5017 0.4533
vn 0.9793 -0.1884 0.0746
vn 0.9985 0.0550 -0.0081
vn -0.2301 -0.4161 0.8797
vn -0.6450 -0.5687 0.5105
vn 0.9539 0.2844 -0.0963
vn -0.5191 -0.1447 0.8423
vn -0.6478 -0.4174 0.6373
vn -0.6759 -0.4391 0.5918
vn -0.6470 -0.2158 0.7313
vn -0.8903 -0.3054 0.3378
vn -0.9806 0.1277 -0.1490
vn -0.4694 0.5923 -0.6549
vn -0.8438 0.3611 -0.3969
vn 0.4955 -0.5887 -0.6387
vn 0.0743 -0.6507 -0.7557
vn 0.6345 -0.5404 -0.5526
vn 0.8377 -0.4045 -0.3669
vn 0.4892 -0.4016 -0.7742
vn 0.9081 0.4187 -0.0018
vn 0.8267 0.3309 0.4550
vn 0.7569 0.4678 0.4563
vn 0.8261 0.3701 0.4250
vn -0.9841 -0.1470 -0.0998
vn -0.7757 -0.5346 0.3353
vn -0.7860 -0.5138 0.3438
vn 0.5944 -0.7214 0.3554
vn -0.7615 -0.5052 0.4061
vn -0.7840 -0.4262 0.4514
vn -0.8290 -0.3968 0.3942
vn 0.9617 0.2314 -0.1467
vn -0.9803 -0.1321 0.1470
vn 0.6344 0.5423 -0.5509
vn 0.9695 -0.1555 -0.1894
vn 0.9933 0.0307 0.1115
vn 0.0933 -0.5164 -0.8512
vn -0.8152 -0.4126 -0.4064
vn 0.9043 0.2576 0.3404
vn -0.8469 -0.4039 -0.3459
vn -0.6042 -0.6556 0.4528
vn 0.1491 -0.8751 0.4604
vn 0.0491 -0.8496 0.5252
vn 0.6831 -0.6546 0.3238
vn -0.8252 -0.4344 0.3610
vn 0.9186 0.3174 -0.2354
vn 0.8605 0.3802 -0.3391
vn 0.6593 0.5172 -0.5457
vn -0.7631 0.4294 -0.4830
vn -0.7142 0.4589 -0.5286
vn -0.0028 0.6903 -0.7235
vn 0.9688 -0.1344 -0.2080
vn 0.9856 0.1078 0.1300
vn -0.6999 -0.4804 -0.5286
vn -0.8394 0.4327 0.3289
vn -0.9920 0.1016 0.0749
vn -0.4184 0.7670 0.4865
vn -0.0570 0.8411 0.5379
vn 0.2867 0.7840 0.5505
vn 0.9844 -0.1702 0.0444
vn -0.7232 -0.5414 0.4288
vn -0.6704 -0.5938 0.4449
vn -0.9639 0.1787 -0.1976
vn 0.0641 -0.6964 -0.7148
vn -0.3780 -0.6297 -0.6787
vn 0.5530 -0.5366 -0.6374
vn 0.9700 0.1664 0.1775
vn -0.9941 -0.0807 -0.0723
vn 0.6401 0.5820 0.5016
vn -0.3253 -0.7697 0.5493
vn 0.4995 -0.6876 0.5269
vn -0.9994 0.0306 -0.0143
vn -0.7308 0.4519 -0.5115
vn 0.5335 0.5926 -0.6035
vn 0.5553 -0.5977 -0.5782
vn -0.6134 -0.5407 -0.5756
vn 0.9139 -0.2901 -0.2841
vn 0.8646 0.3358 0.3739
vn -0.5737 0.6269 0.5271
vn 0.9341 -0.2988 0.1952
vn 0.9851 -0.1004 0.1399
vn 0.2537 -0.6773 -0.6906
vn 0.9743 0.1411 0.1753
vn -0.8553 -0.3747 -0.3579
vn -0.9407 -0.2554 -0.2234
vn -0.5613 -0.6452 0.5183
vn -0.3009 -0.7517 0.5869
vn -0.0162 -0.7957 0.6055
vn -0.0254 0.7043 -0.7095
vn -0.2025 -0.6742 -0.7102
vn 0.9298 -0.2981 -0.2161
vn -0.7299 -0.4783 -0.4883
vn -0.9861 0.1422 0.0862
vn -0.7570 0.5319 0.3795
vn -0.8942 0.3441 0.2862
vn 0.6026 0.5740 0.5545
vn 0.4918 0.6465 0.5832
vn 0.3690 0.7031 0.6078
vn -0.1655 0.7731 0.6123
vn -0.8816 -0.3412 0.3260
vn -0.8290 0.3708 -0.4187
vn -0.3005 0.6281 -0.7178
vn 0.2406 0.6862 -0.6865
vn 0.7547 0.4630 -0.4648
vn 0.7093 -0.5075 -0.4892
vn 0.9967 -0.0102 0.0801
vn -0.8929 -0.3404 -0.2949
vn -0.6009 0.6060 0.5213
vn -0.9924 -0.0630 0.1054
vn 0.3065 0.6291 -0.7144
vn -0.3016 -0.6733 -0.6751
vn 0.2005 -0.6629 -0.7214
vn 0.8227 0.4004 0.4036
vn -0.1681 0.7593 0.6286
vn -0.5296 0.6709 0.5191
vn 0.1865 -0.7639 0.6178
vn 0.6790 -0.5373 0.5002
vn -0.8005 -0.4434 0.4031
vn -0.9536 -0.1946 0.2295
vn -0.7713 0.4680 -0.4313
vn -0.9727 0.1791 -0.1474
vn -0.3503 0.6931 -0.6301
vn 0.3053 -0.6910 -0.6552
vn 0.0239 -0.6975 -0.7161
vn 0.6389 -0.6242 -0.4497
vn -0.7738 0.4970 0.3927
vn -0.3986 -0.6751 0.6208
vn 0.0719 -0.7614 0.6443
vn -0.6423 -0.5678 0.5148
vn 0.9690 0.2154 -0.1212
vn -0.8682 -0.3511 0.3505
vn 0.8879 0.3170 -0.3334
vn 0.9170 0.2808 -0.2834
vn 0.8225 0.3775 -0.4255
vn 0.4227 0.6124 -0.6681
vn -0.2081 -0.6924 -0.6909
vn 0.9347 -0.2828 -0.2154
vn -0.8414 -0.3767 -0.3874
vn 0.2061 0.7504 0.6280
vn 0.2419 -0.7414 0.6259
vn -0.9608 0.2168 -0.1727
vn -0.1410 0.6801 -0.7194
vn -0.8110 0.4297 -0.3970
vn 0.4369 0.6270 -0.6449
vn 0.5193 -0.6071 -0.6015
vn 0.7753 -0.4394 -0.4536
vn 0.9402 0.2127 0.2662
vn 0.9979 -0.0031 0.0653
vn 0.8968 0.2994 0.3257
vn -0.8750 -0.3463 -0.3383
vn 0.6850 -0.5302 0.4997
vn 0.9414 -0.2200 0.2556
vn 0.9974 -0.0136 0.0709
vn -0.3167 0.6649 -0.6765
vn 0.6345 -0.5685 -0.5237
vn 0.8483 -0.3948 -0.3529
vn 0.9978 -0.0185 0.0643
vn 0.9486 -0.1967 -0.2478
vn -0.4908 -0.6184 -0.6138
vn -0.9897 -0.1052 -0.0971
vn -0.9804 0.1458 0.1328
vn -0.7832 0.4782 0.3973
vn -0.2880 0.7421 0.6052
vn 0.9263 0.2775 -0.2548
vn -0.9139 -0.2757 0.2979
vn -0.9953 0.0569 -0.0778
vn -0.9963 -0.0170 0.0842
vn -0.9711 0.1920 -0.1419
vn 0.4898 0.6215 -0.6114
vn 0.9903 0.0831 0.1117
vn 0.8498 0.3747 0.3706
vn 0.7704 0.4671 0.4340
vn 0.0930 0.7358 0.6708
vn 0.5511 0.6164 0.5625
vn 0.8241 -0.4078 0.3932
vn 0.9951 0.0897 -0.0417
vn 0.4000 0.6463 -0.6498
vn -0.2560 0.6647 -0.7019
vn -0.9862 0.1578 -0.0509
vn -0.8343 0.4573 -0.3081
vn 0.4145 0.6852 -0.5989
vn -0.4147 0.6202 -0.6659
vn 0.6013 -0.6039 -0.5232
vn 0.9934 -0.0951 -0.0646
vn -0.2189 -0.7588 0.6135
vn 0.4837 -0.7025 0.5221
vn 0.9686 0.1947 -0.1547
vn -0.3573 0.6928 -0.6264
vn -0.1005 -0.7091 -0.6979
vn 0.5018 -0.6449 -0.5764
vn 0.9780 -0.1689 -0.1224
vn 0.9982 -0.0533 -0.0276
vn 0.5789 0.6215 0.5279
vn -0.4730 0.7006 0.5342
vn 0.1045 0.7374 0.6673
vn -0.5283 -0.6261 0.5735
vn -0.0680 -0.7675 0.6374
vn -0.6688 -0.5373 0.5139
vn -0.8466 0.4270 -0.3176
vn 0.7090 0.4844 -0.5125
vn -0.3003 0.6371 -0.7099
vn -0.1224 0.6703 -0.7319
vn 0.4892 -0.6548 -0.5761
vn 0.7410 -0.4893 -0.4600
vn 0.9870 -0.1236 -0.1024
vn 0.9693 -0.2249 -0.0997
vn 0.9832 0.0926 0.1574
vn -0.7271 0.5253 0.4420
vn -0.3728 0.6860 0.6248
vn 0.9668 -0.1751 0.1860
vn 0.9628 -0.1595 0.2179
vn -0.7933 -0.4375 0.4234
vn -0.9902 -0.0621 0.1250
vn -0.5719 0.5409 -0.6167
vn 0.1680 0.7246 -0.6684
vn -0.0779 -0.7339 -0.6748
vn -0.7820 -0.4336 -0.4478
vn 0.9606 0.1651 0.2235
vn -0.9023 -0.3111 -0.2983
vn 0.8663 0.3613 0.3450
vn 0.7702 0.4706 0.4306
vn 0.7514 -0.4487 0.4839
vn -0.9998 0.0209 0.0039
vn -0.9097 0.2872 -0.3001
vn -0.3765 0.6638 -0.6462
vn -0.5964 0.6083 -0.5237
vn -0.5234 -0.5995 -0.6055
vn 0.9224 -0.3268 -0.2058
vn 0.9984 -0.0438 0.0370
vn -0.9116 -0.3047 -0.2761
vn -0.9903 0.0882 0.1072
vn -0.8312 0.4218 0.3622
vn -0.9002 0.3760 0.2197
vn -0.0094 0.7043 0.7098
vn -0.1206 -0.7042 0.6996
vn 0.6740 -0.5297 0.5149
vn -0.9935 0.1053 -0.0423
vn 0.5183 -0.6661 -0.5364
vn 0.9255 -0.3248 -0.1948
vn 0.9075 -0.3323 -0.2568
vn 0.0624 -0.7382 -0.6717
vn 0.5772 0.5896 0.5650
vn 0.5769 0.5985 0.5559
vn -0.1585 0.7403 0.6533
vn -0.5089 -0.6025 0.6148
vn -0.6878 -0.5220 0.5044
vn 0.9519 -0.2070 0.2261
vn 0.9451 -0.1741 0.2766
vn 0.9958 -0.0304 0.0863
vn -0.9805 -0.1129 0.1609
vn -0.8894 0.3795 -0.2549
vn -0.6621 0.5577 -0.5006
vn 0.1399 0.7050 -0.6952
vn 0.8402 0.3685 -0.3977
vn 0.9977 -0.0611 0.0295
vn -0.6489 -0.5313 -0.5447
vn 0.9326 0.2387 0.2707
vn -0.9554 -0.2219 -0.1948
vn -0.9988 -0.0455 -0.0155
vn 0.5739 0.5741 0.5841
vn 0.6095 -0.5757 0.5450
vn -0.0648 -0.6790 0.7313
vn -0.5558 -0.5993 0.5761
vn -0.9806 0.1797 -0.0781
vn -0.6284 0.5835 -0.5145
vn 0.3286 0.7035 -0.6302
vn -0.4116 0.6922 -0.5928
vn 0.9975 -0.0697 0.0097
vn -0.4136 -0.6311 -0.6562
vn 0.9756 0.1285 0.1779
vn -0.3130 0.6853 0.6575
vn -0.8508 0.3639 0.3790
vn 0.6123 -0.5361 0.5811
vn -0.9206 0.3155 -0.2301
vn -0.9998 -0.0035 0.0189
vn 0.4892 0.6512 -0.5802
vn 0.2530 -0.7140 -0.6528
vn 0.6095 -0.6059 -0.5112
vn 0.5683 0.6447 0.5113
vn 0.9394 0.2385 -0.2461
vn 0.8987 0.3002 -0.3197
vn -0.9566 0.2576 -0.1362
vn -0.7570 0.5066 -0.4127
vn 0.9640 -0.2311 -0.1315
vn 0.7822 -0.5681 -0.2560
vn 0.8943 0.3150 0.3179
vn -0.9356 0.2542 0.2449
vn 0.0813 -0.6988 0.7107
vn 0.6083 -0.5214 0.5984
vn 0.8118 -0.4054 0.4204
vn 0.9849 0.1429 -0.0982
vn 0.9638 0.2190 -0.1524
vn -0.8870 -0.3260 0.3271
vn -0.9772 -0.1131 0.1799
vn -0.9974 0.0217 0.0682
vn -0.8453 0.4359 -0.3090
vn -0.5628 0.6378 -0.5258
vn -0.6274 -0.5439 -0.5573
vn -0.1254 -0.7374 -0.6637
vn 0.5961 -0.6018 -0.5315
vn -0.9891 -0.1230 -0.0812
vn 0.1927 0.6542 0.7314
vn -0.3038 0.6965 0.6501
vn 0.4656 0.6355 0.6159
vn 0.3621 -0.7436 -0.5621
vn 0.9980 -0.0504 0.0370
vn -0.3815 -0.6701 0.6367
vn 0.9987 0.0408 0.0305
vn 0.9666 0.1936 -0.1682
vn -0.9787 0.1766 -0.1044
vn -0.9979 0.0272 0.0588
vn 0.0484 0.7710 -0.6350
vn -0.8051 0.4692 -0.3629
vn 0.7932 -0.5105 -0.3321
vn 0.8388 -0.4570 -0.2959
vn 0.9833 -0.1748 -0.0501
vn 0.9980 0.0211 0.0594
vn 0.9804 -0.1740 -0.0924
vn 0.9601 0.1565 0.2317
vn -0.8359 -0.4399 -0.3281
vn -0.9823 0.1175 0.1461
vn 0.7924 0.4571 0.4040
vn -0.4075 0.6451 0.6463
vn 0.3169 -0.6498 0.6909
vn 0.9223 -0.2222 0.3162
vn -0.6992 -0.5086 0.5024
vn -0.9603 -0.1727 0.2192
vn -0.9857 0.1670 -0.0212
vn -0.9358 0.2913 -0.1988
vn 0.6517 0.5628 -0.5084
vn -0.4417 0.6297 -0.6390
vn 0.5331 -0.6732 -0.5124
vn -0.5734 -0.5898 -0.5686
vn -0.6126 -0.5535 -0.5642
vn 0.1261 -0.7639 -0.6329
vn 0.9067 -0.3771 -0.1886
vn 0.9862 -0.1650 -0.0124
vn 0.1204 0.7415 0.6600
vn -0.4152 -0.6341 0.6523
vn 0.6093 0.5902 0.5295
vn -0.4843 0.6378 0.5989
vn 0.9245 -0.2529 0.2852
vn -0.9958 -0.0143 0.0900
vn -0.9923 0.1108 -0.0558
vn 0.3317 0.6662 -0.6680
vn -0.4623 0.6704 -0.5803
vn 0.9953 -0.0534 0.0811
vn 0.8621 0.3434 0.3725
vn 0.8603 0.3728 0.3476
vn -0.9081 0.2825 0.3089
vn -0.0534 0.7125 0.6997
vn 0.3128 -0.6714 0.6719
vn -0.8194 -0.4079 0.4027
vn -0.9276 -0.2587 0.2694
vn -0.9719 0.2094 -0.1077
vn -0.9420 0.2908 -0.1673
vn -0.1420 0.7816 -0.6074
vn -0.4486 -0.6640 -0.5982
vn 0.6778 -0.6100 -0.4105
vn 0.9986 0.0522 0.0005
vn -0.6021 -0.5979 -0.5291
vn 0.9748 -0.2108 -0.0726
vn -0.7744 -0.4578 -0.4367
vn 0.9820 0.0849 0.1689
vn 0.7977 0.4399 0.4126
vn 0.7089 0.5164 0.4804
vn -0.6517 0.5159 0.5560
vn -0.9842 -0.1027 0.1444
vn -0.9960 -0.0156 0.0884
vn -0.9975 0.0648 0.0295
vn -0.8579 0.4317 -0.2786
vn 0.4671 0.7176 -0.5166
vn -0.5105 0.6910 -0.5118
vn -0.3516 -0.7169 -0.6020
vn 0.7354 -0.5688 -0.3684
vn 0.9842 -0.1770 0.0107
vn 0.4407 0.6477 0.6215
vn 0.4519 -0.6012 0.6590
vn 0.5599 -0.5867 0.5851
vn -0.9006 0.3689 -0.2300
vn 0.8293 0.4062 -0.3838
vn -0.0672 -0.8208 -0.5672
vn -0.9284 -0.2759 -0.2488
vn -0.9879 0.0661 0.1402
vn -0.7921 0.4179 0.4449
vn -0.2202 0.6615 0.7169
vn -0.4740 0.7105 -0.5201
vn -0.9206 0.3324 -0.2049
vn 0.6510 -0.6446 -0.4008
vn -0.3621 -0.7574 -0.5434
vn 0.0355 -0.8018 -0.5965
vn 0.9839 -0.1782 0.0134
vn -0.4099 -0.6169 0.6719
vn 0.4790 -0.6036 0.6373
vn 0.9131 -0.2756 0.3004
vn -0.9578 -0.2014 0.2050
vn 0.7351 0.4971 -0.4609
vn 0.3125 0.7068 -0.6346
vn -0.4397 0.7074 -0.5533
vn 0.8350 0.3795 0.3984
vn -0.9812 -0.1691 -0.0925
vn -0.7762 0.4317 0.4595
vn -0.9458 0.1781 0.2717
vn 0.4659 0.6332 0.6181
vn -0.3943 -0.6359 0.6635
vn 0.9503 0.2338 -0.2055
vn -0.9812 -0.0989 0.1656
vn 0.2395 0.7055 -0.6670
vn -0.7354 0.5595 -0.3824
vn -0.3858 0.7619 -0.5203
vn -0.3504 -0.7599 -0.5475
vn -0.5759 -0.6148 0.5389
vn -0.2829 -0.6773 0.6791
vn -0.6830 -0.5220 0.5109
vn -0.5054 -0.6077 0.6126
vn -0.6084 0.6138 -0.5030
vn 0.2957 -0.7940 -0.5311
vn 0.8798 -0.4362 -0.1889
vn 0.9625 -0.2597 -0.0781
vn -0.7831 -0.4702 -0.4070
vn 0.9939 -0.0567 0.0945
vn 0.9716 0.0976 0.2155
vn 0.8904 0.2505 0.3801
vn -0.7640 0.4029 0.5039
vn 0.5068 0.6101 0.6090
vn 0.4271 -0.6010 0.6755
vn -0.5200 -0.5776 0.6292
vn -0.3250 -0.6711 0.6663
vn 0.9994 0.0312 0.0161
vn -0.9883 0.1510 -0.0207
vn -0.8460 0.4591 -0.2710
vn 0.1209 0.8159 -0.5654
vn 0.5903 -0.7146 -0.3754
vn -0.9909 -0.1333 -0.0174
vn -0.9468 0.1563 0.2812
vn -0.2604 0.6626 0.7023
vn 0.2984 -0.5764 0.7607
vn 0.9414 -0.2115 0.2629
vn 0.9002 -0.2794 0.3340
vn 0.9231 -0.1979 0.3298
vn 0.9797 0.1583 -0.1230
vn -0.9889 -0.0790 0.1256
vn 0.8993 0.3096 -0.3089
vn 0.7183 0.5449 -0.4326
vn -0.6026 -0.6513 -0.4611
vn 0.9423 -0.3283 -0.0662
vn -0.3520 -0.6579 0.6657
vn 0.3871 -0.6267 0.6763
vn -0.9570 0.2712 -0.1028
vn 0.8733 0.3975 -0.2818
vn -0.7194 0.6012 -0.3478
vn -0.8938 0.4136 -0.1734
vn 0.0208 0.8158 -0.5780
vn 0.4645 0.7366 -0.4916
vn 0.1235 -0.8759 -0.4665
vn 0.7534 -0.6464 -0.1208
vn 0.9610 -0.2643 0.0820
vn -0.9311 -0.3089 -0.1940
vn 0.6640 0.5287 0.5287
vn 0.4991 0.6415 0.5825
vn -0.6918 0.4303 0.5798
vn -0.0023 0.6255 0.7802
vn -0.5615 0.4566 0.6901
vn -0.3059 -0.6867 0.6594
vn -0.0348 -0.7381 0.6738
vn 0.5612 -0.5671 0.6029
vn 0.3234 -0.6119 0.7218
vn -0.7942 -0.4416 0.4174
vn -0.9899 0.1399 -0.0209
vn -0.4158 0.7565 -0.5048
vn 0.6974 -0.6912 -0.1895
vn -0.3199 -0.8374 -0.4433
vn -0.9648 0.0767 0.2516
vn -0.8239 0.3346 0.4575
vn -0.8758 0.4422 -0.1934
vn 0.5812 0.6306 -0.5144
vn -0.3917 -0.8329 -0.3910
vn 0.8065 0.3969 0.4382
vn 0.4131 0.5820 0.7004
vn 0.4640 -0.6375 0.6150
vn 0.9909 0.1258 -0.0488
vn 0.9785 -0.0949 0.1833
vn -0.9660 0.2568 -0.0286
vn -0.0516 0.7502 -0.6591
vn -0.1446 0.8482 -0.5095
vn 0.4635 -0.8482 -0.2565
vn 0.2677 -0.9561 -0.1194
vn -0.7846 -0.5907 -0.1883
vn 0.1420 0.6669 0.7315
vn -0.1512 -0.6914 0.7065
vn 0.6034 -0.5343 0.5920
vn -0.3765 -0.6514 0.6587
vn 0.9881 -0.0376 0.1491
vn -0.9178 -0.2938 0.2672
vn -0.9968 0.0008 0.0803
vn 0.9411 0.3139 -0.1260
vn -0.0552 0.8886 -0.4554
vn -0.5636 0.7423 -0.3625
vn 0.4855 0.7851 -0.3845
vn 0.9308 -0.3369 0.1416
vn 0.8968 -0.2762 0.3456
vn -0.9804 0.0187 0.1962
vn -0.9872 -0.1595 -0.0077
vn 0.4665 0.5818 0.6663
vn -0.0408 0.6364 0.7703
vn 0.6593 -0.5919 0.4637
vn 0.6971 -0.4520 0.5566
vn 0.7943 -0.3210 0.5158
vn 0.8252 0.5286 -0.1990
vn -0.6628 0.6975 -0.2724
vn -0.2029 -0.9766 -0.0707
vn 0.7184 -0.6933 0.0571
vn 0.9139 -0.0746 0.3990
vn -0.9614 -0.2710 -0.0470
vn -0.0536 -0.6887 0.7230
vn -0.8433 -0.3930 0.3667
vn -0.9774 -0.1407 0.1577
vn 0.9755 0.2085 -0.0698
vn -0.2564 0.9154 -0.3103
vn -0.8371 0.2409 0.4911
vn 0.5111 0.5481 0.6621
vn 0.1665 0.5785 0.7985
vn 0.7213 0.4364 0.5379
vn -0.5851 0.4597 0.6681
vn -0.2117 0.5919 0.7777
vn -0.3194 0.5629 0.7623
vn -0.9514 0.3076 -0.0130
vn -0.7274 -0.6461 0.2313
vn 0.1160 -0.9678 0.2234
vn -0.3853 -0.8716 0.3029
vn 0.7699 -0.6038 0.2066
vn -0.8749 -0.4836 -0.0258
vn 0.9450 0.1439 0.2938
vn 0.4592 -0.5782 0.6744
vn -0.9387 -0.1303 0.3191
vn -0.5158 0.8435 -0.1500
vn 0.3737 0.8957 -0.2410
vn -0.9454 0.0230 0.3251
vn 0.3640 0.5100 0.7793
vn 0.8271 0.2481 0.5043
vn -0.7939 0.2280 0.5637
vn -0.6374 0.3663 0.6778
vn -0.3976 0.4554 0.7966
vn -0.0693 -0.6398 0.7654
vn -0.3729 -0.6126 0.6969
vn -0.8457 -0.2815 0.4535
vn -0.7474 0.6624 0.0523
vn 0.3954 -0.8006 0.4502
vn -0.9446 -0.2240 0.2399
vn 0.8197 -0.0107 0.5727
vn 0.4534 0.5740 0.6819
vn -0.6681 -0.4924 0.5579
vn 0.5049 -0.5015 0.7026
vn 0.9899 0.0869 0.1118
vn 0.8258 0.5630 0.0347
vn 0.9433 0.3272 0.0564
vn 0.1734 0.9790 -0.1075
vn 0.6307 0.7754 -0.0329
vn -0.8509 -0.4889 0.1920
vn 0.6550 -0.4533 0.6045
vn 0.7611 0.3322 0.5570
vn -0.1374 0.5346 0.8339
vn -0.7585 0.2381 0.6066
vn -0.4690 0.4948 0.7316
vn 0.2854 0.6221 0.7291
vn 0.1523 0.5215 0.8396
vn 0.8491 -0.2665 0.4560
vn -0.9679 0.1263 0.2175
vn 0.0055 -0.8401 0.5423
vn -0.3777 -0.7541 0.5372
vn -0.7545 -0.4224 0.5023
vn -0.9216 -0.0784 0.3801
vn -0.6847 0.1980 0.7014
vn -0.4988 0.3953 0.7713
vn -0.8563 0.0009 0.5165
vn -0.7404 0.1515 0.6549
vn 0.0834 -0.6320 0.7705
vn -0.6831 -0.4740 0.5555
vn 0.6379 -0.4270 0.6409
vn 0.8970 -0.2044 0.3919
vn -0.7230 0.6274 0.2894
vn -0.3387 0.9315 0.1325
vn 0.2837 -0.5313 0.7983
vn 0.0659 0.4268 0.9019
vn -0.5107 -0.5732 0.6407
vn -0.7288 -0.4049 0.5522
vn 0.9668 0.2089 0.1475
vn 0.2233 0.9642 0.1429
vn -0.2977 -0.5696 0.7661
vn 0.4428 -0.2269 0.8674
vn -0.6297 -0.0514 0.7751
vn 0.5526 0.1490 0.8200
vn -0.2139 0.0570 0.9752
vn 0.4065 0.3116 0.8589
vn -0.3951 0.1860 0.8996
vn 0.0733 -0.5991 0.7973
vn 0.0659 -0.5892 0.8053
vn -0.5081 -0.5594 0.6549
vn 0.3706 -0.5223 0.7680
vn 0.6191 -0.3261 0.7144
vn 0.9077 0.0219 0.4191
vn -0.8372 0.1933 0.5116
vn 0.4115 0.8196 0.3985
vn -0.2463 -0.2920 0.9242
vn 0.1938 -0.0391 0.9803
vn -0.1526 -0.5522 0.8197
vn -0.7937 -0.1958 0.5759
vn 0.7471 0.5864 0.3129
vn -0.4232 0.6265 0.6546
vn -0.2479 0.8341 0.4928
vn 0.8801 0.3408 0.3306
vn 0.1999 0.7861 0.5849
vn 0.3762 0.7151 0.5891
vn -0.3652 -0.5465 0.7536
vn -0.5496 -0.3910 0.7383
vn 0.0263 -0.4141 0.9099
vn 0.5963 -0.1833 0.7816
vn 0.7780 0.0684 0.6246
vn 0.7809 0.3187 0.5372
vn 0.8180 0.3242 0.4752
vn -0.6954 0.0253 0.7182
vn 0.6229 0.4213 0.6592
vn 0.3009 0.5834 0.7544
vn -0.3358 0.3974 0.8540
vn 0.2012 -0.2475 0.9478
vn -0.3824 -0.2277 0.8955
vn 0.1982 0.2505 0.9476
vn -0.3726 -0.0309 0.9275
vn 0.3707 0.0374 0.9280
vn -0.9501 0.3078 -0.0504
vt 0.017016 0.297777
vt 0.016799 0.297457
vt 0.017570 0.297274
vt 0.016507 0.297890
vt 0.017078 0.297910
vt 0.017727 0.297434
vt 0.017219 0.298002
vt 0.016425 0.298151
vt 0.033779 0.576839
vt 0.034339 0.576906
vt 0.034450 0.577355
vt 0.033963 0.576583
vt 0.017925 0.297697
vt 0.018242 0.297177
vt 0.033285 0.575809
vt 0.032769 0.575113
vt 0.034114 0.576212
vt 0.018231 0.296582
vt 0.017456 0.296688
vt 0.018356 0.295916
vt 0.018724 0.296277
vt 0.018964 0.296972
vt 0.018165 0.297663
vt 0.034861 0.576780
vt 0.016060 0.297636
vt 0.016528 0.296822
vt 0.033516 0.576049
vt 0.034971 0.575960
vt 0.033978 0.575402
vt 0.017735 0.295892
vt 0.018633 0.295650
vt 0.019079 0.295601
vt 0.018358 0.295237
vt 0.018711 0.294880
vt 0.018959 0.294963
vt 0.031983 0.573850
vt 0.032043 0.573578
vt 0.031435 0.572993
vt 0.035082 0.577733
vt 0.035062 0.577332
vt 0.015833 0.298126
vt 0.015487 0.297844
vt 0.035988 0.577380
vt 0.035783 0.577848
vt 0.035370 0.576946
vt 0.015059 0.297223
vt 0.033004 0.573833
vt 0.016502 0.295600
vt 0.017211 0.294192
vt 0.018256 0.294660
vt 0.019430 0.294761
vt 0.035896 0.576679
vt 0.036170 0.575522
vt 0.015585 0.296549
vt 0.031905 0.572774
vt 0.018575 0.294553
vt 0.019239 0.293864
vt 0.018846 0.293726
vt 0.019658 0.294039
vt 0.031241 0.572609
vt 0.019904 0.293271
vt 0.019940 0.293565
vt 0.036332 0.577700
vt 0.014718 0.297681
vt 0.036551 0.577822
vt 0.037208 0.577276
vt 0.037622 0.577315
vt 0.014463 0.297220
vt 0.013884 0.297064
vt 0.033909 0.573271
vt 0.031309 0.572044
vt 0.019211 0.293587
vt 0.031196 0.572383
vt 0.036851 0.577072
vt 0.036405 0.576932
vt 0.036333 0.576722
vt 0.013819 0.295898
vt 0.015436 0.289598
vt 0.019278 0.292213
vt 0.019315 0.293066
vt 0.987527 0.613184
vt 0.986855 0.611597
vt 0.987684 0.612643
vt 0.019772 0.292520
vt 0.020090 0.292643
vt 0.037187 0.576482
vt 0.012277 0.290611
vt 0.013727 0.290387
vt 0.019902 0.292632
vt 0.019979 0.292056
vt 0.020496 0.291617
vt 0.020346 0.291397
vt 0.037653 0.574545
vt 0.038060 0.575226
vt 0.035846 0.573337
vt 0.988204 0.612341
vt 0.986967 0.609314
vt 0.988989 0.612401
vt 0.986532 0.610208
vt 0.986832 0.610791
vt 0.019953 0.291286
vt 0.020073 0.290586
vt 0.037969 0.576052
vt 0.038212 0.576280
vt 0.013071 0.294085
vt 0.991804 0.612797
vt 0.019682 0.289935
vt 0.020068 0.290120
vt 0.038788 0.575907
vt 0.012863 0.295224
vt 0.016899 0.287939
vt 0.019452 0.287263
vt 0.013438 0.359855
vt 0.013545 0.359540
vt 0.014054 0.359857
vt 0.012795 0.359668
vt 0.039426 0.575399
vt 0.039726 0.576344
vt 0.987046 0.606089
vt 0.986410 0.609432
vt 0.020137 0.289537
vt 0.020195 0.289694
vt 0.038862 0.575348
vt 0.038691 0.575223
vt 0.039425 0.574658
vt 0.040856 0.573529
vt 0.012362 0.359026
vt 0.013052 0.359195
vt 0.011059 0.359143
vt 0.011896 0.358965
vt 0.012332 0.293269
vt 0.040266 0.575162
vt 0.041056 0.575091
vt 0.012409 0.358671
vt 0.020457 0.287842
vt 0.039968 0.574750
vt 0.988157 0.605051
vt 0.993740 0.612716
vt 0.020066 0.286753
vt 0.010475 0.358535
vt 0.040165 0.574447
vt 0.040652 0.574690
vt 0.041810 0.573679
vt 0.986218 0.605028
vt 0.010272 0.358762
vt 0.040992 0.574455
vt 0.010167 0.359235
vt 0.041456 0.574304
vt 0.041750 0.574562
vt 0.011601 0.291837
vt 0.008408 0.357629
vt 0.009509 0.358430
vt 0.009713 0.358892
vt 0.041435 0.574168
vt 0.008662 0.358957
vt 0.009177 0.358173
vt 0.042435 0.573797
vt 0.042582 0.574385
vt 0.043198 0.573756
vt 0.011369 0.291258
vt 0.993136 0.605453
vt 0.994499 0.610139
vt 0.018505 0.285170
vt 0.020022 0.284619
vt 0.006679 0.358388
vt 0.008274 0.357020
vt 0.008805 0.358490
vt 0.008431 0.358342
vt 0.043119 0.573370
vt 0.011989 0.288611
vt 0.008810 0.358106
vt 0.008449 0.358120
vt 0.042937 0.573764
vt 0.011015 0.291712
vt 0.010960 0.291397
vt 0.986488 0.604328
vt 0.019363 0.284080
vt 0.007401 0.358372
vt 0.007775 0.358066
vt 0.006897 0.357038
vt 0.007982 0.357963
vt 0.011047 0.291080
vt 0.011241 0.290406
vt 0.941545 0.976362
vt 0.946693 0.976085
vt 0.942970 0.977869
vt 0.943046 0.974505
vt 0.007514 0.357576
vt 0.006917 0.356744
vt 0.043536 0.573491
vt 0.043390 0.573401
vt 0.010750 0.291596
vt 0.045246 0.572752
vt 0.046145 0.572193
vt 0.115309 0.869993
vt 0.114463 0.871085
vt 0.113371 0.870349
vt 0.112544 0.868975
vt 0.006860 0.357945
vt 0.006561 0.357088
vt 0.006891 0.357579
vt 0.010639 0.290826
vt 0.010603 0.291398
vt 0.043822 0.573372
vt 0.043575 0.573310
vt 0.044756 0.573002
vt 0.115479 0.871975
vt 0.112462 0.871898
vt 0.113613 0.871442
vt 0.108367 0.880005
vt 0.106314 0.880538
vt 0.106038 0.879551
vt 0.006133 0.357619
vt 0.945950 0.985479
vt 0.945719 0.984755
vt 0.946378 0.985051
vt 0.106523 0.881788
vt 0.105969 0.881347
vt 0.106533 0.881093
vt 0.105686 0.880736
vt 0.106762 0.880769
vt 0.114942 0.871434
vt 0.115260 0.871201
vt 0.115020 0.871818
vt 0.116086 0.872900
vt 0.111702 0.872992
vt 0.110444 0.871754
vt 0.946557 0.984419
vt 0.112720 0.871497
vt 0.112493 0.870900
vt 0.112115 0.870029
vt 0.104296 0.880206
vt 0.946380 0.983482
vt 0.104988 0.880887
vt 0.103966 0.881737
vt 0.113042 0.871122
vt 0.105332 0.880462
vt 0.945633 0.982501
vt 0.947970 0.982882
vt 0.947238 0.984474
vt 0.105243 0.881827
vt 0.104553 0.880794
vt 0.111992 0.870735
vt 0.111655 0.870531
vt 0.111979 0.871287
vt 0.111287 0.869592
vt 0.109204 0.877692
vt 0.104802 0.877299
vt 0.098556 0.877777
vt 0.103989 0.880864
vt 0.110623 0.870261
vt 0.942396 0.979962
vt 0.948400 0.978780
vt 0.103505 0.880517
vt 0.101997 0.880966
vt 0.110833 0.870901
vt 0.110801 0.871112
vt 0.948555 0.981268
vt 0.103051 0.879868
vt 0.101134 0.879472
vt 0.948418 0.985065
vt 0.100576 0.881704
vt 0.101353 0.881456
vt 0.101749 0.880633
vt 0.110587 0.870560
vt 0.108568 0.869614
vt 0.108885 0.869087
vt 0.946425 0.974811
vt 0.103497 0.874983
vt 0.101901 0.880177
vt 0.109961 0.870860
vt 0.109846 0.870208
vt 0.109375 0.870052
vt 0.108850 0.871133
vt 0.953097 0.979936
vt 0.099787 0.880607
vt 0.108505 0.870437
vt 0.951018 0.978077
vt 0.101093 0.880201
vt 0.108949 0.870244
vt 0.104647 0.871377
vt 0.097142 0.880321
vt 0.100630 0.880055
vt 0.100234 0.880471
vt 0.108963 0.870028
vt 0.107449 0.869535
vt 0.107108 0.868999
vt 0.949406 0.975213
vt 0.948549 0.974805
vt 0.108415 0.869940
vt 0.107989 0.869832
vt 0.098526 0.873821
vt 0.099848 0.880100
vt 0.108354 0.870122
vt 0.107748 0.870388
vt 0.105627 0.870401
vt 0.950631 0.976946
vt 0.307036 0.876240
vt 0.310382 0.882645
vt 0.307415 0.879306
vt 0.099436 0.880275
vt 0.108071 0.870213
vt 0.108111 0.869992
vt 0.107417 0.869828
vt 0.106772 0.869605
vt 0.106432 0.869312
vt 0.105958 0.868821
vt 0.950701 0.976076
vt 0.098109 0.878525
vt 0.097279 0.878870
vt 0.099240 0.879976
vt 0.098472 0.879916
vt 0.107205 0.870240
vt 0.106269 0.870111
vt 0.106382 0.869866
vt 0.095660 0.877543
vt 0.096363 0.879987
vt 0.098223 0.879581
vt 0.096929 0.879393
vt 0.106329 0.869658
vt 0.105409 0.869227
vt 0.104622 0.868489
vt 0.103719 0.869935
vt 0.309506 0.882889
vt 0.307960 0.881692
vt 0.104383 0.867591
vt 0.104156 0.868451
vt 0.103329 0.868247
vt 0.105167 0.869671
vt 0.104298 0.869136
vt 0.095663 0.879541
vt 0.096031 0.879369
vt 0.095962 0.878685
vt 0.103793 0.869426
vt 0.104058 0.868951
vt 0.102882 0.867221
vt 0.101495 0.866670
vt 0.103201 0.865814
vt 0.103699 0.868360
vt 0.102883 0.868128
vt 0.094901 0.877937
vt 0.096195 0.880358
vt 0.094038 0.879715
vt 0.094387 0.878517
vt 0.103693 0.869179
vt 0.103101 0.869661
vt 0.102197 0.869600
vt 0.100919 0.870079
vt 0.102329 0.868165
vt 0.101163 0.867596
vt 0.100927 0.865122
vt 0.095373 0.879272
vt 0.102422 0.868542
vt 0.308459 0.876348
vt 0.314250 0.884140
vt 0.094062 0.878799
vt 0.092448 0.878656
vt 0.102679 0.868920
vt 0.102171 0.869231
vt 0.093722 0.871100
vt 0.098255 0.865828
vt 0.100669 0.867400
vt 0.099806 0.866997
vt 0.311413 0.877817
vt 0.102076 0.868922
vt 0.315773 0.882381
vt 0.093636 0.877171
vt 0.093423 0.876296
vt 0.093510 0.878482
vt 0.093239 0.877596
vt 0.101554 0.868617
vt 0.101050 0.868279
vt 0.100751 0.868685
vt 0.099954 0.868699
vt 0.099941 0.869374
vt 0.100978 0.868067
vt 0.100732 0.867774
vt 0.099596 0.867601
vt 0.099234 0.867362
vt 0.696009 0.824107
vt 0.695184 0.825144
vt 0.695226 0.824679
vt 0.313819 0.887190
vt 0.092853 0.878167
vt 0.092776 0.877978
vt 0.100816 0.868398
vt 0.100089 0.867966
vt 0.315355 0.886705
vt 0.090926 0.878819
vt 0.092034 0.878250
vt 0.092620 0.877691
vt 0.092519 0.877542
vt 0.091126 0.878195
vt 0.099654 0.868289
vt 0.096460 0.869025
vt 0.098446 0.868707
vt 0.098686 0.868460
vt 0.098723 0.867968
vt 0.097284 0.868607
vt 0.099060 0.867770
vt 0.098609 0.867273
vt 0.097347 0.865668
vt 0.313233 0.889046
vt 0.089668 0.879350
vt 0.092288 0.877388
vt 0.091305 0.877836
vt 0.091109 0.878464
vt 0.098384 0.867950
vt 0.097792 0.864226
vt 0.315947 0.884093
vt 0.694082 0.825850
vt 0.694425 0.826031
vt 0.098362 0.868115
vt 0.317120 0.879162
vt 0.317602 0.878910
vt 0.317766 0.879415
vt 0.317362 0.880355
vt 0.317249 0.881189
vt 0.315702 0.880858
vt 0.316837 0.881360
vt 0.317071 0.882873
vt 0.691880 0.827419
vt 0.693199 0.826852
vt 0.695316 0.826100
vt 0.694354 0.827454
vt 0.694568 0.826507
vt 0.097341 0.868135
vt 0.097677 0.867829
vt 0.317882 0.879888
vt 0.095346 0.869311
vt 0.315137 0.889660
vt 0.695583 0.826530
vt 0.695456 0.827281
vt 0.694639 0.827939
vt 0.693703 0.826934
vt 0.693489 0.827672
vt 0.692745 0.827460
vt 0.692683 0.828005
vt 0.096093 0.868623
vt 0.096118 0.868386
vt 0.317753 0.880154
vt 0.317916 0.880422
vt 0.317956 0.880771
vt 0.317973 0.881775
vt 0.690510 0.827329
vt 0.693186 0.828695
vt 0.318444 0.880254
vt 0.317291 0.883944
vt 0.316573 0.885188
vt 0.314642 0.890252
vt 0.695055 0.828648
vt 0.693576 0.829216
vt 0.694148 0.829058
vt 0.318696 0.881036
vt 0.094900 0.868955
vt 0.317577 0.882757
vt 0.318188 0.882753
vt 0.321939 0.881807
vt 0.319629 0.881616
vt 0.319777 0.881336
vt 0.322586 0.885880
vt 0.690655 0.825181
vt 0.317055 0.886186
vt 0.691186 0.828546
vt 0.692088 0.828304
vt 0.691922 0.829213
vt 0.692492 0.829048
vt 0.318861 0.880414
vt 0.318857 0.882697
vt 0.317950 0.884091
vt 0.317820 0.884858
vt 0.316386 0.887310
vt 0.690103 0.828917
vt 0.319120 0.881771
vt 0.319502 0.881162
vt 0.317673 0.883419
vt 0.318009 0.883641
vt 0.318196 0.886026
vt 0.691496 0.829108
vt 0.694156 0.829878
vt 0.693095 0.830191
vt 0.319589 0.882279
vt 0.323443 0.885194
vt 0.317951 0.887994
vt 0.316764 0.888274
vt 0.316292 0.889196
vt 0.690257 0.829691
vt 0.694712 0.829425
vt 0.315570 0.890699
vt 0.314821 0.891139
vt 0.691193 0.830053
vt 0.318614 0.883689
vt 0.320355 0.883836
vt 0.318295 0.884417
vt 0.318333 0.884980
vt 0.318288 0.885614
vt 0.318317 0.886937
vt 0.687356 0.827299
vt 0.688508 0.828390
vt 0.316259 0.890112
vt 0.316184 0.890507
vt 0.694682 0.829850
vt 0.692365 0.830349
vt 0.692032 0.831096
vt 0.170348 0.392416
vt 0.170190 0.391854
vt 0.170896 0.392085
vt 0.320288 0.884565
vt 0.318907 0.884263
vt 0.319587 0.884306
vt 0.319442 0.885297
vt 0.318638 0.885640
vt 0.318488 0.886424
vt 0.317837 0.888841
vt 0.317816 0.889515
vt 0.687351 0.828630
vt 0.686834 0.828291
vt 0.316786 0.889710
vt 0.689067 0.829584
vt 0.315503 0.891081
vt 0.316108 0.890842
vt 0.314930 0.891529
vt 0.690073 0.830882
vt 0.315282 0.891521
vt 0.315035 0.891943
vt 0.167125 0.390830
vt 0.166638 0.392834
vt 0.165981 0.391903
vt 0.167267 0.392453
vt 0.167809 0.391426
vt 0.165260 0.391241
vt 0.165713 0.388815
vt 0.168728 0.391301
vt 0.168483 0.392098
vt 0.168768 0.392451
vt 0.169164 0.391890
vt 0.694939 0.830117
vt 0.169567 0.392494
vt 0.694100 0.830386
vt 0.168558 0.389733
vt 0.169477 0.390957
vt 0.693368 0.830613
vt 0.692702 0.830946
vt 0.166178 0.386436
vt 0.169745 0.389337
vt 0.169907 0.390345
vt 0.170874 0.390920
vt 0.163823 0.387204
vt 0.168027 0.386249
vt 0.169902 0.388193
vt 0.170306 0.389888
vt 0.170416 0.388322
vt 0.162976 0.385414
vt 0.169275 0.385974
vt 0.169908 0.387048
vt 0.170965 0.386693
vt 0.166055 0.383787
vt 0.164225 0.382669
vt 0.169426 0.383732
vt 0.172231 0.384211
vt 0.165210 0.380819
vt 0.318890 0.886946
vt 0.318557 0.887601
vt 0.317997 0.890005
vt 0.317496 0.890016
vt 0.687917 0.829172
vt 0.316935 0.890329
vt 0.316521 0.890449
vt 0.689095 0.830538
vt 0.315971 0.891302
vt 0.315636 0.891702
vt 0.164806 0.392835
vt 0.164720 0.390885
vt 0.165906 0.392693
vt 0.167903 0.392662
vt 0.690945 0.830812
vt 0.690892 0.831377
vt 0.691941 0.831601
vt 0.164029 0.389504
vt 0.161992 0.387349
vt 0.162061 0.389270
vt 0.161072 0.388731
vt 0.172065 0.391917
vt 0.171474 0.390275
vt 0.162360 0.384143
vt 0.160757 0.385873
vt 0.170935 0.389392
vt 0.172378 0.390644
vt 0.161402 0.384130
vt 0.170847 0.388170
vt 0.171275 0.386813
vt 0.171420 0.387523
vt 0.162311 0.382641
vt 0.172561 0.386433
vt 0.163845 0.381146
vt 0.172669 0.385754
vt 0.173250 0.385085
vt 0.170417 0.381481
vt 0.171380 0.382496
vt 0.173862 0.383320
vt 0.173682 0.382187
vt 0.320797 0.884746
vt 0.318877 0.886115
vt 0.318064 0.888408
vt 0.686316 0.828846
vt 0.686428 0.829800
vt 0.318187 0.889382
vt 0.317615 0.890468
vt 0.688610 0.830526
vt 0.316595 0.890857
vt 0.165406 0.393343
vt 0.316288 0.891414
vt 0.163289 0.391864
vt 0.163584 0.393937
vt 0.163614 0.393300
vt 0.316860 0.891267
vt 0.163398 0.393148
vt 0.162602 0.390085
vt 0.161774 0.391945
vt 0.160914 0.387478
vt 0.160012 0.387268
vt 0.161168 0.390127
vt 0.172916 0.392346
vt 0.173573 0.391587
vt 0.173891 0.392318
vt 0.159921 0.385034
vt 0.161044 0.382585
vt 0.173504 0.390067
vt 0.172523 0.389507
vt 0.171626 0.388480
vt 0.171900 0.387862
vt 0.172556 0.386821
vt 0.173487 0.385900
vt 0.172963 0.386601
vt 0.162856 0.380480
vt 0.174176 0.384522
vt 0.174317 0.384941
vt 0.174586 0.385268
vt 0.176568 0.384946
vt 0.175987 0.384677
vt 0.176851 0.384662
vt 0.176074 0.385032
vt 0.176857 0.385697
vt 0.164656 0.379548
vt 0.175920 0.384271
vt 0.176593 0.384107
vt 0.174530 0.383228
vt 0.175136 0.384005
vt 0.175745 0.383415
vt 0.174337 0.381438
vt 0.172461 0.380267
vt 0.173875 0.379617
vt 0.319784 0.884813
vt 0.320913 0.885615
vt 0.321863 0.886188
vt 0.319719 0.887007
vt 0.319065 0.887126
vt 0.323780 0.886642
vt 0.319041 0.887737
vt 0.686020 0.828349
vt 0.319304 0.888029
vt 0.319379 0.888945
vt 0.318715 0.889518
vt 0.317818 0.890311
vt 0.688039 0.830386
vt 0.159837 0.389555
vt 0.159404 0.391102
vt 0.692019 0.832088
vt 0.691524 0.831921
vt 0.159451 0.388765
vt 0.159324 0.387100
vt 0.174622 0.391889
vt 0.174340 0.392364
vt 0.174212 0.391115
vt 0.174151 0.390401
vt 0.913397 0.210527
vt 0.914118 0.210095
vt 0.914482 0.212465
vt 0.913728 0.212786
vt 0.175230 0.390828
vt 0.175138 0.390110
vt 0.172355 0.388255
vt 0.172138 0.389175
vt 0.173203 0.389266
vt 0.173524 0.388428
vt 0.174296 0.388864
vt 0.172794 0.388001
vt 0.172940 0.387249
vt 0.175782 0.390084
vt 0.175965 0.389614
vt 0.173500 0.387195
vt 0.173702 0.386489
vt 0.176260 0.388832
vt 0.175278 0.388388
vt 0.175467 0.387799
vt 0.176107 0.387156
vt 0.174734 0.385832
vt 0.175699 0.385620
vt 0.175152 0.384762
vt 0.163355 0.379043
vt 0.176262 0.383563
vt 0.170209 0.379426
vt 0.165171 0.377620
vt 0.165814 0.377034
vt 0.163935 0.377878
vt 0.175162 0.382185
vt 0.176054 0.382757
vt 0.018271 0.543020
vt 0.017427 0.543451
vt 0.017879 0.543037
vt 0.321029 0.886785
vt 0.320170 0.886609
vt 0.320842 0.887423
vt 0.319391 0.887409
vt 0.685606 0.828182
vt 0.317907 0.890531
vt 0.318419 0.890206
vt 0.162421 0.394073
vt 0.162493 0.393514
vt 0.686999 0.830351
vt 0.687520 0.830572
vt 0.162189 0.393050
vt 0.687579 0.831076
vt 0.161104 0.392894
vt 0.161588 0.393191
vt 0.912813 0.206531
vt 0.913764 0.205740
vt 0.912911 0.207092
vt 0.913502 0.204856
vt 0.914394 0.206629
vt 0.913416 0.208682
vt 0.691696 0.832319
vt 0.692357 0.832593
vt 0.914451 0.208074
vt 0.175327 0.391919
vt 0.174906 0.392502
vt 0.175203 0.391471
vt 0.914509 0.214205
vt 0.161385 0.381007
vt 0.174474 0.387445
vt 0.174120 0.386920
vt 0.162547 0.379661
vt 0.175194 0.386597
vt 0.175764 0.386207
vt 0.176777 0.386286
vt 0.175193 0.381349
vt 0.016009 0.544894
vt 0.015105 0.544038
vt 0.171028 0.377700
vt 0.321936 0.886721
vt 0.320082 0.887658
vt 0.323402 0.887075
vt 0.322590 0.886822
vt 0.319701 0.888165
vt 0.323823 0.887192
vt 0.319749 0.888812
vt 0.319508 0.889513
vt 0.685099 0.829046
vt 0.319468 0.890023
vt 0.160601 0.394374
vt 0.160896 0.393941
vt 0.913451 0.202261
vt 0.914261 0.202666
vt 0.914651 0.209020
vt 0.915550 0.206982
vt 0.914630 0.211349
vt 0.914966 0.213273
vt 0.915036 0.214304
vt 0.914827 0.215610
vt 0.915682 0.215573
vt 0.915700 0.216298
vt 0.915133 0.216529
vt 0.916094 0.217130
vt 0.916650 0.216793
vt 0.917295 0.217617
vt 0.163883 0.376874
vt 0.172880 0.377758
vt 0.322319 0.887992
vt 0.321532 0.887909
vt 0.322557 0.887581
vt 0.320518 0.888244
vt 0.684918 0.828463
vt 0.684405 0.828673
vt 0.684207 0.829666
vt 0.683719 0.829356
vt 0.684617 0.830223
vt 0.685226 0.830746
vt 0.159930 0.393227
vt 0.160458 0.393664
vt 0.685930 0.830632
vt 0.686161 0.831137
vt 0.914337 0.204883
vt 0.914713 0.203906
vt 0.915004 0.210540
vt 0.915156 0.211717
vt 0.915684 0.211485
vt 0.914900 0.212204
vt 0.915872 0.214090
vt 0.916067 0.215061
vt 0.917759 0.217078
vt 0.918540 0.217538
vt 0.918884 0.217956
vt 0.164982 0.376080
vt 0.831074 0.958445
vt 0.831771 0.958928
vt 0.831559 0.959721
vt 0.830466 0.959669
vt 0.826140 0.959212
vt 0.825420 0.960924
vt 0.824470 0.959448
vt 0.015895 0.546935
vt 0.015013 0.548503
vt 0.014441 0.546210
vt 0.013929 0.544290
vt 0.013515 0.549075
vt 0.012444 0.547561
vt 0.323027 0.887521
vt 0.320599 0.888651
vt 0.323597 0.887550
vt 0.321346 0.888021
vt 0.320736 0.889444
vt 0.324082 0.887715
vt 0.159985 0.394850
vt 0.160058 0.394152
vt 0.319665 0.889653
vt 0.320037 0.889768
vt 0.912101 0.200759
vt 0.912585 0.200602
vt 0.912706 0.201434
vt 0.912967 0.202325
vt 0.913097 0.201149
vt 0.916311 0.204729
vt 0.915658 0.207611
vt 0.915202 0.209291
vt 0.915445 0.209766
vt 0.915966 0.207905
vt 0.915925 0.209404
vt 0.916003 0.210286
vt 0.916479 0.210487
vt 0.916147 0.213533
vt 0.916691 0.212015
vt 0.916947 0.212970
vt 0.916891 0.214529
vt 0.916705 0.213807
vt 0.917659 0.214815
vt 0.917035 0.215906
vt 0.163973 0.375707
vt 0.832744 0.959870
vt 0.827839 0.960432
vt 0.830609 0.961262
vt 0.321905 0.888451
vt 0.321590 0.888874
vt 0.323364 0.887833
vt 0.321392 0.889183
vt 0.323806 0.887979
vt 0.324485 0.888111
vt 0.321396 0.889501
vt 0.320431 0.890088
vt 0.683288 0.828977
vt 0.913553 0.200361
vt 0.913734 0.201245
vt 0.684586 0.831074
vt 0.915074 0.202820
vt 0.916697 0.203487
vt 0.916422 0.208551
vt 0.916420 0.209565
vt 0.916837 0.209471
vt 0.917235 0.211145
vt 0.917451 0.208789
vt 0.917493 0.210630
vt 0.917659 0.212573
vt 0.917338 0.213231
vt 0.917816 0.213354
vt 0.917199 0.214135
vt 0.917719 0.214338
vt 0.917736 0.215308
vt 0.918004 0.216436
vt 0.828295 0.961583
vt 0.826512 0.962405
vt 0.323081 0.888225
vt 0.322541 0.888578
vt 0.324021 0.888328
vt 0.324888 0.888770
vt 0.681799 0.829613
vt 0.681114 0.829301
vt 0.321868 0.889369
vt 0.321836 0.889795
vt 0.682607 0.829950
vt 0.917403 0.202372
vt 0.915926 0.200243
vt 0.914955 0.199687
vt 0.683065 0.830780
vt 0.683943 0.831198
vt 0.918196 0.203475
vt 0.917527 0.205267
vt 0.917172 0.206407
vt 0.917021 0.207835
vt 0.916961 0.208507
vt 0.917851 0.210613
vt 0.918351 0.211296
vt 0.918337 0.212648
vt 0.918849 0.213353
vt 0.918370 0.213663
vt 0.918808 0.214165
vt 0.918483 0.215493
vt 0.918843 0.214997
vt 0.919071 0.215880
vt 0.920244 0.216142
vt 0.919956 0.215306
vt 0.918214 0.216684
vt 0.919898 0.216798
vt 0.920051 0.216986
vt 0.920474 0.217236
vt 0.832227 0.961627
vt 0.833742 0.960745
vt 0.833267 0.962033
vt 0.831446 0.963122
vt 0.832387 0.963920
vt 0.825268 0.963922
vt 0.823031 0.962099
vt 0.011285 0.545648
vt 0.012541 0.544285
vt 0.322294 0.889259
vt 0.322715 0.888894
vt 0.323693 0.888712
vt 0.324178 0.888694
vt 0.322164 0.889775
vt 0.322742 0.889236
vt 0.323614 0.889186
vt 0.913683 0.199189
vt 0.917872 0.199498
vt 0.918310 0.200310
vt 0.681834 0.830774
vt 0.682453 0.831313
vt 0.683279 0.831516
vt 0.917455 0.208031
vt 0.917841 0.207794
vt 0.918283 0.208352
vt 0.918047 0.209553
vt 0.918855 0.209502
vt 0.919236 0.212568
vt 0.919351 0.210755
vt 0.920153 0.212733
vt 0.919384 0.214132
vt 0.920436 0.213805
vt 0.920225 0.214198
vt 0.920121 0.214569
vt 0.920727 0.215531
vt 0.921837 0.216288
vt 0.829856 0.963532
vt 0.009193 0.545206
vt 0.010576 0.544196
vt 0.827617 0.963409
vt 0.323979 0.888951
vt 0.680828 0.828719
vt 0.680260 0.829225
vt 0.680124 0.828921
vt 0.321690 0.890363
vt 0.322585 0.889853
vt 0.682769 0.831550
vt 0.704658 0.929025
vt 0.704161 0.928428
vt 0.704523 0.928536
vt 0.683194 0.831756
vt 0.682745 0.831738
vt 0.918576 0.205246
vt 0.917928 0.206497
vt 0.917874 0.207254
vt 0.918762 0.206830
vt 0.918503 0.207744
vt 0.918858 0.208548
vt 0.919607 0.209320
vt 0.921448 0.213228
vt 0.922229 0.213696
vt 0.921084 0.214881
vt 0.921965 0.215577
vt 0.921797 0.216154
vt 0.922853 0.216270
vt 0.923228 0.215704
vt 0.828662 0.963759
vt 0.010636 0.547197
vt 0.009251 0.546087
vt 0.010334 0.550158
vt 0.915240 0.197100
vt 0.916475 0.198567
vt 0.914714 0.198252
vt 0.679055 0.826610
vt 0.679719 0.827442
vt 0.677570 0.825396
vt 0.917794 0.197083
vt 0.680121 0.828654
vt 0.679812 0.829748
vt 0.680757 0.830146
vt 0.918492 0.197330
vt 0.679798 0.828208
vt 0.918900 0.201447
vt 0.681674 0.831277
vt 0.681083 0.830887
vt 0.919753 0.202256
vt 0.682298 0.831812
vt 0.681669 0.831710
vt 0.919898 0.203262
vt 0.918612 0.205978
vt 0.919860 0.207435
vt 0.919905 0.206503
vt 0.921368 0.208831
vt 0.921380 0.214333
vt 0.922526 0.214569
vt 0.925514 0.215286
vt 0.826430 0.965146
vt 0.009260 0.547856
vt 0.679930 0.828028
vt 0.679308 0.828217
vt 0.678352 0.827733
vt 0.677040 0.826525
vt 0.680584 0.831038
vt 0.680973 0.831448
vt 0.704095 0.927849
vt 0.703497 0.927194
vt 0.704076 0.927290
vt 0.680997 0.831626
vt 0.919229 0.204370
vt 0.918962 0.206193
vt 0.920023 0.205790
vt 0.921279 0.206997
vt 0.924091 0.211413
vt 0.922659 0.212975
vt 0.922872 0.214182
vt 0.923290 0.214840
vt 0.924330 0.215034
vt 0.927647 0.214365
vt 0.834089 0.966155
vt 0.833506 0.965095
vt 0.827698 0.965321
vt 0.009092 0.545663
vt 0.919153 0.195575
vt 0.676967 0.825806
vt 0.679148 0.828555
vt 0.678484 0.828941
vt 0.678588 0.828185
vt 0.679287 0.829331
vt 0.678983 0.829814
vt 0.679221 0.830482
vt 0.679654 0.830899
vt 0.919957 0.197790
vt 0.680324 0.831326
vt 0.703423 0.926518
vt 0.703960 0.926794
vt 0.921233 0.203427
vt 0.921120 0.202910
vt 0.921038 0.205463
vt 0.921524 0.205793
vt 0.922575 0.209009
vt 0.923734 0.213691
vt 0.924226 0.214380
vt 0.831211 0.965467
vt 0.829053 0.965798
vt 0.826461 0.967676
vt 0.824168 0.967632
vt 0.009392 0.550771
vt 0.007797 0.547602
vt 0.678166 0.829405
vt 0.677841 0.829723
vt 0.677123 0.830729
vt 0.677895 0.827709
vt 0.677386 0.827107
vt 0.679586 0.831373
vt 0.678848 0.831058
vt 0.703901 0.926311
vt 0.703396 0.925837
vt 0.703892 0.925757
vt 0.920269 0.200932
vt 0.921120 0.201973
vt 0.922014 0.202329
vt 0.921520 0.203924
vt 0.920796 0.204663
vt 0.922462 0.207633
vt 0.922160 0.206744
vt 0.922646 0.207141
vt 0.924538 0.212482
vt 0.924521 0.213325
vt 0.925197 0.214167
vt 0.926268 0.214284
vt 0.927206 0.213943
vt 0.925678 0.214581
vt 0.833063 0.966798
vt 0.832139 0.966300
vt 0.008559 0.544899
vt 0.008648 0.544070
vt 0.008347 0.546154
vt 0.027190 0.558130
vt 0.028196 0.555689
vt 0.028250 0.556454
vt 0.008124 0.545322
vt 0.677169 0.829024
vt 0.677055 0.828487
vt 0.677842 0.828095
vt 0.677844 0.831376
vt 0.919964 0.198698
vt 0.919536 0.196993
vt 0.921347 0.204919
vt 0.921785 0.206374
vt 0.923297 0.208562
vt 0.924272 0.210311
vt 0.925983 0.211212
vt 0.925458 0.212993
vt 0.925948 0.213673
vt 0.029232 0.547505
vt 0.029523 0.548462
vt 0.028922 0.547295
vt 0.831126 0.968326
vt 0.828768 0.968216
vt 0.786688 0.743300
vt 0.786962 0.743986
vt 0.786818 0.744510
vt 0.676700 0.829671
vt 0.675868 0.829414
vt 0.675003 0.829506
vt 0.673653 0.828387
vt 0.674551 0.827356
vt 0.677237 0.829399
vt 0.677223 0.829646
vt 0.676499 0.830065
vt 0.677087 0.827462
vt 0.677583 0.827723
vt 0.676932 0.827115
vt 0.677140 0.831831
vt 0.920780 0.199330
vt 0.703494 0.925046
vt 0.704058 0.925046
vt 0.921954 0.203142
vt 0.922595 0.204168
vt 0.921655 0.205067
vt 0.922631 0.204995
vt 0.922229 0.205747
vt 0.922550 0.206183
vt 0.925121 0.208802
vt 0.924973 0.209819
vt 0.926275 0.212740
vt 0.927146 0.212854
vt 0.927902 0.212840
vt 0.833528 0.967080
vt 0.029739 0.549990
vt 0.825539 0.968631
vt 0.823268 0.968547
vt 0.028548 0.555790
vt 0.028797 0.556282
vt 0.029196 0.555631
vt 0.029464 0.553687
vt 0.029988 0.554767
vt 0.675563 0.826989
vt 0.675850 0.829725
vt 0.674484 0.829982
vt 0.676652 0.827107
vt 0.920426 0.196712
vt 0.920190 0.195721
vt 0.920087 0.194994
vt 0.919438 0.194645
vt 0.676550 0.826363
vt 0.676586 0.825860
vt 0.676586 0.826748
vt 0.920812 0.198173
vt 0.922488 0.200638
vt 0.921500 0.199845
vt 0.921169 0.197068
vt 0.921638 0.198122
vt 0.922745 0.203610
vt 0.922753 0.204651
vt 0.923024 0.205474
vt 0.923316 0.206530
vt 0.923335 0.207029
vt 0.924382 0.207775
vt 0.925443 0.210581
vt 0.926722 0.211776
vt 0.928372 0.211634
vt 0.928821 0.210997
vt 0.835570 0.969434
vt 0.029904 0.551793
vt 0.029501 0.550156
vt 0.827606 0.968667
vt 0.826362 0.968768
vt 0.827102 0.969069
vt 0.027320 0.556196
vt 0.027849 0.554472
vt 0.030850 0.553607
vt 0.673479 0.828848
vt 0.675723 0.826106
vt 0.674169 0.825914
vt 0.675263 0.830585
vt 0.676170 0.831831
vt 0.676237 0.826328
vt 0.920967 0.195710
vt 0.920939 0.194316
vt 0.920631 0.193721
vt 0.920447 0.195926
vt 0.676606 0.832598
vt 0.921338 0.198838
vt 0.922788 0.199276
vt 0.922225 0.198167
vt 0.922620 0.203056
vt 0.923584 0.204538
vt 0.923714 0.203961
vt 0.924082 0.204984
vt 0.923748 0.205885
vt 0.923809 0.206551
vt 0.924053 0.207371
vt 0.925708 0.209458
vt 0.924814 0.207980
vt 0.924574 0.207374
vt 0.926506 0.210184
vt 0.927040 0.211180
vt 0.927438 0.212014
vt 0.927653 0.211361
vt 0.833553 0.968121
vt 0.832551 0.968198
vt 0.833034 0.968554
vt 0.825402 0.969557
vt 0.825033 0.968975
vt 0.030193 0.552576
vt 0.029327 0.552460
vt 0.030561 0.551823
vt 0.030989 0.552858
vt 0.032135 0.552409
vt 0.823704 0.969128
vt 0.822275 0.969428
vt 0.028589 0.553102
vt 0.030242 0.553125
vt 0.672405 0.828123
vt 0.670931 0.827608
vt 0.672180 0.827027
vt 0.673511 0.829687
vt 0.673176 0.829100
vt 0.673471 0.830185
vt 0.674537 0.831456
vt 0.675448 0.825756
vt 0.675695 0.825566
vt 0.674980 0.825446
vt 0.921174 0.193895
vt 0.921528 0.193837
vt 0.675274 0.832379
vt 0.921736 0.195038
vt 0.921995 0.197041
vt 0.921924 0.196250
vt 0.675698 0.832847
vt 0.922806 0.196605
vt 0.922829 0.197257
vt 0.676001 0.833256
vt 0.923977 0.201665
vt 0.923277 0.198767
vt 0.923010 0.198076
vt 0.923833 0.203097
vt 0.923539 0.203416
vt 0.924274 0.204446
vt 0.924800 0.205163
vt 0.924495 0.206132
vt 0.925714 0.206096
vt 0.924858 0.206295
vt 0.924967 0.206890
vt 0.925027 0.207359
vt 0.925388 0.208237
vt 0.925840 0.208380
vt 0.926867 0.209708
vt 0.927451 0.209698
vt 0.927840 0.210482
vt 0.928315 0.209566
vt 0.834867 0.969788
vt 0.992255 0.771124
vt 0.991839 0.772025
vt 0.992143 0.770594
vt 0.829040 0.969604
vt 0.832344 0.969652
vt 0.830103 0.970250
vt 0.828041 0.969700
vt 0.827333 0.969973
vt 0.992558 0.771789
vt 0.826274 0.969815
vt 0.824258 0.969759
vt 0.823622 0.969599
vt 0.823011 0.969532
vt 0.028470 0.552260
vt 0.991643 0.773178
vt 0.990585 0.773278
vt 0.991509 0.772507
vt 0.029433 0.551945
vt 0.826186 0.970501
vt 0.825327 0.970000
vt 0.671549 0.828700
vt 0.672002 0.829279
vt 0.672270 0.829463
vt 0.841233 0.600016
vt 0.842497 0.601312
vt 0.840436 0.600173
vt 0.674274 0.825134
vt 0.673492 0.832660
vt 0.673655 0.831669
vt 0.921940 0.194383
vt 0.922386 0.193294
vt 0.922660 0.195916
vt 0.923190 0.194224
vt 0.925105 0.201012
vt 0.675184 0.833746
vt 0.675111 0.834318
vt 0.009455 0.377277
vt 0.009148 0.376886
vt 0.009848 0.377317
vt 0.924622 0.202952
vt 0.924442 0.203778
vt 0.924938 0.204497
vt 0.926409 0.207079
vt 0.927059 0.208734
vt 0.928021 0.209417
vt 0.836813 0.971352
vt 0.834108 0.970602
vt 0.990979 0.770236
vt 0.990427 0.771445
vt 0.989984 0.769633
vt 0.990614 0.769779
vt 0.829381 0.970481
vt 0.828621 0.970019
vt 0.991005 0.772134
vt 0.826902 0.970957
vt 0.824372 0.970140
vt 0.823899 0.970153
vt 0.823366 0.970221
vt 0.822675 0.970096
vt 0.822034 0.970092
vt 0.990592 0.772566
vt 0.825298 0.971251
vt 0.824989 0.970466
vt 0.825918 0.971260
vt 0.825346 0.971799
vt 0.136285 0.901105
vt 0.135575 0.901333
vt 0.136139 0.901066
vt 0.843217 0.601622
vt 0.844264 0.603046
vt 0.843805 0.603163
vt 0.137187 0.900867
vt 0.136723 0.901124
vt 0.136510 0.901114
vt 0.137639 0.900800
vt 0.672449 0.830237
vt 0.673379 0.830634
vt 0.672025 0.824085
vt 0.674065 0.824701
vt 0.672675 0.824048
vt 0.674653 0.833380
vt 0.923522 0.197147
vt 0.674226 0.833875
vt 0.924373 0.199028
vt 0.923635 0.198000
vt 0.008181 0.376629
vt 0.009903 0.376415
vt 0.008617 0.377029
vt 0.925198 0.204062
vt 0.925719 0.204772
vt 0.927849 0.208128
vt 0.928535 0.208402
vt 0.832365 0.970901
vt 0.829738 0.971321
vt 0.988959 0.771859
vt 0.988840 0.770506
vt 0.828823 0.971129
vt 0.989856 0.772221
vt 0.989870 0.772813
vt 0.827689 0.971375
vt 0.822333 0.970250
vt 0.821992 0.970782
vt 0.822636 0.970676
vt 0.989701 0.774089
vt 0.989864 0.773299
vt 0.823355 0.971080
vt 0.822789 0.971163
vt 0.824984 0.971777
vt 0.134466 0.901587
vt 0.135686 0.901128
vt 0.134484 0.901669
vt 0.135072 0.901556
vt 0.672140 0.831285
vt 0.967744 0.397945
vt 0.967155 0.397095
vt 0.968380 0.396136
vt 0.673706 0.834049
vt 0.672828 0.834368
vt 0.923945 0.194994
vt 0.968029 0.395512
vt 0.966908 0.395746
vt 0.924342 0.195749
vt 0.924233 0.196860
vt 0.010632 0.375489
vt 0.009855 0.375138
vt 0.010821 0.374926
vt 0.924139 0.198632
vt 0.924209 0.197527
vt 0.008582 0.375493
vt 0.924863 0.198942
vt 0.924559 0.198160
vt 0.674364 0.034020
vt 0.674072 0.033509
vt 0.674013 0.032608
vt 0.007280 0.375793
vt 0.925660 0.202188
vt 0.925392 0.203698
vt 0.006700 0.376637
vt 0.926443 0.204414
vt 0.005585 0.376432
vt 0.005718 0.375590
vt 0.005938 0.376239
vt 0.004411 0.375442
vt 0.004061 0.375954
vt 0.003663 0.375550
vt 0.004790 0.375916
vt 0.927460 0.206634
vt 0.003364 0.375006
vt 0.003213 0.375873
vt 0.835995 0.971750
vt 0.989181 0.769455
vt 0.988468 0.769614
vt 0.988597 0.769147
vt 0.831706 0.972234
vt 0.830893 0.971250
vt 0.830712 0.972105
vt 0.829896 0.971869
vt 0.830199 0.972325
vt 0.829498 0.971892
vt 0.829055 0.972226
vt 0.988995 0.773004
vt 0.989234 0.773988
vt 0.827448 0.972655
vt 0.827193 0.971909
vt 0.826322 0.972412
vt 0.825618 0.972108
vt 0.824648 0.972596
vt 0.689032 0.041236
vt 0.690110 0.042115
vt 0.690016 0.043896
vt 0.688358 0.040949
vt 0.686324 0.040487
vt 0.825075 0.972885
vt 0.823765 0.973341
vt 0.823314 0.973339
vt 0.133066 0.901996
vt 0.133530 0.901848
vt 0.134440 0.901944
vt 0.133353 0.902207
vt 0.135400 0.901632
vt 0.136315 0.901334
vt 0.670313 0.823772
vt 0.137733 0.900995
vt 0.852554 0.601192
vt 0.854089 0.600434
vt 0.851473 0.602396
vt 0.135547 0.901834
vt 0.854883 0.601001
vt 0.853167 0.602735
vt 0.959720 0.389575
vt 0.960223 0.390494
vt 0.959865 0.390493
vt 0.966824 0.395019
vt 0.966380 0.394723
vt 0.967291 0.394512
vt 0.960722 0.389568
vt 0.924966 0.196809
vt 0.673746 0.032736
vt 0.960781 0.390221
vt 0.966949 0.393654
vt 0.966430 0.393794
vt 0.925080 0.197800
vt 0.673837 0.033193
vt 0.925641 0.200254
vt 0.925574 0.199213
vt 0.925293 0.198497
vt 0.674127 0.034867
vt 0.674578 0.034504
vt 0.674444 0.035112
vt 0.926280 0.199560
vt 0.668634 0.034251
vt 0.669502 0.035741
vt 0.669055 0.036034
vt 0.927990 0.206060
vt 0.674726 0.036258
vt 0.674582 0.037245
vt 0.674483 0.036949
vt 0.674749 0.036631
vt 0.675099 0.036848
vt 0.674852 0.036947
vt 0.002473 0.375605
vt 0.928180 0.206540
vt 0.675186 0.037301
vt 0.862479 0.160992
vt 0.862039 0.160697
vt 0.863073 0.160949
vt 0.928723 0.207265
vt 0.837789 0.972748
vt 0.834481 0.972494
vt 0.680794 0.038593
vt 0.681344 0.038785
vt 0.680053 0.039540
vt 0.859942 0.155119
vt 0.859538 0.156288
vt 0.859876 0.154816
vt 0.831734 0.973185
vt 0.830525 0.972995
vt 0.682151 0.038729
vt 0.682339 0.039617
vt 0.667655 0.042990
vt 0.668740 0.042699
vt 0.668227 0.043370
vt 0.667048 0.044311
vt 0.683264 0.039200
vt 0.684023 0.039842
vt 0.683557 0.039864
vt 0.684084 0.039421
vt 0.668017 0.044046
vt 0.684633 0.039751
vt 0.685804 0.041187
vt 0.685543 0.040153
vt 0.689116 0.044016
vt 0.688445 0.044664
vt 0.665963 0.045451
vt 0.666493 0.044927
vt 0.666425 0.045727
vt 0.666866 0.046145
vt 0.665545 0.046399
vt 0.666755 0.047610
vt 0.665883 0.048768
vt 0.665231 0.047105
vt 0.690239 0.042897
vt 0.664935 0.047938
vt 0.664771 0.047021
vt 0.844572 0.603061
vt 0.845447 0.604310
vt 0.845306 0.604613
vt 0.844988 0.604703
vt 0.133445 0.902264
vt 0.964239 0.398063
vt 0.965080 0.395806
vt 0.959511 0.391417
vt 0.960507 0.391311
vt 0.961078 0.391247
vt 0.673702 0.033427
vt 0.673403 0.032752
vt 0.965622 0.393510
vt 0.966466 0.393230
vt 0.674023 0.034459
vt 0.925930 0.198683
vt 0.966140 0.392747
vt 0.669968 0.033997
vt 0.670054 0.034544
vt 0.669651 0.034101
vt 0.965543 0.392857
vt 0.670319 0.034036
vt 0.674203 0.034897
vt 0.927239 0.203340
vt 0.669416 0.034722
vt 0.670043 0.035411
vt 0.670252 0.034842
vt 0.670023 0.036265
vt 0.668167 0.035104
vt 0.668355 0.036825
vt 0.928361 0.204541
vt 0.674270 0.037202
vt 0.674357 0.036331
vt 0.667590 0.036247
vt 0.667697 0.036654
vt 0.674702 0.037529
vt 0.675289 0.037827
vt 0.667397 0.036937
vt 0.668152 0.037837
vt 0.667378 0.038007
vt 0.667457 0.038378
vt 0.667471 0.039253
vt 0.833551 0.973251
vt 0.832310 0.973378
vt 0.668453 0.040544
vt 0.668798 0.041345
vt 0.668469 0.041087
vt 0.668822 0.040563
vt 0.668889 0.041061
vt 0.669317 0.041152
vt 0.668441 0.042030
vt 0.669054 0.041928
vt 0.859219 0.155765
vt 0.683691 0.040905
vt 0.682936 0.040459
vt 0.684946 0.042213
vt 0.666973 0.045426
vt 0.665158 0.047830
vt 0.665067 0.048899
vt 0.690715 0.043964
vt 0.131976 0.902689
vt 0.131024 0.902185
vt 0.133241 0.902515
vt 0.134588 0.902053
vt 0.841066 0.602202
vt 0.839231 0.601697
vt 0.839635 0.600208
vt 0.839129 0.599772
vt 0.963650 0.395777
vt 0.673370 0.033449
vt 0.961671 0.391002
vt 0.961492 0.391720
vt 0.961990 0.391622
vt 0.673507 0.033906
vt 0.672988 0.033149
vt 0.964907 0.393180
vt 0.673750 0.034390
vt 0.670513 0.034778
vt 0.965302 0.392224
vt 0.670650 0.035543
vt 0.670793 0.034712
vt 0.670812 0.035312
vt 0.674273 0.035790
vt 0.669455 0.036732
vt 0.670264 0.036954
vt 0.671175 0.036071
vt 0.670830 0.036961
vt 0.674519 0.037847
vt 0.675029 0.038135
vt 0.669209 0.038991
vt 0.669490 0.040620
vt 0.669765 0.040379
vt 0.670466 0.039872
vt 0.669747 0.041219
vt 0.670152 0.040978
vt 0.681052 0.041031
vt 0.669444 0.043667
vt 0.668604 0.044257
vt 0.667718 0.045423
vt 0.667585 0.046573
vt 0.668985 0.045266
vt 0.668271 0.046329
vt 0.665632 0.049515
vt 0.691203 0.046241
vt 0.665037 0.050436
vt 0.845686 0.606103
vt 0.845781 0.605073
vt 0.846174 0.604923
vt 0.844950 0.605552
vt 0.844103 0.607552
vt 0.131682 0.903092
vt 0.130627 0.903298
vt 0.850956 0.602913
vt 0.133694 0.902572
vt 0.855970 0.600452
vt 0.960810 0.394148
vt 0.963838 0.394551
vt 0.962406 0.391474
vt 0.961900 0.392095
vt 0.672899 0.033711
vt 0.964629 0.392242
vt 0.964310 0.392776
vt 0.962159 0.392334
vt 0.962610 0.392108
vt 0.672827 0.034362
vt 0.672055 0.033512
vt 0.673229 0.034382
vt 0.673797 0.035139
vt 0.671379 0.035588
vt 0.963761 0.392417
vt 0.963898 0.391783
vt 0.671391 0.034865
vt 0.673974 0.035572
vt 0.671745 0.035290
vt 0.673914 0.036060
vt 0.671349 0.036486
vt 0.670943 0.037451
vt 0.669205 0.037656
vt 0.670059 0.037391
vt 0.672605 0.037230
vt 0.673181 0.037903
vt 0.672377 0.037593
vt 0.673357 0.037587
vt 0.672378 0.036870
vt 0.673143 0.037201
vt 0.672051 0.037137
vt 0.673849 0.037359
vt 0.673647 0.036801
vt 0.674042 0.037866
vt 0.670080 0.037617
vt 0.670828 0.039059
vt 0.672911 0.038206
vt 0.671838 0.038030
vt 0.671640 0.037360
vt 0.674138 0.038343
vt 0.672518 0.039914
vt 0.673482 0.038653
vt 0.674676 0.038902
vt 0.861375 0.160483
vt 0.860535 0.160052
vt 0.861498 0.160027
vt 0.673242 0.039479
vt 0.673765 0.039385
vt 0.674083 0.038893
vt 0.671359 0.039829
vt 0.670505 0.040594
vt 0.671302 0.040385
vt 0.673053 0.040208
vt 0.671206 0.040893
vt 0.672243 0.040287
vt 0.671136 0.041295
vt 0.670182 0.042505
vt 0.670895 0.041744
vt 0.679585 0.039611
vt 0.680057 0.040300
vt 0.679339 0.039842
vt 0.669761 0.043120
vt 0.680982 0.042344
vt 0.667064 0.050643
vt 0.666250 0.051161
vt 0.665629 0.051137
vt 0.691244 0.045723
vt 0.691086 0.047992
vt 0.691108 0.047009
vt 0.130311 0.902845
vt 0.838760 0.600613
vt 0.966024 0.400302
vt 0.964200 0.400417
vt 0.963415 0.394112
vt 0.963183 0.393563
vt 0.962975 0.392509
vt 0.963078 0.391670
vt 0.963260 0.392216
vt 0.962427 0.392949
vt 0.672066 0.034174
vt 0.671351 0.034047
vt 0.672120 0.034764
vt 0.673150 0.034917
vt 0.673273 0.035483
vt 0.672637 0.035410
vt 0.671824 0.035910
vt 0.671447 0.036872
vt 0.673539 0.036158
vt 0.673063 0.035922
vt 0.672861 0.036206
vt 0.671724 0.036618
vt 0.672289 0.036254
vt 0.674656 0.039535
vt 0.675892 0.039108
vt 0.675991 0.039945
vt 0.860700 0.159700
vt 0.674031 0.040263
vt 0.674623 0.040100
vt 0.676690 0.039665
vt 0.675458 0.040198
vt 0.676634 0.038994
vt 0.860156 0.159485
vt 0.673002 0.041075
vt 0.676622 0.040319
vt 0.672569 0.040827
vt 0.674411 0.041030
vt 0.672890 0.041580
vt 0.672457 0.041657
vt 0.678753 0.040004
vt 0.678963 0.039731
vt 0.670573 0.043670
vt 0.669147 0.044670
vt 0.670172 0.044707
vt 0.669302 0.045801
vt 0.668546 0.048751
vt 0.665147 0.051171
vt 0.664936 0.051381
vt 0.845379 0.607017
vt 0.845125 0.607720
vt 0.846101 0.606285
vt 0.846599 0.605536
vt 0.129888 0.903305
vt 0.129429 0.903267
vt 0.846349 0.605029
vt 0.130320 0.903695
vt 0.850391 0.603316
vt 0.850295 0.605151
vt 0.848629 0.604890
vt 0.963066 0.397017
vt 0.962744 0.395556
vt 0.961596 0.395175
vt 0.962829 0.393430
vt 0.962292 0.394902
vt 0.672253 0.035717
vt 0.672412 0.035832
vt 0.672082 0.036039
vt 0.672514 0.035998
vt 0.675112 0.041123
vt 0.676030 0.040864
vt 0.677430 0.040673
vt 0.677710 0.039797
vt 0.671802 0.042747
vt 0.672136 0.042020
vt 0.672900 0.042017
vt 0.678019 0.041514
vt 0.678790 0.041703
vt 0.672010 0.042429
vt 0.672577 0.042361
vt 0.679706 0.042065
vt 0.670483 0.043274
vt 0.671697 0.043290
vt 0.671460 0.043672
vt 0.669869 0.044392
vt 0.670049 0.047106
vt 0.666523 0.053249
vt 0.665301 0.051766
vt 0.665660 0.051988
vt 0.845637 0.607053
vt 0.845813 0.607057
vt 0.845552 0.608000
vt 0.845813 0.607799
vt 0.846745 0.605795
vt 0.846633 0.605156
vt 0.129080 0.903911
vt 0.847944 0.605571
vt 0.855005 0.607365
vt 0.852090 0.605587
vt 0.962562 0.399876
vt 0.673443 0.042378
vt 0.674540 0.042419
vt 0.676619 0.041325
vt 0.672669 0.043316
vt 0.671712 0.044053
vt 0.670979 0.045299
vt 0.679823 0.043896
vt 0.667909 0.052529
vt 0.691273 0.048833
vt 0.664953 0.052179
vt 0.846648 0.606746
vt 0.847194 0.606076
vt 0.765350 0.408061
vt 0.765415 0.407921
vt 0.765699 0.408223
vt 0.765787 0.407835
vt 0.128792 0.903500
vt 0.129893 0.904259
vt 0.839990 0.603335
vt 0.847901 0.606395
vt 0.838444 0.602173
vt 0.838454 0.600902
vt 0.957063 0.400455
vt 0.675151 0.042813
vt 0.675946 0.041311
vt 0.676767 0.043318
vt 0.677624 0.042551
vt 0.673666 0.047380
vt 0.682681 0.048802
vt 0.689583 0.049563
vt 0.691110 0.050204
vt 0.665575 0.054107
vt 0.665583 0.054796
vt 0.665050 0.056063
vt 0.664288 0.053354
vt 0.846236 0.608412
vt 0.847132 0.606893
vt 0.843636 0.609923
vt 0.961896 0.397771
vt 0.961494 0.399468
vt 0.961932 0.396952
vt 0.961874 0.396151
vt 0.961112 0.396585
vt 0.678460 0.042874
vt 0.675910 0.046623
vt 0.675525 0.044442
vt 0.666318 0.054560
vt 0.664488 0.055568
vt 0.664033 0.054425
vt 0.845374 0.609234
vt 0.844706 0.610310
vt 0.845611 0.608909
vt 0.846942 0.608360
vt 0.960694 0.401930
vt 0.959730 0.397801
vt 0.676635 0.044098
vt 0.678207 0.044974
vt 0.667152 0.056949
vt 0.665631 0.055570
vt 0.664841 0.057520
vt 0.845582 0.609656
vt 0.843731 0.612539
vt 0.845825 0.609837
vt 0.849299 0.609916
vt 0.961180 0.397977
vt 0.678862 0.044457
vt 0.679499 0.046456
vt 0.845088 0.610910
vt 0.846501 0.609529
vt 0.079091 0.346952
vt 0.081962 0.348318
vt 0.081656 0.350416
vt 0.082830 0.346460
vt 0.084539 0.349734
vt 0.960170 0.404482
vt 0.676795 0.046715
vt 0.677365 0.046388
vt 0.677461 0.045425
vt 0.665169 0.057231
vt 0.844612 0.611829
vt 0.845549 0.611491
vt 0.077691 0.342108
vt 0.959828 0.401887
vt 0.960335 0.399947
vt 0.961139 0.398990
vt 0.957616 0.401251
vt 0.959524 0.398678
vt 0.958816 0.399692
vt 0.960937 0.397788
vt 0.672365 0.051051
vt 0.665910 0.057917
vt 0.665442 0.058109
vt 0.665242 0.058681
vt 0.664878 0.058658
vt 0.845219 0.611900
vt 0.845896 0.611908
vt 0.085566 0.350436
vt 0.084997 0.346890
vt 0.086024 0.346502
vt 0.960046 0.399980
vt 0.667851 0.058253
vt 0.665334 0.057582
vt 0.844235 0.613438
vt 0.844879 0.612340
vt 0.853039 0.609427
vt 0.959197 0.400235
vt 0.959202 0.401084
vt 0.678116 0.046306
vt 0.678998 0.046612
vt 0.675940 0.052107
vt 0.669679 0.058896
vt 0.663847 0.057737
vt 0.666053 0.059096
vt 0.666696 0.058737
vt 0.665526 0.059306
vt 0.844836 0.613579
vt 0.844541 0.614029
vt 0.845099 0.613245
vt 0.958924 0.402102
vt 0.677988 0.048599
vt 0.678308 0.047779
vt 0.677746 0.050363
vt 0.681061 0.049207
vt 0.675682 0.056864
vt 0.690890 0.056083
vt 0.686310 0.056417
vt 0.663808 0.061446
vt 0.665006 0.064574
vt 0.665322 0.060289
vt 0.844320 0.615652
vt 0.845397 0.613544
vt 0.845021 0.613600
vt 0.842882 0.614746
vt 0.077736 0.336449
vt 0.958068 0.401361
vt 0.678733 0.048742
vt 0.666884 0.059887
vt 0.665775 0.060324
vt 0.666559 0.061542
vt 0.665667 0.061746
vt 0.845092 0.614834
vt 0.845176 0.614040
vt 0.846208 0.614110
vt 0.845660 0.613877
vt 0.847986 0.615864
vt 0.081120 0.341014
vt 0.679355 0.048417
vt 0.679917 0.049207
vt 0.680527 0.050088
vt 0.666052 0.061435
vt 0.844909 0.615686
vt 0.845089 0.615246
vt 0.845701 0.614442
vt 0.845406 0.614956
vt 0.843896 0.617504
vt 0.957470 0.406282
vt 0.957998 0.404099
vt 0.957882 0.403508
vt 0.958404 0.401793
vt 0.683967 0.057266
vt 0.675266 0.065383
vt 0.667796 0.060732
vt 0.667962 0.061355
vt 0.667204 0.061416
vt 0.665925 0.063213
vt 0.845732 0.615248
vt 0.851898 0.613107
vt 0.955106 0.404688
vt 0.955547 0.401849
vt 0.957597 0.402601
vt 0.956825 0.402591
vt 0.680017 0.050685
vt 0.681623 0.053030
vt 0.666122 0.061951
vt 0.666130 0.062287
vt 0.667508 0.062366
vt 0.666866 0.063006
vt 0.665971 0.062828
vt 0.666179 0.062794
vt 0.844856 0.616394
vt 0.845408 0.615410
vt 0.678997 0.050135
vt 0.679738 0.050501
vt 0.682277 0.055793
vt 0.666300 0.062658
vt 0.666193 0.063126
vt 0.666471 0.063070
vt 0.844322 0.617741
vt 0.844681 0.617130
vt 0.845193 0.616347
vt 0.845456 0.616024
vt 0.955764 0.404215
vt 0.957808 0.403253
vt 0.957177 0.403434
vt 0.679099 0.051179
vt 0.679394 0.050860
vt 0.677778 0.054146
vt 0.666946 0.063691
vt 0.666042 0.065566
vt 0.666433 0.063413
vt 0.666216 0.063496
vt 0.666372 0.064252
vt 0.844618 0.618816
vt 0.844820 0.618019
vt 0.844830 0.617248
vt 0.845172 0.617710
vt 0.845247 0.617144
vt 0.845608 0.616918
vt 0.956890 0.404887
vt 0.957393 0.403551
vt 0.680353 0.051299
vt 0.680686 0.053948
vt 0.676473 0.056102
vt 0.668504 0.062449
vt 0.666674 0.064433
vt 0.666561 0.065630
vt 0.844180 0.620650
vt 0.076633 0.333445
vt 0.845682 0.617870
vt 0.082739 0.337220
vt 0.851185 0.619161
vt 0.855075 0.616199
vt 0.854783 0.611066
vt 0.680085 0.051426
vt 0.668455 0.064347
vt 0.667385 0.064941
vt 0.666699 0.065062
vt 0.666927 0.065642
vt 0.843426 0.620851
vt 0.844887 0.618854
vt 0.845232 0.618310
vt 0.084893 0.340821
vt 0.087024 0.345173
vt 0.087350 0.342691
vt 0.087849 0.345110
vt 0.955887 0.407442
vt 0.955311 0.407397
vt 0.956444 0.405503
vt 0.955469 0.405736
vt 0.679830 0.053967
vt 0.680351 0.052694
vt 0.668379 0.065373
vt 0.844387 0.620774
vt 0.844785 0.620755
vt 0.844836 0.619640
vt 0.844252 0.621313
vt 0.855044 0.611628
vt 0.855221 0.613909
vt 0.955176 0.406582
vt 0.954986 0.405581
vt 0.679358 0.055301
vt 0.678713 0.058779
vt 0.680736 0.055231
vt 0.681106 0.056515
vt 0.681593 0.057364
vt 0.669806 0.066830
vt 0.667814 0.065819
vt 0.667542 0.066806
vt 0.667177 0.067191
vt 0.667795 0.073370
vt 0.845192 0.619181
vt 0.843405 0.621833
vt 0.842589 0.625216
vt 0.847078 0.625002
vt 0.085806 0.339367
vt 0.086978 0.340951
vt 0.855635 0.612736
vt 0.680334 0.053630
vt 0.680037 0.055066
vt 0.679564 0.058436
vt 0.668637 0.066428
vt 0.667494 0.067384
vt 0.667716 0.069389
vt 0.667793 0.068112
vt 0.845057 0.619859
vt 0.843817 0.621875
vt 0.845576 0.621641
vt 0.088011 0.343797
vt 0.088570 0.343024
vt 0.088642 0.344003
vt 0.087997 0.342744
vt 0.855728 0.612181
vt 0.680413 0.055104
vt 0.668488 0.067494
vt 0.669410 0.067294
vt 0.667706 0.067292
vt 0.668355 0.072406
vt 0.844320 0.622079
vt 0.844729 0.621303
vt 0.855827 0.612610
vt 0.088968 0.343374
vt 0.687354 0.065499
vt 0.691491 0.069278
vt 0.663976 0.070695
vt 0.669000 0.068314
vt 0.668278 0.068445
vt 0.844859 0.622450
vt 0.844737 0.621964
vt 0.848697 0.620851
vt 0.087738 0.340541
vt 0.680666 0.057926
vt 0.680641 0.056388
vt 0.681217 0.058153
vt 0.682339 0.057988
vt 0.683160 0.059638
vt 0.678790 0.071121
vt 0.671044 0.069251
vt 0.669830 0.068586
vt 0.668793 0.070000
vt 0.668539 0.070141
vt 0.843298 0.623293
vt 0.843746 0.624221
vt 0.844508 0.622796
vt 0.086565 0.337643
vt 0.088839 0.342328
vt 0.088446 0.342255
vt 0.089107 0.343335
vt 0.088375 0.341849
vt 0.088772 0.340940
vt 0.844108 0.623393
vt 0.844303 0.622869
vt 0.844966 0.622835
vt 0.680542 0.060343
vt 0.682285 0.060246
vt 0.684694 0.064519
vt 0.669392 0.069602
vt 0.670044 0.070801
vt 0.668439 0.071790
vt 0.668679 0.071728
vt 0.669478 0.072494
vt 0.844345 0.623529
vt 0.844379 0.624410
vt 0.844670 0.624065
vt 0.844895 0.623675
vt 0.844694 0.623197
vt 0.845638 0.623750
vt 0.080644 0.326086
vt 0.087394 0.339019
vt 0.853589 0.619345
vt 0.088166 0.340814
vt 0.089345 0.340494
vt 0.681034 0.059965
vt 0.681662 0.060258
vt 0.680154 0.065335
vt 0.673034 0.071158
vt 0.669721 0.070659
vt 0.669574 0.071112
vt 0.668615 0.074074
vt 0.668896 0.072421
vt 0.844074 0.625171
vt 0.843216 0.625836
vt 0.843261 0.624388
vt 0.843727 0.626868
vt 0.844282 0.625522
vt 0.844686 0.624822
vt 0.088407 0.341147
vt 0.680975 0.063405
vt 0.668246 0.071871
vt 0.088894 0.338752
vt 0.089110 0.335685
vt 0.088129 0.339987
vt 0.681542 0.062397
vt 0.670816 0.072453
vt 0.667541 0.077757
vt 0.670110 0.071602
vt 0.668740 0.073301
vt 0.669134 0.073183
vt 0.844819 0.625391
vt 0.850327 0.632118
vt 0.851682 0.625573
vt 0.087766 0.337973
vt 0.088316 0.338941
vt 0.681328 0.061634
vt 0.679594 0.069958
vt 0.677060 0.072360
vt 0.670087 0.072393
vt 0.670136 0.073045
vt 0.669153 0.074158
vt 0.843353 0.627106
vt 0.843949 0.626588
vt 0.681036 0.061715
vt 0.682889 0.064831
vt 0.843051 0.627816
vt 0.844602 0.626930
vt 0.842738 0.629139
vt 0.078170 0.329785
vt 0.845320 0.627092
vt 0.852399 0.622876
vt 0.088892 0.336968
vt 0.087982 0.338954
vt 0.671756 0.073885
vt 0.671389 0.074420
vt 0.671590 0.076562
vt 0.669993 0.074634
vt 0.669239 0.076653
vt 0.669607 0.075323
vt 0.843451 0.628169
vt 0.844212 0.628062
vt 0.844730 0.628206
vt 0.088686 0.337865
vt 0.681319 0.063152
vt 0.681533 0.063931
vt 0.670185 0.075705
vt 0.668600 0.076804
vt 0.843668 0.628330
vt 0.083072 0.330537
vt 0.087049 0.334759
vt 0.087917 0.337046
vt 0.088124 0.335754
vt 0.669812 0.076394
vt 0.670758 0.076861
vt 0.844045 0.629520
vt 0.843376 0.630811
vt 0.843567 0.629966
vt 0.844601 0.628920
vt 0.680994 0.064500
vt 0.681628 0.064975
vt 0.682165 0.066879
vt 0.676596 0.077289
vt 0.669496 0.078343
vt 0.669295 0.077288
vt 0.670014 0.077125
vt 0.851299 0.631150
vt 0.086219 0.333679
vt 0.087875 0.336058
vt 0.087401 0.333865
vt 0.088566 0.335580
vt 0.681163 0.065194
vt 0.689988 0.077096
vt 0.672039 0.076024
vt 0.669547 0.077276
vt 0.669780 0.077897
vt 0.670627 0.077966
vt 0.670470 0.078583
vt 0.843432 0.631741
vt 0.680933 0.066212
vt 0.681401 0.065847
vt 0.681448 0.072005
vt 0.681466 0.068703
vt 0.670336 0.077402
vt 0.843689 0.630618
vt 0.844272 0.630159
vt 0.844585 0.629692
vt 0.079209 0.327528
vt 0.844808 0.630358
vt 0.846553 0.632879
vt 0.849487 0.634052
vt 0.087850 0.334846
vt 0.088615 0.334925
vt 0.089098 0.333938
vt 0.681726 0.066306
vt 0.681223 0.066577
vt 0.681439 0.067437
vt 0.683531 0.068852
vt 0.671878 0.078361
vt 0.671234 0.078859
vt 0.670381 0.079511
vt 0.843922 0.631494
vt 0.086114 0.331135
vt 0.087282 0.332032
vt 0.088072 0.333949
vt 0.681448 0.066495
vt 0.681798 0.066754
vt 0.682455 0.068184
vt 0.682754 0.069390
vt 0.682876 0.070663
vt 0.685400 0.072098
vt 0.673470 0.078715
vt 0.668568 0.079615
vt 0.666989 0.082099
vt 0.670175 0.080454
vt 0.842646 0.632007
vt 0.843366 0.632234
vt 0.844671 0.631742
vt 0.681584 0.068008
vt 0.681891 0.067825
vt 0.672045 0.079346
vt 0.670260 0.082815
vt 0.671229 0.079746
vt 0.671917 0.080102
vt 0.670937 0.080235
vt 0.670743 0.081160
vt 0.843792 0.632481
vt 0.844321 0.632971
vt 0.844851 0.633069
vt 0.082336 0.325357
vt 0.088310 0.331890
vt 0.089376 0.331984
vt 0.088471 0.332367
vt 0.087828 0.333607
vt 0.088058 0.332569
vt 0.087836 0.332250
vt 0.681893 0.070939
vt 0.681952 0.069703
vt 0.682091 0.068221
vt 0.682060 0.068589
vt 0.680747 0.074385
vt 0.672925 0.080218
vt 0.671566 0.081005
vt 0.844186 0.633466
vt 0.843372 0.633046
vt 0.087019 0.330467
vt 0.087243 0.330936
vt 0.672550 0.081633
vt 0.671144 0.082020
vt 0.843189 0.633925
vt 0.851635 0.629105
vt 0.088143 0.328202
vt 0.088249 0.329596
vt 0.682253 0.070076
vt 0.685297 0.076829
vt 0.683113 0.071337
vt 0.673534 0.082387
vt 0.671655 0.081428
vt 0.671756 0.082034
vt 0.080166 0.325798
vt 0.844007 0.633749
vt 0.844236 0.634656
vt 0.081407 0.324941
vt 0.087987 0.331996
vt 0.682211 0.071552
vt 0.682526 0.070826
vt 0.681951 0.073855
vt 0.683869 0.077312
vt 0.679835 0.078593
vt 0.675253 0.082429
vt 0.670543 0.085678
vt 0.672201 0.082933
vt 0.672482 0.082619
vt 0.672134 0.083687
vt 0.845107 0.634167
vt 0.846486 0.635423
vt 0.086562 0.328532
vt 0.085644 0.327746
vt 0.088067 0.330707
vt 0.087916 0.331316
vt 0.682526 0.071180
vt 0.682750 0.072515
vt 0.682889 0.075646
vt 0.672193 0.085328
vt 0.672881 0.083372
vt 0.080459 0.325531
vt 0.081185 0.324628
vt 0.843401 0.634118
vt 0.844273 0.635469
vt 0.844621 0.634479
vt 0.847548 0.635354
vt 0.083463 0.324940
vt 0.682271 0.072570
vt 0.681082 0.078259
vt 0.676550 0.080488
vt 0.686814 0.081478
vt 0.673138 0.084202
vt 0.087158 0.329384
vt 0.087918 0.329300
vt 0.087636 0.328613
vt 0.087935 0.328357
vt 0.087495 0.329929
vt 0.087784 0.330892
vt 0.087620 0.329325
vt 0.669106 0.086059
vt 0.675277 0.084551
vt 0.082295 0.324223
vt 0.081821 0.323987
vt 0.082341 0.324038
vt 0.845365 0.635939
vt 0.845604 0.635199
vt 0.082720 0.324490
vt 0.848179 0.634548
vt 0.682655 0.075327
vt 0.679376 0.084345
vt 0.674423 0.085242
vt 0.673134 0.084477
vt 0.673088 0.085035
vt 0.086417 0.327120
vt 0.851177 0.633067
vt 0.088349 0.327714
vt 0.087560 0.327039
vt 0.087191 0.326431
vt 0.086853 0.327797
vt 0.087165 0.328702
vt 0.087462 0.328909
vt 0.682270 0.075748
vt 0.682392 0.076495
vt 0.680689 0.083266
vt 0.675880 0.085527
vt 0.082264 0.323594
vt 0.846221 0.636090
vt 0.084594 0.324549
vt 0.848591 0.635703
vt 0.087563 0.327644
vt 0.682096 0.076890
vt 0.682693 0.076507
vt 0.684660 0.080681
vt 0.674873 0.087011
vt 0.673467 0.087830
vt 0.674633 0.085822
vt 0.674803 0.086435
vt 0.083333 0.323962
vt 0.083488 0.324084
vt 0.847548 0.636128
vt 0.850042 0.634469
vt 0.087383 0.327959
vt 0.086906 0.327481
vt 0.087276 0.327526
vt 0.087380 0.327351
vt 0.087187 0.327032
vt 0.087103 0.326511
vt 0.087353 0.328663
vt 0.683089 0.076688
vt 0.677510 0.085298
vt 0.082688 0.323655
vt 0.083143 0.323124
vt 0.083412 0.323717
vt 0.084209 0.323939
vt 0.084951 0.324597
vt 0.086499 0.326076
vt 0.086899 0.326669
vt 0.085705 0.325149
vt 0.086236 0.325760
vt 0.087095 0.327413
vt 0.682332 0.077308
vt 0.681705 0.078553
vt 0.682535 0.077082
vt 0.682809 0.078166
vt 0.683244 0.078402
vt 0.677040 0.085907
vt 0.676166 0.085994
vt 0.083974 0.323317
vt 0.086424 0.325403
vt 0.850647 0.634423
vt 0.682687 0.077243
vt 0.681838 0.080101
vt 0.681373 0.081633
vt 0.685396 0.084775
vt 0.684767 0.083610
vt 0.675942 0.086366
vt 0.083959 0.323663
vt 0.848786 0.636174
vt 0.848022 0.636509
vt 0.085185 0.324231
vt 0.849484 0.635563
vt 0.085540 0.324532
vt 0.850248 0.634869
vt 0.085982 0.324981
vt 0.682452 0.077844
vt 0.682425 0.078806
vt 0.681792 0.079420
vt 0.682629 0.079306
vt 0.682719 0.081078
vt 0.683695 0.082243
vt 0.678848 0.085646
vt 0.676862 0.086932
vt 0.084847 0.323809
vt 0.085027 0.323443
vt 0.085697 0.323970
vt 0.085311 0.323844
vt 0.086103 0.324774
vt 0.850479 0.634997
vt 0.682003 0.080377
vt 0.680729 0.083725
vt 0.676349 0.087426
vt 0.678472 0.086209
vt 0.677647 0.086262
vt 0.085605 0.324413
vt 0.086078 0.324925
vt 0.684003 0.085085
vt 0.853025 0.001118
vt 0.854282 0.001217
vt 0.853171 0.001729
vt 0.854908 0.001449
vt 0.854564 0.001755
vt 0.677992 0.086876
vt 0.854737 0.001049
vt 0.682096 0.081133
vt 0.681806 0.081261
vt 0.681341 0.082800
vt 0.682207 0.082018
vt 0.682677 0.082389
vt 0.683095 0.083690
vt 0.682973 0.084851
vt 0.683407 0.084266
vt 0.680294 0.084768
vt 0.682239 0.085450
vt 0.853556 0.002352
vt 0.854172 0.002077
vt 0.854454 0.002398
vt 0.854810 0.001855
vt 0.681710 0.082745
vt 0.681938 0.083385
vt 0.681505 0.083829
vt 0.682057 0.084829
vt 0.681236 0.084521
vt 0.680070 0.085697
vt 0.681885 0.085085
vt 0.680867 0.085985
vt 0.854939 0.002321
vt 0.682182 0.084078
vt 0.681742 0.084588
vt 0.681635 0.085032
vt 0.667233 0.044989
s 1
usemtl Material.001
f 3/1/1 1/2/2 2/3/3
f 3/1/1 16/4/4 1/2/2
f 3/5/1 2/3/3 6/6/5
f 3/5/1 6/6/5 4/7/6
f 3/5/1 15/8/7 16/4/4
f 3/9/1 5/10/8 15/11/7
f 3/9/1 4/12/6 5/10/8
f 4/7/6 6/6/5 9/13/9
f 9/13/9 6/6/5 13/14/10
f 9/15/9 14/16/11 7/17/12
f 2/3/3 11/18/13 6/6/5
f 2/3/3 8/19/14 11/18/13
f 6/6/5 11/18/13 13/14/10
f 11/18/13 8/19/14 10/20/15
f 13/14/10 11/18/13 12/21/16
f 13/14/10 14/22/11 9/23/9
f 11/18/13 10/20/15 12/21/16
f 12/21/16 14/22/11 13/14/10
f 5/10/8 4/12/6 17/24/17
f 5/10/8 17/24/17 15/11/7
f 1/2/2 8/19/14 2/3/3
f 1/2/2 18/25/18 19/26/19
f 1/2/2 16/4/4 18/25/18
f 1/2/2 19/26/19 8/19/14
f 4/12/6 9/27/9 7/17/12
f 4/12/6 20/28/20 17/24/17
f 7/17/12 20/28/20 4/12/6
f 7/17/12 21/29/21 20/28/20
f 7/17/12 14/16/11 21/29/21
f 8/19/14 22/30/22 10/20/15
f 8/19/14 19/26/19 22/30/22
f 12/21/16 24/31/23 23/32/24
f 12/21/16 23/32/24 14/22/11
f 10/20/15 24/31/23 12/21/16
f 10/20/15 22/30/22 34/33/25
f 10/20/15 34/33/25 24/31/23
f 24/31/23 36/34/26 37/35/27
f 24/31/23 37/35/27 23/32/24
f 23/36/24 25/37/28 14/16/11
f 23/36/24 26/38/29 25/37/28
f 28/39/30 15/11/7 27/40/31
f 28/41/30 16/4/4 15/8/7
f 28/41/30 29/42/32 16/4/4
f 28/39/30 31/43/33 29/44/32
f 27/40/31 15/11/7 17/24/17
f 27/40/31 30/45/34 31/43/33
f 27/40/31 31/43/33 28/39/30
f 17/24/17 30/45/34 27/40/31
f 17/24/17 20/28/20 30/45/34
f 18/25/18 16/4/4 29/42/32
f 18/25/18 29/42/32 47/46/35
f 18/25/18 47/46/35 19/26/19
f 14/16/11 41/47/36 21/29/21
f 22/30/22 19/26/19 49/48/37
f 22/30/22 49/48/37 33/49/38
f 22/30/22 33/49/38 32/50/39
f 22/30/22 32/50/39 34/33/25
f 25/37/28 41/47/36 14/16/11
f 24/31/23 34/33/25 36/34/26
f 37/35/27 26/51/29 23/32/24
f 30/45/34 38/52/40 31/43/33
f 20/28/20 38/52/40 30/45/34
f 20/28/20 39/53/41 38/52/40
f 19/26/19 47/46/35 40/54/42
f 19/26/19 40/54/42 49/48/37
f 25/37/28 35/55/43 41/47/36
f 34/33/25 32/50/39 36/34/26
f 36/34/26 32/50/39 51/56/44
f 36/34/26 42/57/45 37/35/27
f 36/34/26 58/58/46 42/57/45
f 37/35/27 43/59/47 26/51/29
f 37/35/27 42/57/45 43/59/47
f 26/38/29 35/55/43 25/37/28
f 26/38/29 43/60/47 35/55/43
f 43/59/47 42/57/45 44/61/48
f 43/59/47 44/61/48 53/62/49
f 31/43/33 46/63/50 29/44/32
f 46/64/50 47/46/35 29/42/32
f 46/65/50 48/66/51 67/67/52
f 46/64/50 56/68/53 47/46/35
f 46/64/50 67/69/52 56/68/53
f 21/29/21 72/70/54 20/28/20
f 21/29/21 41/47/36 72/70/54
f 32/50/39 33/49/38 51/56/44
f 51/56/44 58/58/46 36/34/26
f 35/55/43 72/70/54 41/47/36
f 43/60/47 54/71/55 35/55/43
f 42/57/45 58/58/46 52/72/56
f 42/57/45 52/72/56 44/61/48
f 53/73/49 54/71/55 43/60/47
f 46/63/50 55/74/57 48/66/51
f 31/43/33 55/74/57 46/63/50
f 31/43/33 45/75/58 55/74/57
f 38/52/40 45/76/58 31/43/33
f 38/52/40 39/53/41 45/76/58
f 47/46/35 50/77/59 40/54/42
f 47/46/35 56/68/53 50/77/59
f 72/70/54 39/53/41 20/28/20
f 49/48/37 57/78/60 33/49/38
f 51/56/44 59/79/61 58/58/46
f 58/58/46 59/79/61 60/80/62
f 58/58/46 60/80/62 52/72/56
f 52/72/56 60/80/62 44/61/48
f 53/81/49 65/82/63 54/83/55
f 44/61/48 60/80/62 64/84/64
f 44/61/48 63/85/65 53/62/49
f 45/75/58 61/86/66 55/74/57
f 45/76/58 39/53/41 61/86/66
f 49/48/37 139/87/67 106/88/68
f 49/48/37 106/88/68 57/78/60
f 60/80/62 59/79/61 64/84/64
f 64/84/64 63/89/65 44/61/48
f 63/85/65 64/84/64 73/90/69
f 63/85/65 65/91/63 53/62/49
f 63/85/65 73/90/69 66/92/70
f 63/85/65 66/92/70 65/91/63
f 61/86/66 68/93/71 69/94/72
f 39/53/41 68/93/71 61/86/66
f 39/53/41 62/95/73 68/93/71
f 72/70/54 62/95/73 39/53/41
f 40/54/42 139/87/67 49/48/37
f 35/96/43 71/97/74 72/98/54
f 35/96/43 81/99/75 71/97/74
f 59/79/61 73/90/69 64/84/64
f 54/83/55 81/99/75 35/96/43
f 54/83/55 74/100/76 81/99/75
f 65/82/63 74/100/76 54/83/55
f 73/90/69 75/101/77 66/92/70
f 66/92/70 75/101/77 82/102/78
f 48/66/51 76/103/79 77/104/80
f 48/66/51 77/104/80 67/67/52
f 55/74/57 76/103/79 48/66/51
f 55/74/57 61/86/66 76/103/79
f 56/68/53 67/69/52 50/77/59
f 50/77/59 70/105/81 40/54/42
f 72/98/54 71/97/74 62/106/73
f 73/90/69 80/107/82 75/101/77
f 66/92/70 86/108/83 65/91/63
f 61/86/66 69/94/72 76/103/79
f 77/104/80 78/109/84 67/67/52
f 50/77/59 67/69/52 84/110/85
f 50/77/59 84/110/85 70/105/81
f 33/49/38 57/78/60 79/111/86
f 33/49/38 79/111/86 51/56/44
f 51/56/44 94/112/87 59/79/61
f 51/56/44 79/111/86 94/112/87
f 59/79/61 80/107/82 73/90/69
f 59/79/61 94/112/87 80/107/82
f 75/101/77 80/107/82 82/102/78
f 82/102/78 86/108/83 66/92/70
f 86/113/83 74/114/76 65/115/63
f 86/113/83 83/116/88 74/114/76
f 76/103/79 69/94/72 77/104/80
f 67/67/52 88/117/89 84/118/85
f 71/97/74 85/119/90 62/106/73
f 81/99/75 95/120/91 71/97/74
f 82/102/78 80/107/82 86/108/83
f 86/108/83 90/121/92 83/122/88
f 77/104/80 87/123/93 78/109/84
f 78/109/84 88/117/89 67/67/52
f 69/94/72 87/124/93 77/104/80
f 69/94/72 92/125/94 87/124/93
f 68/93/71 105/126/95 69/94/72
f 80/107/82 90/121/92 86/108/83
f 74/114/76 83/116/88 89/127/96
f 74/114/76 89/127/96 81/128/75
f 89/127/96 96/129/97 91/130/98
f 78/109/84 87/123/93 88/117/89
f 69/94/72 105/126/95 92/125/94
f 84/110/85 93/131/99 70/105/81
f 84/118/85 88/117/89 100/132/100
f 84/118/85 100/132/100 93/133/99
f 81/128/75 89/127/96 95/134/91
f 80/107/82 96/135/97 90/121/92
f 90/121/92 96/135/97 83/122/88
f 83/116/88 96/129/97 89/127/96
f 87/123/93 92/125/94 97/136/101
f 87/123/93 97/136/101 88/117/89
f 40/54/42 70/105/81 139/87/67
f 98/137/102 68/138/71 62/106/73
f 62/106/73 85/119/90 98/137/102
f 80/107/82 94/112/87 108/139/103
f 80/107/82 108/139/103 96/135/97
f 89/127/96 91/130/98 95/134/91
f 96/129/97 99/140/104 91/130/98
f 88/117/89 97/136/101 100/132/100
f 92/125/94 101/141/105 97/136/101
f 100/132/100 102/142/106 93/133/99
f 105/126/95 101/141/105 92/125/94
f 105/126/95 103/143/107 101/141/105
f 71/97/74 120/144/108 85/119/90
f 91/130/98 99/140/104 95/134/91
f 99/140/104 96/129/97 107/145/109
f 100/132/100 97/136/101 102/142/106
f 97/136/101 104/146/110 102/142/106
f 97/136/101 101/141/105 104/146/110
f 96/129/97 108/147/103 107/145/109
f 102/142/106 104/146/110 93/133/99
f 93/133/99 104/146/110 111/148/111
f 93/133/99 111/148/111 114/149/112
f 93/131/99 116/150/113 70/105/81
f 95/120/91 120/144/108 71/97/74
f 99/140/104 109/151/114 95/134/91
f 107/145/109 113/152/115 99/140/104
f 108/147/103 110/153/116 107/145/109
f 107/145/109 110/153/116 113/152/115
f 104/146/110 103/143/107 111/154/111
f 101/141/105 103/143/107 104/146/110
f 108/147/103 119/155/117 110/153/116
f 99/140/104 112/156/118 109/151/114
f 111/154/111 103/143/107 115/157/119
f 111/154/111 115/157/119 114/149/112
f 114/149/112 116/158/113 93/133/99
f 114/149/112 127/159/120 116/158/113
f 70/105/81 116/150/113 128/160/121
f 70/105/81 128/160/121 139/87/67
f 68/138/71 117/161/122 105/162/95
f 79/111/86 132/163/123 94/112/87
f 94/112/87 118/164/124 108/139/103
f 108/147/103 118/165/124 119/155/117
f 95/134/91 109/151/114 120/166/108
f 110/153/116 121/167/125 113/152/115
f 110/153/116 119/155/117 121/167/125
f 113/152/115 112/156/118 99/140/104
f 113/152/115 121/167/125 112/156/118
f 121/167/125 119/155/117 122/168/126
f 114/149/112 115/157/119 127/159/120
f 103/143/107 123/169/127 115/157/119
f 105/126/95 123/169/127 103/143/107
f 106/88/68 139/87/67 144/170/128
f 112/156/118 121/167/125 124/171/129
f 112/156/118 124/171/129 109/151/114
f 121/167/125 122/168/126 125/172/130
f 121/167/125 125/172/130 124/171/129
f 115/157/119 126/173/131 127/159/120
f 115/157/119 123/169/127 126/173/131
f 127/174/120 137/175/132 116/150/113
f 116/150/113 137/175/132 128/160/121
f 85/119/90 145/176/133 98/137/102
f 94/112/87 132/163/123 129/177/134
f 94/112/87 129/177/134 118/164/124
f 122/168/126 119/155/117 130/178/135
f 122/168/126 130/178/135 131/179/136
f 109/151/114 133/180/137 120/166/108
f 125/172/130 122/168/126 134/181/138
f 125/172/130 134/181/138 124/171/129
f 124/171/129 134/181/138 109/151/114
f 122/168/126 131/179/136 134/181/138
f 128/160/121 152/182/139 140/183/140
f 128/160/121 140/183/140 139/87/67
f 106/184/68 159/185/141 57/186/60
f 106/184/68 144/187/128 159/185/141
f 68/138/71 98/137/102 117/161/122
f 118/165/124 130/178/135 119/155/117
f 109/151/114 135/188/142 133/180/137
f 133/180/137 154/189/143 120/166/108
f 134/181/138 135/188/142 109/151/114
f 134/181/138 131/179/136 135/188/142
f 126/173/131 136/190/144 127/159/120
f 123/169/127 136/191/144 126/173/131
f 127/174/120 136/192/144 137/175/132
f 128/160/121 137/175/132 152/182/139
f 105/126/95 138/193/145 123/169/127
f 105/126/95 174/194/146 138/193/145
f 139/195/67 140/196/140 141/197/147
f 139/195/67 141/197/147 144/198/128
f 131/179/136 130/178/135 146/199/148
f 131/179/136 146/199/148 135/188/142
f 135/188/142 149/200/149 133/180/137
f 135/188/142 146/199/148 147/201/150
f 137/175/132 151/202/151 152/182/139
f 137/175/132 142/203/152 151/202/151
f 136/192/144 142/203/152 137/175/132
f 123/169/127 142/204/152 136/205/144
f 123/169/127 143/206/153 142/204/152
f 123/207/127 138/208/145 143/209/153
f 120/144/108 145/176/133 85/119/90
f 120/210/108 154/211/143 145/212/133
f 130/178/135 118/165/124 146/199/148
f 146/199/148 148/213/154 147/201/150
f 146/214/148 118/215/124 148/216/154
f 147/201/150 149/200/149 135/188/142
f 147/217/150 148/218/154 149/219/149
f 149/219/149 150/220/155 133/221/137
f 151/222/151 140/196/140 152/223/139
f 151/222/151 143/209/153 140/196/140
f 142/224/152 143/209/153 151/222/151
f 105/225/95 117/226/122 174/227/146
f 148/216/154 118/215/124 153/228/156
f 133/221/137 150/220/155 154/211/143
f 138/208/145 155/229/157 143/209/153
f 141/197/147 166/230/158 163/231/159
f 141/197/147 163/231/159 144/198/128
f 154/211/143 157/232/160 145/212/133
f 118/215/124 129/233/134 153/228/156
f 149/219/149 148/218/154 150/220/155
f 150/220/155 148/218/154 165/234/161
f 148/218/154 161/235/162 165/234/161
f 140/196/140 143/209/153 158/236/163
f 140/196/140 166/230/158 141/197/147
f 154/211/143 160/237/164 157/232/160
f 150/220/155 160/237/164 154/211/143
f 150/220/155 165/234/161 160/237/164
f 158/236/163 166/230/158 140/196/140
f 132/238/123 200/239/165 129/233/134
f 129/233/134 161/240/162 153/228/156
f 153/241/156 161/235/162 148/218/154
f 160/237/164 162/242/166 157/232/160
f 165/234/161 162/242/166 160/237/164
f 143/209/153 155/229/157 158/236/163
f 166/230/158 172/243/167 168/244/168
f 166/230/158 168/244/168 163/231/159
f 138/208/145 164/245/169 155/229/157
f 138/208/145 174/227/146 164/245/169
f 163/231/159 167/246/170 144/198/128
f 98/247/102 156/248/171 117/226/122
f 145/212/133 156/248/171 98/247/102
f 145/212/133 179/249/172 156/248/171
f 165/234/161 170/250/173 162/242/166
f 158/236/163 164/245/169 166/230/158
f 155/229/157 164/245/169 158/236/163
f 163/231/159 168/244/168 183/251/174
f 163/231/159 183/251/174 167/246/170
f 79/252/86 169/253/175 132/238/123
f 162/242/166 176/254/176 157/232/160
f 165/234/161 171/255/177 170/250/173
f 170/250/173 176/254/176 162/242/166
f 166/230/158 164/245/169 172/243/167
f 164/245/169 173/256/178 172/243/167
f 164/245/169 174/227/146 173/257/178
f 132/238/123 185/258/179 200/239/165
f 145/212/133 180/259/180 190/260/181
f 145/212/133 190/260/181 179/249/172
f 129/233/134 186/261/182 161/240/162
f 129/233/134 200/239/165 186/261/182
f 157/232/160 180/259/180 145/212/133
f 161/235/162 186/262/182 175/263/183
f 161/235/162 171/255/177 165/234/161
f 161/235/162 175/263/183 171/255/177
f 170/250/173 171/255/177 187/264/184
f 170/250/173 187/264/184 176/254/176
f 172/243/167 177/265/185 168/244/168
f 172/243/167 173/256/178 177/265/185
f 167/246/170 183/251/174 178/266/186
f 167/246/170 188/267/187 144/198/128
f 144/187/128 188/268/187 159/185/141
f 57/186/60 159/185/141 169/253/175
f 57/186/60 169/253/175 79/252/86
f 156/248/171 192/269/188 117/226/122
f 176/254/176 187/264/184 181/270/189
f 176/254/176 181/270/189 157/232/160
f 177/265/185 183/251/174 168/244/168
f 173/256/178 182/271/190 177/265/185
f 183/251/174 191/272/191 195/273/192
f 183/251/174 195/273/192 178/266/186
f 174/227/146 184/274/193 182/271/190
f 174/227/146 182/271/190 173/257/178
f 185/258/179 132/238/123 252/275/194
f 157/232/160 181/270/189 180/259/180
f 171/255/177 175/263/183 202/276/195
f 171/255/177 202/276/195 187/264/184
f 183/251/174 177/265/185 191/272/191
f 178/266/186 188/267/187 167/246/170
f 184/274/193 189/277/196 182/271/190
f 159/185/141 235/278/197 169/253/175
f 180/259/180 181/270/189 193/279/198
f 180/259/180 193/279/198 190/260/181
f 177/265/185 182/271/190 191/272/191
f 182/271/190 199/280/199 191/272/191
f 182/271/190 189/277/196 199/280/199
f 117/226/122 255/281/200 174/227/146
f 117/226/122 192/269/188 255/281/200
f 132/238/123 169/253/175 252/275/194
f 175/263/183 186/262/182 226/282/201
f 175/263/183 226/282/201 202/276/195
f 193/279/198 194/283/202 190/260/181
f 187/264/184 202/276/195 207/284/203
f 187/264/184 193/279/198 181/270/189
f 195/273/192 196/285/204 178/266/186
f 188/267/187 197/286/205 198/287/206
f 188/268/187 212/288/207 159/185/141
f 188/268/187 198/289/206 212/288/207
f 207/284/203 193/279/198 187/264/184
f 191/272/191 199/280/199 195/273/192
f 195/273/192 199/280/199 196/285/204
f 178/266/186 203/290/208 209/291/209
f 178/266/186 197/286/205 188/267/187
f 178/266/186 209/291/209 197/286/205
f 174/227/146 255/281/200 184/274/193
f 192/269/188 256/292/210 255/281/200
f 193/279/198 201/293/211 194/283/202
f 207/284/203 201/293/211 193/279/198
f 196/285/204 203/290/208 178/266/186
f 199/280/199 203/294/208 196/285/204
f 199/280/199 189/277/196 203/294/208
f 184/274/193 204/295/212 189/277/196
f 184/274/193 255/281/200 222/296/213
f 184/274/193 222/296/213 204/295/212
f 159/185/141 205/297/214 235/278/197
f 200/298/165 243/299/215 186/300/182
f 202/276/195 206/301/216 207/284/203
f 207/284/203 206/301/216 201/293/211
f 203/294/208 208/302/217 209/303/209
f 189/277/196 208/302/217 203/294/208
f 189/277/196 204/295/212 208/302/217
f 197/286/205 209/291/209 210/304/218
f 197/286/205 220/305/219 198/287/206
f 209/291/209 208/302/217 210/304/218
f 198/287/206 220/305/219 211/306/220
f 198/287/206 211/306/220 212/307/207
f 212/288/207 205/297/214 159/185/141
f 212/288/207 228/308/221 205/297/214
f 194/283/202 224/309/222 190/260/181
f 194/283/202 238/310/223 224/309/222
f 206/301/216 213/311/224 201/293/211
f 206/301/216 202/276/195 217/312/225
f 206/301/216 217/312/225 213/311/224
f 201/293/211 213/311/224 194/283/202
f 204/295/212 214/313/226 208/302/217
f 214/313/226 210/304/218 208/302/217
f 214/313/226 222/296/213 215/314/227
f 214/313/226 216/315/228 210/304/218
f 214/313/226 215/314/227 216/315/228
f 204/295/212 222/296/213 214/313/226
f 156/248/171 237/316/229 192/269/188
f 202/276/195 226/282/201 229/317/230
f 202/276/195 229/317/230 217/312/225
f 217/312/225 218/318/231 213/311/224
f 213/311/224 218/318/231 238/310/223
f 213/311/224 238/310/223 194/283/202
f 218/318/231 219/319/232 238/310/223
f 210/304/218 220/305/219 197/286/205
f 210/304/218 216/315/228 220/305/219
f 220/305/219 225/320/233 211/306/220
f 211/306/220 221/321/234 212/307/207
f 212/307/207 221/321/234 228/322/221
f 255/281/200 223/323/235 222/296/213
f 190/260/181 224/309/222 179/249/172
f 186/300/182 244/324/236 226/325/201
f 217/312/225 229/317/230 219/319/232
f 217/312/225 219/319/232 218/318/231
f 220/305/219 216/315/228 225/320/233
f 205/326/214 228/322/221 240/327/237
f 205/326/214 240/327/237 241/328/238
f 192/269/188 237/316/229 256/292/210
f 216/315/228 227/329/239 225/320/233
f 216/315/228 215/314/227 227/329/239
f 225/320/233 221/321/234 211/306/220
f 225/320/233 227/329/239 221/321/234
f 228/322/221 221/321/234 232/330/240
f 229/317/230 239/331/241 219/319/232
f 219/319/232 239/331/241 230/332/242
f 219/319/232 230/332/242 238/310/223
f 238/310/223 230/332/242 231/333/243
f 227/329/239 232/330/240 221/321/234
f 227/329/239 233/334/244 232/330/240
f 215/314/227 233/334/244 227/329/239
f 215/314/227 223/323/235 233/334/244
f 222/296/213 223/323/235 215/314/227
f 232/330/240 234/335/245 228/322/221
f 205/326/214 241/328/238 235/336/197
f 235/336/197 236/337/246 169/338/175
f 156/248/171 179/249/172 237/316/229
f 186/300/182 243/299/215 244/324/236
f 224/309/222 237/316/229 179/249/172
f 228/322/221 234/335/245 240/327/237
f 240/327/237 249/339/247 241/328/238
f 241/328/238 242/340/248 235/336/197
f 238/310/223 263/341/249 224/309/222
f 238/310/223 231/333/243 263/341/249
f 226/282/201 244/342/236 229/317/230
f 229/317/230 258/343/250 239/331/241
f 230/332/242 246/344/251 231/333/243
f 233/334/244 247/345/252 232/330/240
f 234/335/245 232/330/240 247/345/252
f 240/327/237 234/335/245 249/339/247
f 223/323/235 248/346/253 233/334/244
f 223/323/235 250/347/254 248/346/253
f 223/323/235 251/348/255 250/347/254
f 235/336/197 254/349/256 265/350/257
f 235/336/197 265/350/257 236/337/246
f 252/351/194 169/338/175 236/337/246
f 263/341/249 237/316/229 224/309/222
f 244/342/236 258/343/250 229/317/230
f 239/331/241 245/352/258 230/332/242
f 248/346/253 250/347/254 233/334/244
f 249/339/247 234/335/245 241/328/238
f 241/328/238 253/353/259 242/340/248
f 242/340/248 253/353/259 254/349/256
f 242/340/248 254/349/256 235/336/197
f 185/354/179 257/355/260 200/298/165
f 200/298/165 257/355/260 243/299/215
f 258/343/250 259/356/261 239/331/241
f 258/343/250 272/357/262 259/356/261
f 245/352/258 259/356/261 246/344/251
f 245/352/258 246/344/251 230/332/242
f 239/331/241 259/356/261 245/352/258
f 247/345/252 233/334/244 260/358/263
f 247/345/252 260/358/263 234/335/245
f 233/334/244 261/359/264 260/358/263
f 234/335/245 253/353/259 241/328/238
f 234/335/245 260/358/263 253/353/259
f 250/347/254 261/359/264 233/334/244
f 255/281/200 251/348/255 223/323/235
f 256/292/210 278/360/265 255/281/200
f 236/337/246 269/361/266 252/351/194
f 236/337/246 276/362/267 262/363/268
f 236/337/246 262/363/268 269/361/266
f 252/364/194 257/355/260 185/354/179
f 260/358/263 261/359/264 264/365/269
f 254/349/256 253/353/259 265/350/257
f 265/350/257 276/362/267 236/337/246
f 252/364/194 266/366/270 257/355/260
f 237/316/229 270/367/271 279/368/272
f 259/356/261 271/369/273 246/344/251
f 246/344/251 263/341/249 231/333/243
f 246/344/251 280/370/274 263/341/249
f 246/344/251 271/369/273 280/370/274
f 260/358/263 264/365/269 253/353/259
f 253/353/259 264/365/269 268/371/275
f 253/353/259 267/372/276 265/350/257
f 253/353/259 268/371/275 267/372/276
f 263/341/249 270/367/271 237/316/229
f 263/341/249 280/370/274 270/367/271
f 272/357/262 271/369/273 259/356/261
f 261/359/264 283/373/277 264/365/269
f 261/359/264 273/374/278 283/373/277
f 261/359/264 275/375/279 273/374/278
f 250/347/254 275/375/279 261/359/264
f 265/350/257 267/376/276 274/377/280
f 265/350/257 274/377/280 276/362/267
f 251/348/255 275/375/279 250/347/254
f 262/363/268 276/362/267 288/378/281
f 262/363/268 277/379/282 269/361/266
f 237/316/229 279/368/272 256/292/210
f 270/380/271 297/381/283 279/382/272
f 243/299/215 310/383/284 244/324/236
f 271/369/273 272/357/262 281/384/285
f 271/369/273 281/385/285 280/370/274
f 264/365/269 283/373/277 268/371/275
f 267/372/276 268/371/275 282/386/286
f 268/371/275 283/373/277 282/386/286
f 267/376/276 282/386/286 274/377/280
f 274/377/280 282/386/286 284/387/287
f 274/377/280 284/387/287 276/362/267
f 276/362/267 284/387/287 288/378/281
f 243/299/215 335/388/288 310/383/284
f 243/299/215 257/355/260 335/388/288
f 258/343/250 285/389/289 272/357/262
f 272/357/262 290/390/290 281/384/285
f 272/357/262 285/389/289 290/390/290
f 280/370/274 286/391/291 291/392/292
f 280/370/274 291/392/292 270/367/271
f 281/385/285 286/391/291 280/370/274
f 281/385/285 290/390/290 306/393/293
f 281/385/285 306/393/293 286/391/291
f 282/386/286 287/394/294 284/387/287
f 282/386/286 283/373/277 287/394/294
f 283/373/277 273/374/278 287/394/294
f 251/348/255 289/395/295 275/375/279
f 288/378/281 277/379/282 262/363/268
f 286/391/291 306/393/293 291/392/292
f 273/374/278 294/396/296 292/397/297
f 273/374/278 292/397/297 287/394/294
f 284/387/287 287/394/294 288/378/281
f 287/394/294 292/397/297 293/398/298
f 275/375/279 294/396/296 273/374/278
f 275/375/279 308/399/299 294/396/296
f 288/378/281 287/394/294 295/400/300
f 288/378/281 295/400/300 277/379/282
f 277/379/282 295/400/300 300/401/301
f 277/379/282 300/401/301 269/361/266
f 255/281/200 278/360/265 251/348/255
f 269/361/266 300/401/301 309/402/302
f 256/292/210 279/368/272 278/360/265
f 310/383/284 296/403/303 244/324/236
f 244/342/236 296/404/303 258/343/250
f 291/392/292 297/405/283 270/367/271
f 306/393/293 298/406/304 291/392/292
f 285/389/289 299/407/305 290/390/290
f 287/394/294 293/398/298 295/400/300
f 295/400/300 293/398/298 300/401/301
f 300/401/301 293/398/298 303/408/306
f 252/351/194 269/361/266 266/409/270
f 266/366/270 301/410/307 257/355/260
f 297/381/283 302/411/308 279/382/272
f 297/381/283 298/412/304 302/411/308
f 291/392/292 298/406/304 297/405/283
f 293/398/298 292/397/297 303/413/306
f 300/414/301 303/415/306 304/416/309
f 300/414/301 305/417/310 320/418/311
f 269/419/266 309/420/302 327/421/312
f 269/419/266 327/421/312 266/366/270
f 302/411/308 322/422/313 279/382/272
f 302/411/308 312/423/314 322/422/313
f 296/404/303 285/389/289 258/343/250
f 299/407/305 306/393/293 290/390/290
f 299/424/305 323/425/315 306/426/293
f 303/413/306 308/399/299 307/427/316
f 303/413/306 307/427/316 304/428/309
f 292/397/297 294/396/296 308/399/299
f 292/397/297 308/399/299 303/413/306
f 304/416/309 305/417/310 300/414/301
f 304/416/309 307/429/316 305/417/310
f 289/395/295 308/399/299 275/375/279
f 251/348/255 331/430/317 289/395/295
f 300/414/301 320/418/311 309/420/302
f 310/383/284 311/431/318 296/403/303
f 285/432/289 323/425/315 299/424/305
f 285/432/289 296/433/303 313/434/319
f 285/432/289 313/434/319 323/425/315
f 306/426/293 314/435/320 298/412/304
f 306/426/293 323/425/315 324/436/321
f 306/426/293 324/436/321 314/435/320
f 298/412/304 314/435/320 312/423/314
f 298/412/304 312/423/314 302/411/308
f 314/435/320 315/437/322 312/423/314
f 314/435/320 316/438/323 315/437/322
f 308/399/299 317/439/324 318/440/325
f 308/399/299 318/440/325 307/427/316
f 308/399/299 289/395/295 317/439/324
f 305/417/310 319/441/326 325/442/327
f 305/417/310 321/443/328 342/444/329
f 305/417/310 342/444/329 320/418/311
f 322/422/313 345/445/330 279/382/272
f 323/425/315 340/446/331 324/436/321
f 324/436/321 316/438/323 314/435/320
f 307/429/316 319/441/326 305/417/310
f 307/429/316 318/447/325 325/442/327
f 307/429/316 325/442/327 319/441/326
f 278/360/265 331/430/317 251/348/255
f 266/366/270 327/421/312 328/448/332
f 266/366/270 328/448/332 301/410/307
f 257/355/260 301/410/307 334/449/333
f 257/355/260 334/449/333 335/388/288
f 311/431/318 337/450/334 296/403/303
f 296/433/303 337/451/334 313/434/319
f 313/434/319 346/452/335 323/425/315
f 313/434/319 329/453/336 346/452/335
f 313/434/319 337/451/334 329/453/336
f 325/442/327 321/443/328 305/417/310
f 325/442/327 318/447/325 341/454/337
f 325/442/327 341/454/337 321/443/328
f 289/395/295 330/455/338 317/439/324
f 331/430/317 330/455/338 289/395/295
f 320/418/311 326/456/339 309/420/302
f 320/418/311 348/457/340 326/456/339
f 309/420/302 326/456/339 327/421/312
f 278/458/265 332/459/341 331/460/317
f 278/458/265 333/461/342 332/459/341
f 301/410/307 328/448/332 334/449/333
f 279/382/272 345/445/330 278/462/265
f 334/449/333 355/463/343 335/388/288
f 312/423/314 336/464/344 322/422/313
f 315/437/322 338/465/345 312/423/314
f 315/437/322 316/438/323 338/465/345
f 316/438/323 374/466/346 338/465/345
f 316/438/323 339/467/347 374/466/346
f 324/436/321 340/446/331 339/467/347
f 324/436/321 339/467/347 316/438/323
f 318/447/325 317/468/324 341/454/337
f 321/443/328 377/469/348 342/444/329
f 342/444/329 348/457/340 320/418/311
f 328/448/332 365/470/349 343/471/350
f 328/448/332 343/471/350 334/449/333
f 335/388/288 355/463/343 344/472/351
f 322/422/313 336/464/344 358/473/352
f 322/422/313 358/473/352 345/445/330
f 323/425/315 346/452/335 340/446/331
f 341/454/337 377/469/348 321/443/328
f 341/454/337 347/474/353 377/469/348
f 317/468/324 330/475/338 341/454/337
f 341/454/337 330/475/338 347/474/353
f 326/456/339 349/476/354 327/421/312
f 327/421/312 349/476/354 328/448/332
f 328/448/332 354/477/355 365/470/349
f 334/449/333 357/478/356 355/463/343
f 334/449/333 343/471/350 357/478/356
f 335/388/288 344/472/351 311/431/318
f 335/388/288 311/431/318 310/383/284
f 338/465/345 336/464/344 312/423/314
f 338/465/345 361/479/357 336/464/344
f 338/465/345 374/466/346 361/479/357
f 329/453/336 352/480/358 346/452/335
f 340/446/331 346/452/335 351/481/359
f 340/446/331 351/481/359 339/467/347
f 346/452/335 352/480/358 351/481/359
f 330/475/338 331/460/317 332/459/341
f 330/475/338 353/482/360 347/474/353
f 342/444/329 377/469/348 348/457/340
f 332/459/341 353/482/360 330/475/338
f 326/456/339 348/457/340 349/476/354
f 349/476/354 348/457/340 354/477/355
f 349/476/354 354/477/355 328/448/332
f 278/458/265 350/483/361 333/461/342
f 344/472/351 383/484/362 368/485/363
f 344/472/351 368/485/363 369/486/364
f 344/472/351 369/486/364 311/431/318
f 336/464/344 372/487/365 358/473/352
f 337/451/334 360/488/366 329/453/336
f 337/450/334 359/489/367 360/490/366
f 361/479/357 372/487/365 336/464/344
f 361/479/357 374/466/346 362/491/368
f 361/479/357 362/491/368 372/487/365
f 347/474/353 353/482/360 377/469/348
f 348/457/340 377/469/348 363/492/369
f 348/457/340 363/492/369 354/477/355
f 353/482/360 332/459/341 364/493/370
f 354/477/355 363/492/369 365/470/349
f 365/470/349 366/494/371 343/471/350
f 343/471/350 366/494/371 380/495/372
f 343/471/350 380/495/372 356/496/373
f 343/471/350 356/496/373 357/478/356
f 355/463/343 383/484/362 344/472/351
f 355/463/343 367/497/374 383/484/362
f 345/445/330 350/498/361 278/462/265
f 345/445/330 370/499/375 350/498/361
f 345/445/330 358/473/352 370/499/375
f 311/431/318 371/500/376 387/501/377
f 311/431/318 387/501/377 337/450/334
f 337/450/334 387/501/377 359/489/367
f 360/488/366 352/480/358 329/453/336
f 360/488/366 373/502/378 352/480/358
f 339/467/347 375/503/379 374/466/346
f 351/481/359 375/503/379 339/467/347
f 374/466/346 376/504/380 362/491/368
f 351/505/359 404/506/381 405/507/382
f 353/482/360 364/493/370 497/508/383
f 353/482/360 497/508/383 377/469/348
f 363/492/369 366/494/371 365/470/349
f 363/492/369 378/509/384 366/494/371
f 363/492/369 377/469/348 378/509/384
f 377/469/348 379/510/385 378/509/384
f 377/469/348 497/508/383 379/510/385
f 378/509/384 379/510/385 498/511/386
f 366/494/371 378/509/384 380/495/372
f 356/496/373 381/512/387 357/478/356
f 357/478/356 367/497/374 355/463/343
f 357/478/356 382/513/388 367/497/374
f 383/484/362 424/514/389 368/485/363
f 368/485/363 422/515/390 369/486/364
f 370/499/375 384/516/391 457/517/392
f 370/499/375 457/517/392 350/498/361
f 369/486/364 425/518/393 371/500/376
f 369/486/364 371/500/376 311/431/318
f 358/473/352 372/487/365 385/519/394
f 359/489/367 386/520/395 360/490/366
f 359/489/367 387/501/377 388/521/396
f 359/489/367 388/521/396 386/520/395
f 360/490/366 386/520/395 373/522/378
f 362/491/368 389/523/397 372/487/365
f 373/522/378 386/520/395 390/524/398
f 373/522/378 390/524/398 397/525/399
f 392/526/400 432/527/401 395/528/402
f 392/526/400 429/529/403 432/527/401
f 392/526/400 393/530/404 429/529/403
f 392/526/400 430/531/405 394/532/406
f 393/530/404 396/533/407 397/534/399
f 373/535/378 397/534/399 398/536/408
f 373/502/378 398/537/408 352/480/358
f 352/538/358 398/536/408 404/506/381
f 352/480/358 404/539/381 351/481/359
f 392/526/400 396/533/407 393/530/404
f 392/526/400 399/540/409 396/533/407
f 396/533/407 399/540/409 400/541/410
f 396/533/407 398/536/408 397/534/399
f 351/481/359 405/542/382 375/503/379
f 375/503/379 376/504/380 374/466/346
f 375/503/379 405/542/382 440/543/411
f 375/503/379 440/543/411 376/504/380
f 392/526/400 407/544/412 399/540/409
f 400/541/410 399/540/409 401/545/413
f 400/541/410 401/545/413 402/546/414
f 400/541/410 398/536/408 396/533/407
f 405/507/382 404/506/381 439/547/415
f 394/532/406 435/548/416 407/544/412
f 394/532/406 407/544/412 392/526/400
f 399/540/409 407/544/412 411/549/417
f 399/540/409 406/550/418 401/545/413
f 399/540/409 411/549/417 406/550/418
f 401/545/413 403/551/419 402/546/414
f 401/545/413 410/552/420 403/551/419
f 435/548/416 408/553/421 407/544/412
f 406/550/418 411/549/417 409/554/422
f 406/550/418 409/554/422 413/555/423
f 406/550/418 413/555/423 415/556/424
f 406/550/418 410/552/420 401/545/413
f 406/550/418 415/556/424 410/552/420
f 407/544/412 412/557/425 411/549/417
f 407/544/412 417/558/426 412/557/425
f 409/554/422 411/549/417 418/559/427
f 409/554/422 418/559/427 414/560/428
f 409/554/422 414/560/428 413/555/423
f 411/549/417 412/557/425 418/559/427
f 413/555/423 414/560/428 415/556/424
f 412/557/425 452/561/429 418/559/427
f 332/459/341 333/461/342 364/493/370
f 380/495/372 378/509/384 381/512/387
f 380/495/372 381/512/387 356/496/373
f 378/509/384 498/511/386 381/512/387
f 357/478/356 381/512/387 382/513/388
f 367/497/374 421/562/430 420/563/431
f 367/497/374 420/563/431 383/484/362
f 424/514/389 422/515/390 368/485/363
f 422/515/390 425/518/393 369/486/364
f 422/515/390 506/564/432 426/565/433
f 422/515/390 426/565/433 425/518/393
f 370/499/375 385/519/394 460/566/434
f 425/518/393 459/567/435 371/500/376
f 371/500/376 459/567/435 427/568/436
f 371/500/376 427/568/436 387/501/377
f 358/473/352 385/519/394 370/499/375
f 372/487/365 389/523/397 428/569/437
f 372/487/365 428/569/437 385/519/394
f 386/520/395 388/521/396 432/570/401
f 386/520/395 432/570/401 429/571/403
f 386/520/395 429/571/403 390/524/398
f 430/531/405 395/528/402 466/572/438
f 430/531/405 466/572/438 431/573/439
f 395/528/402 432/527/401 463/574/440
f 395/528/402 430/531/405 392/526/400
f 395/528/402 463/574/440 466/572/438
f 429/529/403 393/530/404 390/575/398
f 390/575/398 393/530/404 397/534/399
f 391/576/441 389/523/397 362/491/368
f 391/576/441 433/577/442 389/523/397
f 391/576/441 470/578/443 433/577/442
f 362/491/368 376/504/380 391/576/441
f 431/573/439 438/579/444 430/531/405
f 430/531/405 438/579/444 394/532/406
f 398/536/408 400/541/410 404/506/381
f 437/580/445 438/579/444 434/581/446
f 437/580/445 435/548/416 438/579/444
f 437/580/445 408/553/421 435/548/416
f 437/580/445 434/581/446 467/582/447
f 438/579/444 435/548/416 394/532/406
f 400/541/410 402/546/414 404/506/381
f 404/506/381 402/546/414 439/547/415
f 439/547/415 440/583/411 405/507/382
f 439/547/415 443/584/448 440/583/411
f 437/580/445 441/585/449 408/553/421
f 437/580/445 471/586/450 441/585/449
f 402/546/414 403/551/419 439/547/415
f 439/547/415 403/551/419 442/587/451
f 440/583/411 443/584/448 473/588/452
f 403/551/419 410/552/420 442/587/451
f 442/587/451 443/584/448 439/547/415
f 441/585/449 471/586/450 445/589/453
f 410/552/420 447/590/454 442/587/451
f 408/553/421 441/585/449 417/558/426
f 408/553/421 417/558/426 407/544/412
f 410/552/420 415/556/424 416/591/455
f 410/552/420 448/592/456 447/590/454
f 441/585/449 446/593/457 417/558/426
f 416/591/455 448/592/456 410/552/420
f 416/591/455 475/594/458 448/592/456
f 417/558/426 452/561/429 412/557/425
f 417/558/426 449/595/459 452/561/429
f 416/591/455 450/596/460 475/594/458
f 415/556/424 450/596/460 416/591/455
f 415/556/424 414/560/428 451/597/461
f 415/556/424 451/597/461 450/596/460
f 418/559/427 452/561/429 453/598/462
f 418/559/427 453/598/462 454/599/463
f 418/559/427 454/599/463 414/560/428
f 414/560/428 488/600/464 451/597/461
f 414/560/428 455/601/465 488/600/464
f 364/493/370 419/602/466 497/508/383
f 381/512/387 498/511/386 456/603/467
f 381/512/387 456/603/467 382/513/388
f 382/513/388 456/603/467 421/562/430
f 382/513/388 421/562/430 367/497/374
f 383/484/362 420/563/431 423/604/468
f 383/484/362 423/604/468 424/514/389
f 384/516/391 458/605/469 457/517/392
f 384/516/391 553/606/470 458/605/469
f 370/499/375 460/566/434 384/516/391
f 422/515/390 503/607/471 506/564/432
f 425/518/393 426/565/433 459/567/435
f 459/567/435 426/565/433 465/608/472
f 385/519/394 461/609/473 460/566/434
f 427/568/436 462/610/474 387/501/377
f 427/568/436 459/567/435 462/610/474
f 387/501/377 462/610/474 388/521/396
f 385/519/394 428/569/437 461/609/473
f 466/572/438 463/574/440 462/611/474
f 462/610/474 463/612/440 388/521/396
f 388/521/396 463/612/440 432/570/401
f 466/572/438 464/613/475 431/573/439
f 466/572/438 459/614/435 465/615/472
f 466/616/438 462/610/474 459/567/435
f 466/572/438 508/617/476 464/613/475
f 464/613/475 468/618/477 438/579/444
f 464/613/475 438/579/444 431/573/439
f 464/613/475 510/619/478 468/618/477
f 467/582/447 436/620/479 437/580/445
f 467/582/447 512/621/480 436/620/479
f 434/581/446 468/618/477 469/622/481
f 468/618/477 434/581/446 438/579/444
f 376/504/380 470/578/443 391/576/441
f 376/623/380 472/624/482 470/625/443
f 436/620/479 471/586/450 437/580/445
f 440/583/411 472/624/482 376/623/380
f 445/589/453 446/593/457 441/585/449
f 445/589/453 471/586/450 565/626/483
f 445/589/453 520/627/484 446/593/457
f 473/588/452 472/624/482 440/583/411
f 473/588/452 523/628/485 472/624/482
f 443/584/448 522/629/486 473/588/452
f 473/588/452 522/629/486 523/628/485
f 447/590/454 444/630/487 442/587/451
f 447/590/454 474/631/488 444/630/487
f 448/592/456 474/631/488 447/590/454
f 448/592/456 475/632/458 474/631/488
f 446/593/457 449/595/459 417/558/426
f 475/594/458 478/633/489 476/634/490
f 446/593/457 477/635/491 449/595/459
f 446/593/457 520/627/484 477/635/491
f 450/596/460 478/633/489 475/594/458
f 451/597/461 485/636/492 479/637/493
f 451/597/461 478/633/489 450/596/460
f 451/597/461 537/638/494 478/633/489
f 479/637/493 537/638/494 451/597/461
f 480/639/495 487/640/496 481/641/497
f 480/639/495 482/642/498 487/640/496
f 480/639/495 483/643/499 482/642/498
f 449/595/459 477/635/491 484/644/500
f 449/595/459 484/644/500 452/561/429
f 451/597/461 488/600/464 485/636/492
f 487/640/496 486/645/501 481/641/497
f 481/641/497 486/645/501 490/646/502
f 452/561/429 484/644/500 453/598/462
f 454/599/463 455/601/465 414/560/428
f 488/600/464 541/647/503 485/636/492
f 486/645/501 487/640/496 489/648/504
f 486/645/501 489/648/504 491/649/505
f 486/645/501 491/649/505 490/646/502
f 455/601/465 493/650/506 488/600/464
f 455/601/465 495/651/507 583/652/508
f 455/601/465 583/652/508 493/650/506
f 454/599/463 453/598/462 495/651/507
f 454/599/463 495/651/507 455/601/465
f 379/510/385 496/653/509 498/511/386
f 379/510/385 497/508/383 496/653/509
f 419/602/466 499/654/510 497/508/383
f 419/602/466 547/655/511 499/654/510
f 456/603/467 498/511/386 549/656/512
f 456/603/467 500/657/513 421/562/430
f 421/562/430 500/657/513 420/563/431
f 350/483/361 552/658/514 333/461/342
f 420/563/431 500/657/513 501/659/515
f 420/563/431 501/659/515 423/604/468
f 457/517/392 502/660/516 350/498/361
f 423/604/468 503/607/471 424/514/389
f 423/604/468 501/659/515 503/607/471
f 503/607/471 551/661/517 504/662/518
f 503/607/471 504/662/518 505/663/519
f 424/514/389 503/607/471 422/515/390
f 426/565/433 506/564/432 465/664/472
f 461/609/473 507/665/520 460/566/434
f 465/615/472 508/617/476 466/572/438
f 469/622/481 467/582/447 434/581/446
f 469/622/481 468/618/477 510/619/478
f 469/622/481 561/666/521 467/582/447
f 469/622/481 509/667/522 561/666/521
f 510/619/478 509/667/522 469/622/481
f 467/582/447 561/666/521 512/621/480
f 512/621/480 471/586/450 436/620/479
f 433/577/442 515/668/523 513/669/524
f 512/621/480 511/670/525 564/671/526
f 512/621/480 564/671/526 471/586/450
f 470/578/443 515/668/523 433/577/442
f 470/625/443 516/672/527 515/673/523
f 471/586/450 564/671/526 565/626/483
f 472/624/482 516/672/527 470/625/443
f 472/624/482 517/674/528 516/672/527
f 472/624/482 523/628/485 524/675/529
f 472/624/482 524/675/529 517/674/528
f 565/626/483 520/627/484 445/589/453
f 565/676/483 519/677/530 594/678/531
f 565/676/483 594/678/531 520/679/484
f 524/675/529 518/680/532 517/674/528
f 524/675/529 525/681/533 518/680/532
f 444/630/487 527/682/534 521/683/535
f 522/629/486 528/684/536 523/628/485
f 523/628/485 529/685/537 530/686/538
f 523/628/485 530/686/538 524/675/529
f 524/675/529 530/686/538 525/681/533
f 474/631/488 527/682/534 444/630/487
f 474/631/488 531/687/539 527/682/534
f 474/631/488 532/688/540 531/687/539
f 526/689/541 518/680/532 525/681/533
f 526/689/541 525/681/533 533/690/542
f 475/632/458 532/688/540 474/631/488
f 475/632/458 535/691/543 532/688/540
f 476/634/490 535/691/543 475/632/458
f 476/634/490 536/692/544 535/691/543
f 534/693/545 533/690/542 570/694/546
f 534/693/545 572/695/547 577/696/548
f 478/633/489 536/692/544 476/634/490
f 478/633/489 576/697/549 536/692/544
f 537/638/494 576/697/549 478/633/489
f 537/638/494 539/698/550 576/697/549
f 537/638/494 479/637/493 538/699/551
f 537/638/494 538/699/551 482/642/498
f 482/642/498 538/699/551 487/640/496
f 482/642/498 539/698/550 537/638/494
f 482/642/498 483/643/499 539/698/550
f 479/637/493 485/636/492 538/699/551
f 538/699/551 485/636/492 489/648/504
f 538/699/551 489/648/504 487/640/496
f 484/644/500 477/635/491 597/700/552
f 485/636/492 541/647/503 489/648/504
f 490/646/502 491/649/505 494/701/553
f 484/644/500 492/702/554 453/598/462
f 484/644/500 582/703/555 540/704/556
f 484/644/500 540/704/556 492/702/554
f 484/644/500 598/705/557 582/703/555
f 489/648/504 541/647/503 542/706/558
f 489/648/504 542/706/558 491/649/505
f 491/649/505 542/706/558 543/707/559
f 491/649/505 543/707/559 494/701/553
f 494/708/553 543/709/559 544/710/560
f 453/598/462 492/702/554 495/651/507
f 488/600/464 493/650/506 541/647/503
f 496/653/509 545/711/561 498/511/386
f 496/653/509 499/654/510 545/711/561
f 498/511/386 545/711/561 546/712/562
f 497/508/383 499/654/510 496/653/509
f 364/493/370 547/655/511 419/602/466
f 498/511/386 546/712/562 549/656/512
f 545/711/561 548/713/563 546/712/562
f 549/656/512 500/657/513 456/603/467
f 333/461/342 547/655/511 364/493/370
f 500/657/513 550/714/564 501/659/515
f 501/659/515 550/714/564 551/661/517
f 501/659/515 551/661/517 503/607/471
f 502/660/516 552/715/514 350/498/361
f 457/517/392 458/605/469 502/660/516
f 503/607/471 505/663/519 506/564/432
f 460/566/434 507/665/520 553/606/470
f 460/566/434 553/606/470 384/516/391
f 506/564/432 508/716/476 465/664/472
f 506/564/432 505/663/519 554/717/565
f 506/718/432 554/719/565 508/617/476
f 507/665/520 555/720/566 553/606/470
f 507/665/520 556/721/567 555/720/566
f 554/719/565 464/613/475 508/617/476
f 554/719/565 558/722/568 464/613/475
f 507/665/520 557/723/569 556/721/567
f 510/619/478 464/613/475 558/722/568
f 510/619/478 559/724/570 509/667/522
f 510/619/478 560/725/571 559/724/570
f 561/666/521 511/670/525 512/621/480
f 561/726/521 562/727/572 511/728/525
f 561/726/521 509/729/522 562/727/572
f 511/728/525 563/730/573 564/731/526
f 513/669/524 514/732/574 433/577/442
f 515/668/523 566/733/575 513/669/524
f 564/731/526 591/734/576 565/676/483
f 564/731/526 563/730/573 591/734/576
f 515/673/523 568/735/577 566/736/575
f 565/676/483 591/734/576 519/677/530
f 516/672/527 517/674/528 567/737/578
f 516/672/527 568/735/577 515/673/523
f 517/674/528 518/680/532 567/737/578
f 567/737/578 568/735/577 516/672/527
f 522/629/486 521/683/535 528/684/536
f 520/679/484 594/678/531 569/738/579
f 520/627/484 569/739/579 477/635/491
f 521/683/535 527/682/534 528/684/536
f 528/684/536 527/682/534 531/687/539
f 528/684/536 531/687/539 529/685/537
f 528/684/536 529/685/537 523/628/485
f 525/681/533 530/686/538 533/690/542
f 531/687/539 532/688/540 529/685/537
f 529/685/537 532/688/540 535/691/543
f 529/685/537 535/691/543 530/686/538
f 530/686/538 535/691/543 571/740/580
f 530/686/538 571/740/580 570/694/546
f 530/686/538 570/694/546 533/690/542
f 535/691/543 574/741/581 571/740/580
f 570/694/546 571/740/580 572/695/547
f 570/694/546 572/695/547 534/693/545
f 477/635/491 569/739/579 573/742/582
f 477/635/491 573/742/582 597/700/552
f 536/692/544 574/741/581 535/691/543
f 576/697/549 574/741/581 536/692/544
f 576/697/549 575/743/583 574/741/581
f 576/697/549 578/744/584 575/743/583
f 572/695/547 575/743/583 577/696/548
f 539/698/550 578/744/584 576/697/549
f 539/698/550 579/745/585 578/744/584
f 539/698/550 483/643/499 579/745/585
f 541/647/503 493/650/506 542/706/558
f 597/700/552 598/705/557 484/644/500
f 542/706/558 493/650/506 580/746/586
f 542/706/558 580/746/586 543/707/559
f 543/709/559 580/747/586 581/748/587
f 540/704/556 625/749/588 492/702/554
f 492/702/554 625/749/588 495/651/507
f 499/654/510 584/750/589 545/711/561
f 547/655/511 584/750/589 499/654/510
f 546/712/562 585/751/590 549/656/512
f 546/712/562 548/713/563 585/751/590
f 549/656/512 550/714/564 500/657/513
f 549/656/512 585/751/590 550/714/564
f 333/461/342 587/752/591 586/753/592
f 333/461/342 586/753/592 547/655/511
f 550/714/564 602/754/593 551/661/517
f 550/714/564 585/751/590 602/754/593
f 552/658/514 587/752/591 333/461/342
f 552/658/514 604/755/594 587/752/591
f 551/661/517 602/754/593 635/756/595
f 551/661/517 635/756/595 504/662/518
f 504/662/518 636/757/596 505/663/519
f 504/662/518 635/756/595 636/757/596
f 458/605/469 607/758/597 502/660/516
f 505/663/519 636/757/596 611/759/598
f 505/663/519 611/759/598 554/717/565
f 458/605/469 553/606/470 607/758/597
f 554/719/565 611/760/598 613/761/599
f 554/719/565 613/761/599 558/722/568
f 555/720/566 556/721/567 557/723/569
f 558/722/568 613/761/599 560/725/571
f 558/722/568 560/725/571 510/619/478
f 509/729/522 590/762/600 589/763/601
f 591/734/576 616/764/602 519/677/530
f 591/734/576 592/765/603 616/764/602
f 519/677/530 616/764/602 593/766/604
f 519/677/530 593/766/604 594/678/531
f 569/738/579 594/678/531 620/767/605
f 569/738/579 620/767/605 595/768/606
f 569/738/579 595/768/606 573/769/582
f 571/740/580 574/741/581 572/695/547
f 572/695/547 574/741/581 575/743/583
f 575/743/583 578/744/584 577/696/548
f 577/696/548 578/744/584 579/745/585
f 573/769/582 595/768/606 621/770/607
f 573/769/582 621/770/607 596/771/608
f 573/769/582 596/771/608 597/772/552
f 597/772/552 596/771/608 598/773/557
f 598/773/557 596/771/608 599/774/609
f 598/773/557 599/774/609 600/775/610
f 598/705/557 600/776/610 582/703/555
f 493/650/506 583/652/508 580/746/586
f 495/651/507 627/777/611 583/652/508
f 545/711/561 601/778/612 632/779/613
f 545/711/561 632/779/613 548/713/563
f 584/750/589 601/778/612 545/711/561
f 584/750/589 629/780/614 601/778/612
f 547/655/511 586/753/592 584/750/589
f 585/751/590 603/781/615 602/754/593
f 552/715/514 502/660/516 604/782/594
f 502/660/516 607/758/597 604/782/594
f 604/782/594 607/758/597 605/783/616
f 607/758/597 608/784/617 606/785/618
f 553/606/470 608/784/617 607/758/597
f 553/606/470 609/786/619 608/784/617
f 553/606/470 610/787/620 609/786/619
f 559/724/570 639/788/621 509/667/522
f 559/724/570 612/789/622 639/788/621
f 559/724/570 560/725/571 613/761/599
f 559/724/570 613/761/599 612/789/622
f 555/720/566 588/790/623 553/606/470
f 555/720/566 614/791/624 588/790/623
f 509/729/522 642/792/625 562/727/572
f 509/729/522 589/763/601 615/793/626
f 509/729/522 615/793/626 642/792/625
f 562/727/572 563/730/573 511/728/525
f 562/727/572 642/792/625 563/730/573
f 616/764/602 617/794/627 593/766/604
f 617/794/627 618/795/628 593/766/604
f 617/794/627 648/796/629 618/795/628
f 593/766/604 619/797/630 594/678/531
f 593/766/604 618/795/628 619/797/630
f 619/797/630 620/767/605 594/678/531
f 595/768/606 620/767/605 652/798/631
f 595/768/606 652/798/631 654/799/632
f 595/768/606 654/799/632 621/770/607
f 596/771/608 621/770/607 599/774/609
f 600/775/610 658/800/633 623/801/634
f 600/775/610 623/801/634 622/802/635
f 582/703/555 600/776/610 624/803/636
f 582/703/555 624/803/636 540/704/556
f 540/804/556 624/805/636 659/806/637
f 540/804/556 626/807/638 625/808/588
f 540/804/556 659/806/637 626/807/638
f 625/749/588 627/777/611 495/651/507
f 625/808/588 690/809/639 627/810/611
f 583/811/508 627/812/611 662/813/640
f 583/811/508 662/813/640 580/747/586
f 580/747/586 663/814/641 581/748/587
f 580/747/586 662/813/640 663/814/641
f 627/812/611 690/815/639 628/816/642
f 584/750/589 586/753/592 629/780/614
f 585/751/590 548/713/563 603/781/615
f 586/753/592 630/817/643 629/780/614
f 602/754/593 633/818/644 635/756/595
f 586/753/592 587/752/591 631/819/645
f 603/781/615 633/818/644 602/754/593
f 603/781/615 632/820/613 633/818/644
f 631/819/645 630/817/643 586/753/592
f 633/818/644 634/821/646 635/756/595
f 604/755/594 631/819/645 587/752/591
f 604/755/594 605/822/616 631/819/645
f 636/823/596 638/824/647 611/760/598
f 636/825/596 635/756/595 637/826/648
f 636/827/596 637/828/648 638/829/647
f 639/830/621 640/831/649 590/762/600
f 638/824/647 639/788/621 612/789/622
f 638/824/647 612/789/622 611/760/598
f 638/829/647 637/828/648 640/831/649
f 638/829/647 640/831/649 639/830/621
f 611/760/598 612/789/622 613/761/599
f 639/830/621 590/762/600 509/729/522
f 588/790/623 610/787/620 553/606/470
f 563/730/573 642/792/625 643/832/650
f 563/730/573 643/832/650 591/734/576
f 592/765/603 644/833/651 616/764/602
f 616/764/602 645/834/652 617/794/627
f 616/764/602 644/833/651 645/834/652
f 645/834/652 646/835/653 617/794/627
f 645/834/652 673/836/654 646/835/653
f 646/835/653 648/796/629 617/794/627
f 646/835/653 647/837/655 649/838/656
f 646/835/653 649/838/656 648/796/629
f 648/796/629 649/838/656 675/839/657
f 618/795/628 648/796/629 619/797/630
f 648/796/629 650/840/658 619/797/630
f 648/796/629 675/839/657 651/841/659
f 648/796/629 651/841/659 650/840/658
f 619/797/630 650/840/658 620/767/605
f 620/767/605 650/840/658 652/798/631
f 650/840/658 651/841/659 653/842/660
f 652/798/631 655/843/661 654/799/632
f 650/840/658 653/842/660 656/844/662
f 650/840/658 656/844/662 652/798/631
f 654/799/632 657/845/663 686/846/664
f 621/770/607 654/799/632 686/846/664
f 621/770/607 686/846/664 599/774/609
f 599/774/609 686/846/664 658/800/633
f 599/774/609 658/800/633 600/775/610
f 600/776/610 622/847/635 624/803/636
f 622/848/635 659/806/637 624/805/636
f 626/807/638 660/849/665 625/808/588
f 626/807/638 661/850/666 660/849/665
f 625/808/588 660/849/665 690/809/639
f 628/816/642 662/813/640 627/812/611
f 548/713/563 632/820/613 603/781/615
f 632/779/613 601/778/612 665/851/667
f 632/820/613 666/852/668 633/818/644
f 632/820/613 665/851/667 666/852/668
f 630/817/643 631/819/645 667/853/669
f 633/818/644 666/852/668 691/854/670
f 633/818/644 691/854/670 634/821/646
f 631/819/645 668/855/671 667/853/669
f 605/822/616 668/855/671 631/819/645
f 605/822/616 669/856/672 668/855/671
f 635/756/595 634/821/646 637/826/648
f 634/821/646 691/854/670 692/857/673
f 634/821/646 671/858/674 637/826/648
f 634/821/646 692/857/673 671/858/674
f 607/758/597 669/859/672 605/783/616
f 607/758/597 606/785/618 669/859/672
f 640/831/649 671/860/674 670/861/675
f 637/828/648 671/860/674 640/831/649
f 590/762/600 670/861/675 589/763/601
f 640/831/649 670/861/675 590/762/600
f 610/787/620 672/862/676 609/786/619
f 615/793/626 699/863/677 731/864/678
f 615/793/626 731/864/678 642/792/625
f 615/793/626 589/763/601 699/863/677
f 642/792/625 731/864/678 643/832/650
f 591/734/576 643/832/650 592/765/603
f 644/833/651 673/836/654 645/834/652
f 673/836/654 647/837/655 646/835/653
f 673/836/654 674/865/679 647/837/655
f 647/837/655 675/839/657 649/838/656
f 647/837/655 674/865/679 676/866/680
f 676/866/680 675/839/657 647/837/655
f 676/866/680 677/867/681 675/839/657
f 675/839/657 678/868/682 651/841/659
f 675/839/657 706/869/683 679/870/684
f 675/839/657 679/870/684 678/868/682
f 651/841/659 678/868/682 680/871/685
f 651/841/659 680/871/685 653/842/660
f 653/842/660 681/872/686 656/844/662
f 653/842/660 680/871/685 681/872/686
f 681/872/686 680/871/685 682/873/687
f 656/844/662 655/843/661 652/798/631
f 656/844/662 683/874/688 655/843/661
f 681/872/686 683/874/688 656/844/662
f 681/872/686 682/873/687 683/874/688
f 655/843/661 657/845/663 654/799/632
f 655/843/661 684/875/689 657/845/663
f 683/874/688 682/873/687 684/875/689
f 683/874/688 684/875/689 655/843/661
f 657/845/663 687/876/690 686/846/664
f 686/846/664 688/877/691 658/800/633
f 660/849/665 661/850/666 717/878/692
f 660/849/665 689/879/693 690/809/639
f 660/849/665 717/878/692 689/879/693
f 629/780/614 630/817/643 601/778/612
f 630/817/643 664/880/694 601/778/612
f 630/817/643 667/853/669 664/880/694
f 665/851/667 693/881/695 666/852/668
f 601/778/612 693/881/695 665/851/667
f 664/880/694 693/881/695 601/778/612
f 667/853/669 694/882/696 664/880/694
f 668/855/671 694/882/696 667/853/669
f 668/855/671 669/856/672 694/882/696
f 669/856/672 695/883/697 694/882/696
f 669/859/672 696/884/698 695/885/697
f 691/854/670 666/852/668 697/886/699
f 691/854/670 697/886/699 692/857/673
f 692/857/673 726/887/700 671/858/674
f 692/857/673 697/886/699 726/887/700
f 608/784/617 698/888/701 606/785/618
f 699/863/677 728/889/702 731/864/678
f 589/763/601 700/890/703 699/863/677
f 670/861/675 756/891/704 589/763/601
f 609/786/619 701/892/705 608/784/617
f 672/862/676 702/893/706 609/786/619
f 643/832/650 731/864/678 760/894/707
f 643/832/650 760/894/707 592/765/603
f 592/765/603 703/895/708 644/833/651
f 592/765/603 760/894/707 703/895/708
f 644/833/651 734/896/709 673/836/654
f 644/833/651 703/895/708 734/896/709
f 673/836/654 734/896/709 704/897/710
f 673/836/654 704/897/710 674/865/679
f 674/865/679 677/867/681 676/866/680
f 674/865/679 704/897/710 705/898/711
f 705/898/711 677/867/681 674/865/679
f 705/898/711 706/869/683 677/867/681
f 677/867/681 706/869/683 675/839/657
f 678/868/682 679/870/684 707/899/712
f 678/868/682 707/899/712 738/900/713
f 678/868/682 738/900/713 680/871/685
f 680/871/685 738/900/713 708/901/714
f 680/871/685 708/901/714 682/873/687
f 682/873/687 708/901/714 709/902/715
f 682/873/687 709/902/715 710/903/716
f 682/873/687 710/903/716 684/875/689
f 684/875/689 710/903/716 711/904/717
f 684/875/689 711/904/717 657/845/663
f 687/876/690 685/905/718 686/846/664
f 687/876/690 712/906/719 685/905/718
f 657/845/663 711/904/717 712/906/719
f 657/845/663 712/906/719 687/876/690
f 688/877/691 713/907/720 744/908/721
f 686/846/664 713/907/720 688/877/691
f 685/905/718 713/907/720 686/846/664
f 685/905/718 745/909/722 713/907/720
f 688/910/691 714/911/723 658/800/633
f 688/910/691 744/908/721 714/911/723
f 658/800/633 714/911/723 746/912/724
f 658/800/633 746/912/724 623/801/634
f 623/801/634 746/912/724 749/913/725
f 623/801/634 749/913/725 622/802/635
f 622/848/635 715/914/726 659/806/637
f 622/848/635 749/915/725 716/916/727
f 622/848/635 716/916/727 715/914/726
f 659/806/637 661/850/666 626/807/638
f 715/914/726 661/850/666 659/806/637
f 715/914/726 814/917/728 661/850/666
f 715/914/726 716/916/727 860/918/729
f 715/914/726 860/918/729 814/917/728
f 689/879/693 774/919/730 690/809/639
f 690/809/639 774/919/730 628/920/642
f 662/813/640 628/816/642 663/814/641
f 663/814/641 628/816/642 719/921/731
f 663/814/641 719/921/731 718/922/732
f 666/852/668 720/923/733 697/886/699
f 666/852/668 721/924/734 720/923/733
f 693/881/695 721/924/734 666/852/668
f 693/881/695 722/925/735 721/924/734
f 664/880/694 722/925/735 693/881/695
f 664/880/694 753/926/736 722/925/735
f 694/882/696 753/926/736 664/880/694
f 694/882/696 695/883/697 753/926/736
f 697/886/699 723/927/737 726/887/700
f 697/886/699 720/923/733 723/927/737
f 721/924/734 724/928/738 720/923/733
f 721/924/734 725/929/739 724/928/738
f 606/785/618 696/884/698 669/859/672
f 606/785/618 698/888/701 696/884/698
f 671/860/674 756/891/704 670/861/675
f 726/930/700 756/891/704 671/860/674
f 699/863/677 700/890/703 727/931/740
f 699/863/677 727/931/740 829/932/741
f 699/863/677 829/932/741 728/889/702
f 701/892/705 698/888/701 608/784/617
f 701/892/705 729/933/742 698/888/701
f 701/892/705 730/934/743 729/933/742
f 702/893/706 701/892/705 609/786/619
f 702/893/706 732/935/744 701/892/705
f 734/896/709 735/936/745 704/897/710
f 704/897/710 706/869/683 705/898/711
f 735/936/745 706/869/683 704/897/710
f 735/936/745 736/937/746 706/869/683
f 706/869/683 736/937/746 765/938/747
f 706/869/683 765/938/747 737/939/748
f 706/869/683 737/939/748 679/870/684
f 737/939/748 707/899/712 679/870/684
f 738/900/713 737/939/748 739/940/749
f 707/899/712 737/939/748 738/900/713
f 738/900/713 741/941/750 708/901/714
f 738/900/713 740/942/751 741/941/750
f 741/941/750 709/902/715 708/901/714
f 741/941/750 767/943/752 709/902/715
f 709/902/715 742/944/753 710/903/716
f 709/902/715 767/943/752 743/945/754
f 709/902/715 743/945/754 742/944/753
f 710/903/716 742/944/753 711/904/717
f 742/944/753 743/945/754 768/946/755
f 711/904/717 742/944/753 712/906/719
f 712/906/719 745/909/722 685/905/718
f 712/906/719 742/944/753 769/947/756
f 712/906/719 769/947/756 745/909/722
f 713/907/720 771/948/757 744/908/721
f 713/907/720 745/909/722 771/948/757
f 714/911/723 747/949/758 746/912/724
f 661/850/666 814/917/728 795/950/759
f 661/850/666 795/950/759 717/878/692
f 718/922/732 797/951/760 750/952/761
f 717/878/692 773/953/762 689/879/693
f 722/925/735 725/929/739 721/924/734
f 722/925/735 752/954/763 725/929/739
f 722/925/735 753/926/736 752/954/763
f 753/955/736 755/956/764 754/957/765
f 695/885/697 755/956/764 753/955/736
f 756/958/704 726/887/700 723/927/737
f 720/923/733 724/928/738 757/959/766
f 720/923/733 757/959/766 723/927/737
f 756/891/704 700/890/703 589/763/601
f 698/888/701 729/933/742 696/884/698
f 701/892/705 759/960/767 730/934/743
f 732/935/744 759/960/767 701/892/705
f 733/961/768 758/962/769 759/963/767
f 733/964/768 759/965/767 732/935/744
f 734/896/709 703/895/708 805/966/770
f 734/896/709 805/966/770 761/967/771
f 734/896/709 761/967/771 762/968/772
f 762/968/772 735/936/745 734/896/709
f 762/968/772 736/937/746 735/936/745
f 762/968/772 761/967/771 786/969/773
f 762/968/772 786/969/773 736/937/746
f 736/937/746 786/969/773 763/970/774
f 736/937/746 763/970/774 765/938/747
f 765/938/747 764/971/775 737/939/748
f 739/940/749 740/942/751 738/900/713
f 739/940/749 766/972/776 740/942/751
f 739/940/749 764/971/775 766/972/776
f 737/939/748 764/971/775 739/940/749
f 740/942/751 767/943/752 741/941/750
f 740/942/751 766/972/776 767/943/752
f 743/945/754 767/943/752 789/973/777
f 743/945/754 789/973/777 810/974/778
f 743/945/754 810/974/778 768/946/755
f 742/944/753 768/946/755 769/947/756
f 771/948/757 745/909/722 770/975/779
f 745/909/722 769/947/756 770/975/779
f 744/908/721 747/949/758 714/911/723
f 744/908/721 792/976/780 747/977/758
f 744/908/721 771/948/757 792/976/780
f 746/912/724 747/949/758 748/978/781
f 746/912/724 748/978/781 749/913/725
f 747/949/758 772/979/782 748/978/781
f 717/878/692 795/950/759 815/980/783
f 717/878/692 815/980/783 773/953/762
f 719/921/731 797/951/760 718/922/732
f 719/921/731 775/981/784 817/982/785
f 719/921/731 817/982/785 797/951/760
f 628/816/642 774/983/730 775/981/784
f 757/984/766 777/985/786 723/986/737
f 757/987/766 724/988/738 778/989/787
f 757/984/766 778/990/787 777/985/786
f 753/955/736 754/957/765 779/991/788
f 695/885/697 825/992/789 755/956/764
f 695/885/697 780/993/790 825/992/789
f 777/985/786 700/890/703 756/891/704
f 777/985/786 756/891/704 723/986/737
f 777/985/786 727/931/740 700/890/703
f 777/985/786 818/994/791 727/931/740
f 753/955/736 779/991/788 752/995/763
f 696/884/698 780/993/790 695/885/697
f 696/884/698 729/933/742 780/993/790
f 728/889/702 829/932/741 781/996/792
f 729/933/742 782/997/793 783/998/794
f 731/864/678 728/889/702 784/999/795
f 731/864/678 784/999/795 760/894/707
f 730/934/743 759/960/767 758/1000/769
f 730/934/743 782/997/793 729/933/742
f 730/934/743 785/1001/796 782/997/793
f 758/1000/769 785/1001/796 730/934/743
f 760/894/707 833/1002/797 703/895/708
f 761/967/771 806/1003/798 786/969/773
f 763/970/774 788/1004/799 764/971/775
f 763/970/774 787/1005/800 788/1004/799
f 763/970/774 764/971/775 765/938/747
f 764/971/775 788/1004/799 766/972/776
f 766/972/776 836/1006/801 767/943/752
f 768/946/755 790/1007/802 769/947/756
f 768/946/755 810/974/778 790/1007/802
f 769/947/756 790/1007/802 770/975/779
f 770/975/779 790/1007/802 791/1008/803
f 770/975/779 791/1008/803 771/948/757
f 747/977/758 792/976/780 772/979/782
f 771/948/757 791/1008/803 792/976/780
f 748/978/781 793/1009/804 749/913/725
f 748/978/781 772/979/782 793/1009/804
f 689/879/693 842/1010/805 774/919/730
f 774/983/730 798/1011/806 775/981/784
f 628/816/642 775/981/784 719/921/731
f 725/1012/739 800/1013/807 820/1014/808
f 725/1012/739 799/1015/809 724/988/738
f 779/991/788 754/957/765 800/1013/807
f 752/995/763 800/1013/807 725/1012/739
f 779/991/788 800/1013/807 752/995/763
f 780/993/790 729/933/742 783/998/794
f 783/998/794 801/1016/810 780/993/790
f 783/998/794 803/1017/811 801/1016/810
f 728/889/702 781/996/792 784/999/795
f 782/997/793 803/1017/811 783/998/794
f 785/1018/796 802/1019/812 803/1020/811
f 785/1001/796 803/1021/811 782/997/793
f 703/895/708 833/1002/797 804/1022/813
f 703/895/708 804/1022/813 805/966/770
f 805/966/770 806/1003/798 761/967/771
f 806/1003/798 805/966/770 807/1023/814
f 807/1023/814 786/969/773 806/1003/798
f 807/1023/814 805/966/770 808/1024/815
f 807/1023/814 787/1005/800 786/969/773
f 807/1023/814 808/1024/815 787/1005/800
f 786/969/773 787/1005/800 763/970/774
f 766/972/776 835/1025/816 836/1006/801
f 767/943/752 809/1026/817 789/973/777
f 789/973/777 838/1027/818 810/974/778
f 790/1007/802 810/974/778 811/1028/819
f 790/1007/802 811/1028/819 791/1008/803
f 791/1008/803 812/1029/820 792/976/780
f 772/979/782 812/1029/820 813/1030/821
f 792/976/780 812/1029/820 772/979/782
f 749/913/725 793/1009/804 859/1031/822
f 749/915/725 859/1032/822 716/916/727
f 716/916/727 859/1032/822 857/1033/823
f 716/916/727 857/1033/823 860/918/729
f 773/953/762 815/980/783 816/1034/824
f 773/953/762 816/1034/824 842/1010/805
f 773/953/762 842/1010/805 689/879/693
f 775/981/784 798/1011/806 817/982/785
f 817/982/785 796/1035/825 797/951/760
f 778/990/787 819/1036/826 818/994/791
f 724/988/738 819/1037/826 778/989/787
f 820/1014/808 799/1015/809 725/1012/739
f 821/1038/827 800/1013/807 754/957/765
f 821/1038/827 823/1039/828 822/1040/829
f 821/1038/827 822/1040/829 800/1013/807
f 754/957/765 824/1041/830 821/1038/827
f 755/956/764 824/1041/830 754/957/765
f 825/992/789 824/1041/830 755/956/764
f 825/992/789 826/1042/831 824/1041/830
f 825/992/789 827/1043/832 826/1042/831
f 825/992/789 850/1044/833 827/1043/832
f 778/990/787 818/994/791 777/985/786
f 780/993/790 801/1016/810 825/992/789
f 727/931/740 828/1045/834 829/932/741
f 727/931/740 818/994/791 828/1045/834
f 801/1016/810 850/1044/833 825/992/789
f 801/1016/810 832/1046/835 850/1044/833
f 802/1019/812 830/1047/836 832/1048/835
f 802/1019/812 832/1048/835 803/1020/811
f 803/1017/811 832/1046/835 801/1016/810
f 760/894/707 784/999/795 833/1002/797
f 833/1002/797 871/1049/837 804/1022/813
f 833/1002/797 834/1050/838 871/1049/837
f 805/966/770 804/1022/813 808/1024/815
f 787/1005/800 875/1051/839 876/1052/840
f 787/1005/800 876/1052/840 788/1004/799
f 788/1004/799 835/1025/816 766/972/776
f 788/1004/799 876/1052/840 835/1025/816
f 836/1006/801 837/1053/841 767/943/752
f 789/973/777 809/1026/817 838/1027/818
f 810/974/778 838/1027/818 839/1054/842
f 810/974/778 839/1054/842 811/1028/819
f 811/1028/819 812/1029/820 791/1008/803
f 811/1028/819 839/1054/842 812/1029/820
f 813/1030/821 812/1029/820 840/1055/843
f 812/1029/820 839/1054/842 840/1055/843
f 814/917/728 860/918/729 841/1056/844
f 814/917/728 841/1056/844 795/950/759
f 795/950/759 863/1057/845 815/980/783
f 795/950/759 841/1056/844 863/1057/845
f 815/980/783 863/1057/845 816/1034/824
f 842/1010/805 864/1058/846 843/1059/847
f 842/1060/805 843/1061/847 798/1011/806
f 774/983/730 842/1060/805 798/1011/806
f 824/1041/830 823/1039/828 821/1038/827
f 824/1041/830 844/1062/848 823/1039/828
f 824/1041/830 826/1042/831 844/1062/848
f 826/1042/831 845/1063/849 844/1062/848
f 826/1042/831 846/1064/850 845/1063/849
f 820/1014/808 848/1065/851 847/1066/852
f 800/1013/807 822/1040/829 820/1014/808
f 850/1044/833 832/1046/835 830/1067/836
f 850/1044/833 849/1068/853 827/1043/832
f 850/1069/833 870/1070/854 849/1071/853
f 830/1047/836 870/1070/854 850/1069/833
f 784/999/795 831/1072/855 851/1073/856
f 784/999/795 851/1073/856 996/1074/857
f 784/999/795 996/1074/857 833/1002/797
f 833/1002/797 996/1074/857 834/1050/838
f 804/1022/813 871/1049/837 873/1075/858
f 804/1022/813 873/1075/858 872/1076/859
f 804/1022/813 872/1076/859 808/1024/815
f 808/1024/815 872/1076/859 875/1051/839
f 808/1024/815 875/1051/839 787/1005/800
f 835/1025/816 852/1077/860 836/1006/801
f 835/1025/816 904/1078/861 853/1079/862
f 835/1025/816 853/1079/862 852/1077/860
f 838/1027/818 880/1080/863 839/1054/842
f 839/1054/842 880/1080/863 854/1081/864
f 839/1054/842 854/1081/864 840/1055/843
f 840/1055/843 854/1081/864 855/1082/865
f 840/1055/843 855/1082/865 813/1030/821
f 793/1009/804 856/1083/866 858/1084/867
f 793/1009/804 858/1084/867 859/1031/822
f 772/979/782 881/1085/868 793/1009/804
f 813/1030/821 855/1082/865 881/1085/868
f 813/1030/821 881/1085/868 772/979/782
f 860/918/729 857/1033/823 861/1086/869
f 860/918/729 861/1086/869 862/1087/870
f 860/918/729 862/1087/870 841/1056/844
f 750/952/761 797/951/760 887/1088/871
f 750/952/761 887/1088/871 794/1089/872
f 842/1010/805 816/1034/824 864/1058/846
f 817/982/785 798/1011/806 914/1090/873
f 817/982/785 914/1090/873 796/1035/825
f 796/1091/825 914/1092/873 865/1093/874
f 796/1035/825 865/1094/874 797/951/760
f 823/1039/828 866/1095/875 891/1096/876
f 823/1039/828 867/1097/877 822/1040/829
f 823/1039/828 844/1062/848 866/1095/875
f 826/1042/831 902/1098/878 846/1064/850
f 828/1045/834 868/1099/879 829/932/741
f 818/994/791 869/1100/880 828/1045/834
f 847/1066/852 799/1015/809 820/1014/808
f 822/1040/829 867/1097/877 848/1065/851
f 822/1040/829 848/1065/851 820/1014/808
f 827/1043/832 902/1098/878 826/1042/831
f 827/1043/832 849/1068/853 902/1098/878
f 829/932/741 868/1099/879 831/1072/855
f 829/932/741 831/1072/855 781/996/792
f 781/996/792 831/1072/855 784/999/795
f 875/1051/839 872/1076/859 874/1101/881
f 835/1025/816 877/1102/882 904/1078/861
f 835/1025/816 876/1052/840 877/1102/882
f 852/1077/860 837/1053/841 836/1006/801
f 852/1077/860 853/1079/862 878/1103/883
f 852/1077/860 878/1103/883 837/1053/841
f 837/1053/841 809/1026/817 767/943/752
f 837/1053/841 879/1104/884 809/1026/817
f 837/1053/841 878/1103/883 879/1104/884
f 809/1026/817 880/1080/863 838/1027/818
f 809/1026/817 879/1104/884 937/1105/885
f 809/1026/817 937/1105/885 880/1080/863
f 854/1081/864 880/1080/863 906/1106/886
f 854/1081/864 906/1106/886 855/1082/865
f 881/1085/868 882/1107/887 856/1083/866
f 855/1082/865 906/1106/886 882/1107/887
f 855/1082/865 882/1107/887 881/1085/868
f 881/1085/868 856/1083/866 793/1009/804
f 794/1108/888 884/1109/889 883/1110/890
f 841/1056/844 885/1111/891 863/1057/845
f 816/1034/824 863/1057/845 886/1112/892
f 816/1034/824 886/1112/892 864/1058/846
f 797/951/760 865/1094/874 887/1088/871
f 798/1011/806 843/1061/847 914/1090/873
f 751/1113/893 888/1114/894 889/1115/895
f 866/1095/875 894/1116/896 892/1117/897
f 866/1095/875 917/1118/898 893/1119/899
f 866/1095/875 893/1119/899 896/1120/900
f 890/1121/901 866/1095/875 844/1062/848
f 890/1121/901 894/1116/896 866/1095/875
f 890/1122/901 844/1062/848 845/1063/849
f 890/1122/901 895/1123/902 894/1116/896
f 891/1096/876 897/1124/903 867/1097/877
f 891/1096/876 867/1097/877 823/1039/828
f 845/1063/849 846/1064/850 895/1123/902
f 845/1063/849 895/1123/902 890/1122/901
f 799/1015/809 819/1037/826 724/988/738
f 899/1125/904 867/1097/877 897/1124/903
f 899/1125/904 848/1065/851 867/1097/877
f 899/1125/904 897/1124/903 848/1065/851
f 818/994/791 819/1036/826 869/1100/880
f 848/1065/851 897/1124/903 925/1126/905
f 848/1065/851 925/1126/905 847/1066/852
f 902/1098/878 900/1127/906 846/1064/850
f 868/1099/879 901/1128/907 831/1072/855
f 849/1071/853 898/1129/908 902/1130/878
f 870/1070/854 898/1129/908 849/1071/853
f 834/1050/838 996/1074/857 903/1131/909
f 834/1050/838 903/1131/909 871/1049/837
f 872/1076/859 930/1132/910 874/1101/881
f 875/1051/839 874/1133/881 876/1052/840
f 874/1133/881 930/1132/910 931/1134/911
f 874/1133/881 931/1134/911 876/1052/840
f 876/1052/840 931/1134/911 932/1135/912
f 876/1052/840 932/1135/912 877/1102/882
f 877/1102/882 932/1135/912 934/1136/913
f 877/1102/882 934/1136/913 904/1078/861
f 879/1104/884 962/1137/914 905/1138/915
f 880/1080/863 937/1105/885 906/1106/886
f 906/1106/886 907/1139/916 882/1107/887
f 858/1084/867 939/1140/917 908/1141/918
f 856/1083/866 939/1140/917 858/1084/867
f 882/1107/887 907/1139/916 939/1140/917
f 882/1107/887 939/1140/917 856/1083/866
f 857/1033/823 909/1142/919 861/1086/869
f 884/1109/889 910/1143/920 883/1110/890
f 863/1057/845 885/1111/891 886/1112/892
f 864/1058/846 972/1144/921 843/1059/847
f 843/1059/847 972/1144/921 912/1145/922
f 914/1092/873 913/1146/923 865/1093/874
f 865/1093/874 913/1146/923 888/1147/894
f 888/1147/894 913/1146/923 889/1148/895
f 913/1146/923 914/1092/873 943/1149/924
f 913/1146/923 943/1149/924 889/1148/895
f 889/1148/895 943/1149/924 915/1150/925
f 892/1117/897 917/1118/898 866/1095/875
f 896/1120/900 983/1151/926 891/1096/876
f 896/1120/900 891/1096/876 866/1095/875
f 892/1152/897 895/1123/902 918/1153/927
f 892/1152/897 918/1153/927 917/1118/898
f 983/1151/926 897/1124/903 891/1096/876
f 894/1116/896 895/1123/902 892/1152/897
f 897/1124/903 983/1151/926 920/1154/928
f 897/1124/903 920/1154/928 925/1126/905
f 869/1100/880 921/1155/929 828/1045/834
f 869/1100/880 949/1156/930 921/1155/929
f 819/1036/826 949/1156/930 869/1100/880
f 819/1036/826 923/1157/931 949/1156/930
f 799/1158/809 923/1157/931 819/1036/826
f 799/1015/809 922/1159/932 923/1160/931
f 799/1015/809 924/1161/933 922/1159/932
f 847/1066/852 924/1161/933 799/1015/809
f 847/1066/852 925/1126/905 924/1161/933
f 828/1045/834 926/1162/934 868/1099/879
f 828/1045/834 921/1155/929 926/1162/934
f 831/1072/855 953/1163/935 851/1073/856
f 901/1128/907 927/1164/936 831/1072/855
f 868/1099/879 926/1162/934 901/1128/907
f 926/1162/934 928/1165/937 929/1166/938
f 851/1073/856 953/1163/935 996/1074/857
f 871/1049/837 903/1131/909 873/1075/858
f 873/1075/858 930/1132/910 872/1076/859
f 873/1075/858 903/1131/909 955/1167/939
f 873/1075/858 955/1167/939 930/1132/910
f 930/1132/910 956/1168/940 931/1134/911
f 934/1136/913 932/1135/912 933/1169/941
f 853/1079/862 935/1170/942 959/1171/943
f 853/1079/862 959/1171/943 965/1172/944
f 853/1079/862 965/1172/944 878/1103/883
f 904/1078/861 934/1136/913 935/1170/942
f 904/1078/861 935/1170/942 853/1079/862
f 878/1103/883 962/1137/914 879/1104/884
f 878/1103/883 965/1172/944 962/1137/914
f 879/1104/884 905/1138/915 936/1173/945
f 879/1104/884 936/1173/945 937/1105/885
f 906/1106/886 937/1105/885 938/1174/946
f 906/1106/886 938/1174/946 907/1139/916
f 907/1139/916 938/1174/946 939/1140/917
f 858/1084/867 908/1141/918 859/1031/822
f 859/1031/822 908/1141/918 940/1175/947
f 859/1032/822 909/1142/919 857/1033/823
f 859/1031/822 940/1175/947 1016/1176/948
f 859/1032/822 1016/1177/948 909/1142/919
f 910/1143/949 977/1178/950 1021/1179/951
f 941/1180/952 864/1058/846 886/1112/892
f 941/1180/952 971/1181/953 864/1058/846
f 941/1180/952 1023/1182/954 971/1181/953
f 843/1183/847 912/1184/922 914/1092/873
f 914/1092/873 912/1184/922 943/1149/924
f 943/1149/924 916/1185/955 915/1150/925
f 917/1118/898 944/1186/956 893/1119/899
f 983/1151/926 945/1187/957 920/1154/928
f 983/1151/926 1034/1188/958 945/1187/957
f 895/1123/902 919/1189/959 918/1153/927
f 846/1064/850 919/1189/959 895/1123/902
f 846/1064/850 948/1190/960 919/1189/959
f 920/1154/928 924/1161/933 925/1126/905
f 920/1154/928 945/1187/957 947/1191/961
f 920/1154/928 947/1191/961 924/1161/933
f 923/1157/931 946/1192/962 949/1156/930
f 923/1157/931 989/1193/963 946/1192/962
f 923/1157/931 947/1194/961 989/1193/963
f 922/1159/932 947/1191/961 923/1160/931
f 924/1161/933 947/1191/961 922/1159/932
f 921/1155/929 928/1165/937 926/1162/934
f 921/1155/929 946/1192/962 928/1165/937
f 949/1195/930 946/1192/962 921/1155/929
f 900/1127/906 948/1190/960 846/1064/850
f 900/1127/906 950/1196/964 948/1190/960
f 927/1164/936 951/1197/965 952/1198/966
f 927/1164/936 953/1163/935 831/1072/855
f 927/1164/936 952/1198/966 953/1163/935
f 901/1128/907 951/1197/965 927/1164/936
f 926/1162/934 951/1197/965 901/1128/907
f 926/1162/934 929/1166/938 951/1197/965
f 951/1197/965 929/1166/938 993/1199/967
f 951/1197/965 993/1199/967 952/1198/966
f 903/1131/909 996/1074/857 954/1200/968
f 903/1131/909 954/1200/968 955/1167/939
f 930/1132/910 957/1201/969 956/1168/940
f 930/1132/910 955/1167/939 1002/1202/970
f 930/1132/910 1002/1202/970 957/1201/969
f 931/1134/911 956/1168/940 933/1169/941
f 956/1168/940 957/1201/969 1003/1203/971
f 956/1168/940 1003/1203/971 933/1169/941
f 933/1169/941 932/1135/912 931/1134/911
f 933/1169/941 958/1204/972 934/1136/913
f 934/1136/913 958/1204/972 935/1170/942
f 935/1170/942 958/1204/972 960/1205/973
f 935/1170/942 960/1205/973 959/1171/943
f 959/1171/943 961/1206/974 965/1172/944
f 959/1171/943 960/1205/973 961/1206/974
f 962/1137/914 963/1207/975 905/1138/915
f 965/1172/944 1009/1208/976 962/1137/914
f 961/1206/974 960/1205/973 964/1209/977
f 961/1206/974 964/1209/977 965/1172/944
f 905/1138/915 963/1207/975 936/1173/945
f 936/1173/945 963/1207/975 966/1210/978
f 936/1173/945 966/1210/978 937/1105/885
f 937/1105/885 966/1210/978 967/1211/979
f 937/1105/885 967/1211/979 938/1174/946
f 968/1212/980 939/1140/917 938/1174/946
f 968/1212/980 908/1141/918 939/1140/917
f 968/1212/980 967/1211/979 969/1213/981
f 938/1174/946 967/1211/979 968/1212/980
f 969/1213/981 908/1141/918 968/1212/980
f 908/1141/918 969/1213/981 940/1175/947
f 909/1142/919 970/1214/982 861/1086/869
f 861/1086/869 911/1215/983 862/1087/870
f 861/1086/869 1018/1216/984 911/1215/983
f 841/1056/844 862/1087/870 885/1111/891
f 971/1181/953 972/1144/921 864/1058/846
f 972/1144/921 971/1181/953 973/1217/985
f 972/1144/921 973/1217/985 974/1218/986
f 975/1219/987 976/1220/988 977/1178/950
f 975/1219/987 977/1178/950 942/1221/989
f 942/1221/989 916/1222/955 975/1219/987
f 942/1221/989 977/1178/950 910/1143/949
f 942/1221/989 979/1223/990 916/1222/955
f 972/1144/921 974/1218/986 912/1145/922
f 912/1145/922 974/1218/986 978/1224/991
f 912/1145/922 978/1224/991 1029/1225/992
f 912/1184/922 1029/1226/992 943/1149/924
f 943/1149/924 1029/1226/992 976/1220/988
f 943/1149/924 976/1220/988 975/1227/987
f 975/1227/987 916/1185/955 943/1149/924
f 893/1119/899 1067/1228/993 1069/1229/994
f 893/1119/899 980/1230/995 896/1120/900
f 893/1119/899 1069/1229/994 980/1230/995
f 944/1186/956 982/1231/996 981/1232/997
f 896/1120/900 980/1230/995 983/1151/926
f 917/1118/898 918/1153/927 982/1231/996
f 917/1118/898 982/1231/996 944/1186/956
f 918/1153/927 984/1233/998 982/1231/996
f 919/1189/959 984/1233/998 918/1153/927
f 919/1189/959 986/1234/999 984/1233/998
f 985/1235/1000 989/1236/963 945/1187/957
f 985/1235/1000 945/1187/957 1035/1237/1001
f 985/1238/1000 1035/1239/1001 989/1193/963
f 945/1187/957 989/1236/963 947/1191/961
f 948/1190/960 987/1240/1002 986/1234/999
f 948/1190/960 986/1234/999 919/1189/959
f 946/1192/962 989/1193/963 988/1241/1003
f 928/1165/937 990/1242/1004 929/1166/938
f 928/1165/937 991/1243/1005 990/1242/1004
f 946/1192/962 991/1243/1005 928/1165/937
f 946/1192/962 988/1241/1003 991/1243/1005
f 948/1190/960 992/1244/1006 987/1240/1002
f 929/1166/938 990/1242/1004 993/1199/967
f 990/1242/1004 994/1245/1007 1039/1246/1008
f 990/1242/1004 1039/1246/1008 993/1199/967
f 950/1196/964 992/1244/1006 948/1190/960
f 950/1196/964 999/1247/1009 992/1244/1006
f 953/1163/935 995/1248/1010 996/1074/857
f 993/1199/967 997/1249/1011 952/1198/966
f 993/1199/967 998/1250/1012 997/1249/1011
f 996/1074/857 1000/1251/1013 954/1200/968
f 954/1200/968 1000/1251/1013 955/1167/939
f 955/1167/939 1000/1251/1013 1001/1252/1014
f 955/1167/939 1001/1252/1014 1002/1202/970
f 957/1201/969 1002/1202/970 1004/1253/1015
f 957/1201/969 1004/1253/1015 1003/1203/971
f 1003/1203/971 958/1204/972 933/1169/941
f 1003/1203/971 1004/1253/1015 1005/1254/1016
f 1003/1203/971 1006/1255/1017 958/1204/972
f 1003/1203/971 1005/1254/1016 1006/1255/1017
f 958/1204/972 1006/1255/1017 960/1205/973
f 1006/1255/1017 1047/1256/1018 1007/1257/1019
f 1006/1255/1017 1008/1258/1020 960/1205/973
f 960/1205/973 1008/1258/1020 964/1209/977
f 964/1209/977 1009/1208/976 965/1172/944
f 964/1209/977 1008/1258/1020 1010/1259/1021
f 964/1209/977 1010/1259/1021 1009/1208/976
f 1009/1208/976 1011/1260/1022 962/1137/914
f 1009/1208/976 1010/1259/1021 1011/1260/1022
f 962/1137/914 1011/1260/1022 1012/1261/1023
f 962/1137/914 1012/1261/1023 963/1207/975
f 1011/1260/1022 1010/1259/1021 1012/1261/1023
f 963/1207/975 1012/1261/1023 1013/1262/1024
f 963/1207/975 1013/1262/1024 966/1210/978
f 1015/1263/1025 1014/1264/1026 966/1210/978
f 966/1210/978 1014/1264/1026 967/1211/979
f 966/1210/978 1013/1262/1024 1015/1263/1025
f 1014/1264/1026 969/1213/981 967/1211/979
f 969/1213/981 1014/1264/1026 940/1175/947
f 940/1175/947 1017/1265/1027 1016/1176/948
f 1016/1177/948 970/1214/982 909/1142/919
f 970/1214/982 1018/1216/984 861/1086/869
f 970/1214/982 1050/1266/1028 1018/1216/984
f 885/1111/891 862/1087/870 911/1215/983
f 1021/1267/951 1024/1268/1029 1020/1269/1030
f 885/1111/891 1054/1270/1031 886/1112/892
f 885/1111/891 1088/1271/1032 1089/1272/1033
f 885/1111/891 1089/1272/1033 1054/1270/1031
f 886/1112/892 1054/1270/1031 941/1180/952
f 941/1180/952 1054/1270/1031 1022/1273/1034
f 941/1180/952 1022/1273/1034 1023/1182/954
f 1023/1182/954 1022/1273/1034 1057/1274/1035
f 977/1275/950 1024/1268/1029 1021/1267/951
f 1023/1182/954 1057/1274/1035 971/1181/953
f 971/1181/953 1025/1276/1036 973/1217/985
f 971/1181/953 1057/1274/1035 1025/1276/1036
f 974/1218/986 973/1217/985 978/1224/991
f 978/1224/991 973/1217/985 1026/1277/1037
f 978/1224/991 1026/1277/1037 1027/1278/1038
f 978/1224/991 1027/1278/1038 1028/1279/1039
f 978/1224/991 1028/1279/1039 1029/1225/992
f 1029/1226/992 1030/1280/1040 976/1220/988
f 1029/1281/992 1063/1282/1041 1030/1283/1040
f 976/1220/988 1030/1280/1040 977/1178/950
f 977/1178/950 1030/1280/1040 1024/1284/1029
f 1025/1276/1036 1058/1285/1042 1031/1286/1043
f 1025/1276/1036 1031/1286/1043 973/1217/985
f 944/1186/956 1067/1228/993 893/1119/899
f 944/1186/956 1032/1287/1044 1067/1228/993
f 944/1186/956 1072/1288/1045 1032/1287/1044
f 944/1186/956 1033/1289/1046 1072/1288/1045
f 981/1232/997 1033/1289/1046 944/1186/956
f 981/1232/997 982/1231/996 1033/1289/1046
f 983/1290/926 980/1291/995 1034/1292/958
f 1034/1188/958 1037/1293/1047 1035/1237/1001
f 1035/1237/1001 945/1187/957 1034/1188/958
f 986/1234/999 987/1240/1002 1077/1294/1048
f 986/1234/999 1077/1294/1048 1036/1295/1049
f 1075/1296/1050 1035/1239/1001 1037/1297/1047
f 1075/1296/1050 988/1241/1003 1035/1239/1001
f 1035/1239/1001 988/1241/1003 989/1193/963
f 1038/1298/1051 991/1243/1005 988/1241/1003
f 988/1241/1003 1147/1299/1052 1038/1298/1051
f 988/1241/1003 1075/1296/1050 1147/1299/1052
f 990/1242/1004 1038/1298/1051 994/1245/1007
f 991/1243/1005 1038/1298/1051 990/1242/1004
f 993/1199/967 1039/1246/1008 998/1250/1012
f 953/1163/935 1041/1300/1053 995/1248/1010
f 999/1247/1009 1040/1301/1054 992/1244/1006
f 999/1247/1009 1043/1302/1055 1040/1301/1054
f 996/1074/857 995/1248/1010 1000/1251/1013
f 1042/1303/1056 1043/1304/1055 999/1305/1009
f 995/1248/1010 1041/1300/1053 1044/1306/1057
f 1001/1252/1014 1000/1251/1013 1002/1202/970
f 1002/1202/970 1000/1251/1013 1045/1307/1058
f 1002/1202/970 1045/1307/1058 1004/1253/1015
f 1004/1253/1015 1045/1307/1058 1046/1308/1059
f 1004/1253/1015 1046/1308/1059 1005/1254/1016
f 1005/1254/1016 1047/1256/1018 1006/1255/1017
f 1005/1254/1016 1046/1308/1059 1047/1256/1018
f 1007/1257/1019 1047/1256/1018 1008/1258/1020
f 1007/1257/1019 1008/1258/1020 1006/1255/1017
f 1047/1256/1018 1048/1309/1060 1008/1258/1020
f 1008/1258/1020 1048/1309/1060 1010/1259/1021
f 1010/1259/1021 1048/1309/1060 1012/1261/1023
f 1048/1309/1060 1049/1310/1061 1012/1261/1023
f 1049/1310/1061 1048/1309/1060 1017/1311/1027
f 1049/1310/1061 1017/1311/1027 1015/1263/1025
f 1012/1261/1023 1049/1310/1061 1013/1262/1024
f 1049/1310/1061 1015/1263/1025 1013/1262/1024
f 1015/1263/1025 1017/1311/1027 1014/1264/1026
f 1014/1264/1026 1017/1265/1027 940/1175/947
f 1016/1177/948 1050/1266/1028 970/1214/982
f 1016/1177/948 1086/1312/1062 1050/1266/1028
f 1018/1216/984 1179/1313/1063 1088/1271/1032
f 1018/1216/984 1088/1271/1032 911/1215/983
f 1019/1314/1064 1053/1315/1065 1052/1316/1066
f 1019/1314/1064 1052/1316/1066 1051/1317/1067
f 911/1215/983 1088/1271/1032 885/1111/891
f 1054/1270/1031 1089/1272/1033 1090/1318/1068
f 1054/1270/1031 1090/1318/1068 1055/1319/1069
f 1055/1319/1069 1022/1273/1034 1054/1270/1031
f 1056/1320/1070 1053/1315/1065 1020/1269/1030
f 1020/1269/1030 1024/1268/1029 1056/1320/1070
f 1020/1269/1030 1053/1315/1065 1019/1314/1064
f 1022/1273/1034 1055/1319/1069 1057/1274/1035
f 1024/1268/1029 1030/1283/1040 1056/1320/1070
f 1057/1274/1035 1058/1285/1042 1025/1276/1036
f 1057/1274/1035 1059/1321/1071 1058/1285/1042
f 973/1217/985 1031/1286/1043 1061/1322/1072
f 973/1217/985 1061/1322/1072 1026/1277/1037
f 1026/1277/1037 1060/1323/1073 1027/1278/1038
f 1026/1277/1037 1061/1322/1072 1060/1323/1073
f 1027/1278/1038 1060/1323/1073 1062/1324/1074
f 1027/1278/1038 1062/1324/1074 1028/1279/1039
f 1028/1279/1039 1062/1324/1074 1096/1325/1075
f 1028/1279/1039 1096/1325/1075 1029/1225/992
f 1029/1225/992 1096/1325/1075 1063/1326/1041
f 1030/1283/1040 1063/1282/1041 1064/1327/1076
f 1030/1283/1040 1064/1327/1076 1056/1320/1070
f 1058/1285/1042 1066/1328/1077 1031/1286/1043
f 1031/1286/1043 1065/1329/1078 1061/1322/1072
f 1058/1285/1042 1059/1321/1071 1135/1330/1079
f 1058/1285/1042 1135/1330/1079 1066/1328/1077
f 1066/1328/1077 1135/1330/1079 1101/1331/1080
f 1066/1328/1077 1065/1329/1078 1031/1286/1043
f 1032/1332/1044 1068/1333/1081 1067/1334/993
f 1069/1335/994 1071/1336/1082 1070/1337/1083
f 1069/1335/994 1070/1337/1083 980/1291/995
f 980/1291/995 1070/1337/1083 1034/1292/958
f 1033/1338/1046 1073/1339/1084 1072/1340/1045
f 1033/1338/1046 1105/1341/1085 1073/1339/1084
f 982/1231/996 1105/1342/1085 1033/1289/1046
f 982/1231/996 984/1233/998 1105/1342/1085
f 984/1233/998 986/1234/999 1074/1343/1086
f 1037/1293/1047 1034/1188/958 1146/1344/1087
f 1037/1293/1047 1146/1344/1087 1075/1345/1050
f 986/1234/999 1036/1295/1049 1074/1343/1086
f 1075/1345/1050 1146/1344/1087 1147/1346/1052
f 987/1240/1002 992/1244/1006 1076/1347/1088
f 987/1240/1002 1076/1347/1088 1077/1294/1048
f 1039/1246/1008 1078/1348/1089 998/1250/1012
f 1076/1347/1088 1040/1301/1054 1079/1349/1090
f 992/1244/1006 1040/1301/1054 1076/1347/1088
f 952/1198/966 997/1249/1011 1080/1350/1091
f 952/1198/966 1080/1350/1091 953/1163/935
f 998/1250/1012 1078/1348/1089 1081/1351/1092
f 998/1250/1012 1081/1351/1092 997/1249/1011
f 1043/1304/1055 1110/1352/1093 1040/1353/1054
f 995/1248/1010 1044/1306/1057 1000/1251/1013
f 1082/1354/1094 1110/1352/1093 1043/1304/1055
f 1000/1251/1013 1044/1306/1057 1045/1307/1058
f 1045/1307/1058 1044/1306/1057 1083/1355/1095
f 1045/1307/1058 1083/1355/1095 1046/1308/1059
f 1046/1308/1059 1083/1355/1095 1084/1356/1096
f 1046/1308/1059 1084/1356/1096 1047/1256/1018
f 1047/1256/1018 1084/1356/1096 1048/1309/1060
f 1048/1309/1060 1084/1356/1096 1085/1357/1097
f 1048/1309/1060 1085/1357/1097 1017/1311/1027
f 1017/1265/1027 1086/1358/1062 1016/1176/948
f 1050/1266/1028 1179/1313/1063 1018/1216/984
f 1088/1271/1032 1124/1359/1098 1089/1272/1033
f 1090/1318/1068 1089/1272/1033 1091/1360/1099
f 1053/1315/1065 1092/1361/1100 1052/1316/1066
f 1052/1316/1066 1092/1361/1100 1093/1362/1101
f 1090/1318/1068 1091/1360/1099 1094/1363/1102
f 1090/1318/1068 1094/1363/1102 1055/1319/1069
f 1055/1319/1069 1094/1363/1102 1057/1274/1035
f 1064/1327/1076 1095/1364/1103 1053/1315/1065
f 1064/1327/1076 1131/1365/1104 1095/1364/1103
f 1053/1315/1065 1056/1320/1070 1064/1327/1076
f 1057/1274/1035 1094/1363/1102 1130/1366/1105
f 1057/1274/1035 1130/1366/1105 1059/1321/1071
f 1096/1367/1075 1097/1368/1106 1063/1326/1041
f 1096/1367/1075 1099/1369/1107 1097/1368/1106
f 1063/1282/1041 1097/1370/1106 1098/1371/1108
f 1063/1282/1041 1098/1371/1108 1064/1327/1076
f 1064/1327/1076 1098/1371/1108 1131/1365/1104
f 1060/1323/1073 1061/1322/1072 1062/1324/1074
f 1062/1324/1074 1061/1322/1072 1100/1372/1109
f 1062/1324/1074 1100/1372/1109 1099/1369/1107
f 1062/1324/1074 1099/1369/1107 1096/1325/1075
f 1061/1322/1072 1065/1329/1078 1100/1372/1109
f 1100/1372/1109 1136/1373/1110 1099/1369/1107
f 1065/1329/1078 1066/1328/1077 1102/1374/1111
f 1065/1329/1078 1102/1374/1111 1100/1372/1109
f 1066/1328/1077 1101/1331/1080 1102/1374/1111
f 1067/1334/993 1071/1375/1082 1069/1376/994
f 1067/1334/993 1104/1377/1112 1071/1375/1082
f 1068/1333/1081 1104/1377/1112 1067/1334/993
f 1068/1333/1081 1103/1378/1113 1104/1377/1112
f 1032/1332/1044 1103/1378/1113 1068/1333/1081
f 1032/1332/1044 1072/1340/1045 1103/1378/1113
f 984/1233/998 1074/1343/1086 1105/1342/1085
f 1036/1295/1049 1144/1379/1114 1074/1343/1086
f 1036/1295/1049 1077/1294/1048 1144/1379/1114
f 1074/1343/1086 1144/1379/1114 1105/1342/1085
f 1147/1380/1052 1205/1381/1115 1038/1382/1051
f 1077/1294/1048 1154/1383/1116 1106/1384/1117
f 994/1245/1007 1038/1298/1051 1205/1385/1115
f 994/1245/1007 1078/1348/1089 1039/1246/1008
f 994/1386/1007 1205/1381/1115 1150/1387/1118
f 994/1245/1007 1150/1388/1118 1078/1348/1089
f 1078/1348/1089 1150/1388/1118 1151/1389/1119
f 1078/1348/1089 1151/1389/1119 1081/1351/1092
f 1079/1349/1090 1154/1383/1116 1076/1347/1088
f 1076/1347/1088 1154/1383/1116 1077/1294/1048
f 1079/1390/1090 1040/1353/1054 1155/1391/1120
f 1079/1390/1090 1155/1391/1120 1154/1392/1116
f 997/1249/1011 1107/1393/1121 1080/1350/1091
f 1081/1351/1092 1107/1393/1121 997/1249/1011
f 1081/1351/1092 1151/1389/1119 1153/1394/1122
f 1081/1351/1092 1153/1394/1122 1107/1393/1121
f 1155/1391/1120 1110/1352/1093 1108/1395/1123
f 1040/1353/1054 1110/1352/1093 1155/1391/1120
f 1080/1350/1091 1041/1300/1053 953/1163/935
f 1080/1350/1091 1109/1396/1124 1041/1300/1053
f 1107/1393/1121 1153/1394/1122 1157/1397/1125
f 1107/1393/1121 1157/1397/1125 1080/1350/1091
f 1080/1350/1091 1157/1397/1125 1109/1396/1124
f 1108/1398/1123 1160/1399/1126 1155/1400/1120
f 1110/1352/1093 1164/1401/1127 1108/1395/1123
f 1044/1306/1057 1112/1402/1128 1111/1403/1129
f 1041/1300/1053 1112/1402/1128 1044/1306/1057
f 1110/1352/1093 1113/1404/1130 1164/1401/1127
f 1044/1306/1057 1111/1403/1129 1083/1355/1095
f 1111/1403/1129 1084/1356/1096 1083/1355/1095
f 1111/1403/1129 1169/1405/1131 1084/1356/1096
f 1111/1403/1129 1112/1402/1128 1169/1405/1131
f 1114/1406/1132 1170/1407/1133 1115/1408/1134
f 1114/1406/1132 1115/1408/1134 1113/1404/1130
f 1117/1409/1135 1118/1410/1136 1121/1411/1137
f 1116/1412/1138 1118/1410/1136 1117/1409/1135
f 1084/1356/1096 1169/1405/1131 1119/1413/1139
f 1084/1356/1096 1119/1413/1139 1085/1357/1097
f 1121/1411/1137 1120/1414/1140 1117/1409/1135
f 1121/1411/1137 1122/1415/1141 1120/1414/1140
f 1085/1357/1097 1119/1413/1139 1086/1358/1062
f 1085/1357/1097 1086/1358/1062 1017/1265/1027
f 1050/1266/1028 1224/1416/1142 1179/1313/1063
f 1179/1313/1063 1124/1359/1098 1088/1271/1032
f 1087/1417/1143 1185/1418/1144 1123/1419/1145
f 1087/1417/1143 1093/1362/1101 1185/1418/1144
f 1124/1359/1098 1181/1420/1146 1125/1421/1147
f 1125/1421/1147 1089/1272/1033 1124/1359/1098
f 1125/1421/1147 1091/1360/1099 1089/1272/1033
f 1125/1421/1147 1126/1422/1148 1127/1423/1149
f 1127/1423/1149 1091/1360/1099 1125/1421/1147
f 1127/1423/1149 1126/1422/1148 1128/1424/1150
f 1052/1316/1066 1093/1362/1101 1087/1417/1143
f 1091/1360/1099 1127/1423/1149 1129/1425/1151
f 1091/1360/1099 1129/1425/1151 1094/1363/1102
f 1094/1363/1102 1129/1425/1151 1187/1426/1152
f 1094/1363/1102 1187/1426/1152 1130/1366/1105
f 1131/1365/1104 1190/1427/1153 1095/1364/1103
f 1131/1365/1104 1134/1428/1154 1190/1427/1153
f 1095/1364/1103 1092/1361/1100 1053/1315/1065
f 1095/1364/1103 1190/1427/1153 1092/1361/1100
f 1130/1366/1105 1132/1429/1155 1133/1430/1156
f 1097/1370/1106 1134/1428/1154 1098/1371/1108
f 1098/1371/1108 1134/1428/1154 1131/1365/1104
f 1130/1366/1105 1133/1430/1156 1059/1321/1071
f 1059/1321/1071 1133/1430/1156 1135/1330/1079
f 1136/1373/1110 1097/1368/1106 1099/1369/1107
f 1135/1330/1079 1133/1430/1156 1194/1431/1157
f 1135/1330/1079 1194/1431/1157 1197/1432/1158
f 1135/1330/1079 1197/1432/1158 1101/1331/1080
f 1197/1432/1158 1200/1433/1159 1101/1331/1080
f 1101/1331/1080 1200/1433/1159 1102/1374/1111
f 1102/1434/1111 1137/1435/1160 1138/1436/1161
f 1102/1434/1111 1138/1436/1161 1100/1437/1109
f 1100/1437/1109 1138/1436/1161 1136/1438/1110
f 1200/1433/1159 1197/1432/1158 1198/1439/1162
f 1102/1374/1111 1200/1433/1159 1201/1440/1163
f 1102/1374/1111 1201/1440/1163 1137/1441/1160
f 1071/1375/1082 1104/1377/1112 1139/1442/1164
f 1104/1377/1112 1140/1443/1165 1139/1442/1164
f 1103/1378/1113 1237/1444/1166 1141/1445/1167
f 1103/1378/1113 1141/1445/1167 1104/1377/1112
f 1072/1340/1045 1237/1444/1166 1103/1378/1113
f 1072/1340/1045 1142/1446/1168 1237/1444/1166
f 1072/1340/1045 1143/1447/1169 1142/1446/1168
f 1073/1339/1084 1143/1447/1169 1072/1340/1045
f 1105/1341/1085 1143/1447/1169 1073/1339/1084
f 1034/1188/958 1337/1448/1170 1146/1344/1087
f 1105/1341/1085 1144/1449/1114 1143/1447/1169
f 1144/1450/1114 1077/1451/1048 1145/1452/1171
f 1144/1449/1114 1145/1453/1171 1143/1447/1169
f 1077/1451/1048 1106/1454/1117 1148/1455/1172
f 1154/1456/1116 1149/1457/1173 1106/1458/1117
f 1151/1459/1119 1152/1460/1174 1153/1461/1122
f 1154/1456/1116 1155/1462/1120 1149/1457/1173
f 1153/1394/1122 1152/1463/1174 1157/1397/1125
f 1155/1400/1120 1160/1399/1126 1156/1464/1175
f 1155/1462/1120 1156/1465/1175 1149/1457/1173
f 1157/1466/1125 1152/1460/1174 1158/1467/1176
f 1157/1397/1125 1158/1468/1176 1109/1396/1124
f 1160/1399/1126 1159/1469/1177 1156/1464/1175
f 1109/1396/1124 1161/1470/1178 1041/1300/1053
f 1109/1396/1124 1162/1471/1179 1161/1470/1178
f 1109/1396/1124 1158/1468/1176 1210/1472/1180
f 1109/1396/1124 1210/1472/1180 1162/1471/1179
f 1160/1399/1126 1108/1398/1123 1163/1473/1181
f 1164/1474/1127 1168/1475/1182 1108/1398/1123
f 1162/1471/1179 1165/1476/1183 1161/1470/1178
f 1112/1477/1128 1166/1478/1184 1167/1479/1185
f 1041/1300/1053 1161/1470/1178 1112/1402/1128
f 1164/1401/1127 1115/1408/1134 1170/1407/1133
f 1113/1404/1130 1115/1408/1134 1164/1401/1127
f 1169/1405/1131 1220/1480/1186 1119/1413/1139
f 1117/1481/1135 1172/1482/1187 1171/1483/1188
f 1120/1484/1140 1174/1485/1189 1173/1486/1190
f 1120/1484/1140 1172/1482/1187 1117/1481/1135
f 1120/1484/1140 1173/1486/1190 1172/1482/1187
f 1122/1415/1141 1174/1487/1189 1120/1414/1140
f 1119/1413/1139 1220/1480/1186 1175/1488/1191
f 1119/1413/1139 1175/1488/1191 1086/1358/1062
f 1174/1485/1189 1177/1489/1192 1173/1486/1190
f 1176/1490/1193 1177/1491/1192 1174/1492/1189
f 1086/1358/1062 1175/1488/1191 1178/1493/1194
f 1086/1312/1062 1224/1416/1142 1050/1266/1028
f 1086/1312/1062 1178/1494/1194 1224/1416/1142
f 1179/1313/1063 1180/1495/1195 1124/1359/1098
f 1124/1359/1098 1180/1495/1195 1181/1420/1146
f 1123/1496/1145 1185/1497/1144 1231/1498/1196
f 1123/1499/1145 1231/1500/1196 1182/1501/1197
f 1181/1420/1146 1183/1502/1198 1126/1422/1148
f 1181/1420/1146 1126/1422/1148 1125/1421/1147
f 1126/1422/1148 1183/1502/1198 1128/1424/1150
f 1128/1424/1150 1129/1425/1151 1127/1423/1149
f 1128/1424/1150 1183/1502/1198 1184/1503/1199
f 1128/1424/1150 1184/1503/1199 1129/1425/1151
f 1093/1504/1101 1186/1505/1200 1185/1497/1144
f 1187/1506/1152 1263/1507/1201 1188/1508/1202
f 1187/1506/1152 1188/1508/1202 1132/1509/1155
f 1129/1425/1151 1184/1503/1199 1187/1426/1152
f 1092/1510/1100 1186/1505/1200 1093/1504/1101
f 1092/1510/1100 1191/1511/1203 1189/1512/1204
f 1092/1510/1100 1189/1512/1204 1186/1505/1200
f 1187/1426/1152 1132/1429/1155 1130/1366/1105
f 1190/1513/1153 1191/1511/1203 1092/1510/1100
f 1132/1509/1155 1188/1508/1202 1264/1514/1205
f 1134/1515/1154 1191/1511/1203 1190/1513/1153
f 1134/1515/1154 1192/1516/1206 1191/1511/1203
f 1133/1430/1156 1132/1429/1155 1194/1431/1157
f 1097/1517/1106 1136/1438/1110 1192/1516/1206
f 1097/1517/1106 1192/1516/1206 1134/1515/1154
f 1136/1438/1110 1195/1518/1207 1196/1519/1208
f 1136/1438/1110 1196/1519/1208 1192/1516/1206
f 1197/1520/1158 1194/1521/1157 1198/1522/1162
f 1198/1522/1162 1199/1523/1209 1200/1524/1159
f 1200/1524/1159 1199/1523/1209 1234/1525/1210
f 1200/1524/1159 1268/1526/1211 1201/1527/1163
f 1200/1524/1159 1234/1525/1210 1268/1526/1211
f 1137/1435/1160 1202/1528/1212 1138/1436/1161
f 1201/1527/1163 1202/1529/1212 1137/1530/1160
f 1071/1336/1082 1139/1531/1164 1235/1532/1213
f 1071/1336/1082 1203/1533/1214 1272/1534/1215
f 1071/1336/1082 1235/1532/1213 1203/1533/1214
f 1071/1336/1082 1272/1534/1215 1070/1337/1083
f 1104/1377/1112 1141/1445/1167 1140/1443/1165
f 1237/1444/1166 1204/1535/1216 1141/1445/1167
f 1143/1447/1169 1145/1453/1171 1142/1446/1168
f 1150/1387/1118 1206/1536/1217 1207/1537/1218
f 1150/1387/1118 1207/1537/1218 1151/1459/1119
f 1149/1457/1173 1239/1538/1219 1106/1458/1117
f 1149/1457/1173 1208/1539/1220 1239/1538/1219
f 1149/1457/1173 1240/1540/1221 1208/1539/1220
f 1152/1460/1174 1207/1537/1218 1158/1467/1176
f 1156/1465/1175 1240/1540/1221 1149/1457/1173
f 1156/1464/1175 1209/1541/1222 1240/1542/1221
f 1158/1467/1176 1207/1537/1218 1241/1543/1223
f 1158/1467/1176 1241/1543/1223 1210/1544/1180
f 1159/1469/1177 1209/1541/1222 1156/1464/1175
f 1159/1469/1177 1211/1545/1224 1209/1541/1222
f 1159/1469/1177 1160/1399/1126 1211/1545/1224
f 1210/1472/1180 1212/1546/1225 1162/1471/1179
f 1210/1544/1180 1241/1543/1223 1212/1547/1225
f 1212/1548/1225 1165/1549/1183 1162/1550/1179
f 1212/1547/1225 1241/1543/1223 1213/1551/1226
f 1212/1548/1225 1213/1552/1226 1165/1549/1183
f 1163/1473/1181 1211/1545/1224 1160/1399/1126
f 1108/1398/1123 1214/1553/1227 1163/1473/1181
f 1112/1402/1128 1167/1554/1185 1169/1405/1131
f 1161/1555/1178 1215/1556/1228 1166/1478/1184
f 1161/1555/1178 1166/1478/1184 1112/1477/1128
f 1165/1549/1183 1215/1556/1228 1161/1555/1178
f 1165/1549/1183 1213/1552/1226 1216/1557/1229
f 1168/1475/1182 1214/1553/1227 1108/1398/1123
f 1215/1556/1228 1217/1558/1230 1166/1478/1184
f 1169/1559/1131 1167/1479/1185 1218/1560/1231
f 1218/1561/1231 1220/1480/1186 1169/1405/1131
f 1171/1483/1188 1254/1562/1232 1219/1563/1233
f 1220/1564/1186 1218/1560/1231 1175/1565/1191
f 1173/1486/1190 1221/1566/1234 1172/1482/1187
f 1177/1489/1192 1221/1566/1234 1173/1486/1190
f 1177/1489/1192 1222/1567/1235 1221/1566/1234
f 1178/1568/1194 1175/1565/1191 1218/1560/1231
f 1178/1568/1194 1223/1569/1236 1224/1570/1142
f 1224/1571/1142 1223/1569/1236 1180/1572/1195
f 1224/1416/1142 1180/1495/1195 1179/1313/1063
f 1180/1495/1195 1225/1573/1237 1181/1420/1146
f 1225/1574/1237 1183/1502/1198 1181/1420/1146
f 1225/1575/1237 1226/1576/1238 1183/1577/1198
f 1225/1575/1237 1227/1578/1239 1228/1579/1240
f 1228/1579/1240 1226/1576/1238 1225/1575/1237
f 1228/1579/1240 1227/1578/1239 1229/1580/1241
f 1228/1579/1240 1229/1580/1241 1226/1576/1238
f 1226/1576/1238 1184/1581/1199 1183/1577/1198
f 1226/1576/1238 1229/1580/1241 1262/1582/1242
f 1226/1576/1238 1262/1582/1242 1184/1581/1199
f 1182/1501/1197 1231/1500/1196 1230/1583/1243
f 1185/1497/1144 1186/1505/1200 1231/1498/1196
f 1184/1581/1199 1262/1582/1242 1263/1507/1201
f 1184/1581/1199 1263/1507/1201 1187/1506/1152
f 1189/1512/1204 1191/1511/1203 1232/1584/1244
f 1189/1512/1204 1232/1584/1244 1233/1585/1245
f 1189/1512/1204 1233/1585/1245 1186/1505/1200
f 1191/1511/1203 1332/1586/1246 1232/1584/1244
f 1192/1516/1206 1332/1586/1246 1191/1511/1203
f 1193/1587/1247 1198/1522/1162 1194/1521/1157
f 1198/1522/1162 1193/1587/1247 1199/1523/1209
f 1136/1438/1110 1138/1436/1161 1195/1518/1207
f 1201/1527/1163 1268/1526/1211 1202/1588/1212
f 1202/1588/1212 1268/1526/1211 1269/1589/1248
f 1202/1528/1212 1269/1590/1248 1138/1436/1161
f 1139/1442/1164 1236/1591/1249 1235/1592/1213
f 1140/1443/1165 1141/1445/1167 1139/1442/1164
f 1141/1445/1167 1236/1591/1249 1139/1442/1164
f 1141/1445/1167 1278/1593/1250 1236/1591/1249
f 1142/1446/1168 1279/1594/1251 1237/1444/1166
f 1337/1595/1170 1238/1596/1252 1146/1597/1087
f 1142/1446/1168 1145/1453/1171 1279/1594/1251
f 1146/1597/1087 1238/1596/1252 1147/1598/1052
f 1077/1451/1048 1148/1455/1172 1145/1452/1171
f 1151/1459/1119 1207/1537/1218 1152/1460/1174
f 1207/1537/1218 1438/1599/1253 1241/1543/1223
f 1240/1542/1221 1209/1541/1222 1242/1600/1254
f 1242/1601/1254 1243/1602/1255 1240/1540/1221
f 1242/1601/1254 1244/1603/1256 1243/1602/1255
f 1242/1600/1254 1245/1604/1257 1244/1605/1256
f 1209/1541/1222 1211/1545/1224 1245/1604/1257
f 1209/1541/1222 1245/1604/1257 1242/1600/1254
f 1241/1543/1223 1246/1606/1258 1213/1551/1226
f 1245/1604/1257 1211/1545/1224 1247/1607/1259
f 1213/1552/1226 1248/1608/1260 1216/1557/1229
f 1213/1551/1226 1246/1606/1258 1248/1609/1260
f 1216/1557/1229 1215/1556/1228 1165/1549/1183
f 1216/1557/1229 1249/1610/1261 1215/1556/1228
f 1248/1608/1260 1249/1610/1261 1216/1557/1229
f 1248/1608/1260 1283/1611/1262 1250/1612/1263
f 1248/1608/1260 1250/1612/1263 1249/1610/1261
f 1214/1553/1227 1252/1613/1264 1163/1473/1181
f 1166/1478/1184 1251/1614/1265 1167/1479/1185
f 1166/1478/1184 1293/1615/1266 1251/1614/1265
f 1215/1556/1228 1249/1610/1261 1217/1558/1230
f 1168/1475/1182 1252/1613/1264 1214/1553/1227
f 1249/1610/1261 1253/1616/1267 1352/1617/1268
f 1249/1610/1261 1352/1617/1268 1217/1558/1230
f 1249/1610/1261 1250/1612/1263 1253/1616/1267
f 1219/1563/1233 1252/1613/1264 1168/1475/1182
f 1217/1558/1230 1352/1617/1268 1293/1615/1266
f 1217/1558/1230 1293/1615/1266 1166/1478/1184
f 1167/1479/1185 1251/1614/1265 1218/1560/1231
f 1172/1482/1187 1254/1562/1232 1171/1483/1188
f 1172/1482/1187 1255/1618/1269 1254/1562/1232
f 1221/1566/1234 1255/1618/1269 1172/1482/1187
f 1221/1566/1234 1256/1619/1270 1255/1618/1269
f 1218/1560/1231 1223/1569/1236 1178/1568/1194
f 1222/1567/1235 1256/1619/1270 1221/1566/1234
f 1223/1569/1236 1225/1575/1237 1180/1572/1195
f 1223/1569/1236 1227/1578/1239 1225/1575/1237
f 1257/1620/1271 1227/1578/1239 1223/1569/1236
f 1257/1620/1271 1259/1621/1272 1227/1578/1239
f 1258/1622/1273 1259/1621/1272 1257/1620/1271
f 1258/1622/1273 1257/1620/1271 1316/1623/1274
f 1259/1621/1272 1229/1580/1241 1227/1578/1239
f 1259/1621/1272 1261/1624/1275 1229/1580/1241
f 1259/1621/1272 1258/1622/1273 1261/1624/1275
f 1261/1624/1275 1258/1622/1273 1260/1625/1276
f 1229/1580/1241 1261/1624/1275 1262/1582/1242
f 1186/1505/1200 1233/1585/1245 1330/1626/1277
f 1186/1505/1200 1330/1626/1277 1231/1498/1196
f 1188/1508/1202 1263/1507/1201 1329/1627/1278
f 1188/1508/1202 1329/1627/1278 1264/1514/1205
f 1264/1514/1205 1265/1628/1279 1266/1629/1280
f 1266/1629/1280 1267/1630/1281 1193/1587/1247
f 1266/1629/1280 1265/1628/1279 1380/1631/1282
f 1266/1629/1280 1380/1631/1282 1381/1632/1283
f 1266/1629/1280 1381/1632/1283 1267/1630/1281
f 1193/1587/1247 1267/1630/1281 1199/1523/1209
f 1268/1526/1211 1334/1633/1284 1269/1589/1248
f 1138/1436/1161 1269/1590/1248 1270/1634/1285
f 1269/1589/1248 1334/1633/1284 1271/1635/1286
f 1203/1533/1214 1273/1636/1287 1272/1534/1215
f 1203/1533/1214 1274/1637/1288 1273/1636/1287
f 1235/1532/1213 1274/1637/1288 1203/1533/1214
f 1235/1532/1213 1275/1638/1289 1274/1637/1288
f 1070/1337/1083 1272/1534/1215 1276/1639/1290
f 1070/1337/1083 1384/1640/1291 1034/1292/958
f 1236/1591/1249 1388/1641/1292 1277/1642/1293
f 1204/1535/1216 1278/1593/1250 1141/1445/1167
f 1237/1444/1166 1279/1594/1251 1278/1593/1250
f 1237/1444/1166 1278/1593/1250 1204/1535/1216
f 1145/1452/1171 1148/1455/1172 1279/1643/1251
f 1279/1594/1251 1280/1644/1294 1278/1593/1250
f 1106/1454/1117 1239/1645/1219 1148/1455/1172
f 1208/1539/1220 1418/1646/1295 1239/1538/1219
f 1208/1539/1220 1243/1602/1255 1418/1646/1295
f 1240/1540/1221 1243/1602/1255 1208/1539/1220
f 1241/1543/1223 1339/1647/1296 1246/1606/1258
f 1241/1543/1223 1438/1599/1253 1339/1647/1296
f 1244/1603/1256 1282/1648/1297 1281/1649/1298
f 1244/1605/1256 1245/1604/1257 1282/1650/1297
f 1244/1603/1256 1281/1649/1298 1243/1602/1255
f 1246/1606/1258 1283/1651/1262 1248/1609/1260
f 1246/1606/1258 1339/1647/1296 1287/1652/1299
f 1282/1648/1297 1340/1653/1300 1281/1649/1298
f 1282/1648/1297 1284/1654/1301 1340/1653/1300
f 1282/1650/1297 1285/1655/1302 1284/1656/1301
f 1282/1650/1297 1286/1657/1303 1285/1655/1302
f 1245/1604/1257 1286/1657/1303 1282/1650/1297
f 1287/1652/1299 1283/1651/1262 1246/1606/1258
f 1247/1607/1259 1286/1657/1303 1245/1604/1257
f 1247/1607/1259 1288/1658/1304 1286/1657/1303
f 1211/1545/1224 1288/1658/1304 1247/1607/1259
f 1283/1611/1262 1289/1659/1305 1250/1612/1263
f 1283/1651/1262 1287/1652/1299 1341/1660/1306
f 1283/1651/1262 1341/1660/1306 1290/1661/1307
f 1290/1662/1307 1289/1659/1305 1283/1611/1262
f 1163/1473/1181 1288/1658/1304 1211/1545/1224
f 1163/1473/1181 1291/1663/1308 1288/1658/1304
f 1250/1612/1263 1289/1659/1305 1253/1616/1267
f 1289/1659/1305 1290/1662/1307 1348/1664/1309
f 1252/1613/1264 1291/1663/1308 1163/1473/1181
f 1252/1613/1264 1292/1665/1310 1291/1663/1308
f 1252/1613/1264 1219/1563/1233 1292/1665/1310
f 1253/1616/1267 1356/1666/1311 1352/1617/1268
f 1352/1617/1268 1294/1667/1312 1293/1615/1266
f 1219/1563/1233 1254/1562/1232 1292/1665/1310
f 1251/1614/1265 1305/1668/1313 1218/1560/1231
f 1293/1615/1266 1295/1669/1314 1251/1614/1265
f 1296/1670/1315 1297/1671/1316 1298/1672/1317
f 1296/1670/1315 1299/1673/1318 1297/1671/1316
f 1296/1670/1315 1300/1674/1319 1301/1675/1320
f 1296/1670/1315 1358/1676/1321 1300/1674/1319
f 1301/1675/1320 1299/1673/1318 1296/1670/1315
f 1302/1677/1322 1299/1673/1318 1303/1678/1323
f 1302/1677/1322 1304/1679/1324 1299/1673/1318
f 1302/1677/1322 1254/1562/1232 1304/1679/1324
f 1302/1677/1322 1303/1678/1323 1254/1562/1232
f 1254/1562/1232 1303/1678/1323 1292/1665/1310
f 1295/1680/1314 1305/1668/1313 1251/1614/1265
f 1295/1680/1314 1306/1681/1325 1305/1668/1313
f 1295/1680/1314 1294/1667/1312 1306/1681/1325
f 1293/1615/1266 1294/1667/1312 1295/1669/1314
f 1298/1672/1317 1307/1682/1326 1310/1683/1327
f 1298/1672/1317 1308/1684/1328 1358/1676/1321
f 1298/1672/1317 1358/1676/1321 1296/1670/1315
f 1298/1672/1317 1310/1683/1327 1308/1684/1328
f 1297/1671/1316 1307/1682/1326 1298/1672/1317
f 1299/1673/1318 1304/1679/1324 1297/1671/1316
f 1299/1673/1318 1301/1675/1320 1303/1678/1323
f 1304/1679/1324 1309/1685/1329 1297/1671/1316
f 1254/1562/1232 1255/1618/1269 1304/1679/1324
f 1310/1683/1327 1307/1682/1326 1323/1686/1330
f 1297/1671/1316 1311/1687/1331 1307/1682/1326
f 1297/1671/1316 1309/1685/1329 1311/1687/1331
f 1255/1618/1269 1309/1685/1329 1304/1679/1324
f 1255/1618/1269 1312/1688/1332 1309/1685/1329
f 1256/1619/1270 1312/1688/1332 1255/1618/1269
f 1256/1689/1270 1313/1690/1333 1312/1691/1332
f 1218/1560/1231 1257/1620/1271 1223/1569/1236
f 1305/1668/1313 1257/1620/1271 1218/1560/1231
f 1305/1668/1313 1306/1681/1325 1257/1620/1271
f 1307/1682/1326 1314/1692/1334 1323/1686/1330
f 1311/1687/1331 1314/1692/1334 1307/1682/1326
f 1311/1687/1331 1315/1693/1335 1314/1692/1334
f 1311/1687/1331 1361/1694/1336 1315/1693/1335
f 1306/1681/1325 1316/1623/1274 1257/1620/1271
f 1306/1681/1325 1317/1695/1337 1316/1623/1274
f 1316/1623/1274 1319/1696/1338 1258/1622/1273
f 1317/1695/1337 1320/1697/1339 1316/1623/1274
f 1314/1692/1334 1321/1698/1340 1323/1686/1330
f 1314/1692/1334 1315/1693/1335 1321/1698/1340
f 1320/1697/1339 1319/1696/1338 1316/1623/1274
f 1320/1697/1339 1322/1699/1341 1319/1696/1338
f 1323/1686/1330 1321/1698/1340 1324/1700/1342
f 1319/1696/1338 1260/1625/1276 1258/1622/1273
f 1260/1625/1276 1372/1701/1343 1261/1624/1275
f 1319/1696/1338 1322/1699/1341 1372/1701/1343
f 1319/1696/1338 1372/1701/1343 1260/1625/1276
f 1261/1624/1275 1376/1702/1344 1262/1582/1242
f 1261/1624/1275 1372/1701/1343 1375/1703/1345
f 1261/1624/1275 1375/1703/1345 1376/1702/1344
f 1326/1704/1346 1378/1705/1347 1327/1706/1348
f 1262/1582/1242 1376/1702/1344 1263/1507/1201
f 1376/1702/1344 1328/1707/1349 1263/1507/1201
f 1231/1498/1196 1378/1705/1347 1326/1704/1346
f 1231/1498/1196 1330/1626/1277 1378/1705/1347
f 1263/1507/1201 1328/1707/1349 1329/1627/1278
f 1329/1627/1278 1265/1628/1279 1264/1514/1205
f 1233/1585/1245 1232/1584/1244 1330/1626/1277
f 1232/1584/1244 1332/1586/1246 1331/1708/1350
f 1232/1584/1244 1331/1708/1350 1330/1626/1277
f 1267/1630/1281 1234/1525/1210 1199/1523/1209
f 1267/1630/1281 1447/1709/1351 1234/1525/1210
f 1192/1516/1206 1196/1519/1208 1332/1586/1246
f 1234/1525/1210 1333/1710/1352 1268/1526/1211
f 1268/1526/1211 1333/1710/1352 1334/1633/1284
f 1271/1635/1286 1334/1633/1284 1335/1711/1353
f 1269/1590/1248 1271/1712/1286 1270/1634/1285
f 1270/1634/1285 1450/1713/1354 1138/1436/1161
f 1270/1634/1285 1433/1714/1355 1450/1713/1354
f 1272/1534/1215 1273/1636/1287 1276/1639/1290
f 1236/1591/1249 1275/1715/1289 1235/1592/1213
f 1236/1591/1249 1277/1642/1293 1275/1715/1289
f 1278/1593/1250 1388/1641/1292 1236/1591/1249
f 1278/1593/1250 1280/1644/1294 1388/1641/1292
f 1238/1596/1252 1205/1716/1115 1147/1598/1052
f 1150/1387/1118 1205/1381/1115 1238/1717/1252
f 1238/1717/1252 1509/1718/1356 1150/1387/1118
f 1339/1647/1296 1338/1719/1357 1287/1652/1299
f 1243/1602/1255 1340/1653/1300 1418/1646/1295
f 1281/1649/1298 1340/1653/1300 1243/1602/1255
f 1287/1652/1299 1338/1719/1357 1390/1720/1358
f 1287/1652/1299 1390/1720/1358 1341/1660/1306
f 1342/1721/1359 1344/1722/1360 1345/1723/1361
f 1342/1721/1359 1343/1724/1362 1284/1654/1301
f 1284/1654/1301 1344/1722/1360 1342/1721/1359
f 1284/1656/1301 1285/1655/1302 1344/1725/1360
f 1284/1654/1301 1343/1724/1362 1340/1653/1300
f 1341/1660/1306 1390/1720/1358 1342/1721/1359
f 1341/1660/1306 1342/1721/1359 1345/1723/1361
f 1345/1723/1361 1290/1661/1307 1341/1660/1306
f 1345/1726/1361 1346/1727/1363 1290/1662/1307
f 1344/1725/1360 1346/1727/1363 1345/1726/1361
f 1344/1725/1360 1347/1728/1364 1346/1727/1363
f 1285/1655/1302 1347/1728/1364 1344/1725/1360
f 1286/1657/1303 1347/1728/1364 1285/1655/1302
f 1286/1657/1303 1288/1658/1304 1347/1728/1364
f 1288/1658/1304 1350/1729/1365 1347/1728/1364
f 1346/1727/1363 1347/1728/1364 1349/1730/1366
f 1346/1727/1363 1348/1664/1309 1290/1662/1307
f 1346/1727/1363 1349/1730/1366 1348/1664/1309
f 1347/1728/1364 1350/1729/1365 1349/1730/1366
f 1348/1664/1309 1349/1730/1366 1351/1731/1367
f 1348/1664/1309 1351/1731/1367 1289/1659/1305
f 1291/1663/1308 1292/1665/1310 1350/1729/1365
f 1291/1663/1308 1350/1729/1365 1288/1658/1304
f 1356/1666/1311 1353/1732/1368 1352/1617/1268
f 1253/1616/1267 1351/1731/1367 1356/1666/1311
f 1289/1659/1305 1351/1731/1367 1253/1616/1267
f 1354/1733/1369 1350/1729/1365 1292/1665/1310
f 1354/1733/1369 1355/1734/1370 1350/1729/1365
f 1292/1665/1310 1303/1678/1323 1354/1733/1369
f 1360/1735/1371 1303/1678/1323 1301/1675/1320
f 1360/1735/1371 1355/1734/1370 1354/1733/1369
f 1354/1733/1369 1303/1678/1323 1360/1735/1371
f 1352/1617/1268 1308/1684/1328 1294/1667/1312
f 1353/1732/1368 1308/1684/1328 1352/1617/1268
f 1353/1732/1368 1356/1666/1311 1357/1736/1372
f 1353/1732/1368 1357/1736/1372 1358/1676/1321
f 1358/1676/1321 1308/1684/1328 1353/1732/1368
f 1358/1676/1321 1357/1736/1372 1300/1674/1319
f 1300/1674/1319 1357/1736/1372 1359/1737/1373
f 1300/1674/1319 1360/1735/1371 1301/1675/1320
f 1300/1674/1319 1359/1737/1373 1360/1735/1371
f 1294/1667/1312 1310/1683/1327 1306/1681/1325
f 1308/1684/1328 1310/1683/1327 1294/1667/1312
f 1309/1685/1329 1361/1694/1336 1311/1687/1331
f 1309/1685/1329 1312/1688/1332 1361/1694/1336
f 1310/1683/1327 1323/1686/1330 1306/1681/1325
f 1361/1694/1336 1362/1738/1374 1315/1693/1335
f 1312/1688/1332 1363/1739/1375 1365/1740/1376
f 1312/1688/1332 1362/1738/1374 1361/1694/1336
f 1313/1690/1333 1363/1741/1375 1312/1691/1332
f 1323/1686/1330 1317/1695/1337 1306/1681/1325
f 1323/1686/1330 1324/1700/1342 1317/1695/1337
f 1315/1693/1335 1364/1742/1377 1321/1698/1340
f 1315/1693/1335 1394/1743/1378 1364/1742/1377
f 1315/1693/1335 1362/1738/1374 1394/1743/1378
f 1365/1740/1376 1363/1739/1375 1369/1744/1379
f 1365/1740/1376 1362/1738/1374 1312/1688/1332
f 1365/1740/1376 1366/1745/1380 1362/1738/1374
f 1363/1739/1375 1318/1746/1381 1369/1744/1379
f 1313/1690/1333 1318/1747/1381 1363/1741/1375
f 1317/1695/1337 1324/1700/1342 1320/1697/1339
f 1321/1698/1340 1364/1742/1377 1367/1748/1382
f 1369/1744/1379 1368/1749/1383 1365/1740/1376
f 1320/1697/1339 1370/1750/1384 1322/1699/1341
f 1324/1700/1342 1370/1750/1384 1320/1697/1339
f 1321/1698/1340 1367/1748/1382 1370/1750/1384
f 1321/1698/1340 1370/1750/1384 1324/1700/1342
f 1367/1748/1382 1421/1751/1385 1371/1752/1386
f 1322/1699/1341 1370/1750/1384 1372/1701/1343
f 1370/1750/1384 1373/1753/1387 1372/1701/1343
f 1370/1750/1384 1371/1752/1386 1373/1753/1387
f 1327/1706/1348 1377/1754/1388 1325/1755/1389
f 1327/1706/1348 1378/1705/1347 1377/1754/1388
f 1328/1707/1349 1405/1756/1390 1329/1627/1278
f 1265/1628/1279 1329/1627/1278 1379/1757/1391
f 1379/1757/1391 1380/1631/1282 1265/1628/1279
f 1379/1757/1391 1407/1758/1392 1380/1631/1282
f 1380/1631/1282 1408/1759/1393 1381/1632/1283
f 1381/1632/1283 1472/1760/1394 1267/1630/1281
f 1234/1525/1210 1447/1709/1351 1333/1710/1352
f 1195/1518/1207 1138/1436/1161 1450/1713/1354
f 1334/1633/1284 1333/1710/1352 1335/1711/1353
f 1271/1635/1286 1336/1761/1395 1270/1762/1285
f 1276/1639/1290 1273/1636/1287 1409/1763/1396
f 1276/1639/1290 1382/1764/1397 1070/1337/1083
f 1273/1636/1287 1274/1637/1288 1383/1765/1398
f 1274/1637/1288 1385/1766/1399 1383/1765/1398
f 1275/1638/1289 1385/1766/1399 1274/1637/1288
f 1275/1715/1289 1386/1767/1400 1387/1768/1401
f 1275/1638/1289 1387/1769/1401 1385/1766/1399
f 1275/1715/1289 1277/1642/1293 1386/1767/1400
f 1034/1292/958 1384/1640/1291 1337/1595/1170
f 1280/1644/1294 1389/1770/1402 1388/1641/1292
f 1280/1771/1294 1437/1772/1403 1389/1773/1402
f 1279/1643/1251 1437/1772/1403 1280/1771/1294
f 1207/1537/1218 1457/1774/1404 1438/1599/1253
f 1339/1647/1296 1439/1775/1405 1338/1719/1357
f 1340/1653/1300 1343/1724/1362 1440/1776/1406
f 1340/1653/1300 1440/1776/1406 1418/1646/1295
f 1338/1719/1357 1439/1775/1405 1390/1720/1358
f 1391/1777/1407 1342/1721/1359 1390/1720/1358
f 1391/1777/1407 1419/1778/1408 1343/1724/1362
f 1343/1724/1362 1342/1721/1359 1391/1777/1407
f 1349/1730/1366 1393/1779/1409 1351/1731/1367
f 1351/1731/1367 1393/1780/1409 1392/1781/1410
f 1350/1729/1365 1355/1734/1370 1349/1730/1366
f 1351/1731/1367 1392/1781/1410 1356/1666/1311
f 1392/1781/1410 1357/1736/1372 1356/1666/1311
f 1392/1781/1410 1359/1737/1373 1357/1736/1372
f 1359/1737/1373 1392/1781/1410 1393/1782/1409
f 1359/1737/1373 1393/1782/1409 1360/1735/1371
f 1360/1735/1371 1393/1782/1409 1355/1734/1370
f 1364/1742/1377 1394/1743/1378 1420/1783/1411
f 1364/1742/1377 1421/1751/1385 1367/1748/1382
f 1364/1742/1377 1420/1783/1411 1421/1751/1385
f 1366/1745/1380 1394/1743/1378 1362/1738/1374
f 1366/1745/1380 1395/1784/1412 1394/1743/1378
f 1369/1744/1379 1396/1785/1413 1368/1749/1383
f 1367/1748/1382 1371/1752/1386 1370/1750/1384
f 1374/1786/1414 1377/1754/1388 1396/1785/1413
f 1374/1786/1414 1396/1785/1413 1369/1744/1379
f 1375/1703/1345 1404/1787/1415 1376/1702/1344
f 1372/1701/1343 1397/1788/1416 1375/1703/1345
f 1373/1753/1387 1397/1788/1416 1372/1701/1343
f 1373/1753/1387 1398/1789/1417 1397/1788/1416
f 1371/1752/1386 1398/1789/1417 1373/1753/1387
f 1377/1754/1388 1444/1790/1418 1396/1785/1413
f 1377/1754/1388 1399/1791/1419 1444/1790/1418
f 1397/1788/1416 1404/1787/1415 1375/1703/1345
f 1397/1788/1416 1400/1792/1420 1404/1787/1415
f 1397/1788/1416 1401/1793/1421 1400/1792/1420
f 1397/1788/1416 1398/1789/1417 1401/1793/1421
f 1377/1754/1388 1402/1794/1422 1399/1791/1419
f 1376/1702/1344 1403/1795/1423 1328/1707/1349
f 1376/1702/1344 1427/1796/1424 1403/1795/1423
f 1404/1787/1415 1427/1796/1424 1376/1702/1344
f 1378/1705/1347 1402/1794/1422 1377/1754/1388
f 1378/1705/1347 1330/1626/1277 1402/1794/1422
f 1403/1795/1423 1405/1756/1390 1328/1707/1349
f 1403/1795/1423 1427/1796/1424 1426/1797/1425
f 1403/1795/1423 1426/1797/1425 1405/1756/1390
f 1329/1627/1278 1406/1798/1426 1379/1757/1391
f 1405/1756/1390 1406/1798/1426 1329/1627/1278
f 1406/1798/1426 1407/1758/1392 1379/1757/1391
f 1406/1798/1426 1405/1756/1390 1407/1758/1392
f 1380/1631/1282 1407/1758/1392 1408/1759/1393
f 1408/1759/1393 1429/1799/1427 1381/1632/1283
f 1381/1632/1283 1429/1799/1427 1472/1760/1394
f 1333/1710/1352 1447/1709/1351 1474/1800/1428
f 1335/1711/1353 1336/1761/1395 1271/1635/1286
f 1335/1711/1353 1432/1801/1429 1336/1761/1395
f 1333/1710/1352 1449/1802/1430 1335/1711/1353
f 1335/1711/1353 1449/1802/1430 1432/1801/1429
f 1336/1761/1395 1432/1801/1429 1270/1762/1285
f 1409/1803/1396 1273/1636/1287 1410/1804/1431
f 1409/1803/1396 1411/1805/1432 1382/1764/1397
f 1409/1803/1396 1412/1806/1433 1411/1805/1432
f 1409/1803/1396 1410/1804/1431 1412/1806/1433
f 1409/1763/1396 1382/1764/1397 1276/1639/1290
f 1273/1636/1287 1383/1765/1398 1410/1804/1431
f 1382/1764/1397 1384/1640/1291 1070/1337/1083
f 1385/1766/1399 1435/1807/1434 1383/1765/1398
f 1385/1766/1399 1387/1769/1401 1414/1808/1435
f 1386/1767/1400 1415/1809/1436 1387/1768/1401
f 1386/1767/1400 1389/1770/1402 1415/1809/1436
f 1277/1642/1293 1388/1641/1292 1389/1770/1402
f 1277/1642/1293 1389/1770/1402 1386/1767/1400
f 1389/1773/1402 1437/1772/1403 1416/1810/1437
f 1239/1645/1219 1572/1811/1438 1148/1455/1172
f 1148/1455/1172 1572/1811/1438 1456/1812/1439
f 1150/1387/1118 1509/1718/1356 1206/1536/1217
f 1206/1536/1217 1509/1718/1356 1417/1813/1440
f 1206/1536/1217 1457/1774/1404 1207/1537/1218
f 1206/1536/1217 1417/1813/1440 1457/1774/1404
f 1390/1720/1358 1419/1778/1408 1391/1777/1407
f 1390/1720/1358 1439/1775/1405 1419/1778/1408
f 1343/1724/1362 1419/1778/1408 1440/1776/1406
f 1349/1730/1366 1355/1734/1370 1393/1780/1409
f 1394/1743/1378 1395/1784/1412 1420/1783/1411
f 1365/1740/1376 1368/1749/1383 1395/1784/1412
f 1365/1740/1376 1395/1784/1412 1366/1745/1380
f 1421/1751/1385 1423/1814/1441 1371/1752/1386
f 1421/1751/1385 1422/1815/1442 1423/1814/1441
f 1368/1749/1383 1396/1785/1413 1424/1816/1443
f 1368/1749/1383 1424/1816/1443 1395/1784/1412
f 1371/1752/1386 1423/1814/1441 1398/1789/1417
f 1398/1789/1417 1423/1814/1441 1401/1793/1421
f 1400/1792/1420 1401/1793/1421 1404/1787/1415
f 1401/1793/1421 1423/1814/1441 1425/1817/1444
f 1401/1793/1421 1425/1817/1444 1404/1787/1415
f 1404/1787/1415 1425/1817/1444 1427/1796/1424
f 1426/1797/1425 1428/1818/1445 1405/1756/1390
f 1426/1797/1425 1427/1796/1424 1428/1818/1445
f 1405/1756/1390 1428/1818/1445 1407/1758/1392
f 1428/1818/1445 1446/1819/1446 1407/1758/1392
f 1330/1626/1277 1331/1708/1350 1402/1794/1422
f 1407/1758/1392 1446/1819/1446 1408/1759/1393
f 1408/1759/1393 1446/1819/1446 1429/1799/1427
f 1332/1586/1246 1430/1820/1447 1331/1708/1350
f 1267/1630/1281 1448/1821/1448 1447/1709/1351
f 1267/1630/1281 1472/1760/1394 1448/1821/1448
f 1450/1713/1354 1431/1822/1449 1195/1518/1207
f 1195/1518/1207 1431/1822/1449 1196/1519/1208
f 1432/1801/1429 1433/1823/1355 1270/1762/1285
f 1383/1765/1398 1434/1824/1450 1410/1804/1431
f 1435/1807/1434 1434/1824/1450 1383/1765/1398
f 1435/1807/1434 1455/1825/1451 1434/1824/1450
f 1435/1826/1434 1385/1827/1399 1413/1828/1452
f 1413/1828/1452 1385/1827/1399 1414/1829/1435
f 1414/1830/1435 1387/1768/1401 1415/1809/1436
f 1415/1809/1436 1389/1770/1402 1416/1831/1437
f 1337/1595/1170 1516/1832/1453 1238/1596/1252
f 1437/1772/1403 1436/1833/1454 1416/1810/1437
f 1279/1643/1251 1456/1812/1439 1437/1772/1403
f 1238/1596/1252 1497/1834/1455 1509/1835/1356
f 1148/1455/1172 1456/1812/1439 1279/1643/1251
f 1239/1538/1219 1418/1646/1295 1572/1836/1438
f 1438/1599/1253 1439/1775/1405 1339/1647/1296
f 1420/1783/1411 1441/1837/1456 1421/1751/1385
f 1420/1783/1411 1442/1838/1457 1462/1839/1458
f 1420/1783/1411 1462/1839/1458 1441/1837/1456
f 1395/1784/1412 1442/1838/1457 1420/1783/1411
f 1395/1784/1412 1424/1816/1443 1442/1838/1457
f 1421/1751/1385 1441/1837/1456 1422/1815/1442
f 1396/1785/1413 1443/1840/1459 1424/1816/1443
f 1396/1785/1413 1444/1790/1418 1443/1840/1459
f 1423/1814/1441 1422/1815/1442 1425/1817/1444
f 1427/1796/1424 1425/1817/1444 1428/1818/1445
f 1425/1817/1444 1445/1841/1460 1428/1818/1445
f 1332/1586/1246 1485/1842/1461 1430/1820/1447
f 1333/1710/1352 1474/1800/1428 1449/1802/1430
f 1196/1519/1208 1475/1843/1462 1332/1586/1246
f 1431/1822/1449 1475/1843/1462 1196/1519/1208
f 1431/1822/1449 1464/1844/1463 1475/1843/1462
f 1432/1801/1429 1451/1845/1464 1433/1823/1355
f 1433/1823/1355 1451/1845/1464 1487/1846/1465
f 1433/1823/1355 1487/1846/1465 1452/1847/1466
f 1433/1823/1355 1452/1847/1466 1450/1848/1354
f 1410/1804/1431 1434/1824/1450 1453/1849/1467
f 1410/1804/1431 1453/1849/1467 1412/1806/1433
f 1434/1824/1450 1454/1850/1468 1453/1849/1467
f 1384/1640/1291 1494/1851/1469 1337/1595/1170
f 1455/1825/1451 1454/1850/1468 1434/1824/1450
f 1455/1825/1451 1436/1833/1454 1454/1850/1468
f 1455/1825/1451 1416/1810/1437 1436/1833/1454
f 1457/1774/1404 1458/1852/1470 1438/1599/1253
f 1457/1774/1404 1468/1853/1471 1458/1852/1470
f 1438/1599/1253 1459/1854/1472 1439/1775/1405
f 1440/1776/1406 1460/1855/1473 1482/1856/1474
f 1439/1775/1405 1459/1854/1472 1460/1855/1473
f 1439/1775/1405 1460/1855/1473 1419/1778/1408
f 1419/1778/1408 1460/1855/1473 1440/1776/1406
f 1424/1816/1443 1443/1840/1459 1442/1838/1457
f 1399/1791/1419 1463/1857/1475 1444/1790/1418
f 1399/1791/1419 1430/1820/1447 1463/1857/1475
f 1422/1815/1442 1489/1858/1476 1425/1817/1444
f 1422/1815/1442 1441/1837/1456 1483/1859/1477
f 1422/1815/1442 1483/1859/1477 1489/1858/1476
f 1402/1794/1422 1430/1820/1447 1399/1791/1419
f 1445/1841/1460 1446/1819/1446 1428/1818/1445
f 1449/1802/1430 1451/1845/1464 1432/1801/1429
f 1449/1802/1430 1474/1800/1428 1451/1845/1464
f 1451/1845/1464 1474/1800/1428 1486/1860/1478
f 1450/1848/1354 1452/1847/1466 1464/1861/1463
f 1450/1848/1354 1464/1861/1463 1431/1862/1449
f 1382/1764/1397 1465/1863/1479 1477/1864/1480
f 1411/1805/1432 1465/1863/1479 1382/1764/1397
f 1411/1805/1432 1466/1865/1481 1465/1863/1479
f 1382/1764/1397 1477/1864/1480 1384/1640/1291
f 1477/1864/1480 1494/1851/1469 1384/1640/1291
f 1412/1806/1433 1466/1865/1481 1411/1805/1432
f 1412/1806/1433 1453/1849/1467 1466/1865/1481
f 1453/1849/1467 1454/1850/1468 1467/1866/1482
f 1516/1832/1453 1497/1834/1455 1238/1596/1252
f 1417/1813/1440 1468/1853/1471 1457/1774/1404
f 1417/1813/1440 1542/1867/1483 1468/1853/1471
f 1440/1776/1406 1469/1868/1484 1418/1646/1295
f 1462/1839/1458 1461/1869/1485 1441/1837/1456
f 1443/1840/1459 1462/1839/1458 1442/1838/1457
f 1443/1840/1459 1470/1870/1486 1462/1839/1458
f 1444/1790/1418 1463/1857/1475 1443/1840/1459
f 1331/1708/1350 1430/1820/1447 1402/1794/1422
f 1447/1709/1351 1448/1821/1448 1473/1871/1487
f 1447/1709/1351 1473/1871/1487 1474/1800/1428
f 1487/1846/1465 1490/1872/1488 1452/1847/1466
f 1464/1861/1463 1452/1847/1466 1476/1873/1489
f 1466/1865/1481 1478/1874/1490 1465/1863/1479
f 1494/1851/1469 1477/1864/1480 1479/1875/1491
f 1466/1865/1481 1453/1849/1467 1480/1876/1492
f 1466/1865/1481 1480/1876/1492 1478/1874/1490
f 1453/1849/1467 1467/1866/1482 1480/1876/1492
f 1436/1833/1454 1496/1877/1493 1454/1850/1468
f 1454/1850/1468 1496/1877/1493 1467/1866/1482
f 1458/1852/1470 1459/1854/1472 1438/1599/1253
f 1458/1852/1470 1481/1878/1494 1459/1854/1472
f 1482/1856/1474 1469/1868/1484 1440/1776/1406
f 1460/1855/1473 1459/1854/1472 1482/1856/1474
f 1441/1837/1456 1461/1869/1485 1483/1859/1477
f 1430/1820/1447 1511/1879/1495 1463/1857/1475
f 1430/1820/1447 1484/1880/1496 1511/1879/1495
f 1425/1817/1444 1489/1858/1476 1445/1841/1460
f 1474/1800/1428 1473/1871/1487 1486/1860/1478
f 1451/1845/1464 1486/1860/1478 1487/1846/1465
f 1465/1863/1479 1478/1874/1490 1488/1881/1497
f 1465/1863/1479 1488/1881/1497 1477/1864/1480
f 1480/1876/1492 1467/1866/1482 1508/1882/1498
f 1494/1883/1469 1516/1884/1453 1337/1885/1170
f 1516/1884/1453 1495/1886/1499 1497/1887/1455
f 1509/1718/1356 1541/1888/1500 1417/1813/1440
f 1483/1859/1477 1461/1869/1485 1510/1889/1501
f 1483/1859/1477 1510/1889/1501 1489/1858/1476
f 1461/1869/1485 1519/1890/1502 1510/1889/1501
f 1461/1869/1485 1518/1891/1503 1519/1890/1502
f 1462/1839/1458 1518/1891/1503 1461/1869/1485
f 1443/1840/1459 1511/1879/1495 1470/1870/1486
f 1332/1586/1246 1475/1843/1462 1485/1842/1461
f 1487/1846/1465 1486/1860/1478 1490/1872/1488
f 1452/1847/1466 1491/1892/1504 1476/1873/1489
f 1452/1847/1466 1490/1872/1488 1491/1892/1504
f 1477/1864/1480 1488/1881/1497 1492/1893/1505
f 1478/1874/1490 1480/1876/1492 1488/1881/1497
f 1480/1876/1492 1508/1882/1498 1493/1894/1506
f 1480/1876/1492 1493/1894/1506 1488/1881/1497
f 1494/1883/1469 1596/1895/1507 1516/1884/1453
f 1468/1853/1471 1499/1896/1508 1500/1897/1509
f 1468/1853/1471 1500/1897/1509 1498/1898/1510
f 1468/1853/1471 1498/1898/1510 1458/1852/1470
f 1469/1868/1484 1528/1899/1511 1418/1646/1295
f 1469/1868/1484 1501/1900/1512 1529/1901/1513
f 1469/1868/1484 1529/1901/1513 1528/1899/1511
f 1418/1646/1295 1528/1899/1511 1572/1836/1438
f 1459/1854/1472 1502/1902/1514 1482/1856/1474
f 1459/1854/1472 1481/1878/1494 1502/1902/1514
f 1482/1856/1474 1502/1902/1514 1501/1900/1512
f 1482/1856/1474 1501/1900/1512 1469/1868/1484
f 1470/1870/1486 1518/1891/1503 1462/1839/1458
f 1463/1857/1475 1511/1879/1495 1443/1840/1459
f 1429/1799/1427 1446/1819/1446 1445/1841/1460
f 1429/1799/1427 1445/1841/1460 1471/1903/1515
f 1490/1872/1488 1486/1860/1478 1503/1904/1516
f 1490/1872/1488 1503/1904/1516 1491/1892/1504
f 1476/1873/1489 1491/1892/1504 1522/1905/1517
f 1476/1873/1489 1522/1905/1517 1514/1906/1518
f 1476/1873/1489 1504/1907/1519 1464/1861/1463
f 1488/1881/1497 1506/1908/1520 1492/1893/1505
f 1488/1881/1497 1493/1894/1506 1506/1908/1520
f 1477/1864/1480 1492/1893/1505 1479/1875/1491
f 1508/1882/1498 1507/1909/1521 1493/1894/1506
f 1509/1910/1356 1517/1911/1522 1541/1912/1500
f 1542/1867/1483 1499/1896/1508 1468/1853/1471
f 1498/1898/1510 1481/1878/1494 1458/1852/1470
f 1498/1898/1510 1526/1913/1523 1481/1878/1494
f 1498/1898/1510 1500/1897/1509 1526/1913/1523
f 1511/1879/1495 1484/1880/1496 1470/1870/1486
f 1473/1871/1487 1448/1821/1448 1512/1914/1524
f 1486/1860/1478 1473/1871/1487 1503/1904/1516
f 1491/1892/1504 1503/1904/1516 1513/1915/1525
f 1491/1892/1504 1513/1915/1525 1522/1905/1517
f 1513/1915/1525 1503/1904/1516 1522/1905/1517
f 1492/1893/1505 1515/1916/1526 1479/1875/1491
f 1506/1908/1520 1505/1917/1527 1492/1893/1505
f 1493/1894/1506 1507/1909/1521 1506/1908/1520
f 1437/1772/1403 1496/1877/1493 1436/1833/1454
f 1495/1886/1499 1517/1911/1522 1497/1887/1455
f 1437/1772/1403 1574/1918/1528 1496/1877/1493
f 1497/1887/1455 1517/1911/1522 1509/1910/1356
f 1526/1913/1523 1502/1902/1514 1481/1878/1494
f 1526/1913/1523 1544/1919/1529 1502/1902/1514
f 1526/1913/1523 1543/1920/1530 1544/1919/1529
f 1502/1902/1514 1544/1919/1529 1501/1900/1512
f 1470/1870/1486 1520/1921/1531 1518/1891/1503
f 1470/1870/1486 1532/1922/1532 1520/1921/1531
f 1489/1858/1476 1521/1923/1533 1445/1841/1460
f 1445/1841/1460 1521/1923/1533 1471/1903/1515
f 1472/1760/1394 1564/1924/1534 1448/1821/1448
f 1472/1760/1394 1429/1799/1427 1564/1924/1534
f 1464/1861/1463 1504/1907/1519 1475/1925/1462
f 1503/1904/1516 1535/1926/1535 1522/1905/1517
f 1503/1904/1516 1547/1927/1536 1535/1926/1535
f 1514/1906/1518 1504/1907/1519 1476/1873/1489
f 1522/1905/1517 1535/1926/1535 1536/1928/1537
f 1522/1905/1517 1536/1928/1537 1514/1906/1518
f 1515/1916/1526 1524/1929/1538 1523/1930/1539
f 1492/1893/1505 1505/1917/1527 1515/1916/1526
f 1505/1917/1527 1506/1908/1520 1525/1931/1540
f 1456/1812/1439 1574/1918/1528 1437/1772/1403
f 1499/1896/1508 1526/1913/1523 1500/1897/1509
f 1499/1896/1508 1527/1932/1541 1526/1913/1523
f 1501/1900/1512 1544/1919/1529 1529/1901/1513
f 1518/1891/1503 1520/1921/1531 1519/1890/1502
f 1519/1890/1502 1530/1933/1542 1510/1889/1501
f 1519/1890/1502 1531/1934/1543 1530/1933/1542
f 1484/1880/1496 1532/1922/1532 1470/1870/1486
f 1489/1858/1476 1510/1889/1501 1601/1935/1544
f 1430/1820/1447 1546/1936/1545 1484/1880/1496
f 1471/1903/1515 1521/1923/1533 1533/1937/1546
f 1475/1843/1462 1664/1938/1547 1591/1939/1548
f 1504/1907/1519 1664/1940/1547 1475/1925/1462
f 1504/1907/1519 1534/1941/1549 1664/1940/1547
f 1514/1906/1518 1536/1928/1537 1537/1942/1550
f 1514/1906/1518 1537/1942/1550 1504/1907/1519
f 1515/1916/1526 1538/1943/1551 1479/1875/1491
f 1525/1931/1540 1524/1929/1538 1505/1917/1527
f 1505/1917/1527 1524/1929/1538 1515/1916/1526
f 1525/1931/1540 1539/1944/1552 1524/1945/1538
f 1494/1851/1469 1479/1875/1491 1596/1946/1507
f 1506/1908/1520 1539/1944/1552 1525/1931/1540
f 1507/1909/1521 1539/1944/1552 1506/1908/1520
f 1540/1947/1553 1516/1884/1453 1596/1895/1507
f 1417/1813/1440 1541/1888/1500 1542/1867/1483
f 1529/1901/1513 1545/1948/1554 1528/1899/1511
f 1520/1921/1531 1562/1949/1555 1531/1934/1543
f 1430/1820/1447 1485/1842/1461 1546/1936/1545
f 1473/1871/1487 1547/1927/1536 1503/1904/1516
f 1547/1927/1536 1548/1950/1556 1535/1926/1535
f 1535/1926/1535 1549/1951/1557 1536/1928/1537
f 1535/1926/1535 1548/1950/1556 1550/1952/1558
f 1535/1926/1535 1550/1952/1558 1549/1951/1557
f 1536/1928/1537 1549/1951/1557 1537/1942/1550
f 1537/1942/1550 1551/1953/1559 1504/1907/1519
f 1524/1929/1538 1558/1954/1560 1523/1930/1539
f 1524/1929/1538 1552/1955/1561 1558/1954/1560
f 1524/1945/1538 1539/1944/1552 1552/1955/1561
f 1508/1882/1498 1569/1956/1562 1507/1909/1521
f 1507/1909/1521 1553/1957/1563 1539/1944/1552
f 1507/1909/1521 1569/1956/1562 1553/1957/1563
f 1508/1882/1498 1554/1958/1564 1569/1956/1562
f 1495/1886/1499 1516/1884/1453 1704/1959/1565
f 1572/1811/1438 1574/1918/1528 1456/1812/1439
f 1520/1921/1531 1531/1934/1543 1519/1890/1502
f 1532/1922/1532 1562/1949/1555 1520/1921/1531
f 1532/1922/1532 1555/1960/1566 1562/1949/1555
f 1510/1889/1501 1530/1933/1542 1601/1935/1544
f 1484/1880/1496 1555/1960/1566 1532/1922/1532
f 1484/1880/1496 1556/1961/1567 1555/1960/1566
f 1484/1880/1496 1557/1962/1568 1556/1961/1567
f 1546/1936/1545 1557/1962/1568 1484/1880/1496
f 1448/1821/1448 1564/1924/1534 1512/1914/1524
f 1549/1951/1557 1551/1953/1559 1537/1942/1550
f 1549/1951/1557 1567/1963/1569 1551/1953/1559
f 1523/1930/1539 1538/1943/1551 1515/1916/1526
f 1523/1930/1539 1586/1964/1570 1538/1943/1551
f 1558/1954/1560 1586/1964/1570 1523/1930/1539
f 1558/1954/1560 1559/1965/1571 1586/1964/1570
f 1558/1954/1560 1568/1966/1572 1560/1967/1573
f 1479/1875/1491 1584/1968/1574 1596/1946/1507
f 1539/1944/1552 1553/1957/1563 1552/1955/1561
f 1540/1947/1553 1704/1959/1565 1516/1884/1453
f 1467/1866/1482 1496/1877/1493 1554/1958/1564
f 1467/1866/1482 1554/1958/1564 1508/1882/1498
f 1541/1888/1500 1597/1969/1575 1542/1867/1483
f 1542/1867/1483 1597/1969/1575 1499/1896/1508
f 1527/1932/1541 1543/1920/1530 1526/1913/1523
f 1527/1932/1541 1634/1970/1576 1614/1971/1577
f 1543/1920/1530 1527/1932/1541 1561/1972/1578
f 1543/1920/1530 1561/1972/1578 1544/1919/1529
f 1544/1919/1529 1561/1972/1578 1529/1901/1513
f 1529/1901/1513 1561/1972/1578 1545/1948/1554
f 1485/1842/1461 1663/1973/1579 1546/1936/1545
f 1471/1903/1515 1563/1974/1580 1429/1799/1427
f 1475/1843/1462 1663/1973/1579 1485/1842/1461
f 1475/1843/1462 1591/1939/1548 1663/1973/1579
f 1429/1799/1427 1563/1974/1580 1564/1924/1534
f 1512/1914/1524 1547/1927/1536 1473/1871/1487
f 1512/1914/1524 1565/1975/1581 1547/1927/1536
f 1512/1914/1524 1566/1976/1582 1565/1975/1581
f 1547/1927/1536 1565/1975/1581 1548/1950/1556
f 1548/1950/1556 1565/1975/1581 1579/1977/1583
f 1548/1950/1556 1579/1977/1583 1550/1952/1558
f 1551/1953/1559 1534/1941/1549 1504/1907/1519
f 1551/1953/1559 1582/1978/1584 1534/1941/1549
f 1549/1951/1557 1550/1952/1558 1567/1963/1569
f 1558/1954/1560 1560/1967/1573 1559/1965/1571
f 1538/1943/1551 1584/1968/1574 1479/1875/1491
f 1552/1955/1561 1568/1966/1572 1558/1954/1560
f 1553/1957/1563 1569/1956/1562 1568/1966/1572
f 1553/1957/1563 1568/1966/1572 1552/1955/1561
f 1569/1956/1562 1570/1979/1585 1568/1966/1572
f 1496/1877/1493 1571/1980/1586 1554/1958/1564
f 1574/1918/1528 1571/1980/1586 1496/1877/1493
f 1572/1836/1438 1588/1981/1587 1574/1982/1528
f 1499/1896/1508 1634/1970/1576 1527/1932/1541
f 1528/1899/1511 1545/1948/1554 1589/1983/1588
f 1528/1899/1511 1573/1984/1589 1572/1836/1438
f 1528/1899/1511 1589/1983/1588 1573/1984/1589
f 1527/1932/1541 1614/1971/1577 1561/1972/1578
f 1531/1934/1543 1562/1949/1555 1530/1933/1542
f 1555/1960/1566 1575/1985/1590 1562/1949/1555
f 1555/1960/1566 1556/1961/1567 1575/1985/1590
f 1489/1858/1476 1601/1935/1544 1521/1923/1533
f 1546/1936/1545 1576/1986/1591 1557/1962/1568
f 1471/1903/1515 1533/1937/1546 1563/1974/1580
f 1564/1924/1534 1566/1976/1582 1512/1914/1524
f 1550/1952/1558 1577/1987/1592 1567/1963/1569
f 1550/1952/1558 1578/1988/1593 1577/1987/1592
f 1550/1952/1558 1579/1977/1583 1605/1989/1594
f 1550/1952/1558 1605/1989/1594 1580/1990/1595
f 1550/1952/1558 1580/1990/1595 1578/1988/1593
f 1567/1963/1569 1577/1987/1592 1578/1988/1593
f 1567/1963/1569 1578/1988/1593 1551/1953/1559
f 1551/1953/1559 1581/1991/1596 1582/1978/1584
f 1578/1988/1593 1581/1991/1596 1551/1953/1559
f 1578/1988/1593 1583/1992/1597 1581/1991/1596
f 1538/1943/1551 1586/1964/1570 1585/1993/1598
f 1559/1965/1571 1587/1994/1599 1586/1964/1570
f 1560/1967/1573 1587/1994/1599 1559/1965/1571
f 1560/1967/1573 1570/1979/1585 1587/1994/1599
f 1568/1966/1572 1570/1979/1585 1560/1967/1573
f 1561/1972/1578 1589/1983/1588 1545/1948/1554
f 1562/1949/1555 1590/1995/1600 1530/1933/1542
f 1562/1949/1555 1604/1996/1601 1590/1995/1600
f 1530/1933/1542 1590/1995/1600 1601/1935/1544
f 1546/1936/1545 1624/1997/1602 1576/1986/1591
f 1578/1988/1593 1580/1990/1595 1583/1998/1597
f 1581/1991/1596 1592/1999/1603 1582/1978/1584
f 1583/1998/1597 1580/1990/1595 1592/2000/1603
f 1583/1992/1597 1592/1999/1603 1581/1991/1596
f 1538/1943/1551 1593/2001/1604 1584/1968/1574
f 1538/1943/1551 1594/2002/1605 1593/2001/1604
f 1585/1993/1598 1594/2002/1605 1538/1943/1551
f 1586/1964/1570 1595/2003/1606 1585/1993/1598
f 1586/1964/1570 1612/2004/1607 1595/2003/1606
f 1587/1994/1599 1612/2004/1607 1586/1964/1570
f 1587/1994/1599 1570/1979/1585 1612/2004/1607
f 1499/1896/1508 1597/1969/1575 1634/1970/1576
f 1573/1984/1589 1588/1981/1587 1572/1836/1438
f 1573/1984/1589 1598/2005/1608 1588/1981/1587
f 1614/1971/1577 1599/2006/1609 1561/1972/1578
f 1573/1984/1589 1589/1983/1588 1600/2007/1610
f 1573/1984/1589 1600/2007/1610 1598/2005/1608
f 1590/1995/1600 1602/2008/1611 1601/1935/1544
f 1590/1995/1600 1603/2009/1612 1602/2008/1611
f 1575/1985/1590 1604/1996/1601 1562/1949/1555
f 1556/1961/1567 1557/1962/1568 1575/1985/1590
f 1601/1935/1544 1622/2010/1613 1521/1923/1533
f 1663/1973/1579 1624/1997/1602 1546/1936/1545
f 1565/1975/1581 1566/1976/1582 1579/1977/1583
f 1579/1977/1583 1566/1976/1582 1605/1989/1594
f 1580/1990/1595 1606/2011/1614 1592/2000/1603
f 1605/1989/1594 1606/2011/1614 1580/1990/1595
f 1582/1978/1584 1629/2012/1615 1534/1941/1549
f 1592/2000/1603 1606/2011/1614 1607/2013/1616
f 1592/1999/1603 1607/2014/1616 1582/1978/1584
f 1607/2014/1616 1620/2015/1617 1582/1978/1584
f 1594/2002/1605 1608/2016/1618 1593/2001/1604
f 1594/2002/1605 1609/2017/1619 1608/2016/1618
f 1594/2018/1605 1610/2019/1620 1609/2017/1619
f 1594/2018/1605 1611/2020/1621 1610/2019/1620
f 1585/1993/1598 1611/2020/1621 1594/2018/1605
f 1585/1993/1598 1595/2003/1606 1611/2020/1621
f 1570/1979/1585 1569/1956/1562 1613/2021/1622
f 1570/1979/1585 1613/2021/1622 1612/2004/1607
f 1634/1970/1576 1615/2022/1623 1614/1971/1577
f 1614/1971/1577 1616/2023/1624 1599/2006/1609
f 1614/1971/1577 1615/2022/1623 1616/2023/1624
f 1599/2006/1609 1589/1983/1588 1561/1972/1578
f 1599/2006/1609 1616/2023/1624 1589/1983/1588
f 1589/1983/1588 1616/2023/1624 1600/2007/1610
f 1557/1962/1568 1617/2024/1625 1575/1985/1590
f 1576/1986/1591 1623/2025/1626 1557/1962/1568
f 1521/1923/1533 1662/2026/1627 1533/1937/1546
f 1566/1976/1582 1625/2027/1628 1605/1989/1594
f 1606/2011/1614 1620/2015/1617 1607/2014/1616
f 1606/2011/1614 1619/2028/1629 1620/2015/1617
f 1582/1978/1584 1628/2029/1630 1629/2012/1615
f 1593/2001/1604 1608/2016/1618 1643/2030/1631
f 1593/2001/1604 1643/2030/1631 1584/1968/1574
f 1596/1895/1507 1740/2031/1632 1540/1947/1553
f 1595/2003/1606 1613/2021/1622 1611/2020/1621
f 1612/2004/1607 1613/2021/1622 1595/2003/1606
f 1569/1956/1562 1621/2032/1633 1613/2021/1622
f 1569/1956/1562 1554/1958/1564 1621/2032/1633
f 1495/1886/1499 1768/2033/1634 1517/1911/1522
f 1571/1980/1586 1677/2034/1635 1554/1958/1564
f 1574/1918/1528 1705/2035/1636 1571/1980/1586
f 1574/1918/1528 1588/2036/1587 1705/2035/1636
f 1590/1995/1600 1604/1996/1601 1603/2009/1612
f 1604/1996/1601 1637/2037/1637 1603/2009/1612
f 1575/1985/1590 1637/2037/1637 1604/1996/1601
f 1575/1985/1590 1617/2024/1625 1637/2037/1637
f 1623/2025/1626 1617/2024/1625 1557/1962/1568
f 1521/1923/1533 1622/2010/1613 1662/2026/1627
f 1566/1976/1582 1564/1924/1534 1625/2027/1628
f 1625/2027/1628 1618/2038/1638 1605/1989/1594
f 1605/1989/1594 1618/2038/1638 1606/2011/1614
f 1606/2011/1614 1626/2039/1639 1619/2028/1629
f 1606/2011/1614 1618/2038/1638 1626/2039/1639
f 1619/2028/1629 1626/2039/1639 1627/2040/1640
f 1619/2028/1629 1627/2040/1640 1620/2015/1617
f 1620/2015/1617 1628/2029/1630 1582/1978/1584
f 1620/2015/1617 1627/2040/1640 1628/2029/1630
f 1627/2040/1640 1626/2039/1639 1640/2041/1641
f 1584/1968/1574 1643/2030/1631 1630/2042/1642
f 1609/2017/1619 1631/2043/1643 1608/2016/1618
f 1609/2017/1619 1632/2044/1644 1631/2043/1643
f 1584/1968/1574 1630/2042/1642 1596/1946/1507
f 1609/2017/1619 1610/2019/1620 1632/2044/1644
f 1611/2020/1621 1621/2032/1633 1610/2019/1620
f 1613/2021/1622 1621/2032/1633 1611/2020/1621
f 1704/1959/1565 1768/2033/1634 1495/1886/1499
f 1517/1911/1522 1688/2045/1645 1541/1912/1500
f 1597/2046/1575 1658/2047/1646 1634/2048/1576
f 1634/1970/1576 1658/2049/1646 1659/2050/1647
f 1634/1970/1576 1659/2050/1647 1615/2022/1623
f 1615/2022/1623 1659/2050/1647 1635/2051/1648
f 1615/2022/1623 1600/2007/1610 1616/2023/1624
f 1615/2022/1623 1635/2051/1648 1636/2052/1649
f 1615/2022/1623 1636/2052/1649 1600/2007/1610
f 1600/2007/1610 1636/2052/1649 1598/2005/1608
f 1601/1935/1544 1602/2008/1611 1638/2053/1650
f 1601/1935/1544 1638/2053/1650 1622/2010/1613
f 1617/2024/1625 1639/2054/1651 1637/2037/1637
f 1617/2024/1625 1623/2025/1626 1639/2054/1651
f 1626/2039/1639 1618/2038/1638 1651/2055/1652
f 1627/2040/1640 1640/2041/1641 1628/2029/1630
f 1608/2016/1618 1641/2056/1653 1643/2030/1631
f 1608/2016/1618 1642/2057/1654 1641/2056/1653
f 1608/2016/1618 1656/2058/1655 1642/2057/1654
f 1630/2042/1642 1643/2030/1631 1684/2059/1656
f 1610/2019/1620 1621/2032/1633 1632/2044/1644
f 1705/2035/1636 1645/2060/1657 1690/2061/1658
f 1588/2036/1587 1645/2060/1657 1705/2035/1636
f 1635/2051/1648 1644/2062/1659 1636/2052/1649
f 1598/2005/1608 1636/2052/1649 1645/2063/1657
f 1598/2005/1608 1645/2063/1657 1588/1981/1587
f 1603/2009/1612 1639/2054/1651 1638/2053/1650
f 1603/2009/1612 1638/2053/1650 1602/2008/1611
f 1637/2037/1637 1639/2054/1651 1603/2009/1612
f 1622/2010/1613 1638/2053/1650 1646/2064/1660
f 1622/2010/1613 1647/2065/1661 1662/2026/1627
f 1576/1986/1591 1648/2066/1662 1623/2025/1626
f 1576/1986/1591 1649/2067/1663 1648/2066/1662
f 1576/1986/1591 1694/2068/1664 1649/2067/1663
f 1576/1986/1591 1624/1997/1602 1694/2068/1664
f 1625/2027/1628 1650/2069/1665 1618/2038/1638
f 1626/2039/1639 1651/2055/1652 1652/2070/1666
f 1626/2039/1639 1652/2070/1666 1640/2041/1641
f 1640/2041/1641 1652/2070/1666 1653/2071/1667
f 1640/2041/1641 1654/2072/1668 1628/2029/1630
f 1640/2041/1641 1653/2071/1667 1654/2072/1668
f 1628/2029/1630 1654/2072/1668 1629/2012/1615
f 1629/2012/1615 1655/2073/1669 1534/1941/1549
f 1631/2043/1643 1656/2058/1655 1608/2016/1618
f 1631/2043/1643 1668/2074/1670 1656/2058/1655
f 1596/1946/1507 1685/2075/1671 1740/2076/1632
f 1632/2044/1644 1668/2074/1670 1631/2043/1643
f 1621/2032/1633 1554/1958/1564 1657/2077/1672
f 1768/2033/1634 1688/2045/1645 1517/1911/1522
f 1688/2045/1645 1742/2078/1673 1541/1912/1500
f 1541/1912/1500 1742/2078/1673 1597/2046/1575
f 1597/2046/1575 1742/2078/1673 1689/2079/1674
f 1645/2060/1657 1679/2080/1675 1690/2061/1658
f 1639/2054/1651 1660/2081/1676 1638/2053/1650
f 1638/2053/1650 1680/2082/1677 1646/2064/1660
f 1622/2010/1613 1661/2083/1678 1647/2065/1661
f 1639/2054/1651 1623/2025/1626 1660/2081/1676
f 1564/1924/1534 1650/2069/1665 1625/2027/1628
f 1651/2055/1652 1665/2084/1679 1652/2070/1666
f 1652/2070/1666 1665/2084/1679 1653/2071/1667
f 1653/2071/1667 1673/2085/1680 1654/2072/1668
f 1654/2072/1668 1707/2086/1681 1629/2012/1615
f 1654/2072/1668 1683/2087/1682 1707/2086/1681
f 1656/2058/1655 1668/2074/1670 1667/2088/1683
f 1630/2042/1642 1685/2075/1671 1596/1946/1507
f 1630/2042/1642 1684/2059/1656 1669/2089/1684
f 1632/2044/1644 1676/2090/1685 1668/2074/1670
f 1597/2046/1575 1689/2079/1674 1658/2047/1646
f 1659/2091/1647 1670/2092/1686 1644/2093/1659
f 1659/2091/1647 1710/2094/1687 1670/2092/1686
f 1659/2050/1647 1644/2062/1659 1635/2051/1648
f 1644/2062/1659 1645/2063/1657 1636/2052/1649
f 1644/2095/1659 1679/2080/1675 1645/2060/1657
f 1623/2025/1626 1671/2096/1688 1660/2081/1676
f 1623/2025/1626 1648/2066/1662 1671/2096/1688
f 1646/2064/1660 1661/2083/1678 1622/2010/1613
f 1646/2064/1660 1680/2082/1677 1661/2083/1678
f 1618/2038/1638 1650/2069/1665 1651/2055/1652
f 1651/2055/1652 1650/2069/1665 1665/2084/1679
f 1665/2084/1679 1666/2097/1689 1653/2071/1667
f 1665/2084/1679 1672/2098/1690 1666/2097/1689
f 1653/2071/1667 1666/2097/1689 1673/2099/1680
f 1707/2086/1681 1655/2073/1669 1629/2012/1615
f 1707/2086/1681 1738/2100/1691 1655/2073/1669
f 1673/2099/1680 1666/2097/1689 1683/2087/1682
f 1673/2085/1680 1683/2087/1682 1654/2072/1668
f 1684/2059/1656 1674/2101/1692 1669/2089/1684
f 1643/2030/1631 1641/2056/1653 1684/2059/1656
f 1642/2057/1654 1675/2102/1693 1641/2056/1653
f 1656/2058/1655 1667/2088/1683 1642/2057/1654
f 1667/2088/1683 1676/2090/1685 1642/2057/1654
f 1668/2074/1670 1676/2090/1685 1667/2088/1683
f 1621/2032/1633 1676/2090/1685 1632/2044/1644
f 1621/2032/1633 1657/2077/1672 1676/2090/1685
f 1678/2103/1694 1679/2080/1675 1644/2095/1659
f 1644/2093/1659 1670/2092/1686 1678/2104/1694
f 1660/2081/1676 1671/2096/1688 1638/2053/1650
f 1638/2053/1650 1671/2096/1688 1680/2082/1677
f 1591/1939/1548 1681/2105/1695 1663/1973/1579
f 1664/1938/1547 1747/2106/1696 1591/1939/1548
f 1534/1941/1549 1655/2073/1669 1664/2107/1547
f 1666/2097/1689 1672/2098/1690 1700/2108/1697
f 1666/2097/1689 1682/2109/1698 1683/2087/1682
f 1666/2097/1689 1700/2108/1697 1682/2109/1698
f 1684/2059/1656 1675/2102/1693 1674/2101/1692
f 1669/2089/1684 1685/2075/1671 1630/2042/1642
f 1641/2056/1653 1675/2102/1693 1684/2059/1656
f 1642/2057/1654 1676/2090/1685 1686/2110/1699
f 1642/2057/1654 1687/2111/1700 1675/2102/1693
f 1642/2057/1654 1686/2110/1699 1687/2111/1700
f 1554/1958/1564 1633/2112/1701 1657/2077/1672
f 1658/2047/1646 1689/2079/1674 1720/2113/1702
f 1658/2047/1646 1710/2094/1687 1659/2091/1647
f 1680/2082/1677 1691/2114/1703 1661/2083/1678
f 1648/2066/1662 1649/2067/1663 1692/2115/1704
f 1648/2066/1662 1692/2115/1704 1671/2096/1688
f 1649/2067/1663 1691/2114/1703 1692/2115/1704
f 1649/2067/1663 1693/2116/1705 1691/2114/1703
f 1649/2067/1663 1694/2068/1664 1693/2116/1705
f 1624/1997/1602 1695/2117/1706 1694/2068/1664
f 1663/1973/1579 1695/2117/1706 1624/1997/1602
f 1663/1973/1579 1696/2118/1707 1695/2117/1706
f 1533/1937/1546 1697/2119/1708 1563/1974/1580
f 1747/2106/1696 1681/2105/1695 1591/1939/1548
f 1564/1924/1534 1698/2120/1709 1650/2069/1665
f 1650/2069/1665 1672/2098/1690 1665/2084/1679
f 1650/2069/1665 1698/2120/1709 1699/2121/1710
f 1650/2069/1665 1699/2121/1710 1672/2098/1690
f 1672/2098/1690 1699/2121/1710 1700/2108/1697
f 1683/2087/1682 1708/2122/1711 1712/2123/1712
f 1683/2087/1682 1712/2123/1712 1707/2086/1681
f 1682/2109/1698 1708/2122/1711 1683/2087/1682
f 1682/2109/1698 1700/2108/1697 1708/2122/1711
f 1669/2089/1684 1701/2124/1713 1685/2075/1671
f 1669/2089/1684 1702/2125/1714 1701/2124/1713
f 1674/2101/1692 1686/2110/1699 1703/2126/1715
f 1675/2102/1693 1687/2111/1700 1674/2101/1692
f 1689/2079/1674 1742/2078/1673 1743/2127/1716
f 1690/2128/1658 1670/2092/1686 1706/2129/1717
f 1690/2128/1658 1679/2130/1675 1670/2092/1686
f 1690/2128/1658 1721/2131/1718 1733/2132/1719
f 1679/2130/1675 1678/2104/1694 1670/2092/1686
f 1671/2096/1688 1692/2115/1704 1680/2082/1677
f 1674/2101/1692 1716/2133/1720 1702/2125/1714
f 1674/2101/1692 1702/2125/1714 1669/2089/1684
f 1674/2101/1692 1703/2134/1715 1716/2133/1720
f 1687/2111/1700 1686/2110/1699 1674/2101/1692
f 1685/2075/1671 1701/2124/1713 1740/2076/1632
f 1686/2110/1699 1676/2090/1685 1709/2135/1721
f 1658/2047/1646 1720/2113/1702 1710/2094/1687
f 1710/2094/1687 1721/2131/1718 1670/2092/1686
f 1680/2082/1677 1692/2115/1704 1691/2114/1703
f 1661/2083/1678 1691/2114/1703 1736/2136/1722
f 1695/2117/1706 1745/2137/1723 1694/2068/1664
f 1663/1973/1579 1798/2138/1724 1696/2118/1707
f 1699/2121/1710 1711/2139/1725 1700/2108/1697
f 1699/2121/1710 1737/2140/1726 1711/2139/1725
f 1700/2108/1697 1711/2139/1725 1708/2122/1711
f 1707/2086/1681 1713/2141/1727 1738/2100/1691
f 1712/2123/1712 1713/2142/1727 1707/2086/1681
f 1712/2123/1712 1714/2143/1728 1713/2142/1727
f 1716/2133/1720 1703/2134/1715 1715/2144/1729
f 1715/2144/1729 1731/2145/1730 1716/2133/1720
f 1715/2144/1729 1717/2146/1731 1731/2145/1730
f 1715/2144/1729 1741/2147/1732 1717/2146/1731
f 1703/2126/1715 1709/2135/1721 1719/2148/1733
f 1703/2126/1715 1719/2148/1733 1715/2144/1729
f 1686/2110/1699 1709/2135/1721 1703/2126/1715
f 1709/2135/1721 1676/2090/1685 1718/2149/1734
f 1709/2135/1721 1718/2149/1734 1719/2148/1733
f 1704/1959/1565 1892/2150/1735 1768/2033/1634
f 1689/2079/1674 1762/2151/1736 1720/2113/1702
f 1743/2127/1716 1762/2151/1736 1689/2079/1674
f 1705/2035/1636 1752/2152/1737 1571/1980/1586
f 1710/2094/1687 1732/2153/1738 1721/2131/1718
f 1690/2128/1658 1733/2132/1719 1705/2154/1636
f 1721/2131/1718 1706/2129/1717 1670/2092/1686
f 1706/2129/1717 1721/2131/1718 1690/2128/1658
f 1691/2114/1703 1735/2155/1739 1736/2136/1722
f 1694/2068/1664 1722/2156/1740 1693/2116/1705
f 1696/2118/1707 1745/2137/1723 1695/2117/1706
f 1647/2065/1661 1789/2157/1741 1662/2026/1627
f 1663/1973/1579 1681/2105/1695 1798/2138/1724
f 1564/1924/1534 1723/2158/1742 1698/2120/1709
f 1699/2121/1710 1698/2120/1709 1737/2140/1726
f 1711/2139/1725 1737/2140/1726 1724/2159/1743
f 1711/2139/1725 1724/2159/1743 1708/2122/1711
f 1708/2122/1711 1726/2160/1744 1712/2123/1712
f 1708/2122/1711 1724/2159/1743 1726/2160/1744
f 1738/2100/1691 1725/2161/1745 1655/2073/1669
f 1726/2160/1744 1714/2143/1728 1712/2123/1712
f 1713/2142/1727 1714/2143/1728 1748/2162/1746
f 1702/2125/1714 1716/2133/1720 1727/2163/1747
f 1702/2125/1714 1729/2164/1748 1728/2165/1749
f 1702/2125/1714 1730/2166/1750 1729/2164/1748
f 1702/2125/1714 1727/2163/1747 1730/2166/1750
f 1728/2165/1749 1701/2124/1713 1702/2125/1714
f 1716/2133/1720 1731/2145/1730 1727/2163/1747
f 1731/2145/1730 1739/2167/1751 1727/2163/1747
f 1731/2145/1730 1750/2168/1752 1739/2167/1751
f 1701/2124/1713 1728/2165/1749 1740/2076/1632
f 1719/2148/1733 1741/2147/1732 1715/2144/1729
f 1676/2090/1685 1657/2077/1672 1718/2149/1734
f 1554/1958/1564 1677/2034/1635 1633/2112/1701
f 1721/2131/1718 1734/2169/1753 1733/2132/1719
f 1693/2116/1705 1735/2155/1739 1691/2114/1703
f 1693/2116/1705 1722/2156/1740 1735/2155/1739
f 1661/2083/1678 1788/2170/1754 1647/2065/1661
f 1661/2083/1678 1736/2136/1722 1788/2170/1754
f 1724/2159/1743 1737/2140/1726 1726/2160/1744
f 1713/2171/1727 1748/2162/1746 1738/2100/1691
f 1728/2165/1749 1729/2164/1748 1740/2076/1632
f 1719/2148/1733 1718/2149/1734 1741/2147/1732
f 1688/2045/1645 1768/2033/1634 1742/2078/1673
f 1705/2154/1636 1755/2172/1755 1752/2173/1737
f 1720/2113/1702 1732/2153/1738 1710/2094/1687
f 1720/2113/1702 1753/2174/1756 1732/2153/1738
f 1732/2153/1738 1734/2169/1753 1721/2131/1718
f 1734/2169/1753 1732/2153/1738 1733/2132/1719
f 1745/2137/1723 1722/2156/1740 1694/2068/1664
f 1745/2137/1723 1744/2175/1757 1722/2156/1740
f 1696/2118/1707 1798/2138/1724 1745/2137/1723
f 1698/2120/1709 1746/2176/1758 1737/2140/1726
f 1698/2120/1709 1723/2158/1742 1746/2176/1758
f 1655/2073/1669 1747/2177/1696 1664/2107/1547
f 1726/2160/1744 1737/2140/1726 1758/2178/1759
f 1726/2160/1744 1758/2178/1759 1714/2143/1728
f 1738/2100/1691 1749/2179/1760 1725/2161/1745
f 1748/2162/1746 1760/2180/1761 1749/2179/1760
f 1748/2162/1746 1749/2179/1760 1738/2100/1691
f 1717/2146/1731 1741/2147/1732 1750/2168/1752
f 1717/2146/1731 1750/2168/1752 1731/2145/1730
f 1540/1947/1553 1892/2150/1735 1704/1959/1565
f 1741/2147/1732 1751/2181/1762 1750/2168/1752
f 1741/2147/1732 1718/2149/1734 1751/2181/1762
f 1633/2112/1701 1926/2182/1763 1657/2077/1672
f 1633/2112/1701 1677/2034/1635 1819/2183/1764
f 1571/1980/1586 1752/2152/1737 1677/2034/1635
f 1720/2113/1702 1769/2184/1765 1753/2174/1756
f 1732/2153/1738 1753/2174/1756 1733/2132/1719
f 1733/2132/1719 1753/2174/1756 1754/2185/1766
f 1733/2132/1719 1755/2172/1755 1705/2154/1636
f 1733/2132/1719 1754/2185/1766 1755/2172/1755
f 1647/2065/1661 1788/2170/1754 1789/2157/1741
f 1722/2156/1740 1756/2186/1767 1735/2155/1739
f 1722/2156/1740 1744/2175/1757 1756/2186/1767
f 1662/2026/1627 1757/2187/1768 1533/1937/1546
f 1789/2157/1741 1757/2187/1768 1662/2026/1627
f 1533/1937/1546 1757/2187/1768 1697/2119/1708
f 1563/1974/1580 1813/2188/1769 1564/1924/1534
f 1758/2178/1759 1763/2189/1770 1714/2143/1728
f 1714/2143/1728 1760/2180/1761 1748/2162/1746
f 1714/2143/1728 1759/2190/1771 1760/2180/1761
f 1760/2180/1761 1771/2191/1772 1749/2179/1760
f 1749/2179/1760 1771/2191/1772 1725/2161/1745
f 1729/2164/1748 1730/2166/1750 1761/2192/1773
f 1727/2163/1747 1765/2193/1774 1730/2166/1750
f 1727/2163/1747 1739/2167/1751 1765/2193/1774
f 1750/2168/1752 1751/2181/1762 1739/2167/1751
f 1762/2151/1736 1769/2184/1765 1720/2113/1702
f 1736/2136/1722 1756/2194/1767 1788/2170/1754
f 1745/2137/1723 1778/2195/1775 1744/2175/1757
f 1564/1924/1534 1813/2188/1769 1723/2158/1742
f 1737/2140/1726 1746/2176/1758 1758/2178/1759
f 1758/2178/1759 1746/2176/1758 1763/2189/1770
f 1763/2189/1770 1759/2190/1771 1714/2143/1728
f 1761/2192/1773 1764/2196/1776 1729/2164/1748
f 1739/2167/1751 1751/2181/1762 1766/2197/1777
f 1739/2167/1751 1766/2197/1777 1765/2193/1774
f 1740/2076/1632 1729/2164/1748 1764/2196/1776
f 1740/2076/1632 1764/2196/1776 1784/2198/1778
f 1740/2031/1632 1784/2199/1778 1540/1947/1553
f 1751/2181/1762 1718/2149/1734 1767/2200/1779
f 1633/2112/1701 1819/2183/1764 1926/2182/1763
f 1677/2034/1635 1752/2152/1737 1803/2201/1780
f 1755/2172/1755 1786/2202/1781 1752/2173/1737
f 1769/2184/1765 1775/2203/1782 1753/2174/1756
f 1753/2174/1756 1775/2203/1782 1754/2185/1766
f 1735/2155/1739 1756/2194/1767 1736/2136/1722
f 1746/2176/1758 1723/2158/1742 1790/2204/1783
f 1746/2176/1758 1759/2190/1771 1763/2189/1770
f 1746/2176/1758 1779/2205/1784 1759/2190/1771
f 1746/2176/1758 1790/2204/1783 1779/2205/1784
f 1759/2190/1771 1779/2205/1784 1809/2206/1785
f 1759/2190/1771 1770/2207/1786 1760/2180/1761
f 1759/2190/1771 1809/2206/1785 1770/2207/1786
f 1760/2180/1761 1770/2207/1786 1771/2191/1772
f 1725/2161/1745 1771/2191/1772 1772/2208/1787
f 1725/2161/1745 1772/2208/1787 1655/2073/1669
f 1771/2191/1772 1770/2207/1786 1781/2209/1788
f 1761/2192/1773 1792/2210/1789 1764/2196/1776
f 1730/2166/1750 1765/2193/1774 1773/2211/1790
f 1765/2193/1774 1774/2212/1791 1773/2211/1790
f 1540/1947/1553 1784/2199/1778 1892/2150/1735
f 1751/2181/1762 1767/2200/1779 1766/2197/1777
f 1755/2172/1755 1754/2185/1766 1787/2213/1792
f 1755/2172/1755 1787/2213/1792 1786/2202/1781
f 1756/2194/1767 1776/2214/1793 1788/2170/1754
f 1756/2186/1767 1744/2175/1757 1776/2214/1793
f 1744/2175/1757 1777/2215/1794 1776/2214/1793
f 1798/2138/1724 1778/2195/1775 1745/2137/1723
f 1770/2207/1786 1809/2206/1785 1780/2216/1795
f 1770/2207/1786 1780/2216/1795 1781/2209/1788
f 1771/2191/1772 1781/2209/1788 1772/2208/1787
f 1655/2073/1669 1772/2208/1787 1782/2217/1796
f 1730/2166/1750 1792/2210/1789 1761/2192/1773
f 1730/2166/1750 1783/2218/1797 1792/2210/1789
f 1730/2166/1750 1773/2211/1790 1783/2218/1797
f 1766/2197/1777 1774/2212/1791 1765/2193/1774
f 1718/2149/1734 1657/2077/1672 1767/2200/1779
f 1768/2033/1634 1830/2219/1798 1742/2078/1673
f 1762/2151/1736 1811/2220/1799 1785/2221/1800
f 1762/2151/1736 1785/2221/1800 1769/2184/1765
f 1769/2184/1765 1785/2221/1800 1775/2203/1782
f 1775/2203/1782 1785/2221/1800 1754/2185/1766
f 1754/2185/1766 1785/2221/1800 1820/2222/1801
f 1776/2214/1793 1777/2215/1794 1788/2170/1754
f 1655/2073/1669 1782/2217/1796 1747/2177/1696
f 1780/2216/1795 1791/2223/1802 1781/2209/1788
f 1780/2216/1795 1799/2224/1803 1791/2223/1802
f 1781/2209/1788 1791/2223/1802 1772/2208/1787
f 1783/2218/1797 1773/2211/1790 1810/2225/1804
f 1783/2218/1797 1810/2225/1804 1792/2210/1789
f 1764/2196/1776 1827/2226/1805 1784/2198/1778
f 1764/2196/1776 1793/2227/1806 1827/2226/1805
f 1773/2211/1790 1774/2212/1791 1794/2228/1807
f 1767/2200/1779 1774/2212/1791 1766/2197/1777
f 1743/2127/1716 1811/2220/1799 1762/2151/1736
f 1820/2222/1801 1787/2213/1792 1754/2185/1766
f 1788/2170/1754 1795/2229/1808 1789/2157/1741
f 1788/2170/1754 1796/2230/1809 1795/2229/1808
f 1777/2215/1794 1797/2231/1810 1796/2230/1809
f 1744/2175/1757 1797/2231/1810 1777/2215/1794
f 1723/2158/1742 1910/2232/1811 1790/2204/1783
f 1809/2206/1785 1799/2224/1803 1780/2216/1795
f 1782/2217/1796 1826/2233/1812 1747/2177/1696
f 1772/2208/1787 1800/2234/1813 1782/2217/1796
f 1791/2223/1802 1799/2224/1803 1801/2235/1814
f 1791/2223/1802 1801/2235/1814 1772/2208/1787
f 1792/2210/1789 1793/2227/1806 1764/2196/1776
f 1792/2210/1789 1810/2225/1804 1793/2227/1806
f 1773/2211/1790 1794/2228/1807 1810/2225/1804
f 1767/2200/1779 1794/2228/1807 1774/2212/1791
f 1892/2150/1735 1830/2219/1798 1768/2033/1634
f 1819/2183/1764 1802/2236/1815 1926/2182/1763
f 1743/2127/1716 1818/2237/1816 1811/2220/1799
f 1811/2220/1799 1804/2238/1817 1785/2221/1800
f 1811/2220/1799 1805/2239/1818 1804/2238/1817
f 1787/2213/1792 1806/2240/1819 1786/2202/1781
f 1786/2202/1781 1806/2240/1819 1752/2173/1737
f 1777/2215/1794 1796/2230/1809 1788/2170/1754
f 1795/2229/1808 1807/2241/1820 1789/2157/1741
f 1778/2195/1775 1797/2231/1810 1744/2175/1757
f 1723/2158/1742 1813/2188/1769 1910/2232/1811
f 1747/2106/1696 1903/2242/1821 1681/2105/1695
f 1790/2204/1783 1808/2243/1822 1779/2205/1784
f 1779/2205/1784 1808/2243/1822 1809/2206/1785
f 1801/2235/1814 1800/2244/1813 1772/2208/1787
f 1801/2235/1814 1815/2245/1823 1800/2244/1813
f 1801/2235/1814 1824/2246/1824 1843/2247/1825
f 1801/2235/1814 1843/2247/1825 1815/2245/1823
f 1784/2198/1778 1827/2226/1805 1846/2248/1826
f 1742/2078/1673 1830/2219/1798 1818/2237/1816
f 1742/2078/1673 1818/2237/1816 1743/2127/1716
f 1785/2221/1800 1804/2238/1817 1820/2222/1801
f 1795/2229/1808 1796/2230/1809 1807/2241/1820
f 1807/2241/1820 1812/2249/1827 1789/2157/1741
f 1807/2241/1820 1821/2250/1828 1812/2249/1827
f 1789/2157/1741 1898/2251/1829 1757/2187/1768
f 1789/2157/1741 1850/2252/1830 1898/2251/1829
f 1799/2224/1803 1814/2253/1831 1801/2235/1814
f 1800/2234/1813 1826/2233/1812 1782/2217/1796
f 1814/2253/1831 1824/2246/1824 1801/2235/1814
f 1815/2245/1823 1826/2233/1812 1800/2234/1813
f 1793/2227/1806 1828/2254/1832 1827/2226/1805
f 1793/2227/1806 1816/2255/1833 1828/2254/1832
f 1810/2225/1804 1816/2255/1833 1793/2227/1806
f 1810/2225/1804 1817/2256/1834 1816/2255/1833
f 1784/2199/1778 1845/2257/1835 1892/2150/1735
f 1794/2228/1807 1817/2256/1834 1810/2225/1804
f 1794/2228/1807 1829/2258/1836 1817/2256/1834
f 1767/2200/1779 1871/2259/1837 1794/2228/1807
f 1794/2228/1807 1871/2259/1837 1829/2258/1836
f 1657/2077/1672 1926/2182/1763 1959/2260/1838
f 1804/2238/1817 1805/2239/1818 1833/2261/1839
f 1804/2238/1817 1833/2261/1839 1820/2222/1801
f 1752/2173/1737 1806/2240/1819 1835/2262/1840
f 1752/2173/1737 1835/2262/1840 1803/2263/1780
f 1820/2222/1801 1806/2240/1819 1787/2213/1792
f 1807/2241/1820 1796/2230/1809 1821/2250/1828
f 1796/2230/1809 1822/2264/1841 1821/2250/1828
f 1812/2249/1827 1836/2265/1842 1849/2266/1843
f 1812/2249/1827 1849/2266/1843 1850/2252/1830
f 1812/2249/1827 1850/2252/1830 1789/2157/1741
f 1797/2231/1810 1822/2264/1841 1796/2230/1809
f 1778/2195/1775 1823/2267/1844 1797/2231/1810
f 1790/2204/1783 1910/2232/1811 1808/2243/1822
f 1799/2224/1803 1824/2246/1824 1814/2253/1831
f 1799/2224/1803 1809/2206/1785 1842/2268/1845
f 1799/2224/1803 1842/2268/1845 1853/2269/1846
f 1799/2224/1803 1853/2269/1846 1824/2246/1824
f 1815/2245/1823 1843/2247/1825 1855/2270/1847
f 1815/2245/1823 1855/2270/1847 1826/2233/1812
f 1824/2246/1824 1853/2269/1846 1843/2247/1825
f 1827/2226/1805 1828/2254/1832 1847/2271/1848
f 1817/2256/1834 1829/2258/1836 1816/2255/1833
f 1818/2237/1816 1831/2272/1849 1832/2273/1850
f 1818/2237/1816 1832/2273/1850 1811/2220/1799
f 1820/2222/1801 1835/2262/1840 1806/2240/1819
f 1820/2222/1801 1833/2261/1839 1834/2274/1851
f 1821/2250/1828 1836/2275/1842 1812/2249/1827
f 1821/2250/1828 1822/2264/1841 1836/2275/1842
f 1822/2264/1841 1797/2231/1810 1837/2276/1852
f 1823/2267/1844 1838/2277/1853 1797/2231/1810
f 1823/2267/1844 1839/2278/1854 1838/2277/1853
f 1823/2267/1844 1840/2279/1855 1839/2278/1854
f 1563/1974/1580 1697/2119/1708 1813/2188/1769
f 1798/2138/1724 1870/2280/1856 1778/2195/1775
f 1808/2243/1822 1841/2281/1857 1809/2206/1785
f 1809/2206/1785 1841/2281/1857 1842/2268/1845
f 1747/2177/1696 1825/2282/1858 1903/2283/1821
f 1826/2233/1812 1825/2282/1858 1747/2177/1696
f 1826/2233/1812 1844/2284/1859 1825/2282/1858
f 1846/2248/1826 1845/2285/1835 1784/2198/1778
f 1846/2248/1826 1860/2286/1860 1845/2285/1835
f 1827/2226/1805 1847/2271/1848 1846/2248/1826
f 1828/2254/1832 1816/2255/1833 1847/2271/1848
f 1816/2255/1833 1829/2258/1836 1848/2287/1861
f 1816/2255/1833 1848/2287/1861 1847/2271/1848
f 1803/2201/1780 1819/2183/1764 1677/2034/1635
f 1811/2220/1799 1832/2273/1850 1805/2239/1818
f 1836/2275/1842 1837/2276/1852 1849/2266/1843
f 1822/2264/1841 1837/2276/1852 1836/2275/1842
f 1849/2266/1843 1851/2288/1862 1850/2252/1830
f 1837/2276/1852 1852/2289/1863 1849/2266/1843
f 1797/2231/1810 1852/2289/1863 1837/2276/1852
f 1797/2231/1810 1838/2277/1853 1852/2289/1863
f 1870/2280/1856 1823/2267/1844 1778/2195/1775
f 1681/2105/1695 1903/2242/1821 1798/2138/1724
f 1842/2268/1845 1854/2290/1864 1853/2269/1846
f 1825/2282/1858 1887/2291/1865 1903/2283/1821
f 1853/2269/1846 1857/2292/1866 1843/2247/1825
f 1857/2292/1866 1855/2270/1847 1843/2247/1825
f 1857/2292/1866 1853/2269/1846 1854/2290/1864
f 1857/2292/1866 1854/2290/1864 1856/2293/1867
f 1855/2270/1847 1844/2284/1859 1826/2233/1812
f 1855/2270/1847 1857/2292/1866 1858/2294/1868
f 1855/2270/1847 1858/2294/1868 1859/2295/1869
f 1855/2270/1847 1859/2295/1869 1844/2284/1859
f 1846/2248/1826 1861/2296/1870 1860/2286/1860
f 1847/2271/1848 1861/2296/1870 1846/2248/1826
f 1847/2271/1848 1862/2297/1871 1861/2296/1870
f 1847/2271/1848 1848/2287/1861 1862/2297/1871
f 1848/2287/1861 1829/2258/1836 1863/2298/1872
f 1657/2077/1672 1871/2259/1837 1767/2200/1779
f 1830/2219/1798 1895/2299/1873 1818/2237/1816
f 1803/2263/1780 1864/2300/1874 1819/2301/1764
f 1803/2263/1780 1865/2302/1875 1864/2300/1874
f 1805/2239/1818 1866/2303/1876 1833/2261/1839
f 1835/2262/1840 1873/2304/1877 1865/2302/1875
f 1835/2262/1840 1865/2302/1875 1803/2263/1780
f 1833/2261/1839 1866/2303/1876 1834/2274/1851
f 1834/2274/1851 1835/2262/1840 1820/2222/1801
f 1834/2274/1851 1866/2303/1876 1867/2305/1878
f 1834/2274/1851 1873/2304/1877 1835/2262/1840
f 1834/2274/1851 1867/2305/1878 1873/2304/1877
f 1849/2266/1843 1852/2289/1863 1851/2288/1862
f 1850/2252/1830 1899/2306/1879 1898/2251/1829
f 1850/2252/1830 1875/2307/1880 1899/2306/1879
f 1838/2277/1853 1868/2308/1881 1852/2289/1863
f 1838/2277/1853 1874/2309/1882 1868/2308/1881
f 1838/2277/1853 1839/2278/1854 1874/2309/1882
f 1757/2187/1768 1869/2310/1883 1697/2119/1708
f 1757/2187/1768 1898/2251/1829 1869/2310/1883
f 1910/2232/1811 1841/2281/1857 1808/2243/1822
f 1842/2268/1845 1885/2311/1884 1854/2290/1864
f 1842/2268/1845 1841/2281/1857 1885/2311/1884
f 1844/2284/1859 1859/2295/1869 1887/2291/1865
f 1844/2284/1859 1887/2291/1865 1825/2282/1858
f 1858/2294/1868 1877/2312/1885 1859/2295/1869
f 1861/2296/1870 1862/2297/1871 1879/2313/1886
f 1860/2286/1860 1861/2296/1870 1878/2314/1887
f 1845/2285/1835 1860/2286/1860 1878/2314/1887
f 1818/2237/1816 1895/2299/1873 1831/2272/1849
f 1832/2273/1850 1906/2315/1888 1872/2316/1889
f 1805/2239/1818 1832/2273/1850 1866/2303/1876
f 1851/2288/1862 1874/2309/1882 1850/2252/1830
f 1851/2288/1862 1868/2308/1881 1874/2309/1882
f 1852/2289/1863 1868/2308/1881 1851/2288/1862
f 1874/2309/1882 1875/2307/1880 1850/2252/1830
f 1874/2309/1882 1839/2278/1854 1875/2307/1880
f 1854/2290/1864 1885/2311/1884 1856/2293/1867
f 1856/2293/1867 1877/2312/1885 1857/2292/1866
f 1856/2293/1867 1885/2311/1884 1889/2317/1890
f 1856/2293/1867 1889/2317/1890 1877/2312/1885
f 1857/2292/1866 1877/2312/1885 1858/2294/1868
f 1859/2295/1869 1876/2318/1891 1887/2291/1865
f 1861/2296/1870 1879/2313/1886 1878/2314/1887
f 1878/2314/1887 1891/2319/1892 1845/2285/1835
f 1862/2297/1871 1863/2298/1872 1879/2313/1886
f 1848/2287/1861 1863/2298/1872 1862/2297/1871
f 1829/2258/1836 1871/2259/1837 1863/2298/1872
f 1831/2272/1849 1906/2315/1888 1832/2273/1850
f 1819/2183/1764 1941/2320/1893 1802/2236/1815
f 1864/2300/1874 1941/2321/1893 1819/2301/1764
f 1864/2300/1874 1880/2322/1894 1941/2321/1893
f 1866/2303/1876 1832/2273/1850 1867/2305/1878
f 1865/2302/1875 1873/2304/1877 1864/2300/1874
f 1875/2307/1880 1839/2278/1854 1881/2323/1895
f 1839/2278/1854 1840/2279/1855 1881/2323/1895
f 1823/2267/1844 1884/2324/1896 1883/2325/1897
f 1823/2267/1844 1883/2325/1897 1840/2279/1855
f 1823/2267/1844 1870/2280/1856 1884/2324/1896
f 1903/2242/1821 1870/2280/1856 1798/2138/1724
f 1885/2311/1884 1886/2326/1898 1889/2317/1890
f 1889/2317/1890 1888/2327/1899 1877/2312/1885
f 1877/2312/1885 1888/2327/1899 1890/2328/1900
f 1877/2312/1885 1876/2318/1891 1859/2295/1869
f 1877/2312/1885 1890/2328/1900 1876/2318/1891
f 1888/2327/1899 1889/2317/1890 1890/2328/1900
f 1891/2329/1892 1892/2150/1735 1845/2257/1835
f 1878/2314/1887 1879/2313/1886 1893/2330/1901
f 1878/2314/1887 1894/2331/1902 1891/2319/1892
f 1878/2314/1887 1893/2330/1901 1894/2331/1902
f 1892/2150/1735 1915/2332/1903 1895/2299/1873
f 1892/2150/1735 1895/2299/1873 1830/2219/1798
f 1832/2273/1850 1872/2316/1889 1867/2305/1878
f 1873/2304/1877 1867/2305/1878 1897/2333/1904
f 1899/2306/1879 1907/2334/1905 1898/2251/1829
f 1840/2279/1855 1882/2335/1906 1881/2323/1895
f 1840/2279/1855 1883/2325/1897 1882/2335/1906
f 1898/2251/1829 1921/2336/1907 1869/2310/1883
f 1884/2324/1896 1900/2337/1908 1883/2325/1897
f 1813/2188/1769 1901/2338/1909 1910/2232/1811
f 1841/2281/1857 1902/2339/1910 1885/2311/1884
f 1885/2311/1884 1902/2339/1910 1886/2326/1898
f 1903/2283/1821 1887/2291/1865 1933/2340/1911
f 1876/2318/1891 1890/2328/1900 1914/2341/1912
f 1890/2328/1900 1912/2342/1913 1914/2341/1912
f 1876/2318/1891 1914/2341/1912 1913/2343/1914
f 1876/2318/1891 1913/2343/1914 1887/2291/1865
f 1863/2298/1872 1896/2344/1915 1879/2313/1886
f 1863/2298/1872 1871/2259/1837 1904/2345/1916
f 1863/2298/1872 1904/2345/1916 1896/2344/1915
f 1831/2272/1849 1905/2346/1917 1906/2315/1888
f 1831/2272/1849 1925/2347/1918 1905/2346/1917
f 1880/2322/1894 1864/2300/1874 1920/2348/1919
f 1867/2305/1878 1872/2316/1889 1919/2349/1920
f 1864/2300/1874 1897/2333/1904 1919/2349/1920
f 1864/2300/1874 1873/2304/1877 1897/2333/1904
f 1864/2300/1874 1919/2349/1920 1920/2348/1919
f 1867/2305/1878 1919/2349/1920 1897/2333/1904
f 1881/2323/1895 1899/2306/1879 1875/2307/1880
f 1881/2323/1895 1882/2335/1906 1899/2306/1879
f 1899/2306/1879 1908/2350/1921 1907/2334/1905
f 1882/2335/1906 1908/2350/1921 1899/2306/1879
f 1883/2325/1897 1909/2351/1922 1908/2350/1921
f 1883/2325/1897 1908/2350/1921 1882/2335/1906
f 1883/2325/1897 1954/2352/1923 1909/2351/1922
f 1883/2325/1897 1900/2337/1908 1954/2352/1923
f 1870/2280/1856 1903/2242/1821 1884/2324/1896
f 1887/2291/1865 1913/2343/1914 1934/2353/1924
f 1889/2317/1890 1912/2342/1913 1890/2328/1900
f 1889/2317/1890 1886/2326/1898 1911/2354/1925
f 1889/2317/1890 1911/2354/1925 1912/2342/1913
f 1891/2355/1892 1924/2356/1926 1915/2332/1903
f 1891/2355/1892 1915/2332/1903 1892/2150/1735
f 1891/2357/1892 1894/2331/1902 1924/2358/1926
f 1893/2330/1901 1916/2359/1927 1894/2331/1902
f 1879/2313/1886 1916/2359/1927 1893/2330/1901
f 1879/2313/1886 1896/2344/1915 1916/2359/1927
f 1896/2344/1915 1904/2345/1916 1916/2359/1927
f 1871/2259/1837 1917/2360/1928 1904/2345/1916
f 1895/2299/1873 1957/2361/1929 1831/2272/1849
f 1907/2334/1905 1922/2362/1930 1898/2251/1829
f 1907/2334/1905 1909/2351/1922 1922/2362/1930
f 1908/2350/1921 1909/2351/1922 1907/2334/1905
f 1813/2188/1769 1697/2119/1708 1953/2363/1931
f 1910/2232/1811 1923/2364/1932 1841/2281/1857
f 1903/2242/1821 1932/2365/1933 1884/2324/1896
f 1914/2341/1912 1946/2366/1934 1913/2343/1914
f 1657/2077/1672 1959/2260/1838 1871/2259/1837
f 1957/2361/1929 1925/2347/1918 1831/2272/1849
f 1905/2346/1917 1927/2367/1935 1906/2315/1888
f 1880/2322/1894 1931/2368/1936 1961/2369/1937
f 1880/2322/1894 1928/2370/1938 1941/2321/1893
f 1880/2322/1894 1961/2369/1937 1928/2370/1938
f 1906/2315/1888 1929/2371/1939 1872/2316/1889
f 1906/2315/1888 1927/2367/1935 1929/2371/1939
f 1872/2316/1889 1918/2372/1940 1919/2349/1920
f 1872/2316/1889 1929/2371/1939 1918/2372/1940
f 1918/2372/1940 1929/2371/1939 1930/2373/1941
f 1918/2372/1940 1931/2368/1936 1920/2348/1919
f 1918/2372/1940 1930/2373/1941 1931/2368/1936
f 1920/2348/1919 1919/2349/1920 1918/2372/1940
f 1920/2348/1919 1931/2368/1936 1880/2322/1894
f 1922/2362/1930 1921/2336/1907 1898/2251/1829
f 1869/2310/1883 1953/2363/1931 1697/2119/1708
f 1923/2364/1932 1902/2339/1910 1841/2281/1857
f 1903/2283/1821 1933/2340/1911 1932/2374/1933
f 1886/2326/1898 1902/2339/1910 1945/2375/1942
f 1886/2326/1898 1945/2375/1942 1911/2354/1925
f 1934/2353/1924 1933/2340/1911 1887/2291/1865
f 1912/2342/1913 1911/2354/1925 1914/2341/1912
f 1911/2354/1925 1946/2366/1934 1914/2341/1912
f 1924/2356/1926 1935/2376/1943 1915/2332/1903
f 1924/2356/1926 1937/2377/1944 1936/2378/1945
f 1924/2356/1926 1936/2378/1945 1935/2376/1943
f 1894/2331/1902 1937/2379/1944 1924/2358/1926
f 1915/2332/1903 1935/2376/1943 1895/2299/1873
f 1894/2331/1902 1938/2380/1946 1937/2379/1944
f 1916/2359/1927 1938/2380/1946 1894/2331/1902
f 1916/2359/1927 1904/2345/1916 1938/2380/1946
f 1895/2299/1873 1939/2381/1947 1957/2361/1929
f 1871/2259/1837 1940/2382/1948 1917/2360/1928
f 1922/2362/1930 1943/2383/1949 1921/2336/1907
f 1922/2362/1930 1909/2351/1922 1943/2383/1949
f 1923/2364/1932 1944/2384/1950 1902/2339/1910
f 1946/2366/1934 1911/2354/1925 1969/2385/1951
f 1913/2343/1914 1946/2386/1934 1947/2387/1952
f 1913/2343/1914 1947/2387/1952 1934/2353/1924
f 1959/2260/1838 1940/2382/1948 1871/2259/1837
f 1925/2347/1918 1948/2388/1953 1905/2346/1917
f 1802/2236/1815 1973/2389/1954 1926/2182/1763
f 1802/2390/1815 1949/2391/1955 1973/2392/1954
f 1905/2346/1917 1950/2393/1956 1927/2367/1935
f 1905/2346/1917 1948/2388/1953 1950/2393/1956
f 1927/2367/1935 1950/2393/1956 1951/2394/1957
f 1927/2367/1935 1930/2373/1941 1929/2371/1939
f 1927/2367/1935 1951/2394/1957 1952/2395/1958
f 1952/2395/1958 1930/2373/1941 1927/2367/1935
f 1930/2373/1941 1961/2369/1937 1931/2368/1936
f 1930/2373/1941 1952/2395/1958 1961/2369/1937
f 1943/2383/1949 1942/2396/1959 1921/2336/1907
f 1909/2351/1922 1954/2352/1923 1943/2383/1949
f 1921/2336/1907 1942/2396/1959 1963/2397/1960
f 1921/2336/1907 1963/2397/1960 1869/2310/1883
f 1901/2338/1909 1955/2398/1961 1910/2232/1811
f 1910/2232/1811 1944/2384/1950 1923/2364/1932
f 1945/2375/1942 1969/2385/1951 1911/2354/1925
f 1945/2375/1942 1989/2399/1962 1969/2385/1951
f 1946/2386/1934 1969/2385/1951 1947/2387/1952
f 1935/2376/1943 1939/2381/1947 1895/2299/1873
f 1937/2377/1944 1956/2400/1963 1936/2378/1945
f 1938/2380/1946 1956/2401/1963 1937/2379/1944
f 1938/2380/1946 1904/2345/1916 1956/2401/1963
f 1957/2361/1929 1977/2402/1964 1925/2347/1918
f 1940/2382/1948 1958/2403/1965 1917/2360/1928
f 1925/2347/1918 1977/2402/1964 1948/2388/1953
f 1928/2370/1938 1960/2404/1966 1941/2321/1893
f 1928/2370/1938 1961/2369/1937 1960/2404/1966
f 1941/2321/1893 1949/2391/1955 1802/2390/1815
f 1941/2321/1893 1960/2404/1966 1949/2391/1955
f 1869/2310/1883 1963/2397/1960 1984/2405/1967
f 1869/2310/1883 1984/2405/1967 1953/2363/1931
f 1942/2396/1959 1962/2406/1968 1963/2397/1960
f 1884/2324/1896 1987/2407/1969 1900/2337/1908
f 1933/2340/1911 1965/2408/1970 1966/2409/1971
f 1947/2387/1952 1969/2385/1951 1967/2410/1972
f 1934/2353/1924 1947/2387/1952 1968/2411/1973
f 1934/2353/1924 1968/2411/1973 1965/2408/1970
f 1934/2353/1924 1965/2408/1970 1933/2340/1911
f 1947/2387/1952 1967/2410/1972 1968/2411/1973
f 1935/2376/1943 1936/2378/1945 1939/2381/1947
f 1939/2381/1947 1936/2378/1945 1970/2412/1974
f 1939/2381/1947 1970/2413/1974 1957/2361/1929
f 1904/2345/1916 1917/2360/1928 1978/2414/1975
f 1904/2345/1916 1978/2414/1975 1956/2401/1963
f 1926/2182/1763 1993/2415/1976 1959/2260/1838
f 1973/2389/1954 1993/2415/1976 1926/2182/1763
f 1950/2393/1956 1971/2416/1977 1951/2394/1957
f 1950/2393/1956 1979/2417/1978 1971/2416/1977
f 1960/2404/1966 1971/2416/1977 1982/2418/1979
f 1960/2404/1966 1972/2419/1980 1949/2391/1955
f 1960/2404/1966 1982/2418/1979 1972/2419/1980
f 1949/2391/1955 1983/2420/1981 1973/2421/1954
f 1971/2416/1977 1961/2369/1937 1951/2422/1957
f 1971/2416/1977 1979/2417/1978 1982/2418/1979
f 1960/2404/1966 1961/2369/1937 1971/2416/1977
f 1961/2369/1937 1952/2395/1958 1951/2422/1957
f 1943/2383/1949 1962/2406/1968 1942/2396/1959
f 1954/2352/1923 1962/2406/1968 1943/2383/1949
f 1954/2352/1923 1964/2423/1982 1962/2406/1968
f 1953/2363/1931 1901/2338/1909 1813/2188/1769
f 1944/2384/1950 1974/2424/1983 1902/2339/1910
f 1956/2400/1963 1975/2425/1984 1936/2378/1945
f 1956/2400/1963 1978/2426/1975 1975/2425/1984
f 1936/2378/1945 1990/2427/1985 1970/2412/1974
f 1936/2378/1945 1975/2425/1984 1990/2427/1985
f 1957/2361/1929 1976/2428/1986 1977/2402/1964
f 1917/2360/1928 1958/2403/1965 1978/2414/1975
f 1977/2402/1964 1992/2429/1987 1948/2388/1953
f 1948/2388/1953 1980/2430/1988 1994/2431/1989
f 1948/2388/1953 1994/2431/1989 1979/2417/1978
f 1948/2388/1953 1981/2432/1990 2000/2433/1991
f 1948/2388/1953 2000/2433/1991 1980/2430/1988
f 1948/2388/1953 1979/2417/1978 1950/2393/1956
f 1979/2417/1978 1994/2431/1989 1982/2434/1979
f 1972/2419/1980 1982/2418/1979 1983/2420/1981
f 1972/2419/1980 1983/2420/1981 1949/2391/1955
f 1984/2405/1967 1996/2435/1992 1985/2436/1993
f 1984/2405/1967 1985/2436/1993 1953/2363/1931
f 1963/2397/1960 1962/2406/1968 1996/2437/1992
f 1964/2423/1982 1995/2438/1994 1962/2406/1968
f 1900/2337/1908 1964/2423/1982 1954/2352/1923
f 1900/2337/1908 1986/2439/1995 1964/2423/1982
f 1987/2407/1969 1986/2439/1995 1900/2337/1908
f 1910/2232/1811 1955/2398/1961 1944/2384/1950
f 1932/2365/1933 1987/2407/1969 1884/2324/1896
f 1902/2339/1910 1974/2424/1983 1945/2375/1942
f 1945/2375/1942 1974/2424/1983 1988/2440/1996
f 1945/2375/1942 1988/2440/1996 1989/2399/1962
f 1969/2385/1951 1989/2399/1962 2011/2441/1997
f 1969/2385/1951 2011/2441/1997 1967/2410/1972
f 1975/2425/1984 1991/2442/1998 1990/2427/1985
f 1970/2413/1974 1990/2427/1985 1976/2428/1986
f 1970/2413/1974 1976/2428/1986 1957/2361/1929
f 1978/2426/1975 1991/2442/1998 1975/2425/1984
f 1959/2260/1838 1958/2403/1965 1940/2382/1948
f 1959/2260/1838 1993/2415/1976 1958/2403/1965
f 1948/2388/1953 1992/2429/1987 1981/2432/1990
f 1994/2431/1989 1983/2420/1981 1982/2434/1979
f 1994/2431/1989 2017/2443/1999 1973/2421/1954
f 1973/2421/1954 1983/2420/1981 1994/2431/1989
f 1973/2389/1954 2017/2444/1999 1993/2415/1976
f 1963/2397/1960 1996/2437/1992 1984/2405/1967
f 1995/2438/1994 1996/2445/1992 1962/2406/1968
f 1953/2363/1931 2019/2446/2000 1997/2447/2001
f 1953/2363/1931 1997/2447/2001 1901/2338/1909
f 1964/2423/1982 1986/2439/1995 1995/2438/1994
f 1901/2338/1909 1997/2447/2001 1955/2398/1961
f 1932/2365/1933 1966/2448/1971 1998/2449/2002
f 1933/2340/1911 1966/2409/1971 1932/2374/1933
f 1967/2410/1972 2011/2441/1997 2009/2450/2003
f 1967/2410/1972 2009/2450/2003 1968/2411/1973
f 1990/2427/1985 1991/2442/1998 1999/2451/2004
f 1990/2427/1985 1999/2451/2004 1976/2428/1986
f 1978/2414/1975 1958/2403/1965 2013/2452/2005
f 1978/2414/1975 2013/2452/2005 1991/2453/1998
f 1977/2402/1964 1976/2428/1986 2014/2454/2006
f 1977/2402/1964 2014/2454/2006 1992/2429/1987
f 1958/2403/1965 2015/2455/2007 2013/2452/2005
f 1958/2403/1965 1993/2415/1976 2015/2455/2007
f 1992/2429/1987 2014/2454/2006 2022/2456/2008
f 1992/2429/1987 2022/2456/2008 1981/2432/1990
f 1993/2415/1976 2018/2457/2009 2015/2455/2007
f 1981/2432/1990 2022/2456/2008 2001/2458/2010
f 1981/2432/1990 2001/2458/2010 2000/2433/1991
f 1993/2415/1976 2017/2444/1999 2018/2457/2009
f 2000/2433/1991 2017/2443/1999 1980/2430/1988
f 2000/2433/1991 2001/2458/2010 2017/2443/1999
f 1980/2430/1988 2017/2443/1999 1994/2431/1989
f 1996/2435/1992 2002/2459/2011 1985/2436/1993
f 1996/2445/1992 1995/2438/1994 2002/2459/2011
f 2002/2459/2011 1995/2438/1994 2003/2460/2012
f 2002/2459/2011 2004/2461/2013 1985/2436/1993
f 2002/2459/2011 2003/2460/2012 2004/2461/2013
f 1985/2436/1993 2004/2461/2013 1953/2363/1931
f 1986/2439/1995 2005/2462/2014 1995/2438/1994
f 1986/2439/1995 2006/2463/2015 2005/2462/2014
f 1986/2439/1995 2007/2464/2016 2006/2463/2015
f 1987/2407/1969 1998/2449/2002 2007/2464/2016
f 1932/2365/1933 1998/2449/2002 1987/2407/1969
f 1974/2424/1983 1944/2384/1950 2008/2465/2017
f 1968/2411/1973 2009/2450/2003 2010/2466/2018
f 1968/2411/1973 2010/2466/2018 1965/2408/1970
f 1989/2399/1962 1988/2440/1996 2011/2441/1997
f 1999/2451/2004 1991/2442/1998 2012/2467/2019
f 1999/2451/2004 2012/2467/2019 1976/2428/1986
f 1991/2442/1998 2013/2468/2005 2012/2467/2019
f 2012/2467/2019 2014/2454/2006 1976/2428/1986
f 2015/2469/2007 2016/2470/2020 2013/2468/2005
f 2015/2469/2007 2018/2471/2009 2016/2470/2020
f 2017/2444/1999 2001/2472/2010 2018/2457/2009
f 1995/2438/1994 2005/2462/2014 2003/2460/2012
f 2004/2461/2013 2020/2473/2021 2019/2446/2000
f 2003/2460/2012 2005/2462/2014 2004/2461/2013
f 2004/2461/2013 2019/2446/2000 1953/2363/1931
f 2019/2446/2000 2020/2473/2021 1997/2447/2001
f 1987/2407/1969 2007/2464/2016 1986/2439/1995
f 1955/2398/1961 2038/2474/2022 1944/2384/1950
f 1965/2408/1970 2026/2475/2023 1966/2409/1971
f 1965/2408/1970 2010/2466/2018 2026/2475/2023
f 1988/2440/1996 2036/2476/2024 2021/2477/2025
f 1988/2440/1996 2021/2477/2025 2011/2441/1997
f 2011/2441/1997 2021/2477/2025 2009/2450/2003
f 2009/2450/2003 2021/2477/2025 2010/2466/2018
f 2013/2468/2005 2016/2470/2020 2012/2467/2019
f 2012/2467/2019 2016/2470/2020 2014/2454/2006
f 2014/2454/2006 2016/2470/2020 2022/2478/2008
f 2016/2470/2020 2018/2471/2009 2022/2478/2008
f 2022/2478/2008 2018/2471/2009 2001/2479/2010
f 2005/2462/2014 2020/2473/2021 2004/2461/2013
f 2005/2462/2014 2006/2463/2015 2020/2473/2021
f 1966/2448/1971 2025/2480/2026 1998/2449/2002
f 1966/2481/1971 2026/2482/2023 2025/2483/2026
f 1974/2424/1983 2008/2465/2017 1988/2440/1996
f 2026/2482/2023 2028/2484/2027 2027/2485/2028
f 2010/2466/2018 2021/2477/2025 2028/2486/2027
f 2010/2487/2018 2028/2484/2027 2026/2482/2023
f 2021/2477/2025 2036/2476/2024 2028/2486/2027
f 2020/2473/2021 2006/2463/2015 2023/2488/2029
f 2020/2473/2021 2023/2489/2029 1997/2447/2001
f 1997/2447/2001 2029/2490/2030 1955/2398/1961
f 2023/2489/2029 2030/2491/2031 1997/2447/2001
f 2006/2463/2015 2030/2491/2031 2023/2488/2029
f 2006/2463/2015 2031/2492/2032 2030/2491/2031
f 2007/2464/2016 2031/2492/2032 2006/2463/2015
f 2007/2464/2016 2024/2493/2033 2031/2492/2032
f 1998/2449/2002 2025/2480/2026 2041/2494/2034
f 1998/2449/2002 2032/2495/2035 2007/2464/2016
f 1998/2449/2002 2041/2494/2034 2032/2495/2035
f 1944/2384/1950 2033/2496/2036 2008/2465/2017
f 2025/2480/2026 2034/2497/2037 2041/2494/2034
f 2008/2465/2017 2036/2476/2024 1988/2440/1996
f 2026/2482/2023 2034/2498/2037 2025/2483/2026
f 2026/2482/2023 2035/2499/2038 2034/2498/2037
f 2027/2485/2028 2042/2500/2039 2035/2499/2038
f 2027/2485/2028 2035/2499/2038 2026/2482/2023
f 2027/2485/2028 2036/2501/2024 2042/2500/2039
f 2028/2484/2027 2036/2501/2024 2027/2485/2028
f 1997/2447/2001 2030/2491/2031 2029/2502/2030
f 2030/2491/2031 2031/2492/2032 2037/2503/2040
f 2030/2491/2031 2037/2503/2040 2029/2502/2030
f 2029/2490/2030 2038/2474/2022 1955/2398/1961
f 2029/2490/2030 2039/2504/2041 2038/2474/2022
f 2032/2495/2035 2024/2493/2033 2007/2464/2016
f 2032/2495/2035 2043/2505/2042 2024/2493/2033
f 2038/2474/2022 2033/2496/2036 1944/2384/1950
f 2033/2496/2036 2039/2504/2041 2040/2506/2043
f 2033/2496/2036 2042/2507/2039 2008/2465/2017
f 2033/2496/2036 2040/2506/2043 2042/2507/2039
f 2034/2497/2037 2043/2508/2042 2041/2494/2034
f 2034/2497/2037 2035/2509/2038 2043/2508/2042
f 2042/2500/2039 2036/2501/2024 2008/2510/2017
f 2031/2492/2032 2024/2493/2033 2037/2503/2040
f 2037/2503/2040 2039/2504/2041 2029/2490/2030
f 2037/2503/2040 2044/2511/2044 2039/2504/2041
f 2037/2503/2040 2024/2493/2033 2044/2511/2044
f 2038/2474/2022 2039/2504/2041 2033/2496/2036
f 2044/2511/2044 2040/2512/2043 2039/2504/2041
f 2044/2511/2044 2043/2505/2042 2040/2512/2043
f 2024/2493/2033 2043/2505/2042 2044/2511/2044
f 2041/2494/2034 2043/2505/2042 2032/2495/2035
f 2042/2507/2039 2043/2513/2042 2035/2509/2038
f 2040/2506/2043 2043/2513/2042 2042/2507/2039
f 1132/1509/1155 2045/2514/2045 1194/1521/1157
f 1132/1509/1155 1264/1514/1205 2045/2514/2045
f 1264/1514/1205 1266/1629/1280 2045/2514/2045
f 1266/1629/1280 1193/1587/1247 2045/2514/2045
f 1194/1521/1157 2045/2514/2045 1193/1587/1247
l 1114 1116
l 751 776
l 614 641
